"accident_id";"lieu_id";"date_id";"cause_id";"lum_id";"intemp_id";"etat_surface_id";"impliq_id";"nb_blesses_graves";"nb_blesses_legers";"nb_indemnes";"gravite";"nb_morts"
"455";"3378";"455";"81";"2";"1";"7";"6";"0";"0";"2";"3";"0"
"456";"3378";"456";"52";"1";"1";"7";"6";"0";"3";"0";"1";"0"
"457";"3378";"457";"51";"1";"1";"7";"4";"0";"1";"1";"1";"0"
"458";"3378";"458";"21";"1";"1";"7";"6";"0";"5";"0";"1";"0"
"459";"3378";"459";"51";"1";"1";"7";"6";"0";"2";"0";"1";"0"
"460";"3400";"460";"52";"3";"1";"7";"6";"0";"2";"1";"1";"0"
"461";"3400";"461";"72";"3";"3";"2";"4";"1";"1";"0";"2";"0"
"462";"3431";"462";"72";"1";"1";"7";"6";"1";"0";"1";"2";"0"
"463";"3457";"463";"51";"1";"1";"7";"6";"0";"1";"1";"1";"0"
"464";"3460";"464";"12";"1";"1";"7";"6";"1";"3";"0";"2";"0"
"465";"3460";"465";"72";"1";"1";"1";"6";"0";"1";"1";"1";"0"
"466";"3466";"466";"71";"1";"1";"7";"6";"0";"1";"1";"1";"0"
"467";"3468";"467";"71";"1";"1";"7";"6";"0";"1";"1";"1";"0"
"468";"3470";"468";"72";"1";"1";"7";"6";"0";"1";"1";"1";"0"
"469";"3470";"469";"81";"1";"1";"7";"2";"0";"1";"1";"1";"0"
"470";"3476";"470";"41";"1";"1";"7";"6";"1";"0";"2";"2";"0"
"471";"3481";"471";"26";"1";"1";"7";"1";"0";"1";"1";"1";"0"
"472";"3484";"472";"35";"1";"1";"7";"3";"0";"1";"1";"1";"0"
"473";"3485";"473";"71";"1";"1";"7";"6";"1";"0";"1";"2";"0"
"474";"3487";"474";"52";"3";"1";"7";"0";"1";"0";"0";"2";"0"
"475";"3491";"475";"73";"3";"1";"7";"6";"1";"0";"1";"2";"0"
"476";"3491";"476";"72";"2";"3";"1";"5";"1";"0";"1";"2";"0"
"477";"3499";"477";"81";"1";"1";"7";"6";"0";"1";"1";"1";"0"
"478";"3500";"478";"72";"1";"1";"7";"6";"1";"0";"1";"2";"0"
"479";"3512";"479";"72";"1";"1";"7";"6";"0";"1";"1";"1";"0"
"480";"3512";"480";"52";"1";"1";"7";"6";"1";"0";"2";"2";"0"
"481";"3512";"481";"64";"3";"3";"1";"6";"1";"0";"1";"2";"0"
"482";"3514";"482";"52";"3";"1";"7";"6";"1";"1";"0";"3";"0"
"483";"3516";"483";"81";"3";"1";"7";"6";"0";"1";"3";"1";"0"
"484";"3527";"484";"81";"2";"1";"7";"3";"0";"1";"1";"1";"0"
"485";"3528";"485";"72";"3";"3";"1";"4";"0";"1";"1";"1";"0"
"486";"3528";"486";"51";"1";"1";"7";"6";"2";"0";"0";"2";"0"
"487";"3530";"487";"52";"3";"1";"7";"0";"1";"0";"0";"2";"0"
"488";"3532";"488";"25";"1";"3";"2";"6";"0";"1";"1";"1";"0"
"489";"3532";"489";"26";"2";"1";"7";"2";"0";"1";"1";"1";"0"
"490";"3532";"490";"99";"1";"1";"7";"2";"1";"0";"4";"2";"0"
"491";"3533";"491";"81";"3";"2";"1";"2";"0";"0";"1";"3";"0"
"492";"3534";"492";"21";"3";"3";"2";"6";"0";"1";"1";"1";"0"
"493";"3534";"493";"51";"1";"1";"4";"6";"1";"0";"1";"2";"0"
"494";"3534";"494";"71";"1";"1";"7";"6";"1";"0";"1";"2";"0"
"495";"3534";"495";"52";"3";"1";"7";"6";"0";"2";"0";"1";"0"
"496";"3534";"496";"81";"3";"3";"1";"6";"0";"4";"0";"1";"0"
"497";"3547";"497";"52";"1";"1";"7";"6";"1";"0";"2";"2";"0"
"498";"3550";"498";"52";"3";"1";"7";"0";"1";"1";"0";"2";"0"
"499";"3550";"499";"81";"3";"1";"7";"0";"0";"1";"0";"1";"0"
"500";"3550";"500";"71";"3";"4";"3";"6";"0";"1";"1";"1";"0"
"501";"3550";"501";"71";"2";"3";"2";"6";"1";"0";"1";"2";"0"
"502";"3550";"502";"82";"1";"1";"7";"0";"0";"0";"1";"3";"0"
"503";"3550";"503";"51";"1";"3";"1";"3";"0";"1";"1";"1";"0"
"504";"3550";"504";"25";"1";"3";"1";"6";"0";"1";"1";"1";"0"
"505";"3551";"505";"72";"1";"1";"7";"4";"1";"0";"1";"2";"0"
"506";"3558";"506";"72";"1";"1";"7";"6";"0";"1";"1";"1";"0"
"507";"3573";"507";"72";"1";"1";"7";"4";"0";"1";"1";"1";"0"
"508";"3584";"508";"61";"1";"1";"7";"3";"1";"0";"1";"2";"0"
"509";"3584";"509";"71";"1";"1";"7";"6";"0";"1";"1";"1";"0"
"510";"3584";"510";"71";"3";"3";"1";"6";"1";"0";"1";"2";"0"
"511";"3585";"511";"52";"1";"1";"7";"0";"2";"2";"0";"2";"0"
"512";"3590";"512";"72";"1";"1";"7";"6";"1";"0";"1";"2";"0"
"513";"3592";"513";"25";"1";"1";"7";"0";"1";"0";"0";"2";"0"
"514";"3592";"514";"61";"1";"7";"7";"3";"1";"0";"1";"2";"0"
"515";"3592";"515";"81";"3";"1";"7";"6";"1";"0";"1";"2";"0"
"516";"3592";"516";"52";"1";"1";"7";"2";"0";"1";"1";"3";"0"
"517";"3596";"517";"72";"3";"1";"7";"6";"1";"0";"2";"2";"0"
"518";"3609";"518";"28";"1";"1";"7";"0";"0";"1";"0";"1";"0"
"519";"3616";"519";"64";"1";"1";"7";"6";"1";"0";"1";"2";"0"
"520";"3617";"520";"52";"1";"1";"7";"0";"1";"0";"0";"2";"0"
"521";"3617";"521";"52";"1";"1";"7";"0";"0";"1";"0";"1";"0"
"522";"3617";"522";"81";"3";"1";"7";"6";"1";"0";"1";"2";"0"
"523";"3618";"523";"61";"1";"3";"1";"3";"0";"1";"1";"1";"0"
"524";"3618";"524";"67";"3";"1";"7";"4";"0";"1";"1";"1";"0"
"525";"3618";"525";"51";"3";"1";"7";"3";"0";"1";"1";"1";"0"
"526";"3618";"526";"26";"2";"1";"7";"2";"1";"0";"1";"2";"0"
"527";"3618";"527";"67";"1";"1";"7";"4";"1";"0";"1";"2";"0"
"528";"3619";"528";"72";"2";"1";"7";"6";"1";"0";"1";"2";"0"
"529";"3619";"529";"25";"3";"1";"7";"7";"1";"1";"1";"2";"0"
"530";"3620";"530";"51";"1";"1";"7";"7";"0";"1";"1";"1";"0"
"531";"3620";"531";"71";"3";"1";"7";"6";"1";"0";"1";"2";"0"
"532";"3620";"532";"52";"3";"1";"7";"6";"1";"0";"0";"2";"0"
"533";"3621";"533";"71";"1";"1";"7";"6";"0";"0";"1";"3";"0"
"534";"3621";"534";"71";"3";"1";"7";"6";"1";"0";"1";"2";"0"
"535";"3623";"535";"12";"3";"1";"7";"9";"0";"0";"1";"3";"0"
"536";"3636";"536";"71";"1";"1";"7";"6";"1";"0";"1";"2";"0"
"537";"3637";"537";"26";"1";"1";"7";"2";"1";"0";"1";"2";"0"
"538";"3645";"538";"32";"1";"1";"7";"6";"1";"0";"2";"2";"0"
"539";"3645";"539";"35";"1";"1";"7";"4";"0";"1";"1";"1";"0"
"540";"3651";"540";"81";"1";"1";"7";"6";"0";"3";"0";"1";"0"
"541";"3652";"541";"25";"3";"1";"7";"6";"0";"1";"1";"1";"0"
"542";"3652";"542";"27";"3";"1";"1";"0";"1";"0";"0";"2";"0"
"543";"3653";"543";"51";"1";"1";"7";"2";"0";"0";"2";"3";"0"
"544";"3654";"544";"52";"2";"1";"4";"0";"2";"1";"0";"2";"0"
"545";"3654";"545";"81";"3";"1";"7";"6";"0";"2";"0";"1";"0"
"546";"3654";"546";"52";"1";"1";"7";"6";"0";"5";"0";"1";"0"
"547";"3657";"547";"99";"1";"1";"7";"6";"0";"1";"1";"1";"0"
"548";"3663";"548";"20";"1";"3";"1";"2";"1";"0";"1";"2";"0"
"549";"3663";"549";"81";"3";"3";"1";"6";"1";"0";"1";"2";"0"
"550";"3665";"550";"23";"1";"1";"7";"5";"1";"0";"2";"2";"0"
"551";"3665";"551";"71";"1";"1";"7";"5";"1";"0";"1";"2";"0"
"552";"3666";"552";"26";"3";"1";"7";"2";"0";"1";"1";"1";"0"
"553";"3679";"553";"73";"1";"1";"7";"6";"0";"1";"1";"1";"0"
"554";"3681";"554";"21";"1";"1";"7";"6";"0";"1";"1";"1";"0"
"555";"3682";"555";"81";"5";"1";"7";"6";"0";"2";"2";"1";"0"
"556";"3682";"556";"22";"3";"3";"2";"6";"0";"5";"1";"1";"0"
"557";"3682";"557";"81";"3";"1";"7";"0";"1";"2";"0";"2";"0"
"558";"3683";"558";"71";"1";"1";"7";"6";"1";"0";"1";"2";"0"
"559";"3685";"559";"25";"1";"7";"7";"0";"1";"0";"0";"2";"0"
"560";"3687";"560";"23";"1";"1";"7";"6";"0";"1";"3";"1";"0"
"561";"3689";"561";"81";"1";"1";"7";"6";"0";"1";"1";"1";"0"
"562";"3717";"562";"81";"3";"1";"7";"6";"1";"2";"1";"2";"0"
"563";"3749";"563";"26";"1";"1";"7";"1";"0";"2";"1";"1";"0"
"564";"3749";"564";"26";"1";"1";"7";"2";"1";"0";"1";"2";"0"
"565";"3756";"565";"21";"1";"1";"7";"4";"0";"1";"1";"1";"0"
"566";"3757";"566";"63";"1";"1";"7";"6";"0";"1";"4";"1";"0"
"567";"3757";"567";"72";"1";"3";"1";"6";"0";"1";"1";"1";"0"
"568";"3758";"568";"71";"1";"1";"7";"6";"0";"1";"1";"1";"0"
"569";"3797";"569";"74";"1";"1";"7";"4";"0";"1";"1";"1";"0"
"570";"3810";"570";"36";"1";"1";"7";"5";"0";"1";"1";"1";"0"
"571";"3816";"571";"73";"2";"1";"7";"6";"1";"0";"1";"2";"0"
"572";"3832";"572";"35";"1";"1";"7";"3";"0";"1";"1";"1";"0"
"573";"3832";"573";"81";"1";"1";"7";"6";"1";"0";"1";"2";"0"
"574";"3834";"574";"63";"3";"6";"1";"4";"1";"0";"1";"2";"0"
"575";"3836";"575";"72";"3";"3";"2";"6";"1";"0";"1";"2";"0"
"576";"3836";"576";"71";"1";"1";"7";"6";"1";"0";"1";"2";"0"
"577";"3840";"577";"51";"3";"3";"2";"7";"1";"0";"1";"2";"0"
"578";"3840";"578";"64";"3";"1";"7";"3";"0";"1";"1";"1";"0"
"579";"3841";"579";"72";"1";"3";"1";"6";"1";"0";"1";"2";"0"
"580";"3841";"580";"71";"3";"1";"1";"6";"1";"0";"1";"3";"0"
"581";"3841";"581";"72";"1";"3";"1";"6";"1";"0";"1";"2";"0"
"582";"3841";"582";"23";"3";"1";"7";"5";"2";"0";"1";"2";"0"
"583";"3841";"583";"51";"3";"2";"1";"6";"0";"1";"1";"1";"0"
"584";"3842";"584";"51";"1";"3";"2";"3";"1";"1";"0";"2";"0"
"585";"3842";"585";"51";"1";"1";"7";"6";"0";"1";"1";"1";"0"
"586";"3843";"586";"51";"3";"3";"2";"3";"0";"0";"1";"3";"0"
"587";"3843";"587";"51";"3";"1";"2";"6";"1";"1";"1";"2";"0"
"588";"3850";"588";"26";"1";"1";"7";"1";"0";"1";"1";"1";"0"
"589";"3855";"589";"72";"1";"1";"7";"6";"0";"1";"1";"1";"0"
"590";"3856";"590";"61";"1";"1";"7";"3";"1";"0";"1";"2";"0"
"591";"3857";"591";"25";"2";"1";"7";"6";"0";"1";"1";"1";"0"
"592";"3859";"592";"61";"1";"1";"7";"3";"1";"0";"1";"2";"0"
"593";"3861";"593";"81";"3";"1";"7";"6";"0";"2";"0";"1";"0"
"594";"3861";"594";"81";"3";"1";"7";"6";"1";"0";"1";"2";"0"
"595";"3862";"595";"67";"3";"1";"7";"4";"0";"1";"1";"1";"0"
"596";"3864";"596";"72";"1";"1";"7";"6";"0";"1";"1";"1";"0"
"597";"3865";"597";"41";"1";"1";"4";"3";"0";"1";"1";"1";"0"
"598";"3911";"598";"72";"1";"1";"7";"6";"1";"0";"1";"2";"0"
"599";"3931";"599";"52";"1";"1";"7";"0";"1";"0";"0";"2";"0"
"600";"4008";"600";"63";"1";"1";"7";"5";"0";"1";"1";"1";"0"
"601";"4009";"601";"81";"3";"1";"7";"6";"3";"2";"1";"2";"0"
"602";"4017";"602";"25";"1";"2";"2";"7";"1";"0";"0";"2";"0"
"603";"4017";"603";"52";"1";"1";"7";"0";"1";"0";"0";"2";"0"
"604";"4018";"604";"99";"1";"1";"7";"2";"1";"0";"1";"2";"0"
"605";"4018";"605";"52";"1";"1";"7";"0";"1";"0";"0";"2";"0"
"606";"4052";"606";"67";"1";"1";"7";"6";"0";"2";"0";"1";"0"
"607";"4052";"607";"26";"1";"1";"7";"2";"1";"0";"1";"2";"0"
"608";"4052";"608";"71";"3";"1";"7";"6";"1";"0";"1";"2";"0"
"609";"4052";"609";"72";"2";"1";"7";"6";"1";"0";"1";"2";"0"
"610";"4052";"610";"81";"1";"1";"7";"6";"0";"1";"1";"1";"0"
"611";"4052";"611";"72";"2";"3";"1";"6";"0";"1";"1";"1";"0"
"612";"4052";"612";"81";"3";"1";"7";"3";"0";"1";"1";"1";"0"
"613";"4052";"613";"67";"3";"1";"7";"5";"0";"1";"1";"1";"0"
"614";"4053";"614";"71";"1";"1";"7";"6";"0";"1";"1";"1";"0"
"615";"4605";"615";"72";"2";"3";"1";"6";"0";"1";"1";"1";"0"
"616";"4607";"616";"52";"3";"3";"1";"0";"1";"0";"0";"2";"0"
"617";"4608";"617";"51";"1";"1";"7";"3";"0";"0";"1";"3";"0"
"618";"4665";"618";"81";"1";"1";"7";"0";"1";"0";"0";"2";"0"
"619";"4701";"619";"51";"1";"1";"7";"4";"1";"0";"1";"2";"0"
"620";"4720";"620";"35";"1";"6";"7";"3";"0";"1";"1";"1";"0"
"621";"4722";"621";"81";"3";"3";"1";"0";"0";"2";"0";"1";"0"
"622";"4728";"622";"52";"5";"1";"1";"0";"1";"1";"0";"2";"0"
"623";"4732";"623";"81";"3";"1";"7";"9";"0";"0";"1";"3";"0"
"624";"4829";"624";"81";"1";"1";"7";"0";"1";"0";"1";"2";"0"
"625";"4833";"625";"81";"3";"6";"1";"2";"0";"0";"1";"3";"0"
"626";"4836";"626";"23";"1";"1";"7";"6";"0";"1";"1";"1";"0"
"627";"4851";"627";"12";"1";"1";"7";"9";"0";"0";"1";"3";"0"
"628";"4857";"628";"51";"5";"1";"7";"6";"0";"2";"1";"1";"0"
"629";"4857";"629";"52";"5";"1";"1";"0";"1";"1";"1";"2";"0"
"630";"4857";"630";"21";"5";"1";"7";"6";"0";"1";"5";"1";"0"
"631";"4859";"631";"52";"1";"1";"2";"6";"0";"1";"0";"3";"0"
"632";"4859";"632";"21";"1";"1";"7";"6";"0";"3";"2";"1";"0"
"633";"4859";"633";"52";"2";"1";"4";"6";"0";"1";"0";"1";"0"
"634";"4859";"634";"52";"5";"3";"1";"0";"2";"1";"1";"2";"0"
"635";"4861";"635";"52";"1";"6";"1";"0";"0";"0";"0";"3";"0"
"636";"4865";"636";"72";"1";"3";"1";"7";"1";"0";"1";"2";"0"
"637";"4873";"637";"21";"2";"1";"7";"6";"1";"0";"2";"2";"0"
"638";"4873";"638";"51";"1";"1";"7";"3";"1";"0";"1";"2";"0"
"639";"4875";"639";"21";"3";"3";"1";"6";"1";"2";"1";"2";"0"
"640";"4880";"640";"21";"1";"1";"7";"7";"3";"1";"0";"2";"0"
"641";"4880";"641";"52";"1";"1";"7";"0";"1";"0";"0";"2";"0"
"642";"4880";"642";"71";"1";"3";"2";"6";"1";"0";"1";"2";"0"
"643";"4880";"643";"52";"3";"1";"7";"0";"0";"0";"0";"3";"0"
"644";"4880";"644";"52";"1";"1";"7";"0";"0";"2";"0";"1";"0"
"645";"4880";"645";"52";"1";"1";"7";"0";"1";"2";"0";"2";"0"
"646";"4880";"646";"81";"5";"2";"1";"4";"0";"3";"0";"1";"0"
"647";"4880";"647";"35";"1";"1";"7";"3";"1";"0";"1";"2";"0"
"648";"4880";"648";"52";"3";"3";"1";"0";"0";"1";"1";"1";"0"
"649";"4880";"649";"21";"1";"1";"7";"6";"2";"2";"0";"2";"0"
"650";"4886";"650";"52";"1";"3";"1";"7";"1";"0";"1";"2";"0"
"651";"4886";"651";"25";"1";"4";"1";"7";"1";"0";"1";"2";"0"
"652";"4886";"652";"21";"3";"3";"1";"6";"0";"4";"4";"1";"0"
"653";"4891";"653";"72";"3";"3";"2";"6";"1";"0";"1";"2";"0"
"654";"4892";"654";"67";"1";"1";"7";"6";"0";"2";"0";"1";"0"
"655";"5438";"655";"81";"3";"1";"2";"0";"1";"0";"1";"2";"0"
"656";"5438";"656";"51";"5";"1";"7";"6";"0";"1";"1";"1";"0"
"657";"5445";"657";"72";"1";"1";"7";"4";"1";"0";"1";"2";"0"
"658";"5475";"658";"81";"3";"1";"7";"6";"0";"2";"2";"1";"0"
"659";"5475";"659";"74";"5";"1";"7";"6";"1";"1";"1";"2";"0"
"660";"5476";"656";"51";"5";"1";"7";"6";"0";"1";"1";"1";"0"
"661";"5484";"661";"63";"3";"1";"7";"5";"0";"0";"2";"3";"0"
"662";"5484";"662";"71";"1";"1";"7";"6";"1";"0";"2";"2";"0"
"663";"5485";"663";"67";"1";"1";"7";"4";"0";"1";"1";"1";"0"
"664";"5499";"664";"11";"1";"1";"7";"6";"1";"0";"1";"2";"0"
"665";"5503";"665";"61";"1";"1";"7";"7";"0";"1";"1";"1";"0"
"666";"5506";"666";"71";"3";"3";"1";"7";"1";"0";"1";"2";"0"
"667";"5509";"667";"72";"1";"1";"7";"6";"1";"0";"1";"2";"0"
"668";"5514";"668";"52";"1";"1";"7";"6";"0";"1";"1";"1";"0"
"669";"5522";"669";"72";"3";"1";"7";"6";"0";"1";"1";"1";"0"
"670";"5522";"670";"81";"1";"1";"7";"6";"1";"0";"1";"2";"0"
"671";"5523";"671";"71";"1";"1";"7";"6";"0";"1";"2";"1";"0"
"672";"5523";"672";"71";"1";"1";"7";"6";"1";"0";"1";"2";"0"
"673";"5530";"673";"63";"1";"3";"2";"6";"0";"2";"3";"1";"0"
"674";"5530";"674";"23";"1";"1";"7";"5";"0";"1";"1";"1";"0"
"675";"5531";"675";"25";"3";"1";"7";"7";"1";"0";"1";"2";"0"
"676";"5532";"676";"63";"3";"3";"2";"6";"1";"2";"1";"2";"0"
"677";"5532";"677";"13";"1";"1";"7";"6";"2";"1";"1";"2";"0"
"678";"5534";"678";"67";"1";"7";"7";"6";"2";"0";"0";"2";"0"
"679";"5539";"679";"71";"1";"1";"7";"6";"1";"0";"4";"2";"0"
"680";"5542";"680";"52";"3";"1";"7";"0";"1";"0";"0";"2";"0"
"681";"5544";"681";"52";"1";"1";"7";"0";"0";"1";"3";"1";"0"
"682";"5585";"682";"52";"1";"1";"1";"4";"0";"1";"1";"1";"0"
"683";"5597";"683";"14";"1";"3";"1";"3";"1";"0";"1";"2";"0"
"684";"5600";"684";"51";"1";"1";"7";"6";"0";"0";"1";"3";"0"
"685";"5605";"685";"52";"1";"2";"2";"6";"0";"1";"1";"1";"0"
"686";"5610";"686";"81";"3";"1";"7";"6";"1";"0";"1";"2";"0"
"687";"6282";"687";"72";"1";"1";"7";"6";"1";"0";"1";"2";"0"
"688";"6282";"688";"72";"1";"1";"7";"6";"1";"0";"1";"2";"0"
"689";"6282";"689";"26";"1";"1";"1";"1";"1";"0";"1";"2";"0"
"690";"6285";"690";"52";"5";"3";"2";"0";"1";"3";"0";"2";"0"
"691";"6285";"691";"72";"5";"2";"2";"6";"0";"0";"1";"3";"0"
"692";"6286";"692";"36";"1";"1";"7";"6";"1";"1";"1";"2";"0"
"693";"6288";"693";"52";"5";"1";"1";"0";"1";"0";"0";"3";"0"
"694";"6290";"694";"21";"1";"3";"5";"6";"1";"1";"0";"2";"0"
"695";"6292";"695";"51";"5";"1";"7";"0";"2";"0";"0";"2";"0"
"696";"6293";"696";"52";"5";"1";"7";"0";"1";"0";"0";"2";"0"
"697";"6921";"697";"24";"1";"1";"7";"2";"0";"1";"1";"1";"0"
"698";"6924";"698";"36";"1";"1";"7";"4";"0";"2";"1";"1";"0"
"699";"6924";"699";"71";"1";"1";"7";"6";"0";"1";"1";"1";"0"
"700";"6924";"700";"67";"1";"3";"2";"6";"0";"1";"0";"1";"0"
"701";"6926";"701";"52";"5";"1";"7";"0";"0";"1";"0";"1";"0"
"702";"6926";"702";"52";"5";"1";"7";"0";"0";"1";"0";"1";"0"
"703";"6947";"703";"73";"3";"1";"7";"2";"0";"1";"1";"1";"0"
"704";"6958";"704";"52";"5";"3";"1";"0";"1";"0";"0";"2";"0"
"705";"6959";"705";"21";"1";"6";"7";"4";"1";"0";"1";"2";"0"
"706";"6959";"706";"64";"1";"1";"7";"5";"0";"3";"0";"1";"0"
"707";"6963";"707";"72";"1";"1";"7";"6";"1";"0";"1";"2";"0"
"708";"6963";"708";"52";"3";"2";"1";"6";"0";"5";"0";"1";"0"
"709";"6965";"709";"72";"2";"1";"7";"6";"0";"1";"1";"1";"0"
"710";"6990";"710";"71";"1";"1";"7";"6";"0";"1";"1";"1";"0"
"711";"6998";"711";"21";"1";"1";"7";"3";"0";"2";"1";"1";"0"
"712";"6998";"712";"52";"1";"1";"7";"0";"1";"0";"0";"2";"0"
"713";"6998";"713";"52";"2";"6";"1";"6";"1";"0";"1";"2";"0"
"714";"6998";"714";"52";"1";"1";"7";"6";"0";"3";"1";"1";"0"
"715";"6999";"715";"52";"1";"1";"4";"6";"0";"2";"0";"1";"0"
"716";"7038";"716";"64";"1";"1";"7";"2";"0";"2";"1";"1";"0"
"717";"7055";"717";"52";"3";"3";"2";"0";"0";"2";"0";"1";"0"
"718";"7067";"718";"52";"1";"1";"7";"0";"0";"1";"0";"1";"0"
"719";"7067";"719";"51";"1";"1";"7";"3";"0";"1";"1";"1";"0"
"720";"7067";"720";"52";"3";"1";"7";"6";"0";"5";"0";"1";"0"
"721";"7067";"721";"52";"3";"3";"1";"0";"0";"1";"0";"1";"0"
"722";"7067";"722";"51";"2";"1";"7";"6";"0";"2";"0";"1";"0"
"723";"7067";"723";"52";"1";"1";"1";"6";"0";"1";"0";"1";"0"
"724";"7068";"724";"51";"2";"1";"7";"6";"0";"1";"1";"1";"0"
"725";"7068";"725";"64";"1";"1";"7";"4";"0";"1";"1";"1";"0"
"726";"7068";"726";"53";"1";"1";"7";"6";"0";"1";"1";"1";"0"
"727";"7068";"727";"64";"1";"1";"7";"6";"0";"1";"1";"1";"0"
"728";"7068";"728";"21";"1";"1";"1";"6";"0";"3";"3";"1";"0"
"729";"7068";"729";"67";"1";"1";"7";"6";"0";"1";"1";"1";"0"
"730";"7092";"730";"22";"1";"1";"7";"5";"1";"0";"1";"2";"0"
"731";"7093";"731";"71";"3";"1";"7";"6";"1";"0";"1";"2";"0"
"732";"7095";"732";"67";"1";"1";"7";"6";"0";"1";"1";"1";"0"
"733";"7095";"733";"26";"1";"3";"2";"2";"1";"0";"1";"2";"0"
"734";"7096";"734";"23";"1";"1";"7";"4";"0";"1";"1";"1";"0"
"735";"7096";"735";"52";"1";"1";"7";"6";"0";"1";"1";"1";"0"
"736";"7099";"736";"67";"1";"1";"7";"5";"0";"1";"1";"1";"0"
"737";"7099";"737";"72";"1";"1";"7";"6";"1";"0";"1";"2";"0"
"738";"7101";"738";"22";"1";"1";"7";"4";"0";"1";"2";"1";"0"
"739";"7103";"739";"52";"3";"1";"7";"0";"0";"1";"0";"1";"0"
"740";"7106";"740";"22";"1";"1";"7";"6";"0";"1";"1";"1";"0"
"741";"7112";"741";"71";"3";"1";"7";"6";"0";"0";"1";"3";"0"
"742";"7116";"742";"72";"3";"3";"2";"6";"0";"1";"1";"1";"0"
"743";"7116";"743";"64";"1";"1";"7";"6";"0";"1";"1";"1";"0"
"744";"7122";"744";"23";"3";"3";"2";"6";"1";"2";"0";"2";"0"
"745";"7123";"745";"52";"1";"1";"7";"0";"1";"0";"0";"2";"0"
"746";"7123";"746";"36";"1";"1";"7";"3";"0";"1";"1";"1";"0"
"747";"7124";"747";"52";"3";"3";"1";"0";"0";"1";"1";"1";"0"
"748";"7124";"748";"52";"3";"1";"7";"0";"0";"1";"0";"1";"0"
"749";"7125";"749";"52";"3";"1";"7";"0";"0";"2";"0";"1";"0"
"750";"7165";"750";"72";"1";"1";"7";"6";"0";"1";"1";"1";"0"
"751";"7165";"751";"67";"1";"1";"7";"6";"0";"1";"1";"1";"0"
"752";"7165";"752";"25";"3";"1";"7";"6";"0";"1";"1";"1";"0"
"753";"7172";"753";"21";"1";"1";"7";"6";"0";"1";"1";"1";"0"
"754";"7172";"754";"81";"3";"3";"1";"0";"1";"0";"0";"3";"0"
"755";"7172";"755";"52";"3";"1";"1";"0";"2";"0";"0";"3";"0"
"756";"7172";"756";"52";"1";"1";"1";"6";"2";"0";"0";"2";"0"
"757";"7173";"757";"52";"3";"3";"1";"0";"1";"0";"0";"2";"0"
"758";"7173";"758";"52";"2";"1";"7";"6";"2";"1";"0";"2";"0"
"759";"7174";"759";"21";"1";"1";"7";"7";"0";"1";"1";"1";"0"
"760";"7174";"760";"52";"2";"1";"7";"6";"0";"5";"0";"1";"0"
"761";"7175";"761";"52";"3";"1";"7";"0";"2";"0";"0";"2";"0"
"762";"7175";"762";"52";"1";"1";"7";"0";"0";"1";"0";"1";"0"
"763";"7177";"763";"52";"1";"1";"7";"0";"1";"2";"0";"2";"0"
"764";"7178";"764";"52";"3";"1";"7";"0";"1";"0";"0";"2";"0"
"765";"7179";"765";"52";"3";"1";"5";"6";"0";"2";"1";"1";"0"
"766";"7179";"766";"71";"1";"1";"7";"6";"1";"0";"1";"2";"0"
"767";"7179";"767";"52";"2";"1";"7";"6";"0";"1";"1";"1";"0"
"768";"7179";"768";"21";"1";"1";"7";"6";"0";"3";"1";"1";"0"
"769";"7179";"769";"52";"1";"1";"7";"0";"1";"0";"0";"2";"0"
"770";"7179";"770";"52";"1";"1";"1";"0";"1";"0";"0";"2";"0"
"771";"7179";"771";"52";"1";"3";"1";"0";"0";"1";"0";"1";"0"
"772";"7179";"772";"52";"1";"3";"1";"6";"0";"2";"0";"1";"0"
"773";"7179";"773";"21";"3";"1";"1";"6";"0";"3";"0";"1";"0"
"774";"7179";"774";"52";"1";"3";"1";"0";"0";"1";"1";"1";"0"
"775";"7191";"775";"13";"1";"3";"2";"6";"0";"1";"1";"1";"0"
"776";"7191";"776";"26";"1";"1";"7";"1";"1";"0";"1";"2";"0"
"777";"7195";"777";"23";"1";"1";"7";"6";"0";"1";"1";"1";"0"
"778";"7195";"778";"52";"2";"1";"5";"0";"1";"0";"0";"2";"0"
"779";"7213";"779";"21";"5";"1";"7";"6";"1";"2";"0";"2";"0"
"780";"7213";"780";"51";"1";"3";"2";"6";"0";"2";"0";"1";"0"
"781";"7230";"781";"52";"1";"1";"7";"0";"0";"2";"0";"1";"0"
"782";"7230";"782";"36";"3";"3";"1";"6";"0";"2";"0";"1";"0"
"783";"7230";"783";"52";"1";"1";"7";"0";"1";"0";"0";"2";"0"
"784";"7230";"784";"52";"1";"3";"1";"6";"1";"6";"0";"3";"1"
"785";"7230";"785";"36";"2";"3";"1";"6";"0";"2";"0";"1";"0"
"786";"7231";"786";"52";"1";"1";"7";"3";"0";"1";"1";"1";"0"
"787";"7233";"787";"71";"3";"1";"7";"6";"0";"1";"1";"1";"0"
"788";"7242";"788";"61";"1";"1";"7";"2";"0";"1";"1";"1";"0"
"789";"7341";"789";"21";"1";"1";"7";"6";"0";"1";"1";"1";"0"
"790";"7406";"790";"25";"3";"2";"1";"6";"1";"0";"1";"2";"0"
"791";"7454";"791";"21";"1";"1";"7";"6";"1";"0";"1";"2";"0"
"792";"7540";"792";"52";"1";"1";"7";"6";"0";"1";"2";"1";"0"
"793";"7579";"793";"72";"3";"1";"7";"6";"0";"1";"1";"1";"0"
"794";"7610";"794";"23";"1";"1";"7";"5";"2";"0";"1";"2";"0"
"795";"7646";"795";"71";"1";"1";"7";"6";"1";"0";"1";"2";"0"
"796";"7646";"796";"51";"1";"1";"7";"6";"0";"1";"1";"1";"0"
"797";"7646";"797";"67";"1";"1";"7";"6";"1";"0";"1";"2";"0"
"798";"7646";"798";"52";"3";"1";"7";"0";"1";"1";"0";"2";"0"
"799";"7646";"799";"64";"1";"1";"7";"4";"0";"1";"1";"1";"0"
"800";"7646";"800";"63";"1";"1";"7";"4";"0";"1";"1";"1";"0"
"801";"7674";"801";"72";"1";"1";"7";"6";"1";"0";"1";"2";"0"
"802";"7675";"802";"23";"5";"1";"7";"6";"0";"1";"1";"1";"0"
"803";"7675";"803";"82";"1";"1";"7";"7";"0";"1";"1";"1";"0"
"804";"7675";"804";"82";"1";"1";"7";"0";"0";"1";"0";"1";"0"
"805";"7675";"805";"36";"3";"1";"7";"6";"1";"0";"1";"2";"0"