"accident_id";"lieu_id";"date_id";"cause_id";"lum_id";"intemp_id";"etat_surface_id";"impliq_id";"nb_blesses_graves";"nb_blesses_legers";"nb_indemnes";"gravite";"nb_morts"
"806";"7675";"806";"51";"3";"1";"7";"0";"1";"0";"0";"2";"0"
"807";"7681";"807";"21";"5";"1";"7";"6";"0";"1";"2";"3";"0"
"808";"7681";"808";"51";"1";"2";"2";"6";"0";"2";"0";"1";"0"
"809";"7681";"809";"36";"5";"7";"7";"6";"0";"1";"1";"1";"0"
"810";"7689";"810";"21";"1";"1";"4";"7";"0";"0";"1";"3";"0"
"811";"7689";"811";"52";"1";"1";"7";"0";"0";"2";"0";"1";"0"
"812";"7690";"812";"52";"1";"1";"7";"0";"1";"1";"1";"2";"0"
"813";"7690";"813";"52";"1";"1";"7";"6";"0";"2";"1";"1";"0"
"814";"7690";"814";"52";"5";"1";"7";"0";"0";"0";"0";"3";"0"
"815";"7722";"815";"16";"1";"2";"2";"6";"0";"2";"0";"1";"0"
"816";"7722";"816";"63";"1";"1";"7";"4";"0";"1";"1";"1";"0"
"817";"7723";"817";"23";"1";"1";"7";"6";"1";"0";"1";"2";"0"
"818";"7724";"818";"23";"3";"1";"1";"5";"0";"2";"0";"1";"0"
"819";"8181";"819";"21";"1";"1";"7";"6";"0";"1";"1";"1";"0"
"820";"8185";"820";"34";"3";"6";"7";"7";"1";"0";"1";"2";"0"
"821";"8185";"821";"25";"1";"1";"2";"6";"0";"2";"0";"1";"0"
"822";"8191";"822";"52";"1";"1";"7";"0";"0";"2";"0";"1";"0"
"823";"8207";"823";"52";"1";"1";"7";"0";"0";"4";"0";"1";"0"
"824";"8213";"824";"52";"1";"1";"1";"6";"0";"1";"0";"1";"0"
"825";"8225";"825";"81";"3";"1";"7";"2";"0";"1";"1";"1";"0"
"826";"8227";"826";"16";"1";"1";"7";"6";"0";"2";"0";"1";"0"
"827";"8234";"827";"23";"1";"1";"1";"6";"0";"1";"1";"1";"0"
"828";"8235";"828";"36";"1";"1";"7";"7";"1";"0";"2";"2";"0"
"829";"8235";"829";"52";"1";"1";"7";"0";"1";"0";"0";"2";"0"
"830";"8235";"830";"21";"3";"1";"7";"6";"0";"1";"0";"3";"0"
"831";"8235";"831";"52";"1";"1";"7";"6";"0";"2";"3";"1";"0"
"832";"8235";"832";"53";"1";"1";"7";"6";"0";"2";"1";"1";"0"
"833";"8235";"833";"52";"1";"1";"7";"6";"0";"1";"1";"1";"0"
"834";"8235";"834";"23";"3";"1";"1";"6";"0";"3";"1";"1";"0"
"835";"8237";"835";"26";"1";"1";"1";"2";"1";"0";"1";"2";"0"
"836";"8242";"836";"76";"1";"1";"7";"6";"1";"0";"1";"2";"0"
"837";"8242";"837";"71";"1";"1";"7";"8";"0";"1";"1";"1";"0"
"838";"8243";"838";"25";"3";"1";"7";"6";"1";"0";"1";"2";"0"
"839";"8243";"839";"25";"3";"3";"2";"6";"0";"1";"1";"1";"0"
"840";"8245";"840";"52";"3";"1";"4";"4";"0";"0";"1";"3";"0"
"841";"8245";"841";"52";"1";"1";"4";"0";"1";"0";"0";"2";"0"
"842";"8245";"842";"52";"1";"4";"3";"8";"0";"1";"1";"1";"0"
"843";"8245";"843";"52";"1";"1";"4";"0";"0";"1";"0";"1";"0"
"844";"8246";"844";"67";"1";"1";"7";"6";"0";"1";"2";"1";"0"
"845";"8246";"845";"52";"1";"3";"1";"4";"0";"0";"1";"3";"0"
"846";"8246";"846";"52";"1";"1";"7";"0";"0";"1";"2";"1";"0"
"847";"8247";"847";"72";"3";"1";"7";"6";"1";"0";"1";"2";"0"
"848";"8248";"848";"52";"3";"1";"7";"0";"2";"2";"0";"2";"0"
"849";"8249";"849";"53";"1";"1";"7";"0";"0";"1";"0";"1";"0"
"850";"8249";"850";"75";"1";"1";"7";"6";"0";"1";"1";"1";"0"
"851";"8249";"851";"51";"3";"1";"7";"4";"0";"1";"1";"1";"0"
"852";"8250";"852";"23";"1";"1";"7";"6";"1";"0";"1";"2";"0"
"853";"8250";"853";"52";"3";"1";"7";"0";"1";"0";"0";"2";"0"
"854";"8256";"373";"21";"1";"1";"7";"6";"1";"0";"1";"2";"0"
"855";"8260";"855";"21";"1";"1";"7";"4";"0";"2";"0";"1";"0"
"856";"8280";"856";"71";"1";"3";"1";"6";"0";"1";"1";"1";"0"
"857";"8282";"857";"21";"1";"1";"7";"6";"0";"1";"1";"1";"0"
"858";"8285";"858";"64";"1";"1";"7";"6";"0";"1";"1";"1";"0"
"859";"8288";"859";"21";"1";"3";"1";"6";"0";"2";"0";"1";"0"
"860";"8289";"860";"72";"1";"1";"7";"6";"1";"0";"1";"2";"0"
"861";"8298";"861";"52";"1";"3";"2";"2";"0";"1";"1";"1";"0"
"862";"8299";"862";"21";"3";"1";"7";"4";"0";"1";"1";"1";"0"
"863";"8299";"863";"52";"1";"1";"7";"6";"1";"0";"1";"2";"0"
"864";"8299";"864";"64";"3";"1";"7";"5";"0";"0";"2";"3";"0"
"865";"8299";"865";"71";"1";"1";"7";"7";"1";"0";"1";"2";"0"
"866";"8300";"866";"72";"4";"3";"1";"6";"1";"0";"1";"2";"0"
"867";"8300";"867";"67";"3";"1";"7";"6";"0";"2";"0";"1";"0"
"868";"8301";"868";"52";"1";"1";"7";"0";"0";"2";"0";"1";"0"
"869";"8301";"869";"81";"2";"1";"7";"6";"1";"0";"1";"2";"0"
"870";"8302";"870";"25";"4";"1";"7";"6";"1";"0";"1";"2";"0"
"871";"8302";"871";"22";"1";"3";"1";"3";"1";"0";"1";"2";"0"
"872";"8302";"872";"26";"1";"1";"7";"2";"0";"1";"1";"1";"0"
"873";"8303";"873";"19";"1";"1";"7";"6";"1";"0";"1";"2";"0"
"874";"8304";"874";"21";"1";"1";"7";"6";"0";"1";"1";"1";"0"
"875";"8304";"875";"81";"3";"1";"1";"0";"0";"0";"0";"3";"0"
"876";"8305";"876";"51";"3";"1";"1";"3";"0";"1";"1";"1";"0"
"877";"8305";"877";"64";"5";"1";"7";"5";"0";"1";"1";"1";"0"
"878";"8305";"878";"21";"2";"1";"7";"7";"0";"0";"1";"3";"0"
"879";"8305";"879";"81";"3";"1";"7";"0";"0";"0";"0";"3";"0"
"880";"8305";"880";"22";"1";"1";"7";"3";"0";"1";"1";"1";"0"
"881";"8361";"881";"25";"1";"1";"7";"6";"0";"1";"1";"1";"0"
"882";"8988";"882";"81";"5";"1";"7";"0";"1";"0";"0";"2";"0"
"883";"8989";"883";"52";"1";"4";"3";"0";"0";"0";"0";"3";"0"
"884";"8989";"884";"21";"1";"1";"7";"6";"0";"2";"1";"1";"0"
"885";"8989";"885";"23";"1";"1";"7";"6";"1";"0";"1";"2";"0"
"886";"8989";"886";"21";"1";"1";"7";"6";"0";"1";"5";"1";"0"
"887";"9001";"887";"81";"1";"1";"7";"0";"0";"0";"0";"3";"0"
"888";"9656";"888";"36";"1";"1";"7";"3";"0";"1";"1";"1";"0"
"889";"9657";"889";"51";"1";"1";"7";"6";"0";"1";"1";"1";"0"
"890";"9657";"890";"64";"5";"1";"7";"4";"0";"1";"0";"1";"0"
"891";"9657";"891";"67";"3";"1";"7";"6";"1";"0";"2";"2";"0"
"892";"9657";"892";"51";"1";"1";"7";"6";"0";"1";"1";"1";"0"
"893";"9657";"893";"64";"1";"1";"7";"4";"0";"1";"1";"1";"0"
"894";"9657";"894";"20";"3";"1";"7";"2";"0";"0";"1";"3";"0"
"895";"9657";"895";"67";"1";"1";"7";"5";"0";"1";"1";"1";"0"
"896";"9657";"896";"51";"2";"3";"1";"6";"0";"1";"1";"1";"0"
"897";"9675";"897";"23";"1";"1";"7";"6";"0";"2";"2";"1";"0"
"898";"9675";"898";"52";"3";"1";"7";"6";"0";"2";"1";"3";"0"
"899";"9678";"899";"21";"3";"1";"1";"6";"0";"2";"3";"1";"0"
"900";"9679";"900";"64";"3";"1";"7";"5";"1";"0";"1";"2";"0"
"901";"9680";"901";"64";"1";"1";"7";"6";"0";"1";"1";"1";"0"
"902";"9680";"902";"52";"1";"1";"7";"6";"0";"1";"2";"1";"0"
"903";"9680";"903";"52";"1";"1";"1";"6";"1";"0";"0";"3";"0"
"904";"9681";"904";"17";"3";"1";"7";"4";"1";"0";"1";"2";"0"
"905";"9681";"905";"23";"3";"1";"2";"6";"1";"2";"1";"2";"0"
"906";"10329";"906";"64";"1";"1";"7";"6";"1";"0";"1";"2";"0"
"907";"10408";"907";"64";"1";"1";"7";"6";"0";"1";"1";"1";"0"
"908";"10415";"908";"81";"1";"1";"7";"6";"1";"0";"1";"2";"0"
"909";"10426";"909";"64";"1";"1";"7";"4";"1";"0";"1";"2";"0"
"910";"10426";"910";"23";"3";"1";"1";"4";"0";"1";"1";"1";"0"
"911";"10428";"911";"21";"1";"2";"1";"6";"2";"1";"0";"2";"0"
"912";"10431";"286";"26";"1";"2";"1";"1";"0";"1";"1";"1";"0"
"913";"10433";"913";"72";"1";"1";"7";"6";"0";"1";"1";"1";"0"
"914";"10438";"914";"52";"3";"1";"7";"6";"0";"1";"1";"1";"0"
"915";"10438";"915";"52";"1";"1";"7";"6";"2";"0";"0";"2";"0"
"916";"10439";"916";"52";"1";"1";"5";"6";"1";"4";"0";"2";"0"
"917";"10439";"917";"52";"1";"3";"1";"6";"0";"1";"2";"1";"0"
"918";"10442";"918";"36";"1";"1";"7";"6";"0";"1";"1";"1";"0"
"919";"10449";"919";"21";"5";"1";"7";"6";"1";"0";"3";"2";"0"
"920";"10456";"920";"21";"1";"3";"1";"6";"0";"1";"1";"1";"0"
"921";"10457";"921";"51";"1";"1";"7";"4";"1";"0";"2";"2";"0"
"922";"10458";"922";"26";"1";"1";"7";"4";"0";"1";"1";"1";"0"
"923";"10459";"923";"26";"1";"2";"1";"2";"0";"1";"1";"1";"0"
"924";"10459";"924";"26";"1";"1";"7";"2";"0";"2";"1";"1";"0"
"925";"10460";"925";"26";"5";"1";"7";"2";"0";"1";"1";"1";"0"
"926";"10460";"926";"67";"3";"1";"7";"5";"0";"1";"2";"1";"0"
"927";"10461";"927";"71";"3";"1";"7";"6";"1";"0";"1";"2";"0"
"928";"10462";"928";"23";"1";"1";"7";"4";"1";"0";"1";"2";"0"
"929";"10462";"929";"52";"3";"1";"7";"0";"1";"0";"1";"2";"0"
"930";"10463";"930";"81";"1";"1";"7";"6";"1";"1";"0";"2";"0"
"931";"10463";"931";"23";"1";"6";"7";"4";"0";"1";"1";"1";"0"
"932";"10463";"932";"64";"1";"1";"7";"5";"1";"0";"1";"2";"0"
"933";"10464";"933";"51";"3";"6";"1";"6";"3";"2";"0";"2";"0"
"934";"10464";"934";"64";"1";"1";"7";"5";"0";"1";"1";"1";"0"
"935";"10469";"935";"64";"2";"1";"7";"6";"0";"0";"1";"3";"0"
"936";"10470";"936";"21";"1";"1";"7";"6";"1";"1";"1";"2";"0"
"937";"10470";"937";"82";"1";"1";"7";"0";"0";"1";"0";"1";"0"
"938";"10470";"938";"52";"1";"1";"7";"0";"1";"0";"0";"2";"0"
"939";"10471";"939";"26";"1";"1";"7";"4";"0";"1";"1";"1";"0"
"940";"10471";"940";"25";"1";"2";"2";"6";"0";"1";"1";"1";"0"
"941";"10471";"941";"81";"3";"1";"7";"0";"0";"2";"0";"1";"0"
"942";"10471";"942";"41";"1";"1";"7";"4";"1";"0";"3";"2";"0"
"943";"10474";"943";"23";"1";"1";"7";"6";"1";"0";"1";"2";"0"
"944";"10474";"944";"81";"3";"3";"1";"6";"1";"5";"0";"2";"0"
"945";"10474";"945";"81";"1";"1";"7";"6";"0";"2";"1";"3";"1"
"946";"10475";"946";"52";"1";"1";"7";"0";"0";"1";"0";"1";"0"
"947";"10481";"947";"81";"1";"1";"7";"6";"0";"1";"1";"1";"0"
"948";"10481";"948";"71";"1";"1";"7";"4";"0";"1";"1";"1";"0"
"949";"10484";"949";"27";"3";"3";"2";"0";"0";"1";"0";"1";"0"
"950";"10487";"950";"67";"1";"1";"7";"5";"1";"1";"0";"2";"0"
"951";"10487";"951";"52";"1";"1";"7";"2";"0";"1";"1";"1";"0"
"952";"10488";"952";"21";"1";"1";"7";"6";"1";"4";"0";"2";"0"
"953";"10488";"953";"81";"2";"2";"2";"0";"1";"0";"0";"2";"0"
"954";"10508";"954";"67";"1";"1";"7";"6";"0";"1";"1";"1";"0"
"955";"10510";"955";"85";"5";"1";"7";"6";"0";"1";"1";"1";"0"
"956";"10511";"956";"81";"3";"1";"7";"2";"1";"1";"1";"2";"0"
"957";"10513";"957";"72";"1";"1";"7";"6";"1";"0";"2";"2";"0"
"958";"10513";"958";"23";"1";"1";"7";"6";"0";"2";"2";"1";"0"
"959";"10516";"959";"81";"1";"2";"1";"6";"0";"2";"1";"1";"0"
"960";"10531";"960";"72";"1";"1";"7";"6";"0";"1";"1";"1";"0"
"961";"10540";"961";"71";"1";"1";"7";"6";"0";"0";"1";"3";"0"
"962";"10541";"962";"52";"3";"1";"7";"0";"0";"1";"0";"3";"0"
"963";"10541";"963";"81";"3";"3";"1";"6";"0";"1";"2";"1";"0"
"964";"10541";"964";"85";"5";"1";"7";"6";"2";"0";"1";"2";"0"
"965";"10546";"965";"51";"1";"1";"7";"3";"0";"1";"1";"1";"0"
"966";"10547";"966";"51";"1";"1";"7";"7";"0";"1";"1";"1";"0"
"967";"10594";"967";"35";"1";"1";"7";"3";"0";"1";"1";"1";"0"
"968";"11262";"968";"74";"1";"1";"7";"6";"0";"1";"1";"1";"0"
"969";"11289";"969";"51";"1";"1";"7";"3";"0";"1";"2";"1";"0"
"970";"11304";"970";"81";"3";"1";"7";"6";"0";"1";"0";"1";"0"
"971";"11307";"971";"26";"1";"1";"7";"3";"1";"0";"1";"2";"0"
"972";"11307";"972";"71";"1";"1";"7";"6";"0";"0";"1";"3";"0"
"973";"11307";"973";"72";"3";"1";"7";"6";"0";"0";"1";"3";"0"
"974";"11310";"974";"76";"1";"1";"7";"8";"1";"0";"1";"2";"0"
"975";"11311";"975";"52";"5";"1";"7";"6";"0";"0";"2";"3";"0"
"976";"11311";"976";"52";"1";"1";"7";"0";"0";"1";"0";"1";"0"
"977";"11332";"977";"81";"1";"1";"7";"6";"1";"0";"1";"2";"0"
"978";"12007";"978";"64";"1";"1";"7";"4";"1";"0";"1";"2";"0"
"979";"12017";"979";"51";"1";"1";"7";"7";"0";"1";"1";"1";"0"
"980";"12019";"980";"64";"3";"1";"7";"6";"1";"0";"1";"2";"0"
"981";"12019";"981";"52";"3";"1";"7";"0";"0";"0";"0";"3";"0"
"982";"12020";"982";"25";"3";"1";"7";"7";"1";"0";"1";"2";"0"
"983";"12021";"983";"52";"1";"3";"1";"6";"0";"1";"1";"1";"0"
"984";"12022";"984";"81";"3";"3";"2";"6";"0";"1";"1";"1";"0"
"985";"12022";"985";"25";"3";"2";"2";"0";"1";"0";"0";"2";"0"
"986";"12022";"986";"21";"1";"1";"7";"7";"0";"1";"1";"1";"0"
"987";"12022";"987";"52";"3";"7";"1";"0";"0";"2";"0";"1";"0"
"988";"12023";"988";"52";"3";"3";"1";"0";"0";"0";"0";"3";"0"
"989";"12024";"989";"51";"1";"1";"7";"7";"1";"0";"1";"2";"0"
"990";"12024";"990";"81";"5";"3";"2";"0";"0";"3";"0";"1";"0"
"991";"12024";"991";"25";"1";"1";"7";"6";"0";"1";"1";"1";"0"
"992";"12024";"992";"64";"1";"3";"1";"6";"0";"2";"0";"1";"0"
"993";"12051";"993";"64";"1";"3";"2";"6";"0";"1";"1";"1";"0"
"994";"12075";"994";"71";"1";"1";"7";"6";"0";"1";"1";"1";"0"
"995";"12081";"995";"52";"3";"1";"7";"0";"1";"0";"0";"2";"0"
"996";"12113";"996";"23";"1";"1";"7";"6";"1";"0";"1";"2";"0"
"997";"12113";"997";"52";"3";"3";"2";"7";"0";"1";"1";"1";"0"
"998";"12114";"998";"52";"3";"1";"7";"0";"0";"2";"0";"1";"0"
"999";"12135";"999";"61";"3";"7";"1";"3";"0";"1";"1";"1";"0"
"1000";"12154";"1000";"52";"1";"3";"1";"0";"0";"2";"0";"1";"0"
"1001";"12156";"1001";"52";"1";"1";"4";"6";"1";"0";"1";"2";"0"
"1002";"12156";"1002";"51";"1";"1";"7";"9";"0";"1";"0";"1";"0"
"1003";"12156";"1003";"21";"1";"1";"7";"6";"1";"0";"1";"2";"0"
"1004";"12156";"1004";"52";"1";"1";"7";"0";"0";"3";"0";"1";"0"
"1005";"12156";"1005";"21";"1";"1";"1";"6";"0";"1";"1";"1";"0"
"1006";"12170";"1006";"52";"1";"1";"7";"0";"0";"3";"0";"1";"0"
"1007";"12170";"1007";"21";"1";"1";"1";"6";"0";"2";"1";"1";"0"
"1008";"12170";"1008";"61";"1";"1";"7";"3";"0";"1";"1";"1";"0"
"1009";"12172";"1009";"71";"1";"1";"7";"3";"1";"0";"1";"2";"0"
"1010";"12172";"1010";"61";"1";"1";"7";"3";"0";"1";"1";"1";"0"
"1011";"12173";"1011";"71";"3";"1";"7";"2";"2";"0";"0";"2";"0"
"1012";"12176";"1012";"71";"1";"1";"7";"6";"0";"0";"1";"3";"0"
"1013";"12206";"1013";"52";"1";"7";"2";"0";"1";"0";"0";"2";"0"
"1014";"12207";"1014";"52";"1";"1";"7";"0";"0";"1";"0";"1";"0"
"1015";"12207";"1015";"72";"1";"1";"7";"6";"0";"1";"1";"1";"0"
"1016";"12207";"1016";"36";"2";"2";"1";"6";"3";"0";"1";"2";"0"
"1017";"12207";"1017";"52";"1";"2";"1";"6";"1";"0";"1";"3";"0"
"1018";"12208";"1018";"25";"1";"6";"1";"7";"0";"1";"1";"1";"0"
"1019";"12212";"1019";"81";"1";"1";"7";"6";"0";"1";"1";"1";"0"
"1020";"12212";"1020";"67";"1";"1";"7";"6";"0";"1";"1";"1";"0"
"1021";"12217";"1021";"25";"1";"1";"7";"0";"0";"1";"0";"1";"0"
"1022";"12220";"1022";"52";"1";"7";"7";"6";"0";"4";"4";"1";"0"
"1023";"12263";"1023";"26";"1";"1";"7";"2";"1";"0";"1";"2";"0"
"1024";"12263";"1024";"64";"1";"1";"7";"4";"0";"1";"1";"1";"0"
"1025";"12275";"1025";"72";"1";"1";"7";"6";"0";"1";"1";"1";"0"
"1026";"12286";"1026";"67";"1";"1";"7";"4";"0";"1";"2";"1";"0"
"1027";"12287";"1027";"86";"1";"1";"7";"3";"0";"1";"1";"1";"0"
"1028";"12292";"1028";"99";"1";"7";"1";"6";"1";"0";"1";"2";"0"
"1029";"12294";"1029";"21";"1";"3";"1";"6";"0";"1";"1";"1";"0"
"1030";"12303";"1030";"52";"1";"1";"4";"0";"0";"1";"0";"1";"0"
"1031";"12303";"1031";"12";"1";"1";"7";"9";"0";"1";"1";"1";"0"
"1032";"12311";"1032";"71";"3";"1";"7";"6";"0";"1";"1";"1";"0"
"1033";"12313";"1033";"71";"3";"2";"2";"6";"0";"1";"1";"1";"0"
"1034";"12314";"1034";"61";"1";"1";"7";"3";"0";"1";"1";"1";"0"
"1035";"12318";"1035";"72";"1";"3";"1";"6";"1";"0";"1";"2";"0"
"1036";"12337";"1036";"21";"1";"1";"7";"6";"0";"3";"0";"1";"0"
"1037";"12342";"1037";"74";"1";"1";"7";"9";"0";"1";"1";"1";"0"
"1038";"12349";"1038";"52";"1";"1";"7";"6";"0";"1";"1";"1";"0"
"1039";"12355";"1039";"99";"1";"1";"7";"7";"1";"0";"1";"2";"0"
"1040";"12361";"1040";"72";"2";"1";"7";"6";"1";"0";"1";"2";"0"
"1041";"12369";"1041";"52";"1";"1";"7";"0";"0";"2";"0";"1";"0"
"1042";"12376";"1042";"71";"1";"1";"7";"6";"0";"1";"1";"1";"0"
"1043";"12383";"1043";"52";"3";"1";"7";"0";"1";"1";"0";"2";"0"
"1044";"12385";"1044";"72";"1";"1";"7";"6";"1";"0";"1";"2";"0"
"1045";"12387";"1045";"72";"1";"1";"7";"6";"0";"0";"2";"3";"0"
"1046";"12387";"1046";"67";"1";"1";"7";"6";"1";"3";"0";"2";"0"
"1047";"12389";"1047";"52";"3";"7";"2";"6";"0";"0";"1";"3";"0"
"1048";"12389";"1048";"52";"3";"4";"3";"0";"1";"0";"0";"2";"0"
"1049";"12390";"1049";"52";"3";"1";"4";"6";"1";"0";"1";"2";"0"
"1050";"12390";"1050";"52";"3";"1";"1";"0";"0";"2";"0";"1";"0"
"1051";"12390";"1051";"85";"2";"1";"7";"6";"0";"1";"0";"1";"0"
"1052";"12433";"1052";"52";"3";"3";"2";"0";"1";"0";"0";"2";"0"
"1053";"12456";"1053";"51";"1";"1";"7";"6";"1";"0";"1";"2";"0"
"1054";"12485";"1054";"21";"3";"1";"7";"6";"3";"1";"0";"2";"0"
"1055";"12505";"1055";"25";"1";"5";"2";"0";"1";"0";"0";"2";"0"
"1056";"12511";"1056";"52";"1";"1";"7";"0";"1";"0";"0";"2";"0"
"1057";"12516";"1057";"23";"1";"1";"7";"6";"1";"0";"1";"2";"0"
"1058";"12563";"1058";"52";"2";"1";"7";"6";"2";"1";"0";"3";"0"
"1059";"12564";"1059";"51";"1";"1";"1";"4";"1";"0";"1";"2";"0"
"1060";"12564";"1060";"36";"1";"3";"2";"8";"1";"0";"2";"2";"0"
"1061";"12564";"1061";"52";"3";"1";"7";"0";"3";"0";"0";"2";"0"
"1062";"12565";"1062";"81";"3";"7";"1";"6";"0";"2";"0";"1";"0"
"1063";"12565";"1063";"52";"3";"3";"1";"0";"0";"1";"0";"1";"0"
"1064";"12566";"1064";"52";"3";"1";"1";"6";"1";"0";"1";"3";"0"
"1065";"12591";"1065";"64";"5";"3";"2";"6";"0";"2";"0";"1";"0"
"1066";"12591";"1066";"52";"2";"3";"1";"0";"0";"2";"0";"1";"0"
"1067";"12592";"1067";"81";"1";"3";"1";"6";"1";"1";"0";"2";"0"
"1068";"12592";"1068";"52";"3";"7";"1";"0";"0";"1";"0";"1";"0"
"1069";"12592";"1069";"52";"2";"1";"7";"0";"0";"1";"0";"1";"0"
"1070";"12593";"1070";"52";"3";"1";"7";"0";"0";"2";"0";"1";"0"
"1071";"12595";"1071";"52";"1";"1";"7";"0";"0";"1";"0";"1";"0"
"1072";"12595";"1072";"52";"1";"3";"1";"6";"0";"3";"0";"1";"0"
"1073";"13108";"1073";"52";"3";"1";"7";"6";"0";"1";"1";"1";"0"
"1074";"13129";"1074";"72";"2";"2";"2";"6";"1";"0";"1";"2";"0"
"1075";"13129";"1075";"52";"3";"1";"7";"0";"0";"1";"0";"1";"0"
"1076";"13129";"1076";"72";"1";"1";"7";"4";"0";"1";"1";"1";"0"
"1077";"13129";"1077";"72";"3";"1";"7";"6";"0";"1";"1";"1";"0"
"1078";"13129";"1078";"71";"3";"1";"7";"6";"0";"1";"1";"1";"0"
"1079";"13130";"1079";"51";"3";"1";"7";"6";"0";"2";"4";"1";"0"
"1080";"13130";"1080";"72";"3";"1";"1";"6";"0";"1";"1";"1";"0"
"1081";"13132";"1081";"67";"3";"3";"2";"3";"0";"1";"1";"1";"0"
"1082";"13132";"1082";"21";"3";"1";"7";"6";"1";"1";"0";"2";"0"
"1083";"13132";"1083";"72";"1";"1";"7";"6";"1";"0";"1";"2";"0"
"1084";"13132";"1084";"72";"1";"1";"7";"6";"0";"1";"1";"1";"0"
"1085";"13133";"1085";"26";"1";"1";"7";"2";"0";"1";"1";"1";"0"
"1086";"13133";"1086";"75";"3";"1";"7";"6";"0";"0";"1";"3";"0"
"1087";"13133";"1087";"25";"3";"3";"2";"6";"0";"2";"2";"1";"0"
"1088";"13133";"1088";"72";"3";"4";"3";"6";"0";"1";"1";"1";"0"
"1089";"13134";"1089";"52";"2";"1";"7";"6";"0";"3";"0";"1";"0"
"1090";"13134";"1090";"71";"1";"1";"7";"8";"1";"0";"1";"2";"0"
"1091";"13137";"1091";"21";"1";"1";"7";"6";"0";"1";"2";"1";"0"
"1092";"13148";"1092";"72";"1";"1";"7";"6";"0";"1";"1";"1";"0"
"1093";"13173";"1093";"64";"1";"1";"7";"2";"0";"1";"1";"1";"0"
"1094";"13177";"1094";"21";"1";"1";"7";"6";"0";"2";"1";"1";"0"
"1095";"13177";"1095";"52";"1";"1";"7";"7";"0";"1";"1";"1";"0"
"1096";"13177";"1096";"52";"1";"1";"7";"0";"0";"1";"0";"1";"0"
"1097";"13197";"1097";"18";"1";"1";"7";"6";"0";"1";"1";"1";"0"
"1098";"13206";"1098";"72";"1";"1";"7";"6";"0";"1";"1";"1";"0"
"1099";"13207";"1099";"72";"1";"1";"7";"6";"1";"0";"1";"2";"0"
"1100";"13209";"1100";"72";"1";"1";"7";"6";"0";"1";"1";"1";"0"
"1101";"13214";"1101";"72";"1";"1";"7";"6";"0";"1";"1";"1";"0"
"1102";"13222";"1102";"61";"1";"1";"7";"3";"0";"1";"1";"1";"0"
"1103";"13238";"1103";"72";"1";"1";"7";"6";"0";"1";"1";"1";"0"
"1104";"13239";"1104";"51";"1";"1";"7";"6";"0";"1";"1";"1";"0"
"1105";"13251";"1105";"51";"3";"1";"7";"0";"1";"0";"0";"2";"0"
"1106";"13275";"1106";"63";"1";"1";"7";"6";"0";"1";"1";"1";"0"
"1107";"13287";"1107";"71";"1";"1";"7";"6";"0";"0";"1";"3";"0"
"1108";"13287";"1108";"72";"1";"1";"7";"6";"1";"0";"1";"2";"0"
"1109";"13294";"1109";"72";"1";"3";"1";"6";"0";"1";"1";"1";"0"
"1110";"13296";"1110";"61";"1";"1";"7";"3";"0";"1";"1";"1";"0"
"1111";"13296";"1111";"52";"3";"3";"2";"6";"0";"1";"1";"1";"0"
"1112";"13296";"1112";"61";"3";"1";"7";"4";"0";"1";"1";"1";"0"
"1113";"13296";"1113";"71";"2";"7";"7";"6";"0";"1";"1";"1";"0"
"1114";"13297";"1114";"67";"1";"1";"7";"6";"0";"2";"3";"1";"0"
"1115";"13299";"1115";"64";"3";"1";"7";"5";"0";"1";"1";"1";"0"
"1116";"13312";"1116";"51";"1";"1";"7";"6";"0";"1";"2";"1";"0"
"1117";"13312";"1117";"52";"3";"3";"2";"6";"1";"1";"0";"2";"0"
"1118";"13312";"1118";"23";"1";"1";"7";"5";"0";"1";"1";"1";"0"
"1119";"13312";"1119";"21";"1";"1";"7";"3";"0";"2";"0";"1";"0"
"1120";"13312";"1120";"51";"1";"1";"7";"6";"0";"3";"4";"1";"0"
"1121";"13312";"1121";"52";"1";"3";"1";"0";"0";"1";"1";"1";"0"
"1122";"13312";"1122";"52";"1";"1";"7";"6";"0";"1";"2";"1";"0"
"1123";"13313";"1123";"71";"1";"1";"7";"6";"0";"1";"1";"1";"0"
"1124";"13313";"1124";"51";"1";"3";"1";"6";"0";"1";"3";"1";"0"
"1125";"13313";"1125";"23";"1";"2";"1";"6";"0";"2";"1";"1";"0"
"1126";"13313";"1126";"71";"3";"1";"7";"6";"1";"0";"1";"2";"0"
"1127";"13313";"1127";"51";"2";"3";"1";"6";"0";"2";"1";"1";"0"
"1128";"13313";"1128";"51";"1";"1";"1";"6";"0";"2";"3";"1";"0"
"1129";"13313";"1129";"71";"3";"3";"1";"6";"1";"0";"1";"2";"0"
"1130";"13314";"1130";"52";"3";"3";"1";"0";"0";"1";"0";"1";"0"
"1131";"13328";"1131";"74";"3";"1";"7";"3";"0";"1";"1";"1";"0"
"1132";"13328";"1132";"41";"1";"1";"6";"2";"0";"1";"1";"1";"0"
"1133";"13329";"1133";"74";"1";"1";"2";"4";"0";"1";"1";"1";"0"
"1134";"13334";"1134";"71";"1";"3";"2";"6";"0";"1";"1";"1";"0"
"1135";"13334";"1135";"52";"1";"1";"7";"7";"1";"0";"1";"2";"0"
"1136";"13334";"1136";"72";"1";"1";"7";"6";"0";"1";"1";"1";"0"
"1137";"13334";"1137";"21";"1";"1";"7";"6";"0";"1";"1";"1";"0"
"1138";"13334";"1138";"51";"1";"1";"7";"6";"0";"1";"1";"1";"0"
"1139";"13334";"1139";"71";"2";"1";"7";"6";"1";"0";"1";"2";"0"
"1140";"13336";"1140";"61";"1";"1";"7";"3";"0";"1";"1";"1";"0"
"1141";"13338";"1141";"64";"1";"1";"7";"6";"0";"1";"1";"1";"0"
"1142";"13338";"1142";"26";"3";"1";"7";"2";"0";"2";"1";"1";"0"
"1143";"13338";"1143";"71";"1";"1";"7";"6";"0";"1";"1";"1";"0"
"1144";"13338";"1144";"26";"5";"3";"1";"2";"0";"1";"1";"1";"0"
"1145";"13338";"1145";"26";"3";"1";"7";"1";"0";"1";"1";"1";"0"
"1146";"13339";"1146";"71";"1";"3";"1";"6";"0";"1";"1";"1";"0"
"1147";"13339";"1147";"52";"1";"3";"1";"6";"0";"1";"1";"1";"0"
"1148";"13341";"1148";"52";"1";"1";"7";"7";"0";"1";"1";"1";"0"