"accident_id";"lieu_id";"date_id";"cause_id";"lum_id";"intemp_id";"etat_surface_id";"impliq_id";"nb_blesses_graves";"nb_blesses_legers";"nb_indemnes";"gravite";"nb_morts"
"1818";"27023";"1818";"52";"1";"7";"7";"0";"0";"1";"0";"1";"0"
"1819";"27024";"1819";"25";"1";"2";"2";"6";"1";"2";"1";"2";"0"
"1820";"27024";"1131";"22";"3";"1";"7";"4";"0";"2";"0";"1";"0"
"1821";"27024";"1821";"72";"5";"3";"1";"6";"0";"1";"1";"1";"0"
"1822";"27024";"1822";"64";"1";"1";"7";"5";"0";"1";"1";"1";"0"
"1823";"27024";"1823";"51";"1";"1";"7";"4";"0";"1";"0";"1";"0"
"1824";"27091";"1824";"81";"3";"1";"7";"0";"1";"0";"0";"2";"0"
"1825";"27091";"1825";"25";"2";"1";"7";"6";"0";"2";"0";"1";"0"
"1826";"27091";"1826";"64";"1";"1";"7";"2";"1";"0";"1";"2";"0"
"1827";"27091";"1827";"72";"1";"3";"1";"6";"0";"1";"1";"1";"0"
"1828";"27091";"1828";"20";"3";"1";"7";"7";"0";"1";"1";"1";"0"
"1829";"27092";"1829";"73";"1";"1";"7";"7";"1";"0";"1";"2";"0"
"1830";"27092";"1830";"41";"1";"1";"7";"6";"0";"1";"1";"1";"0"
"1831";"27096";"1831";"25";"3";"3";"1";"6";"0";"2";"0";"1";"0"
"1832";"27097";"1832";"72";"1";"1";"7";"6";"1";"0";"1";"2";"0"
"1833";"27098";"1833";"25";"1";"1";"7";"6";"0";"1";"1";"1";"0"
"1834";"27098";"1834";"25";"1";"1";"7";"6";"0";"1";"2";"1";"0"
"1835";"27098";"1835";"72";"1";"1";"7";"6";"0";"1";"1";"1";"0"
"1836";"27098";"1836";"22";"1";"1";"7";"6";"1";"0";"1";"2";"0"
"1837";"27104";"1837";"63";"1";"1";"7";"5";"0";"1";"1";"1";"0"
"1838";"27107";"1838";"52";"1";"1";"7";"6";"0";"1";"2";"1";"0"
"1839";"27109";"1839";"21";"1";"1";"7";"5";"0";"1";"2";"1";"0"
"1840";"27109";"1840";"63";"1";"1";"7";"4";"0";"1";"1";"1";"0"
"1841";"27109";"1841";"25";"3";"1";"7";"6";"0";"2";"0";"1";"0"
"1842";"27111";"1842";"36";"1";"1";"7";"6";"0";"1";"2";"1";"0"
"1843";"27112";"1843";"26";"1";"1";"7";"0";"0";"1";"1";"1";"0"
"1844";"27112";"1844";"26";"1";"1";"7";"1";"0";"1";"1";"1";"0"
"1845";"27112";"1845";"25";"1";"1";"7";"7";"0";"1";"1";"1";"0"
"1846";"27112";"1846";"72";"1";"1";"7";"6";"0";"1";"1";"1";"0"
"1847";"27112";"1847";"23";"1";"1";"7";"5";"0";"1";"1";"1";"0"
"1848";"27113";"1848";"25";"3";"1";"7";"6";"0";"2";"1";"1";"0"
"1849";"27116";"1849";"23";"1";"1";"7";"5";"0";"1";"1";"1";"0"
"1850";"27116";"1850";"61";"1";"1";"7";"3";"0";"1";"2";"1";"0"
"1851";"27116";"1851";"51";"3";"3";"1";"6";"0";"1";"3";"1";"0"
"1852";"27118";"1852";"72";"1";"1";"7";"6";"0";"1";"1";"1";"0"
"1853";"27118";"1853";"71";"3";"1";"7";"6";"0";"1";"1";"1";"0"
"1854";"27119";"1854";"25";"1";"1";"7";"6";"0";"1";"0";"1";"0"
"1855";"27120";"1855";"51";"1";"1";"7";"6";"0";"1";"1";"1";"0"
"1856";"27122";"1856";"52";"3";"1";"7";"0";"0";"0";"0";"3";"0"
"1857";"27122";"1857";"11";"1";"1";"7";"6";"0";"1";"1";"1";"0"
"1858";"27124";"1858";"52";"3";"1";"7";"0";"0";"1";"0";"1";"0"
"1859";"27124";"1859";"82";"1";"1";"7";"6";"0";"2";"0";"1";"0"
"1860";"27124";"1860";"52";"1";"1";"7";"6";"1";"0";"0";"2";"0"
"1861";"27127";"1861";"18";"2";"1";"7";"4";"0";"2";"0";"1";"0"
"1862";"27134";"1862";"35";"1";"1";"7";"4";"1";"0";"1";"2";"0"
"1863";"27134";"1863";"52";"3";"1";"7";"0";"0";"1";"0";"1";"0"
"1864";"27135";"1864";"52";"5";"3";"2";"6";"0";"2";"0";"1";"0"
"1865";"27135";"1865";"14";"1";"1";"7";"3";"0";"1";"1";"1";"0"
"1866";"27136";"1866";"72";"1";"1";"7";"6";"1";"0";"2";"2";"0"
"1867";"27136";"1867";"64";"1";"1";"7";"6";"1";"0";"1";"2";"0"
"1868";"27148";"1868";"21";"3";"1";"7";"6";"0";"1";"1";"1";"0"
"1869";"27149";"1869";"71";"1";"1";"7";"6";"0";"1";"1";"1";"0"
"1870";"27199";"1870";"99";"1";"1";"7";"2";"0";"1";"1";"1";"0"
"1871";"27199";"1871";"82";"1";"1";"7";"6";"0";"1";"4";"1";"0"
"1872";"27215";"1872";"25";"3";"1";"7";"6";"1";"0";"0";"2";"0"
"1873";"27216";"1873";"72";"1";"1";"7";"6";"0";"1";"1";"1";"0"
"1874";"27231";"1874";"82";"1";"3";"1";"6";"0";"1";"1";"1";"0"
"1875";"27242";"1875";"72";"1";"1";"7";"6";"0";"1";"1";"1";"0"
"1876";"27258";"1876";"61";"3";"1";"7";"3";"0";"1";"1";"1";"0"
"1877";"27278";"1877";"72";"1";"1";"7";"6";"1";"0";"1";"2";"0"
"1878";"27286";"1878";"72";"1";"1";"7";"6";"0";"1";"1";"1";"0"
"1879";"27286";"1879";"51";"1";"1";"7";"6";"0";"1";"1";"1";"0"
"1880";"27286";"1880";"26";"3";"1";"7";"1";"1";"0";"1";"2";"0"
"1881";"27286";"1881";"75";"1";"1";"7";"4";"0";"2";"0";"1";"0"
"1882";"27292";"1882";"52";"3";"3";"1";"6";"0";"1";"0";"1";"0"
"1883";"27298";"1883";"22";"1";"1";"7";"6";"0";"1";"1";"1";"0"
"1884";"27298";"1884";"82";"1";"1";"7";"6";"0";"0";"1";"3";"0"
"1885";"27298";"1885";"52";"3";"1";"7";"0";"0";"2";"0";"1";"0"
"1886";"27298";"1886";"21";"1";"1";"7";"6";"0";"2";"0";"1";"0"
"1887";"27298";"1887";"52";"3";"1";"7";"0";"0";"1";"0";"1";"0"
"1888";"27298";"1888";"51";"1";"1";"7";"6";"0";"1";"1";"1";"0"
"1889";"27298";"1889";"71";"2";"1";"7";"8";"0";"1";"1";"1";"0"
"1890";"27299";"1890";"21";"3";"1";"7";"4";"1";"0";"1";"2";"0"
"1891";"27302";"1891";"63";"1";"4";"2";"4";"0";"1";"1";"1";"0"
"1892";"27302";"1892";"75";"3";"1";"7";"6";"0";"1";"1";"1";"0"
"1893";"27302";"1893";"64";"1";"1";"7";"6";"0";"2";"0";"1";"0"
"1894";"27302";"1894";"63";"3";"3";"2";"6";"1";"1";"0";"2";"0"
"1895";"27302";"1895";"51";"2";"6";"1";"6";"0";"2";"2";"1";"0"
"1896";"27302";"1896";"64";"3";"1";"7";"6";"0";"1";"1";"1";"0"
"1897";"27305";"1897";"52";"1";"1";"7";"0";"1";"0";"0";"2";"0"
"1898";"27855";"1898";"67";"1";"1";"7";"6";"0";"1";"1";"1";"0"
"1899";"27872";"1899";"51";"1";"1";"7";"6";"0";"2";"0";"1";"0"
"1900";"27872";"1900";"72";"1";"1";"7";"6";"0";"1";"1";"1";"0"
"1901";"27872";"1901";"72";"1";"1";"7";"4";"1";"0";"1";"2";"0"
"1902";"27875";"1902";"72";"1";"1";"7";"6";"0";"1";"1";"1";"0"
"1903";"27879";"1903";"72";"1";"1";"7";"6";"0";"1";"1";"1";"0"
"1904";"27879";"1904";"72";"1";"1";"7";"6";"1";"0";"1";"2";"0"
"1905";"27881";"1905";"72";"1";"1";"6";"6";"0";"1";"1";"1";"0"
"1906";"27881";"1906";"72";"3";"1";"7";"6";"0";"1";"1";"1";"0"
"1907";"27881";"1907";"72";"1";"1";"7";"6";"0";"1";"1";"1";"0"
"1908";"27897";"1908";"72";"1";"1";"7";"6";"0";"1";"1";"1";"0"
"1909";"27926";"1909";"72";"1";"3";"2";"6";"0";"2";"1";"1";"0"
"1910";"27946";"1910";"72";"1";"1";"7";"4";"0";"2";"0";"1";"0"
"1911";"27957";"1911";"72";"1";"1";"7";"6";"0";"1";"1";"1";"0"
"1912";"27966";"1912";"51";"1";"1";"7";"6";"0";"1";"1";"1";"0"
"1913";"27966";"1913";"63";"1";"1";"7";"4";"0";"1";"1";"1";"0"
"1914";"27967";"1914";"72";"1";"1";"7";"6";"0";"1";"1";"1";"0"
"1915";"27967";"1915";"72";"1";"1";"7";"6";"1";"0";"1";"2";"0"
"1916";"27967";"1916";"21";"5";"1";"7";"6";"0";"3";"2";"1";"0"
"1917";"27967";"1917";"63";"3";"1";"7";"4";"0";"1";"1";"1";"0"
"1918";"27968";"1918";"22";"1";"1";"7";"6";"0";"1";"1";"1";"0"
"1919";"27971";"1919";"72";"1";"1";"7";"6";"0";"1";"1";"1";"0"
"1920";"27972";"1920";"52";"3";"1";"7";"6";"0";"1";"2";"1";"0"
"1921";"27974";"1921";"25";"1";"1";"7";"6";"0";"1";"1";"1";"0"
"1922";"27975";"1922";"71";"1";"1";"7";"6";"0";"1";"1";"1";"0"
"1923";"27979";"1923";"74";"3";"1";"7";"6";"1";"0";"1";"2";"0"
"1924";"27979";"1924";"52";"1";"1";"7";"6";"0";"1";"2";"1";"0"
"1925";"27980";"1925";"51";"1";"1";"7";"6";"0";"1";"1";"1";"0"
"1926";"28003";"1926";"25";"1";"1";"7";"6";"0";"1";"1";"1";"0"
"1927";"28004";"1927";"72";"1";"1";"7";"6";"1";"0";"1";"2";"0"
"1928";"28006";"1928";"81";"3";"1";"7";"0";"0";"1";"0";"1";"0"
"1929";"28007";"1929";"72";"1";"1";"7";"6";"0";"1";"1";"1";"0"
"1930";"28010";"1930";"72";"1";"1";"7";"6";"0";"1";"1";"1";"0"
"1931";"28017";"1931";"71";"1";"1";"7";"6";"0";"0";"1";"3";"0"
"1932";"28018";"1932";"71";"4";"3";"1";"6";"1";"0";"1";"2";"0"
"1933";"28018";"1933";"71";"1";"1";"7";"6";"0";"1";"1";"1";"0"
"1934";"28033";"1934";"21";"1";"1";"7";"6";"0";"1";"1";"1";"0"
"1935";"28043";"1935";"20";"4";"1";"7";"2";"0";"1";"1";"1";"0"
"1936";"28043";"1936";"51";"1";"1";"7";"6";"0";"1";"1";"1";"0"
"1937";"28047";"1937";"22";"1";"1";"7";"6";"0";"1";"1";"1";"0"
"1938";"28047";"1938";"71";"2";"3";"2";"4";"0";"1";"1";"1";"0"
"1939";"28048";"1939";"21";"1";"1";"7";"6";"0";"1";"1";"1";"0"
"1940";"28060";"1940";"71";"1";"1";"7";"6";"0";"1";"1";"1";"0"
"1941";"28062";"1941";"61";"1";"1";"7";"3";"0";"1";"1";"1";"0"
"1942";"28068";"1942";"51";"3";"1";"7";"6";"0";"1";"1";"1";"0"
"1943";"28078";"1943";"81";"1";"1";"7";"6";"0";"1";"1";"1";"0"
"1944";"28082";"1944";"63";"1";"1";"7";"5";"0";"1";"2";"1";"0"
"1945";"28100";"1945";"71";"1";"1";"7";"6";"0";"1";"1";"1";"0"
"1946";"28105";"1946";"51";"1";"1";"1";"6";"0";"1";"4";"1";"0"
"1947";"28105";"1947";"26";"1";"1";"7";"1";"0";"1";"1";"1";"0"
"1948";"28106";"1948";"81";"1";"1";"7";"0";"0";"0";"0";"3";"0"
"1949";"28118";"1949";"52";"3";"1";"7";"6";"0";"1";"0";"1";"0"
"1950";"28119";"1950";"81";"1";"1";"7";"6";"0";"1";"1";"1";"0"
"1951";"28124";"1951";"22";"1";"1";"7";"6";"0";"1";"0";"1";"0"
"1952";"28140";"1952";"72";"1";"1";"7";"6";"0";"1";"1";"1";"0"
"1953";"28142";"1953";"41";"1";"1";"7";"6";"0";"1";"1";"1";"0"
"1954";"28159";"1954";"71";"1";"1";"7";"6";"0";"1";"1";"1";"0"
"1955";"28159";"1955";"71";"3";"1";"1";"6";"0";"1";"1";"1";"0"
"1956";"28160";"1956";"52";"1";"1";"7";"6";"0";"1";"0";"1";"0"
"1957";"28160";"1957";"62";"1";"1";"7";"4";"0";"1";"1";"1";"0"
"1958";"28160";"1958";"36";"1";"1";"7";"3";"0";"0";"1";"3";"0"
"1959";"28164";"1959";"67";"1";"1";"7";"4";"0";"2";"1";"1";"0"
"1960";"28164";"1960";"52";"1";"1";"7";"6";"1";"0";"2";"2";"0"
"1961";"28168";"1961";"26";"1";"1";"7";"2";"1";"0";"1";"2";"0"
"1962";"28168";"1962";"21";"4";"2";"1";"6";"0";"2";"2";"1";"0"
"1963";"28171";"1963";"72";"3";"1";"2";"6";"0";"1";"1";"1";"0"
"1964";"28178";"1964";"63";"1";"1";"7";"6";"0";"1";"2";"1";"0"
"1965";"28179";"1965";"21";"1";"1";"7";"7";"0";"1";"1";"1";"0"
"1966";"28179";"1966";"52";"3";"3";"1";"6";"1";"0";"1";"3";"0"
"1967";"28179";"1967";"23";"1";"1";"7";"5";"0";"1";"1";"1";"0"
"1968";"28179";"1968";"71";"4";"1";"7";"6";"0";"1";"1";"1";"0"
"1969";"28179";"1969";"81";"3";"3";"1";"6";"0";"2";"1";"1";"0"
"1970";"28179";"1970";"81";"3";"3";"1";"0";"0";"1";"4";"1";"0"
"1971";"28179";"1971";"52";"3";"3";"1";"0";"0";"2";"1";"1";"0"
"1972";"28179";"1972";"81";"3";"1";"7";"0";"0";"3";"0";"3";"0"
"1973";"28179";"1973";"21";"1";"1";"1";"6";"0";"3";"2";"1";"0"
"1974";"28180";"1974";"67";"1";"1";"7";"5";"1";"0";"1";"2";"0"
"1975";"28180";"1975";"26";"1";"1";"7";"2";"0";"1";"1";"1";"0"
"1976";"28180";"1976";"52";"1";"1";"7";"6";"0";"0";"1";"0";"0"
"1977";"28180";"1977";"72";"1";"1";"7";"6";"0";"1";"1";"1";"0"
"1978";"28183";"1978";"72";"3";"2";"2";"6";"0";"1";"1";"1";"0"
"1979";"28200";"1979";"63";"1";"1";"7";"4";"0";"2";"1";"1";"0"
"1980";"28214";"1980";"23";"1";"1";"7";"5";"0";"1";"1";"1";"0"
"1981";"28214";"1981";"72";"1";"2";"1";"6";"1";"0";"1";"2";"0"
"1982";"28214";"1982";"51";"2";"3";"1";"3";"0";"1";"1";"1";"0"
"1983";"28233";"1983";"53";"1";"1";"7";"0";"0";"1";"1";"1";"0"
"1984";"28242";"1984";"52";"2";"1";"4";"0";"0";"1";"0";"1";"0"
"1985";"28242";"1985";"52";"1";"1";"7";"0";"1";"0";"0";"2";"0"
"1986";"28242";"1986";"52";"3";"1";"4";"0";"0";"1";"0";"1";"0"
"1987";"28248";"1987";"51";"1";"1";"7";"6";"0";"1";"1";"1";"0"
"1988";"28287";"1988";"86";"1";"1";"7";"2";"1";"0";"1";"2";"0"
"1989";"28288";"1989";"51";"1";"1";"7";"0";"0";"2";"0";"1";"0"
"1990";"28291";"1990";"26";"3";"3";"2";"2";"0";"1";"1";"1";"0"
"1991";"28292";"1991";"26";"1";"1";"7";"2";"0";"1";"1";"1";"0"
"1992";"28293";"1992";"52";"1";"2";"2";"6";"1";"1";"1";"2";"0"
"1993";"28293";"1993";"85";"3";"1";"7";"6";"0";"1";"1";"1";"0"
"1994";"28293";"1994";"81";"3";"1";"7";"0";"0";"2";"1";"1";"0"
"1995";"28294";"1995";"52";"3";"1";"7";"0";"0";"1";"1";"1";"0"
"1996";"28298";"1996";"72";"1";"1";"7";"6";"0";"1";"1";"1";"0"
"1997";"28308";"1997";"52";"1";"1";"7";"6";"1";"0";"2";"2";"0"
"1998";"28309";"1998";"63";"1";"1";"7";"6";"0";"1";"1";"1";"0"
"1999";"28311";"1999";"64";"1";"1";"7";"6";"0";"1";"1";"1";"0"
"2000";"28311";"2000";"52";"3";"1";"4";"0";"0";"1";"0";"1";"0"
"2001";"28312";"2001";"22";"3";"1";"1";"4";"0";"2";"1";"1";"0"
"2002";"28315";"2002";"25";"1";"1";"7";"6";"0";"1";"1";"1";"0"
"2003";"28315";"2003";"21";"3";"1";"7";"4";"0";"1";"1";"1";"0"
"2004";"28315";"2004";"52";"3";"1";"7";"3";"0";"1";"1";"1";"0"
"2005";"28322";"2005";"22";"1";"1";"7";"6";"0";"1";"1";"1";"0"
"2006";"28322";"2006";"64";"1";"1";"7";"6";"0";"1";"1";"1";"0"
"2007";"28325";"2007";"72";"1";"1";"7";"3";"0";"1";"1";"1";"0"
"2008";"28326";"2008";"41";"2";"1";"1";"6";"0";"1";"1";"1";"0"
"2009";"28326";"2009";"26";"1";"3";"2";"2";"0";"1";"1";"1";"0"
"2010";"28326";"2010";"72";"1";"1";"7";"6";"0";"2";"1";"1";"0"
"2011";"28326";"2011";"71";"2";"1";"7";"6";"0";"1";"1";"1";"0"
"2012";"28327";"2012";"81";"3";"1";"7";"6";"0";"1";"1";"1";"0"
"2013";"28328";"2013";"63";"1";"1";"7";"6";"0";"1";"1";"1";"0"
"2014";"28328";"2014";"72";"1";"1";"7";"6";"0";"1";"1";"1";"0"
"2015";"28330";"2015";"73";"1";"1";"7";"4";"0";"1";"1";"1";"0"
"2016";"28337";"2016";"72";"1";"1";"7";"6";"1";"0";"1";"2";"0"
"2017";"28337";"2017";"64";"1";"1";"7";"6";"0";"1";"1";"1";"0"
"2018";"28340";"2018";"72";"3";"1";"2";"6";"0";"1";"1";"1";"0"
"2019";"28340";"2019";"72";"3";"1";"7";"6";"0";"1";"1";"1";"0"
"2020";"28340";"2020";"23";"1";"2";"2";"6";"0";"1";"1";"1";"0"
"2021";"28340";"2021";"51";"1";"3";"1";"6";"0";"1";"2";"1";"0"
"2022";"28340";"2022";"61";"1";"3";"2";"3";"0";"1";"1";"1";"0"
"2023";"28343";"2023";"64";"1";"1";"7";"4";"1";"0";"1";"2";"0"
"2024";"28343";"2024";"21";"5";"6";"1";"6";"0";"2";"1";"1";"0"
"2025";"28355";"2025";"21";"3";"1";"7";"6";"0";"1";"1";"1";"0"
"2026";"28358";"2026";"52";"1";"1";"7";"6";"0";"2";"1";"1";"0"
"2027";"28900";"2027";"73";"1";"1";"7";"6";"0";"1";"0";"1";"0"
"2028";"28902";"2028";"71";"1";"1";"7";"6";"0";"1";"1";"1";"0"
"2029";"28902";"2029";"62";"1";"1";"7";"2";"0";"1";"1";"1";"0"
"2030";"28903";"2030";"72";"1";"1";"7";"6";"1";"0";"1";"2";"0"
"2031";"28906";"2031";"72";"1";"1";"7";"6";"0";"1";"1";"1";"0"
"2032";"28929";"2032";"72";"1";"1";"7";"6";"0";"1";"1";"1";"0"
"2033";"28939";"2033";"72";"1";"1";"7";"6";"1";"0";"1";"2";"0"
"2034";"28941";"2034";"72";"1";"1";"7";"4";"0";"1";"1";"1";"0"
"2035";"28943";"2035";"73";"1";"1";"7";"6";"1";"0";"1";"2";"0"
"2036";"28959";"2036";"51";"1";"1";"7";"8";"0";"2";"1";"1";"0"
"2037";"28971";"2037";"64";"1";"1";"7";"6";"0";"1";"1";"1";"0"
"2038";"28985";"2038";"21";"1";"1";"7";"6";"0";"1";"1";"1";"0"
"2039";"28987";"2039";"23";"1";"1";"7";"6";"0";"4";"1";"1";"0"
"2040";"28987";"2040";"67";"1";"1";"7";"6";"0";"2";"2";"1";"0"
"2041";"28987";"2041";"51";"1";"1";"7";"3";"0";"1";"1";"1";"0"
"2042";"28989";"2042";"67";"1";"1";"7";"6";"0";"1";"1";"1";"0"
"2043";"28989";"2043";"51";"1";"1";"7";"3";"0";"1";"2";"1";"0"
"2044";"28991";"2044";"51";"1";"1";"7";"6";"0";"1";"0";"1";"0"
"2045";"28991";"2045";"18";"1";"3";"2";"5";"0";"2";"1";"1";"0"
"2046";"28994";"2046";"51";"1";"1";"7";"6";"0";"1";"1";"1";"0"
"2047";"28994";"2047";"64";"2";"1";"7";"4";"0";"1";"1";"1";"0"
"2048";"28994";"2048";"64";"1";"1";"7";"6";"0";"1";"1";"1";"0"
"2049";"29000";"2049";"72";"2";"3";"1";"4";"0";"2";"0";"1";"0"
"2050";"29000";"2050";"26";"1";"1";"7";"1";"1";"0";"1";"2";"0"
"2051";"29003";"2051";"23";"3";"3";"2";"6";"0";"1";"2";"1";"0"
"2052";"29003";"2052";"67";"3";"1";"7";"6";"0";"3";"5";"1";"0"
"2053";"29003";"2053";"51";"1";"1";"7";"3";"0";"1";"1";"1";"0"
"2054";"29004";"2054";"67";"1";"1";"7";"4";"0";"1";"1";"1";"0"
"2055";"29005";"2055";"52";"3";"1";"7";"0";"0";"2";"0";"1";"0"
"2056";"29005";"2056";"11";"1";"1";"7";"6";"0";"1";"1";"1";"0"
"2057";"29020";"2057";"25";"1";"1";"4";"2";"1";"0";"3";"2";"0"
"2058";"29036";"2058";"51";"3";"1";"7";"5";"1";"0";"1";"2";"0"
"2059";"29038";"2059";"63";"3";"1";"7";"4";"0";"1";"1";"1";"0"
"2060";"29038";"2060";"74";"3";"4";"3";"6";"1";"0";"1";"2";"0"
"2061";"29038";"2061";"71";"4";"1";"7";"6";"0";"1";"1";"1";"0"
"2062";"29038";"2062";"18";"1";"1";"7";"6";"0";"1";"1";"1";"0"
"2063";"29038";"2063";"32";"1";"1";"7";"6";"1";"0";"1";"2";"0"
"2064";"29038";"2064";"71";"1";"1";"7";"6";"0";"1";"1";"1";"0"
"2065";"29038";"2065";"36";"1";"1";"7";"4";"0";"1";"1";"1";"0"
"2066";"29038";"2066";"21";"1";"1";"7";"6";"0";"1";"2";"1";"0"
"2067";"29038";"2067";"26";"1";"1";"7";"2";"0";"1";"1";"1";"0"
"2068";"29040";"2068";"51";"3";"1";"7";"0";"0";"2";"0";"1";"0"
"2069";"29040";"2069";"21";"3";"1";"7";"6";"0";"1";"0";"1";"0"
"2070";"29040";"2070";"81";"3";"1";"5";"6";"0";"2";"1";"1";"0"
"2071";"29045";"2071";"26";"1";"1";"7";"1";"0";"1";"1";"1";"0"
"2072";"29045";"2072";"72";"1";"1";"7";"6";"0";"1";"1";"1";"0"
"2073";"29045";"2073";"72";"2";"1";"7";"4";"1";"1";"0";"2";"0"
"2074";"29045";"2074";"71";"1";"1";"7";"6";"0";"1";"1";"1";"0"
"2075";"29045";"2075";"71";"1";"1";"7";"5";"0";"2";"0";"1";"0"
"2076";"29045";"2076";"27";"1";"1";"7";"9";"0";"1";"0";"1";"0"
"2077";"29046";"2077";"61";"1";"3";"2";"3";"0";"1";"1";"1";"0"
"2078";"29049";"2078";"72";"1";"1";"7";"6";"0";"1";"1";"1";"0"
"2079";"29049";"2079";"21";"1";"1";"7";"6";"0";"1";"0";"1";"0"
"2080";"29051";"2080";"72";"3";"1";"7";"6";"0";"1";"1";"1";"0"
"2081";"29051";"2081";"72";"1";"1";"7";"6";"1";"0";"1";"2";"0"
"2082";"29053";"2082";"73";"1";"3";"2";"6";"0";"1";"1";"1";"0"
"2083";"29059";"2083";"71";"1";"1";"7";"6";"1";"0";"1";"2";"0"
"2084";"29059";"2084";"71";"1";"1";"7";"6";"0";"1";"1";"1";"0"
"2085";"29061";"2085";"72";"1";"3";"2";"6";"1";"0";"1";"2";"0"
"2086";"29061";"2086";"71";"1";"1";"7";"6";"1";"0";"1";"2";"0"
"2087";"29061";"2087";"71";"1";"1";"7";"6";"0";"1";"1";"1";"0"
"2088";"29061";"2088";"51";"1";"1";"7";"6";"0";"1";"1";"1";"0"
"2089";"29062";"2089";"72";"1";"1";"7";"6";"0";"1";"1";"1";"0"
"2090";"29063";"2090";"72";"1";"1";"7";"6";"0";"1";"2";"1";"0"
"2091";"29063";"2091";"23";"1";"1";"7";"6";"0";"1";"1";"1";"0"
"2092";"29067";"2092";"21";"3";"3";"2";"6";"0";"1";"1";"1";"0"
"2093";"29070";"2093";"71";"1";"1";"7";"6";"0";"1";"1";"1";"0"
"2094";"29070";"2094";"72";"1";"1";"7";"6";"0";"1";"1";"1";"0"
"2095";"29070";"2095";"52";"1";"2";"1";"6";"0";"1";"2";"1";"0"
"2096";"29072";"2096";"72";"1";"1";"7";"6";"0";"1";"1";"1";"0"
"2097";"29072";"2097";"72";"2";"1";"7";"6";"0";"1";"1";"1";"0"
"2098";"29076";"2098";"21";"1";"1";"7";"6";"0";"1";"1";"1";"0"
"2099";"29086";"2099";"52";"2";"3";"2";"0";"0";"1";"0";"1";"0"
"2100";"29086";"2100";"52";"1";"6";"4";"0";"1";"0";"1";"2";"0"
"2101";"29087";"2101";"52";"3";"1";"1";"0";"0";"1";"0";"1";"0"
"2102";"29090";"2102";"41";"5";"1";"1";"0";"0";"1";"0";"1";"0"
"2103";"29090";"2103";"52";"3";"1";"7";"0";"1";"0";"0";"2";"0"
"2104";"29090";"2104";"82";"1";"1";"7";"6";"0";"1";"1";"1";"0"
"2105";"29090";"2105";"52";"1";"1";"7";"0";"0";"1";"1";"1";"0"
"2106";"29091";"2106";"52";"1";"1";"7";"0";"0";"1";"0";"1";"0"
"2107";"29091";"2107";"52";"2";"1";"7";"0";"1";"0";"0";"2";"0"
"2108";"29091";"2108";"52";"3";"1";"4";"0";"0";"2";"1";"1";"0"
"2109";"29101";"2109";"21";"3";"1";"7";"6";"0";"1";"1";"1";"0"
"2110";"29113";"2110";"23";"1";"3";"2";"5";"0";"1";"1";"1";"0"
"2111";"29113";"2111";"20";"1";"1";"7";"1";"1";"0";"1";"2";"0"
"2112";"29113";"2112";"62";"2";"1";"1";"2";"1";"0";"1";"2";"0"
"2113";"29114";"2113";"51";"1";"1";"2";"6";"0";"1";"1";"1";"0"
"2114";"29115";"2114";"71";"1";"1";"7";"6";"0";"1";"1";"1";"0"
"2115";"29115";"2115";"25";"3";"1";"7";"6";"0";"1";"0";"1";"0"
"2116";"29115";"2116";"25";"1";"1";"7";"6";"0";"1";"0";"1";"0"
"2117";"29117";"2117";"51";"1";"1";"7";"6";"0";"1";"1";"1";"0"
"2118";"29117";"2118";"72";"1";"1";"7";"6";"0";"1";"1";"1";"0"
"2119";"29117";"2119";"63";"3";"3";"1";"4";"0";"1";"1";"1";"0"
"2120";"29118";"2120";"26";"1";"1";"7";"2";"1";"1";"1";"2";"0"
"2121";"29119";"2121";"81";"1";"1";"7";"6";"1";"0";"1";"2";"0"
"2122";"29121";"2122";"52";"1";"3";"2";"7";"0";"1";"1";"1";"0"
"2123";"29121";"2123";"23";"1";"1";"7";"4";"0";"1";"1";"1";"0"
"2124";"29122";"2124";"65";"1";"3";"2";"6";"0";"1";"2";"1";"0"
"2125";"29122";"2125";"25";"3";"1";"7";"6";"0";"1";"1";"1";"0"
"2126";"29122";"2126";"21";"1";"3";"2";"6";"1";"0";"0";"2";"0"
"2127";"29122";"2127";"52";"3";"3";"1";"6";"2";"1";"1";"2";"0"
"2128";"29122";"2128";"52";"3";"4";"3";"6";"0";"3";"2";"1";"0"
"2129";"29123";"2129";"52";"1";"2";"1";"0";"0";"1";"0";"1";"0"
"2130";"29124";"2130";"52";"1";"1";"7";"0";"0";"1";"0";"1";"0"
"2131";"29126";"2131";"21";"1";"1";"7";"6";"1";"0";"1";"2";"0"
"2132";"29126";"2132";"23";"1";"1";"7";"4";"0";"1";"2";"1";"0"
"2133";"29127";"2133";"51";"1";"1";"7";"6";"0";"1";"1";"1";"0"
"2134";"29128";"2134";"52";"3";"1";"7";"0";"0";"2";"0";"3";"0"
"2135";"29128";"2135";"51";"1";"1";"7";"6";"0";"1";"0";"1";"0"
"2136";"29137";"2136";"36";"1";"1";"7";"6";"1";"0";"1";"2";"0"
"2137";"29144";"2137";"72";"1";"1";"7";"6";"0";"1";"1";"1";"0"
"2138";"29145";"2138";"51";"1";"1";"7";"3";"0";"1";"1";"1";"0"
"2139";"29146";"2139";"21";"3";"1";"7";"6";"0";"1";"1";"1";"0"
"2140";"29148";"2140";"25";"3";"1";"7";"0";"0";"1";"0";"1";"0"
"2141";"29148";"2141";"72";"3";"3";"1";"6";"0";"1";"1";"1";"0"
"2142";"29148";"2142";"51";"1";"3";"1";"6";"2";"2";"0";"2";"0"
"2143";"29152";"2143";"52";"1";"3";"2";"0";"1";"0";"0";"2";"0"
"2144";"29152";"2144";"51";"3";"1";"2";"6";"0";"1";"2";"1";"0"
"2145";"29152";"2145";"21";"1";"1";"7";"6";"0";"2";"1";"1";"0"
"2146";"29152";"2146";"51";"1";"3";"1";"3";"1";"0";"1";"2";"0"
"2147";"29152";"2147";"71";"3";"2";"1";"6";"1";"0";"1";"2";"0"
"2148";"29167";"2148";"64";"1";"1";"7";"4";"1";"0";"1";"2";"0"
"2149";"29167";"2149";"64";"3";"1";"7";"6";"0";"1";"1";"1";"0"
"2150";"29168";"2150";"72";"1";"1";"7";"6";"0";"1";"1";"1";"0"
"2151";"29170";"2151";"26";"1";"1";"7";"2";"1";"0";"1";"2";"0"
"2152";"29171";"2152";"52";"1";"1";"7";"2";"0";"2";"0";"1";"0"