"accident_id";"lieu_id";"date_id";"cause_id";"lum_id";"intemp_id";"etat_surface_id";"impliq_id";"nb_blesses_graves";"nb_blesses_legers";"nb_indemnes";"gravite";"nb_morts"
"2153";"29171";"2153";"51";"1";"1";"7";"6";"0";"1";"1";"1";"0"
"2154";"29171";"2154";"51";"3";"3";"1";"2";"0";"1";"2";"1";"0"
"2155";"29175";"2155";"51";"3";"1";"7";"6";"0";"1";"0";"1";"0"
"2156";"29186";"2156";"72";"1";"1";"7";"6";"0";"1";"1";"1";"0"
"2157";"29195";"2157";"23";"1";"1";"7";"3";"0";"1";"1";"1";"0"
"2158";"29203";"2158";"64";"3";"1";"7";"4";"0";"1";"1";"1";"0"
"2159";"29204";"2159";"71";"1";"1";"7";"6";"0";"1";"1";"1";"0"
"2160";"29204";"2160";"72";"1";"1";"7";"6";"0";"1";"1";"1";"0"
"2161";"29206";"2161";"51";"1";"1";"7";"1";"1";"0";"1";"2";"0"
"2162";"29206";"2162";"27";"1";"1";"7";"9";"0";"1";"0";"1";"0"
"2163";"29206";"2163";"27";"2";"1";"7";"5";"1";"0";"0";"2";"0"
"2164";"29210";"2164";"21";"1";"1";"7";"6";"1";"0";"1";"2";"0"
"2165";"29213";"2165";"81";"3";"1";"7";"6";"0";"2";"1";"1";"0"
"2166";"29214";"2166";"72";"1";"1";"7";"6";"0";"1";"1";"1";"0"
"2167";"29214";"2167";"23";"1";"1";"7";"6";"0";"2";"1";"1";"0"
"2168";"29215";"2168";"25";"1";"1";"7";"6";"1";"0";"0";"2";"0"
"2169";"29215";"2169";"21";"1";"1";"7";"6";"1";"0";"1";"2";"0"
"2170";"29215";"2170";"72";"1";"1";"7";"6";"0";"1";"1";"1";"0"
"2171";"29216";"2171";"26";"3";"3";"2";"2";"0";"2";"1";"1";"0"
"2172";"29216";"2172";"72";"1";"1";"7";"6";"0";"1";"1";"1";"0"
"2173";"29216";"2173";"64";"2";"1";"7";"4";"0";"1";"1";"1";"0"
"2174";"29216";"2174";"72";"1";"1";"7";"6";"0";"1";"1";"1";"0"
"2175";"29216";"2175";"63";"1";"1";"7";"5";"1";"0";"1";"2";"0"
"2176";"29216";"2176";"61";"1";"1";"7";"3";"0";"1";"1";"1";"0"
"2177";"29217";"2177";"36";"1";"1";"7";"3";"0";"1";"1";"1";"0"
"2178";"29218";"2178";"22";"1";"1";"7";"6";"0";"1";"1";"1";"0"
"2179";"29218";"2179";"36";"1";"1";"7";"3";"0";"1";"1";"1";"0"
"2180";"29219";"2180";"71";"1";"1";"7";"6";"0";"1";"1";"1";"0"
"2181";"29220";"2181";"25";"1";"1";"7";"7";"0";"1";"2";"1";"0"
"2182";"29220";"2182";"23";"1";"1";"7";"6";"0";"1";"1";"1";"0"
"2183";"29220";"2183";"71";"1";"1";"7";"6";"1";"0";"1";"2";"0"
"2184";"29220";"2184";"75";"3";"1";"7";"6";"1";"0";"1";"2";"0"
"2185";"29221";"2185";"71";"1";"1";"7";"6";"0";"1";"1";"1";"0"
"2186";"29222";"2186";"21";"1";"1";"7";"3";"1";"0";"1";"2";"0"
"2187";"29223";"2187";"36";"1";"1";"7";"3";"0";"2";"0";"1";"0"
"2188";"29223";"2188";"26";"1";"1";"7";"2";"0";"2";"0";"1";"0"
"2189";"29223";"2189";"26";"3";"1";"7";"2";"0";"1";"1";"1";"0"
"2190";"29223";"2190";"71";"5";"1";"1";"6";"0";"1";"1";"1";"0"
"2191";"29226";"2191";"71";"1";"1";"7";"6";"0";"1";"1";"1";"0"
"2192";"29228";"2192";"22";"1";"3";"2";"6";"1";"0";"1";"2";"0"
"2193";"29228";"2193";"23";"2";"1";"7";"6";"0";"2";"1";"1";"0"
"2194";"29228";"2194";"28";"1";"1";"7";"0";"1";"0";"0";"2";"0"
"2195";"29228";"2195";"64";"1";"1";"7";"4";"0";"1";"1";"1";"0"
"2196";"29228";"2196";"99";"1";"1";"7";"6";"0";"2";"3";"1";"0"
"2197";"29232";"2197";"25";"3";"3";"1";"6";"0";"1";"1";"1";"0"
"2198";"29233";"2198";"27";"1";"1";"7";"4";"0";"1";"0";"1";"0"
"2199";"29238";"2199";"41";"1";"1";"7";"1";"0";"1";"2";"1";"0"
"2200";"29240";"2200";"71";"1";"1";"7";"6";"1";"0";"1";"2";"0"
"2201";"29240";"2201";"71";"3";"1";"7";"6";"0";"1";"1";"1";"0"
"2202";"29240";"2202";"63";"1";"1";"7";"4";"1";"0";"1";"2";"0"
"2203";"29240";"2203";"81";"3";"1";"7";"6";"1";"0";"1";"2";"0"
"2204";"29240";"2204";"72";"1";"1";"7";"6";"0";"1";"1";"1";"0"
"2205";"29241";"2205";"71";"1";"3";"1";"6";"0";"1";"1";"1";"0"
"2206";"29241";"2206";"52";"3";"3";"2";"2";"1";"0";"1";"2";"0"
"2207";"29241";"2207";"26";"1";"1";"7";"2";"1";"0";"1";"2";"0"
"2208";"29241";"2208";"71";"1";"1";"7";"6";"0";"1";"1";"1";"0"
"2209";"29241";"2209";"20";"1";"1";"7";"6";"1";"0";"1";"2";"0"
"2210";"29241";"2210";"71";"3";"1";"7";"6";"0";"1";"1";"1";"0"
"2211";"29241";"2211";"52";"1";"1";"7";"0";"0";"1";"1";"1";"0"
"2212";"29243";"2212";"26";"1";"1";"7";"1";"0";"1";"1";"1";"0"
"2213";"29251";"2213";"72";"1";"1";"7";"6";"0";"1";"1";"1";"0"
"2214";"29251";"2214";"72";"3";"1";"7";"6";"0";"1";"1";"1";"0"
"2215";"29255";"2215";"73";"1";"1";"7";"6";"1";"0";"1";"2";"0"
"2216";"29255";"2216";"18";"3";"1";"7";"6";"1";"0";"1";"2";"0"
"2217";"29255";"2217";"25";"1";"1";"7";"6";"0";"1";"1";"1";"0"
"2218";"29255";"2218";"81";"1";"1";"7";"6";"0";"1";"1";"1";"0"
"2219";"29257";"2219";"76";"3";"1";"7";"6";"1";"0";"1";"2";"0"
"2220";"29257";"2220";"99";"1";"1";"7";"2";"0";"1";"1";"1";"0"
"2221";"29259";"2221";"21";"1";"1";"7";"4";"0";"1";"1";"1";"0"
"2222";"29259";"2222";"82";"3";"1";"7";"6";"0";"1";"1";"1";"0"
"2223";"29262";"2223";"72";"1";"1";"7";"6";"0";"1";"1";"1";"0"
"2224";"29266";"2224";"36";"1";"1";"7";"4";"0";"1";"1";"1";"0"
"2225";"29278";"2225";"72";"1";"2";"2";"6";"0";"1";"1";"1";"0"
"2226";"29284";"2226";"52";"1";"1";"7";"0";"0";"1";"0";"1";"0"
"2227";"29285";"2227";"72";"1";"1";"7";"6";"1";"0";"1";"2";"0"
"2228";"29286";"2228";"41";"1";"1";"7";"6";"0";"1";"1";"1";"0"
"2229";"29287";"2229";"52";"1";"1";"7";"0";"0";"1";"0";"1";"0"
"2230";"29300";"2230";"72";"1";"1";"7";"6";"0";"1";"1";"1";"0"
"2231";"29300";"2231";"71";"3";"1";"7";"6";"0";"1";"1";"1";"0"
"2232";"29320";"2232";"71";"2";"3";"2";"6";"0";"1";"1";"1";"0"
"2233";"29331";"2233";"72";"1";"1";"7";"6";"1";"0";"1";"2";"0"
"2234";"29354";"2234";"21";"1";"1";"7";"6";"0";"2";"0";"1";"0"
"2235";"29368";"2235";"62";"1";"1";"7";"1";"0";"1";"1";"1";"0"
"2236";"29383";"2236";"71";"1";"7";"7";"6";"1";"0";"1";"2";"0"
"2237";"29391";"2237";"67";"2";"1";"7";"3";"0";"1";"1";"1";"0"
"2238";"29392";"2238";"26";"3";"1";"7";"2";"0";"1";"1";"1";"0"
"2239";"29392";"2239";"71";"1";"3";"1";"6";"0";"1";"1";"1";"0"
"2240";"29399";"2240";"64";"1";"1";"7";"3";"0";"1";"1";"1";"0"
"2241";"29449";"2241";"25";"4";"1";"7";"0";"1";"0";"0";"3";"0"
"2242";"29452";"2242";"52";"2";"1";"2";"0";"0";"1";"0";"1";"0"
"2243";"29455";"2243";"51";"1";"1";"7";"0";"1";"0";"0";"2";"0"
"2244";"29455";"2244";"52";"1";"4";"4";"6";"0";"1";"0";"1";"0"
"2245";"29455";"2245";"52";"1";"1";"1";"6";"0";"1";"1";"1";"0"
"2246";"29459";"2246";"25";"1";"1";"7";"6";"1";"0";"0";"2";"0"
"2247";"29462";"2247";"72";"3";"1";"7";"6";"0";"1";"1";"1";"0"
"2248";"29473";"2248";"25";"3";"2";"2";"7";"0";"1";"0";"1";"0"
"2249";"29484";"2249";"21";"1";"1";"1";"6";"0";"1";"1";"1";"0"
"2250";"29490";"2250";"63";"1";"1";"7";"4";"0";"1";"1";"1";"0"
"2251";"29490";"2251";"67";"3";"1";"7";"5";"0";"1";"1";"1";"0"
"2252";"29499";"2252";"20";"1";"1";"7";"6";"0";"1";"1";"1";"0"
"2253";"29499";"2253";"72";"1";"1";"7";"6";"0";"1";"1";"1";"0"
"2254";"29502";"2254";"21";"1";"1";"7";"6";"0";"1";"1";"1";"0"
"2255";"29504";"2255";"51";"1";"1";"7";"6";"1";"0";"2";"2";"0"
"2256";"29508";"2256";"75";"1";"1";"7";"6";"1";"0";"1";"2";"0"
"2257";"29522";"2257";"81";"5";"3";"1";"6";"0";"0";"2";"3";"0"
"2258";"29522";"2258";"52";"1";"3";"1";"0";"0";"1";"0";"1";"0"
"2259";"29522";"2259";"21";"1";"1";"7";"7";"0";"1";"1";"1";"0"
"2260";"29522";"2260";"52";"5";"1";"7";"0";"0";"1";"0";"1";"0"
"2261";"29522";"2261";"53";"1";"7";"1";"6";"0";"1";"2";"1";"0"
"2262";"29522";"2262";"23";"5";"1";"7";"6";"0";"1";"1";"1";"0"
"2263";"29523";"2263";"36";"1";"1";"7";"6";"5";"1";"0";"2";"0"
"2264";"29523";"2264";"52";"2";"6";"7";"0";"1";"0";"0";"2";"0"
"2265";"29523";"2265";"51";"5";"3";"2";"6";"1";"2";"2";"2";"0"
"2266";"29523";"2266";"36";"1";"1";"7";"6";"0";"1";"1";"1";"0"
"2267";"29523";"2267";"36";"1";"1";"7";"6";"1";"0";"2";"2";"0"
"2268";"29523";"2268";"21";"1";"2";"1";"6";"1";"1";"0";"2";"0"
"2269";"29523";"2269";"51";"5";"1";"7";"0";"0";"2";"0";"1";"0"
"2270";"29523";"2270";"51";"3";"1";"1";"0";"0";"1";"0";"1";"0"
"2271";"29523";"2271";"52";"1";"1";"7";"5";"2";"0";"0";"2";"0"
"2272";"29523";"2272";"27";"5";"1";"7";"9";"0";"2";"0";"1";"0"
"2273";"29523";"2273";"52";"5";"3";"1";"6";"0";"1";"0";"1";"0"
"2274";"29523";"2274";"52";"1";"1";"7";"0";"0";"1";"0";"1";"0"
"2275";"29523";"2275";"52";"1";"1";"7";"0";"0";"1";"0";"1";"0"
"2276";"29526";"2276";"41";"5";"1";"7";"0";"2";"0";"0";"3";"0"
"2277";"29526";"2277";"52";"1";"1";"7";"0";"1";"0";"0";"2";"0"
"2278";"29526";"2278";"52";"3";"1";"7";"6";"0";"4";"0";"1";"0"
"2279";"29526";"2279";"51";"1";"1";"7";"6";"0";"2";"0";"1";"0"
"2280";"29543";"2280";"52";"1";"6";"3";"2";"1";"0";"2";"2";"0"
"2281";"29543";"2281";"64";"1";"1";"7";"7";"0";"1";"1";"1";"0"
"2282";"29577";"2282";"51";"1";"1";"7";"6";"0";"2";"1";"1";"0"
"2283";"29577";"2283";"63";"1";"1";"7";"5";"0";"1";"1";"1";"0"
"2284";"29607";"2284";"21";"3";"1";"7";"4";"0";"1";"1";"1";"0"
"2285";"29626";"2285";"51";"1";"2";"2";"7";"1";"0";"1";"2";"0"
"2286";"29626";"2286";"11";"5";"2";"1";"6";"0";"1";"1";"1";"0"
"2287";"29691";"2287";"52";"1";"1";"4";"0";"0";"1";"0";"1";"0"
"2288";"29703";"2288";"72";"1";"1";"7";"6";"1";"0";"1";"2";"0"
"2289";"29703";"2289";"51";"2";"6";"1";"6";"0";"1";"1";"1";"0"
"2290";"29704";"2290";"41";"1";"1";"7";"0";"0";"1";"0";"1";"0"
"2291";"29735";"2291";"51";"1";"1";"7";"6";"0";"1";"4";"1";"0"
"2292";"29736";"2292";"52";"1";"1";"7";"8";"0";"0";"1";"3";"0"
"2293";"29736";"2293";"72";"3";"1";"7";"6";"1";"0";"1";"2";"0"
"2294";"29782";"2294";"72";"1";"1";"7";"6";"0";"1";"1";"1";"0"
"2295";"29783";"2295";"67";"3";"1";"1";"6";"0";"1";"1";"1";"0"
"2296";"29783";"2296";"72";"1";"1";"7";"6";"1";"0";"1";"2";"0"
"2297";"29783";"2297";"72";"1";"1";"7";"6";"0";"1";"1";"1";"0"
"2298";"29796";"2298";"51";"1";"1";"7";"6";"0";"1";"1";"1";"0"
"2299";"29799";"2299";"52";"1";"1";"7";"7";"0";"2";"1";"3";"2"
"2300";"29802";"2300";"52";"1";"1";"7";"0";"2";"3";"0";"2";"0"
"2301";"29812";"2301";"52";"1";"1";"7";"0";"1";"0";"0";"2";"0"
"2302";"29812";"2302";"72";"1";"1";"7";"3";"1";"1";"0";"2";"0"
"2303";"29813";"2303";"71";"1";"1";"7";"6";"0";"1";"1";"1";"0"
"2304";"29813";"2304";"72";"1";"1";"7";"6";"0";"1";"1";"1";"0"
"2305";"29823";"2305";"41";"1";"1";"7";"1";"0";"1";"1";"1";"0"
"2306";"29828";"2306";"21";"1";"3";"2";"6";"0";"1";"1";"1";"0"
"2307";"29854";"2307";"25";"3";"1";"7";"6";"0";"1";"0";"1";"0"
"2308";"30347";"2308";"81";"3";"1";"7";"0";"0";"2";"0";"1";"0"
"2309";"30353";"2309";"81";"5";"1";"7";"0";"0";"2";"1";"1";"0"
"2310";"30362";"1085";"64";"1";"1";"7";"6";"0";"0";"1";"3";"0"
"2311";"30441";"2311";"52";"3";"1";"7";"0";"0";"1";"4";"1";"0"
"2312";"30468";"2312";"52";"3";"1";"7";"0";"0";"0";"0";"3";"0"
"2313";"31025";"2313";"52";"1";"4";"3";"6";"1";"1";"0";"2";"0"
"2314";"31027";"2314";"73";"1";"1";"7";"6";"1";"0";"1";"2";"0"
"2315";"31042";"2315";"21";"1";"1";"7";"6";"1";"2";"4";"2";"0"
"2316";"31043";"2316";"64";"1";"1";"7";"6";"1";"0";"1";"2";"0"
"2317";"31049";"2317";"99";"3";"3";"1";"4";"0";"1";"1";"1";"0"
"2318";"31055";"2318";"72";"1";"1";"2";"6";"0";"1";"1";"1";"0"
"2319";"31062";"737";"67";"1";"3";"1";"4";"0";"0";"1";"3";"0"
"2320";"31063";"2320";"63";"1";"1";"7";"6";"0";"1";"1";"1";"0"
"2321";"31078";"2321";"36";"1";"1";"7";"6";"1";"2";"0";"2";"0"
"2322";"31101";"2322";"67";"3";"6";"7";"6";"0";"3";"0";"1";"0"
"2323";"31149";"2323";"18";"1";"1";"7";"6";"1";"0";"1";"2";"0"
"2324";"31150";"2324";"71";"1";"1";"7";"7";"1";"0";"1";"2";"0"
"2325";"31157";"2325";"23";"1";"1";"7";"5";"0";"1";"1";"1";"0"
"2326";"31157";"2326";"64";"1";"1";"7";"5";"1";"0";"1";"2";"0"
"2327";"31745";"2327";"81";"3";"1";"7";"9";"0";"0";"1";"3";"0"
"2328";"31764";"2328";"74";"1";"1";"7";"3";"0";"2";"0";"1";"0"
"2329";"31768";"2329";"67";"1";"1";"7";"5";"0";"1";"1";"1";"0"
"2330";"31769";"2330";"35";"1";"1";"7";"4";"0";"1";"1";"1";"0"
"2331";"31769";"2331";"72";"3";"1";"2";"6";"1";"0";"1";"2";"0"
"2332";"31778";"2332";"72";"1";"1";"7";"6";"0";"1";"1";"1";"0"
"2333";"31800";"2333";"72";"1";"1";"7";"4";"0";"1";"1";"1";"0"
"2334";"31807";"2334";"36";"1";"1";"7";"4";"0";"1";"0";"1";"0"
"2335";"31808";"2335";"73";"1";"1";"7";"2";"1";"1";"1";"2";"0"
"2336";"31809";"2336";"81";"5";"1";"1";"0";"0";"1";"0";"1";"0"
"2337";"31809";"2337";"52";"5";"1";"7";"0";"1";"0";"0";"2";"0"
"2338";"31809";"2338";"81";"1";"3";"1";"0";"1";"0";"0";"2";"0"
"2339";"31809";"2339";"52";"5";"1";"7";"0";"1";"0";"0";"2";"0"
"2340";"31809";"2340";"52";"5";"1";"7";"0";"0";"0";"3";"3";"2"
"2341";"31812";"2341";"61";"1";"1";"7";"3";"1";"0";"1";"2";"0"
"2342";"31867";"2342";"81";"3";"1";"7";"0";"0";"1";"1";"1";"0"
"2343";"31867";"2343";"51";"2";"4";"4";"3";"0";"1";"1";"1";"0"
"2344";"31867";"2344";"63";"1";"1";"7";"3";"0";"1";"1";"1";"0"
"2345";"31873";"2345";"64";"3";"3";"1";"6";"1";"0";"1";"2";"0"
"2346";"31875";"2346";"72";"3";"1";"7";"6";"1";"0";"1";"2";"0"
"2347";"31877";"2347";"52";"1";"1";"7";"0";"1";"0";"0";"2";"0"
"2348";"31877";"2348";"21";"5";"1";"7";"6";"2";"0";"0";"2";"0"
"2349";"31877";"2349";"86";"1";"1";"7";"3";"0";"1";"1";"1";"0"
"2350";"31877";"2350";"52";"2";"3";"1";"6";"1";"0";"1";"2";"0"
"2351";"31877";"2351";"52";"5";"1";"7";"0";"0";"0";"0";"3";"0"
"2352";"31918";"2352";"72";"1";"3";"2";"6";"0";"1";"2";"1";"0"
"2353";"31926";"2353";"26";"1";"1";"7";"1";"0";"1";"2";"1";"0"
"2354";"31926";"2354";"63";"1";"1";"7";"1";"0";"0";"1";"3";"0"
"2355";"31927";"2355";"72";"1";"1";"7";"6";"0";"1";"1";"1";"0"
"2356";"31933";"2356";"81";"1";"1";"7";"6";"1";"0";"1";"2";"0"
"2357";"31933";"2357";"72";"1";"1";"7";"6";"1";"0";"1";"2";"0"
"2358";"31937";"2358";"51";"1";"1";"7";"3";"1";"0";"1";"2";"0"
"2359";"31939";"2359";"72";"1";"1";"7";"6";"0";"0";"1";"3";"0"
"2360";"31939";"2360";"81";"3";"1";"7";"0";"1";"0";"0";"2";"0"
"2361";"31941";"2361";"72";"5";"1";"7";"6";"0";"1";"1";"1";"0"
"2362";"31941";"2362";"64";"1";"1";"7";"7";"1";"0";"1";"2";"0"
"2363";"31947";"2363";"52";"3";"3";"1";"0";"0";"1";"0";"1";"0"
"2364";"31962";"2364";"21";"1";"1";"7";"6";"0";"4";"2";"1";"0"
"2365";"31968";"2365";"61";"1";"1";"7";"3";"1";"0";"1";"2";"0"
"2366";"31969";"2366";"51";"3";"1";"7";"9";"0";"1";"0";"1";"0"
"2367";"31971";"2367";"27";"1";"1";"7";"9";"1";"0";"1";"2";"0"
"2368";"31977";"2368";"81";"3";"1";"7";"2";"0";"1";"1";"1";"0"
"2369";"31979";"2369";"51";"3";"1";"7";"3";"1";"0";"1";"2";"0"
"2370";"31979";"2370";"16";"3";"1";"1";"6";"2";"0";"2";"2";"0"
"2371";"31979";"2371";"13";"3";"2";"2";"6";"0";"1";"1";"1";"0"
"2372";"31979";"2372";"36";"3";"1";"7";"6";"1";"0";"1";"2";"0"
"2373";"31979";"2373";"35";"1";"1";"7";"4";"0";"1";"1";"1";"0"
"2374";"31980";"2374";"61";"1";"1";"7";"3";"0";"1";"1";"1";"0"
"2375";"32016";"2375";"71";"1";"1";"7";"6";"1";"0";"1";"2";"0"
"2376";"32061";"2376";"52";"1";"1";"7";"0";"1";"2";"0";"2";"0"
"2377";"32061";"2377";"52";"1";"1";"7";"4";"1";"0";"1";"2";"0"
"2378";"32079";"2378";"71";"1";"1";"7";"6";"0";"1";"1";"1";"0"
"2379";"32095";"2379";"72";"3";"1";"7";"6";"1";"0";"1";"2";"0"
"2380";"32099";"2380";"81";"3";"1";"7";"0";"0";"1";"0";"1";"0"
"2381";"32669";"2381";"71";"1";"1";"7";"6";"1";"0";"1";"2";"0"
"2382";"32683";"2382";"52";"1";"3";"1";"6";"1";"0";"1";"2";"0"
"2383";"32709";"2383";"52";"1";"4";"3";"6";"0";"5";"2";"1";"0"
"2384";"32709";"2384";"52";"5";"1";"7";"0";"0";"0";"0";"3";"0"
"2385";"32709";"2385";"52";"5";"2";"1";"7";"0";"0";"1";"3";"0"
"2386";"32709";"2386";"52";"1";"1";"7";"0";"1";"1";"0";"2";"0"
"2387";"32709";"2387";"21";"1";"1";"7";"4";"0";"1";"2";"1";"0"
"2388";"32710";"2388";"82";"3";"1";"7";"7";"0";"1";"1";"1";"0"
"2389";"32710";"2389";"81";"2";"3";"1";"6";"0";"2";"3";"1";"0"
"2390";"32711";"2390";"51";"5";"2";"2";"6";"3";"0";"2";"2";"0"
"2391";"32711";"2391";"52";"3";"1";"7";"6";"2";"0";"4";"3";"2"
"2392";"32711";"2392";"51";"1";"3";"2";"7";"0";"2";"1";"1";"0"
"2393";"32711";"2393";"81";"5";"3";"1";"4";"1";"0";"1";"2";"0"
"2394";"32711";"2394";"72";"1";"1";"1";"6";"0";"0";"1";"3";"0"
"2395";"32711";"2395";"42";"1";"6";"7";"5";"0";"1";"1";"1";"0"
"2396";"32711";"2396";"81";"5";"1";"7";"6";"1";"0";"0";"2";"0"
"2397";"32711";"2397";"23";"1";"1";"7";"6";"1";"0";"1";"2";"0"
"2398";"32712";"2398";"21";"2";"1";"7";"6";"1";"3";"3";"2";"0"
"2399";"32712";"2399";"21";"5";"1";"3";"6";"2";"1";"0";"2";"0"
"2400";"32712";"2400";"23";"2";"1";"7";"4";"0";"0";"1";"3";"0"
"2401";"32753";"2401";"81";"5";"3";"1";"0";"1";"0";"0";"2";"0"
"2402";"32754";"2402";"52";"2";"1";"2";"3";"0";"1";"1";"1";"0"
"2403";"32755";"2403";"52";"3";"1";"7";"0";"0";"3";"2";"1";"0"
"2404";"32756";"2404";"71";"1";"1";"7";"6";"1";"0";"1";"2";"0"
"2405";"32757";"2405";"36";"1";"3";"1";"6";"0";"3";"2";"1";"0"
"2406";"32759";"2406";"52";"5";"7";"1";"0";"1";"0";"0";"2";"0"
"2407";"33369";"2407";"61";"1";"1";"7";"4";"0";"1";"1";"1";"0"
"2408";"33370";"2408";"71";"1";"1";"7";"6";"0";"1";"1";"1";"0"
"2409";"33373";"2409";"64";"1";"3";"2";"6";"0";"1";"1";"1";"0"
"2410";"33381";"2410";"32";"1";"1";"7";"6";"0";"1";"1";"1";"0"
"2411";"33395";"2411";"72";"1";"1";"7";"6";"0";"1";"1";"1";"0"
"2412";"33399";"2412";"20";"1";"1";"7";"2";"0";"1";"1";"1";"0"
"2413";"33400";"2413";"52";"1";"1";"7";"7";"1";"0";"1";"2";"0"
"2414";"33400";"2414";"24";"1";"1";"7";"6";"0";"1";"1";"1";"0"
"2415";"33400";"2415";"26";"1";"1";"7";"1";"0";"1";"1";"1";"0"
"2416";"33400";"2416";"67";"3";"1";"7";"5";"0";"1";"1";"1";"0"
"2417";"33402";"2417";"25";"3";"1";"7";"6";"0";"1";"3";"1";"0"
"2418";"33403";"2418";"72";"1";"1";"7";"6";"0";"2";"1";"1";"0"
"2419";"33403";"2419";"61";"1";"1";"7";"4";"0";"1";"2";"1";"0"
"2420";"33405";"2420";"52";"1";"1";"7";"0";"1";"2";"0";"2";"0"
"2421";"33414";"2421";"67";"1";"1";"7";"6";"0";"2";"1";"1";"0"
"2422";"33414";"2422";"52";"1";"1";"1";"6";"0";"1";"3";"1";"0"
"2423";"33416";"2423";"71";"1";"1";"7";"6";"0";"1";"1";"1";"0"
"2424";"33417";"2424";"64";"1";"1";"7";"6";"0";"1";"1";"1";"0"
"2425";"33419";"2425";"71";"1";"3";"2";"6";"0";"1";"1";"1";"0"
"2426";"33419";"2426";"64";"1";"1";"7";"6";"0";"1";"2";"1";"0"
"2427";"33419";"2427";"72";"1";"1";"7";"6";"0";"1";"1";"1";"0"
"2428";"33427";"2428";"71";"1";"1";"7";"6";"0";"1";"1";"1";"0"
"2429";"33441";"2429";"21";"3";"3";"2";"6";"0";"6";"0";"1";"0"
"2430";"33441";"2430";"36";"3";"1";"7";"4";"0";"1";"1";"1";"0"
"2431";"33441";"2431";"81";"3";"1";"7";"6";"0";"1";"1";"1";"0"
"2432";"33441";"2432";"52";"1";"1";"7";"0";"0";"1";"0";"1";"0"
"2433";"33441";"2433";"51";"1";"2";"1";"6";"0";"1";"3";"1";"0"
"2434";"33441";"2434";"52";"3";"1";"4";"0";"1";"1";"0";"2";"0"
"2435";"33441";"2435";"41";"1";"1";"7";"3";"2";"0";"0";"2";"0"
"2436";"33441";"2436";"41";"1";"1";"7";"4";"0";"2";"1";"1";"0"
"2437";"33442";"2437";"41";"3";"1";"7";"4";"0";"2";"0";"1";"0"
"2438";"33443";"2438";"72";"1";"1";"7";"6";"0";"1";"1";"1";"0"
"2439";"33443";"2439";"67";"3";"1";"7";"5";"0";"1";"1";"1";"0"
"2440";"33446";"2440";"81";"3";"3";"1";"6";"0";"1";"2";"1";"0"
"2441";"33448";"2441";"67";"4";"3";"1";"4";"1";"0";"1";"2";"0"
"2442";"33449";"2442";"71";"1";"1";"7";"6";"0";"1";"1";"1";"0"
"2443";"33449";"2443";"71";"1";"3";"2";"6";"0";"1";"1";"1";"0"
"2444";"33450";"2444";"26";"1";"1";"1";"2";"0";"1";"1";"1";"0"
"2445";"33450";"2445";"71";"1";"3";"2";"6";"0";"1";"1";"1";"0"
"2446";"33450";"2446";"67";"1";"1";"7";"4";"0";"1";"1";"1";"0"
"2447";"33450";"2447";"71";"1";"1";"1";"6";"0";"0";"1";"3";"0"
"2448";"33450";"2448";"51";"1";"1";"7";"6";"0";"1";"1";"1";"0"
"2449";"33452";"2449";"72";"3";"1";"7";"6";"1";"0";"1";"2";"0"
"2450";"33452";"2450";"67";"2";"1";"1";"5";"0";"1";"1";"1";"0"
"2451";"33455";"2451";"71";"1";"1";"7";"6";"0";"0";"1";"3";"0"
"2452";"33460";"2452";"81";"1";"1";"7";"6";"0";"1";"1";"1";"0"
"2453";"33460";"2453";"64";"1";"2";"1";"4";"0";"1";"1";"1";"0"
"2454";"33470";"2454";"26";"1";"1";"1";"2";"0";"1";"1";"1";"0"
"2455";"33470";"2455";"26";"1";"1";"7";"2";"0";"1";"1";"1";"0"
"2456";"33470";"2456";"52";"3";"1";"7";"6";"0";"1";"3";"1";"0"
"2457";"33471";"2457";"21";"1";"1";"7";"6";"0";"2";"0";"1";"0"
"2458";"33473";"2458";"52";"1";"3";"1";"6";"0";"2";"1";"1";"0"
"2459";"33477";"2459";"24";"1";"1";"7";"2";"1";"0";"1";"2";"0"
"2460";"33484";"2460";"41";"1";"3";"1";"6";"1";"0";"2";"2";"0"
"2461";"33500";"2461";"63";"1";"1";"7";"6";"0";"1";"1";"1";"0"
"2462";"33500";"2462";"52";"1";"1";"7";"6";"3";"0";"0";"2";"0"
"2463";"33517";"2463";"22";"1";"3";"1";"6";"0";"1";"1";"1";"0"
"2464";"33517";"2464";"67";"2";"1";"7";"4";"0";"1";"1";"1";"0"
"2465";"33518";"2465";"67";"1";"1";"7";"6";"0";"1";"1";"1";"0"
"2466";"33530";"2466";"71";"1";"1";"7";"6";"0";"1";"1";"1";"0"
"2467";"33562";"2467";"51";"1";"1";"7";"3";"0";"1";"1";"1";"0"
"2468";"33564";"2468";"72";"1";"1";"7";"6";"1";"0";"1";"2";"0"
"2469";"33564";"2469";"71";"1";"1";"7";"6";"0";"1";"1";"1";"0"
"2470";"33575";"2470";"71";"1";"1";"7";"4";"1";"1";"0";"2";"0"
"2471";"33577";"2471";"36";"1";"1";"7";"6";"0";"1";"2";"1";"0"
"2472";"33584";"2472";"24";"1";"1";"7";"2";"0";"1";"1";"1";"0"
"2473";"33585";"2473";"72";"3";"1";"7";"6";"0";"1";"1";"1";"0"
"2474";"33585";"2474";"71";"1";"1";"7";"6";"1";"0";"1";"2";"0"
"2475";"33595";"2475";"61";"1";"7";"7";"3";"0";"1";"1";"1";"0"
"2476";"33600";"2476";"61";"1";"1";"7";"3";"0";"1";"1";"1";"0"
"2477";"33602";"2477";"64";"1";"1";"7";"4";"1";"0";"1";"2";"0"
"2478";"33613";"2478";"72";"1";"1";"7";"8";"0";"1";"1";"1";"0"
"2479";"33621";"2479";"72";"1";"1";"7";"6";"0";"1";"1";"1";"0"
"2480";"33626";"2480";"51";"1";"2";"1";"6";"0";"1";"6";"1";"0"
"2481";"33627";"2481";"51";"1";"1";"7";"6";"0";"1";"1";"1";"0"
"2482";"33627";"2482";"51";"1";"1";"7";"6";"0";"2";"0";"1";"0"
"2483";"33628";"2483";"72";"1";"3";"2";"6";"1";"0";"1";"2";"0"
"2484";"33628";"2484";"61";"1";"1";"7";"4";"0";"1";"1";"1";"0"
"2485";"33628";"2485";"41";"3";"1";"1";"6";"0";"1";"1";"1";"0"
"2486";"33628";"2486";"52";"1";"3";"1";"2";"0";"2";"0";"1";"0"