"accident_id";"lieu_id";"date_id";"cause_id";"lum_id";"intemp_id";"etat_surface_id";"impliq_id";"nb_blesses_graves";"nb_blesses_legers";"nb_indemnes";"gravite";"nb_morts"
"3156";"38941";"3156";"72";"1";"1";"7";"6";"0";"1";"1";"1";"0"
"3157";"38941";"3157";"52";"3";"1";"7";"6";"0";"1";"0";"1";"0"
"3158";"38942";"3158";"71";"1";"1";"2";"6";"0";"1";"1";"1";"0"
"3159";"38942";"3159";"72";"3";"1";"7";"6";"0";"1";"1";"1";"0"
"3160";"38945";"3160";"81";"1";"1";"7";"6";"0";"2";"0";"1";"0"
"3161";"38950";"3161";"25";"5";"1";"7";"6";"0";"1";"0";"1";"0"
"3162";"38954";"3162";"72";"1";"1";"7";"8";"0";"1";"1";"1";"0"
"3163";"38955";"3163";"52";"5";"1";"7";"0";"0";"1";"0";"1";"0"
"3164";"38955";"3164";"18";"3";"1";"1";"6";"0";"2";"1";"1";"0"
"3165";"38955";"3165";"23";"2";"1";"7";"4";"0";"1";"1";"1";"0"
"3166";"38959";"3166";"52";"3";"1";"7";"0";"0";"1";"0";"1";"0"
"3167";"38960";"3167";"72";"1";"1";"7";"6";"0";"1";"1";"1";"0"
"3168";"38962";"3168";"72";"1";"1";"7";"6";"1";"0";"1";"2";"0"
"3169";"38963";"3169";"72";"1";"1";"7";"6";"0";"1";"1";"1";"0"
"3170";"38965";"3170";"52";"3";"1";"7";"0";"1";"1";"0";"2";"0"
"3171";"38965";"3171";"71";"1";"1";"7";"6";"0";"1";"1";"1";"0"
"3172";"38966";"3172";"64";"1";"1";"7";"4";"0";"1";"1";"1";"0"
"3173";"38967";"3173";"61";"1";"1";"7";"3";"1";"0";"1";"2";"0"
"3174";"38973";"3174";"41";"2";"1";"7";"6";"1";"0";"1";"2";"0"
"3175";"38976";"3175";"81";"1";"1";"7";"1";"0";"1";"1";"1";"0"
"3176";"38976";"3176";"72";"1";"1";"7";"6";"0";"1";"1";"1";"0"
"3177";"38981";"3177";"72";"1";"1";"7";"6";"0";"1";"1";"1";"0"
"3178";"38984";"3178";"21";"1";"2";"2";"6";"0";"1";"1";"1";"0"
"3179";"38986";"3179";"24";"1";"1";"7";"2";"0";"1";"1";"1";"0"
"3180";"38987";"3180";"74";"3";"1";"7";"8";"1";"0";"1";"2";"0"
"3181";"38987";"3181";"72";"1";"1";"7";"6";"0";"2";"1";"1";"0"
"3182";"38987";"3182";"71";"1";"1";"7";"6";"0";"1";"1";"1";"0"
"3183";"38987";"3183";"71";"1";"1";"7";"8";"0";"1";"1";"1";"0"
"3184";"38987";"3184";"51";"4";"1";"7";"6";"0";"1";"2";"1";"0"
"3185";"38987";"3185";"72";"1";"1";"7";"8";"0";"1";"1";"1";"0"
"3186";"38987";"3186";"72";"1";"1";"7";"6";"0";"1";"1";"1";"0"
"3187";"38988";"3187";"67";"1";"1";"7";"5";"0";"1";"1";"1";"0"
"3188";"38993";"3188";"52";"1";"1";"7";"0";"1";"0";"0";"2";"0"
"3189";"38994";"3189";"52";"3";"2";"1";"0";"0";"1";"0";"1";"0"
"3190";"38994";"3190";"64";"1";"1";"7";"1";"1";"0";"1";"2";"0"
"3191";"38994";"3191";"18";"1";"1";"7";"6";"0";"1";"1";"1";"0"
"3192";"38994";"3192";"72";"1";"1";"7";"6";"0";"1";"1";"1";"0"
"3193";"38994";"3193";"72";"1";"1";"7";"4";"0";"1";"2";"1";"0"
"3194";"38994";"3194";"51";"1";"1";"7";"6";"0";"1";"4";"1";"0"
"3195";"38994";"3195";"72";"1";"1";"7";"6";"0";"1";"1";"1";"0"
"3196";"38994";"3196";"52";"1";"2";"2";"6";"0";"2";"3";"1";"0"
"3197";"38997";"3197";"72";"1";"1";"7";"6";"0";"1";"1";"1";"0"
"3198";"38997";"3198";"71";"3";"2";"2";"6";"0";"1";"1";"1";"0"
"3199";"38997";"3199";"71";"4";"1";"7";"6";"1";"0";"1";"2";"0"
"3200";"38997";"3200";"71";"4";"1";"7";"6";"0";"1";"1";"1";"0"
"3201";"38997";"3201";"23";"3";"1";"7";"6";"0";"1";"4";"1";"0"
"3202";"38998";"3202";"72";"1";"1";"7";"6";"0";"1";"1";"1";"0"
"3203";"38998";"3203";"71";"1";"1";"7";"6";"0";"1";"1";"1";"0"
"3204";"38998";"3204";"51";"1";"1";"7";"6";"0";"1";"1";"1";"0"
"3205";"39017";"3205";"24";"1";"1";"7";"2";"0";"1";"1";"1";"0"
"3206";"39018";"3206";"51";"3";"1";"7";"6";"1";"0";"1";"2";"0"
"3207";"39018";"3207";"72";"3";"1";"7";"2";"0";"1";"1";"1";"0"
"3208";"39018";"3208";"71";"1";"1";"7";"4";"0";"2";"0";"1";"0"
"3209";"39018";"3209";"86";"3";"1";"7";"2";"0";"2";"1";"1";"0"
"3210";"39018";"3210";"23";"3";"6";"1";"6";"0";"1";"1";"1";"0"
"3211";"39018";"3211";"51";"1";"1";"7";"6";"0";"1";"1";"1";"0"
"3212";"39018";"3212";"81";"3";"2";"1";"6";"0";"2";"0";"1";"0"
"3213";"39019";"3213";"21";"1";"1";"7";"2";"0";"1";"1";"1";"0"
"3214";"39019";"3214";"71";"2";"3";"2";"6";"1";"0";"1";"2";"0"
"3215";"39020";"3215";"64";"1";"1";"7";"4";"1";"0";"2";"2";"0"
"3216";"39020";"3216";"71";"3";"1";"7";"6";"0";"1";"1";"1";"0"
"3217";"39021";"3217";"64";"3";"3";"2";"6";"0";"4";"1";"1";"0"
"3218";"39022";"3218";"52";"3";"1";"7";"6";"0";"2";"0";"1";"0"
"3219";"39022";"3219";"63";"1";"1";"7";"5";"0";"2";"1";"1";"0"
"3220";"39023";"3220";"51";"3";"1";"7";"6";"0";"1";"1";"1";"0"
"3221";"39023";"3221";"51";"1";"1";"7";"6";"0";"1";"1";"1";"0"
"3222";"39023";"3222";"26";"2";"3";"2";"2";"0";"1";"2";"1";"0"
"3223";"39023";"3223";"23";"1";"1";"7";"5";"1";"0";"1";"2";"0"
"3224";"39027";"3224";"51";"1";"1";"7";"6";"0";"1";"1";"1";"0"
"3225";"39027";"3225";"64";"1";"3";"2";"3";"0";"1";"1";"1";"0"
"3226";"39027";"3226";"72";"3";"2";"2";"6";"1";"1";"1";"2";"0"
"3227";"39027";"3227";"67";"3";"1";"1";"4";"0";"1";"1";"1";"0"
"3228";"39027";"3228";"42";"1";"1";"7";"6";"0";"1";"1";"1";"0"
"3229";"39028";"3229";"11";"1";"1";"2";"6";"0";"1";"1";"1";"0"
"3230";"39030";"3230";"71";"3";"1";"7";"6";"0";"1";"1";"1";"0"
"3231";"39030";"3231";"63";"3";"1";"7";"6";"0";"3";"1";"1";"0"
"3232";"39031";"3232";"72";"1";"1";"7";"6";"1";"0";"1";"2";"0"
"3233";"39031";"3233";"51";"1";"1";"7";"6";"0";"2";"1";"1";"0"
"3234";"39031";"3234";"52";"3";"1";"7";"6";"0";"2";"2";"1";"0"
"3235";"39031";"3235";"51";"1";"2";"1";"6";"0";"2";"2";"1";"0"
"3236";"39031";"3236";"72";"1";"1";"7";"6";"0";"1";"1";"1";"0"
"3237";"39032";"3237";"64";"3";"1";"7";"3";"0";"1";"1";"1";"0"
"3238";"39033";"3238";"71";"1";"1";"7";"5";"0";"1";"1";"1";"0"
"3239";"39033";"3239";"71";"1";"1";"7";"6";"0";"1";"1";"1";"0"
"3240";"39033";"3240";"81";"3";"1";"7";"6";"0";"1";"0";"1";"0"
"3241";"39034";"3241";"61";"1";"1";"7";"3";"0";"1";"1";"1";"0"
"3242";"39035";"3242";"71";"5";"1";"7";"6";"0";"1";"1";"1";"0"
"3243";"39035";"3243";"71";"1";"1";"7";"6";"0";"1";"1";"1";"0"
"3244";"39035";"3244";"71";"1";"3";"1";"6";"1";"0";"1";"2";"0"
"3245";"39037";"3245";"74";"3";"1";"7";"5";"0";"2";"0";"3";"0"
"3246";"39037";"3246";"52";"3";"1";"7";"0";"0";"1";"0";"1";"0"
"3247";"39037";"3247";"81";"3";"1";"7";"0";"0";"1";"0";"1";"0"
"3248";"39047";"3248";"72";"3";"1";"7";"6";"1";"0";"1";"2";"0"
"3249";"39047";"3249";"21";"3";"2";"2";"7";"1";"0";"1";"2";"0"
"3250";"39047";"3250";"99";"1";"1";"7";"0";"2";"0";"0";"2";"0"
"3251";"39047";"3251";"52";"3";"1";"7";"6";"0";"2";"1";"1";"0"
"3252";"39047";"3252";"52";"3";"3";"2";"6";"0";"3";"0";"1";"0"
"3253";"39047";"3253";"52";"1";"1";"7";"6";"0";"1";"1";"1";"0"
"3254";"39047";"3254";"52";"5";"1";"4";"6";"0";"1";"1";"1";"0"
"3255";"39047";"3255";"81";"3";"1";"7";"3";"0";"0";"1";"3";"0"
"3256";"39047";"3256";"67";"5";"6";"1";"4";"0";"1";"1";"1";"0"
"3257";"39047";"3257";"21";"3";"3";"1";"6";"0";"4";"0";"1";"0"
"3258";"39047";"3258";"67";"1";"1";"7";"4";"0";"1";"1";"1";"0"
"3259";"39047";"3259";"52";"1";"1";"2";"6";"0";"1";"1";"1";"0"
"3260";"39047";"3260";"81";"3";"1";"7";"0";"0";"1";"0";"1";"0"
"3261";"39047";"3261";"36";"1";"1";"7";"8";"0";"1";"2";"1";"0"
"3262";"39048";"3262";"72";"1";"2";"2";"6";"0";"1";"4";"1";"0"
"3263";"39048";"3263";"81";"1";"1";"7";"2";"0";"1";"1";"1";"0"
"3264";"39049";"3264";"71";"1";"1";"7";"4";"0";"1";"1";"1";"0"
"3265";"39049";"3265";"21";"3";"1";"7";"4";"0";"1";"1";"1";"0"
"3266";"39049";"3266";"71";"3";"1";"7";"6";"0";"1";"1";"1";"0"
"3267";"39049";"3267";"71";"3";"1";"7";"4";"0";"1";"1";"1";"0"
"3268";"39049";"3268";"71";"1";"3";"1";"6";"0";"1";"1";"1";"0"
"3269";"39049";"3269";"61";"1";"1";"7";"3";"0";"1";"2";"1";"0"
"3270";"39052";"3270";"64";"3";"1";"7";"6";"0";"1";"1";"1";"0"
"3271";"39054";"3271";"71";"1";"1";"7";"6";"0";"1";"1";"1";"0"
"3272";"39054";"3272";"63";"1";"1";"7";"6";"0";"3";"0";"1";"0"
"3273";"39055";"3273";"32";"1";"1";"7";"6";"0";"1";"1";"1";"0"
"3274";"39056";"3274";"71";"1";"1";"7";"6";"0";"1";"1";"1";"0"
"3275";"39056";"3275";"71";"2";"1";"7";"5";"0";"2";"0";"1";"0"
"3276";"39056";"3276";"71";"1";"1";"7";"4";"0";"2";"0";"1";"0"
"3277";"39057";"3277";"71";"1";"3";"1";"6";"1";"0";"1";"2";"0"
"3278";"39058";"3278";"51";"1";"1";"7";"6";"0";"1";"1";"1";"0"
"3279";"39058";"3279";"71";"3";"1";"7";"6";"0";"1";"1";"1";"0"
"3280";"39059";"3280";"65";"3";"1";"7";"6";"0";"1";"1";"1";"0"
"3281";"39059";"3281";"72";"1";"1";"7";"6";"0";"1";"1";"1";"0"
"3282";"39059";"3282";"72";"1";"1";"7";"6";"0";"1";"1";"1";"0"
"3283";"39059";"3283";"71";"1";"1";"1";"6";"0";"1";"1";"1";"0"
"3284";"39059";"3284";"51";"3";"1";"7";"6";"0";"2";"1";"1";"0"
"3285";"39060";"3285";"23";"3";"1";"7";"6";"0";"1";"1";"1";"0"
"3286";"39060";"3286";"63";"1";"1";"7";"6";"0";"2";"0";"1";"0"
"3287";"39060";"3287";"67";"3";"3";"1";"5";"0";"1";"1";"1";"0"
"3288";"39060";"3288";"71";"1";"1";"7";"6";"1";"0";"1";"2";"0"
"3289";"39086";"3289";"72";"1";"1";"7";"6";"0";"1";"1";"1";"0"
"3290";"39097";"3290";"64";"1";"1";"7";"4";"0";"2";"0";"1";"0"
"3291";"39099";"3291";"72";"1";"1";"7";"6";"0";"1";"1";"1";"0"
"3292";"39099";"3292";"71";"1";"1";"7";"4";"1";"0";"1";"2";"0"
"3293";"39099";"3293";"61";"1";"1";"7";"4";"1";"0";"1";"2";"0"
"3294";"39099";"3294";"71";"4";"6";"1";"6";"0";"1";"1";"1";"0"
"3295";"39101";"3295";"72";"1";"1";"7";"6";"0";"1";"1";"1";"0"
"3296";"39103";"3296";"24";"1";"1";"7";"2";"0";"1";"1";"1";"0"
"3297";"39109";"3297";"64";"1";"1";"7";"6";"0";"1";"1";"1";"0"
"3298";"39113";"3298";"71";"1";"1";"7";"6";"1";"0";"1";"2";"0"
"3299";"39113";"3299";"21";"5";"1";"7";"6";"0";"1";"1";"1";"0"
"3300";"39114";"3300";"24";"1";"1";"7";"2";"0";"1";"1";"1";"0"
"3301";"39116";"3301";"75";"3";"1";"7";"6";"0";"1";"1";"1";"0"
"3302";"39117";"3302";"21";"5";"1";"7";"6";"0";"1";"1";"1";"0"
"3303";"39118";"3303";"61";"1";"1";"7";"3";"0";"1";"1";"1";"0"
"3304";"39127";"3304";"51";"1";"1";"7";"6";"0";"3";"0";"1";"0"
"3305";"39128";"3305";"52";"1";"1";"7";"6";"0";"1";"1";"1";"0"
"3306";"39133";"3306";"72";"1";"1";"7";"6";"0";"1";"1";"1";"0"
"3307";"39134";"3307";"72";"1";"1";"7";"6";"0";"1";"1";"1";"0"
"3308";"39136";"3308";"72";"1";"3";"2";"6";"0";"1";"1";"1";"0"
"3309";"39136";"3309";"21";"3";"3";"2";"6";"0";"1";"1";"1";"0"
"3310";"39136";"3310";"72";"1";"1";"7";"4";"1";"0";"1";"2";"0"
"3311";"39136";"3311";"25";"5";"3";"1";"7";"1";"1";"1";"2";"0"
"3312";"39139";"3312";"72";"2";"1";"7";"6";"1";"0";"1";"2";"0"
"3313";"39141";"3313";"26";"1";"1";"7";"1";"0";"1";"1";"1";"0"
"3314";"39148";"3314";"51";"3";"1";"7";"6";"0";"2";"0";"1";"0"
"3315";"39148";"3315";"51";"3";"3";"2";"6";"0";"2";"1";"1";"0"
"3316";"39151";"3316";"81";"3";"1";"7";"2";"0";"2";"0";"3";"0"
"3317";"39152";"3317";"53";"1";"3";"2";"2";"0";"1";"1";"1";"0"
"3318";"39162";"3318";"71";"1";"1";"7";"6";"1";"0";"1";"2";"0"
"3319";"39177";"3319";"71";"1";"1";"7";"6";"0";"1";"1";"1";"0"
"3320";"39185";"3320";"81";"5";"1";"7";"0";"0";"1";"1";"1";"0"
"3321";"39185";"3321";"52";"3";"1";"7";"4";"0";"1";"1";"1";"0"
"3322";"39185";"3322";"52";"1";"1";"7";"0";"0";"1";"0";"1";"0"
"3323";"39185";"3323";"52";"1";"1";"7";"6";"0";"1";"1";"1";"0"
"3324";"39185";"3324";"52";"1";"1";"7";"0";"0";"1";"0";"1";"0"
"3325";"39185";"3325";"52";"1";"1";"1";"0";"0";"1";"0";"3";"0"
"3326";"39185";"3326";"52";"2";"3";"1";"0";"0";"1";"0";"1";"0"
"3327";"39187";"3327";"72";"1";"1";"7";"4";"0";"2";"1";"1";"0"
"3328";"39188";"3328";"71";"3";"3";"2";"6";"0";"1";"1";"1";"0"
"3329";"39188";"3329";"71";"1";"1";"7";"8";"0";"1";"1";"1";"0"
"3330";"39190";"3330";"71";"5";"1";"7";"6";"0";"1";"1";"1";"0"
"3331";"39191";"3331";"81";"3";"1";"7";"6";"0";"1";"1";"1";"0"
"3332";"39191";"3332";"71";"1";"3";"1";"6";"1";"0";"1";"2";"0"
"3333";"39200";"3333";"52";"3";"1";"7";"6";"0";"1";"2";"1";"0"
"3334";"39201";"3334";"72";"3";"1";"7";"6";"0";"1";"1";"1";"0"
"3335";"39201";"3335";"72";"1";"2";"1";"6";"0";"1";"1";"1";"0"
"3336";"39205";"3336";"72";"1";"1";"7";"6";"1";"0";"1";"2";"0"
"3337";"39205";"3337";"36";"1";"1";"7";"3";"0";"1";"1";"1";"0"
"3338";"39205";"3338";"72";"1";"1";"7";"6";"1";"0";"1";"2";"0"
"3339";"39205";"3339";"16";"1";"1";"7";"5";"0";"1";"1";"1";"0"
"3340";"39205";"3340";"71";"1";"1";"2";"6";"0";"1";"1";"1";"0"
"3341";"39206";"3341";"71";"1";"1";"7";"5";"0";"1";"1";"1";"0"
"3342";"39206";"3342";"51";"1";"1";"7";"6";"1";"0";"1";"2";"0"
"3343";"39206";"3343";"18";"1";"1";"7";"4";"0";"1";"1";"1";"0"
"3344";"39223";"3344";"71";"1";"1";"7";"6";"0";"1";"1";"1";"0"
"3345";"39256";"3345";"72";"1";"1";"7";"6";"0";"1";"1";"1";"0"
"3346";"39264";"3346";"72";"1";"1";"7";"6";"0";"1";"1";"1";"0"
"3347";"39264";"3347";"72";"1";"1";"7";"6";"1";"0";"1";"2";"0"
"3348";"39266";"3348";"71";"2";"3";"2";"6";"0";"1";"1";"1";"0"
"3349";"39267";"3349";"72";"1";"3";"2";"6";"0";"1";"1";"1";"0"
"3350";"39274";"3350";"64";"1";"1";"7";"5";"0";"1";"1";"1";"0"
"3351";"39284";"3351";"25";"3";"1";"7";"0";"0";"1";"0";"1";"0"
"3352";"39286";"3352";"71";"1";"1";"7";"6";"0";"1";"1";"1";"0"
"3353";"39292";"3353";"72";"4";"1";"7";"5";"0";"2";"0";"1";"0"
"3354";"39292";"3354";"71";"1";"1";"7";"4";"0";"1";"1";"1";"0"
"3355";"39293";"3355";"52";"3";"1";"7";"0";"0";"1";"0";"1";"0"
"3356";"39294";"3356";"72";"1";"1";"7";"6";"0";"1";"1";"1";"0"
"3357";"39294";"3357";"41";"1";"1";"7";"2";"0";"1";"1";"1";"0"
"3358";"39295";"3358";"52";"5";"1";"1";"0";"0";"2";"0";"1";"0"
"3359";"39296";"3359";"81";"3";"2";"1";"0";"0";"2";"0";"1";"0"
"3360";"39298";"3360";"51";"3";"1";"7";"5";"0";"1";"1";"1";"0"
"3361";"39301";"3361";"64";"1";"1";"7";"6";"0";"1";"2";"1";"0"
"3362";"39301";"3362";"71";"1";"1";"7";"6";"0";"1";"1";"1";"0"
"3363";"39310";"3363";"71";"4";"1";"7";"6";"0";"1";"1";"1";"0"
"3364";"39310";"3364";"64";"1";"7";"7";"6";"0";"2";"0";"1";"0"
"3365";"39312";"3365";"72";"1";"1";"2";"4";"0";"1";"1";"1";"0"
"3366";"39312";"3366";"64";"1";"1";"7";"4";"0";"1";"1";"1";"0"
"3367";"39312";"3367";"72";"1";"1";"7";"5";"0";"1";"1";"1";"0"
"3368";"39312";"3368";"20";"1";"1";"7";"7";"0";"1";"1";"1";"0"
"3369";"39328";"3369";"72";"1";"1";"7";"6";"1";"0";"1";"2";"0"
"3370";"39332";"3370";"76";"3";"1";"7";"4";"0";"1";"1";"1";"0"
"3371";"39332";"3371";"63";"2";"1";"1";"5";"0";"1";"1";"1";"0"
"3372";"39332";"3372";"52";"1";"1";"7";"0";"0";"1";"0";"1";"0"
"3373";"39338";"3373";"71";"1";"1";"7";"6";"1";"0";"1";"2";"0"
"3374";"39343";"3374";"52";"1";"1";"7";"0";"0";"1";"0";"1";"0"
"3375";"39343";"3375";"52";"1";"1";"4";"6";"0";"1";"1";"1";"0"
"3376";"39343";"3376";"23";"3";"1";"7";"6";"0";"1";"1";"1";"0"
"3377";"39343";"3377";"52";"1";"1";"4";"0";"0";"1";"0";"3";"0"
"3378";"39343";"3378";"74";"1";"3";"1";"6";"0";"1";"1";"1";"0"
"3379";"39343";"3379";"52";"3";"1";"6";"0";"0";"1";"0";"3";"0"
"3380";"39347";"3380";"64";"1";"1";"7";"6";"0";"1";"1";"1";"0"
"3381";"39356";"3381";"53";"1";"1";"7";"2";"0";"1";"1";"1";"0"
"3382";"39356";"3382";"72";"1";"1";"7";"6";"1";"0";"1";"2";"0"
"3383";"39362";"3383";"72";"1";"1";"7";"6";"0";"1";"1";"1";"0"
"3384";"39363";"3384";"72";"1";"1";"7";"6";"1";"0";"1";"2";"0"
"3385";"39365";"3385";"52";"1";"1";"7";"6";"0";"1";"1";"1";"0"
"3386";"39370";"3386";"63";"1";"1";"7";"4";"0";"1";"1";"1";"0"
"3387";"39384";"3387";"72";"1";"1";"7";"6";"0";"1";"1";"1";"0"
"3388";"39384";"3388";"71";"3";"1";"7";"6";"0";"1";"1";"1";"0"
"3389";"39385";"3389";"71";"1";"1";"7";"6";"1";"0";"1";"2";"0"
"3390";"39389";"3390";"61";"1";"3";"1";"4";"0";"1";"1";"1";"0"
"3391";"39389";"3391";"71";"1";"1";"7";"6";"0";"1";"1";"1";"0"
"3392";"39389";"3392";"61";"3";"1";"7";"4";"0";"1";"1";"1";"0"
"3393";"39390";"3393";"25";"1";"1";"7";"6";"0";"2";"0";"1";"0"
"3394";"39390";"3394";"71";"1";"1";"7";"6";"0";"1";"1";"1";"0"
"3395";"39393";"3395";"81";"1";"1";"7";"2";"0";"2";"1";"1";"0"
"3396";"39396";"3396";"24";"1";"1";"7";"2";"1";"0";"1";"2";"0"
"3397";"39396";"3397";"71";"1";"1";"7";"6";"0";"1";"1";"1";"0"
"3398";"39396";"3398";"72";"1";"1";"5";"7";"0";"1";"1";"1";"0"
"3399";"39399";"3399";"41";"1";"1";"7";"6";"0";"1";"1";"1";"0"
"3400";"39401";"3400";"64";"1";"1";"7";"3";"0";"1";"1";"1";"0"
"3401";"39402";"3401";"72";"1";"1";"7";"6";"0";"1";"1";"1";"0"
"3402";"39402";"3402";"71";"3";"1";"7";"6";"0";"1";"1";"1";"0"
"3403";"39402";"3403";"82";"1";"1";"7";"6";"0";"1";"3";"1";"0"
"3404";"39402";"3404";"61";"1";"1";"7";"3";"0";"1";"1";"1";"0"
"3405";"39403";"3405";"72";"1";"1";"7";"6";"0";"1";"1";"1";"0"
"3406";"39406";"3406";"52";"1";"1";"7";"0";"0";"2";"0";"1";"0"
"3407";"39415";"3407";"61";"2";"7";"7";"6";"0";"1";"1";"1";"0"
"3408";"39416";"3408";"72";"1";"1";"7";"6";"0";"1";"1";"1";"0"
"3409";"39416";"3409";"71";"1";"1";"7";"6";"0";"1";"1";"1";"0"
"3410";"39445";"3410";"81";"3";"3";"1";"6";"0";"1";"0";"1";"0"
"3411";"39446";"3411";"81";"3";"3";"1";"3";"0";"0";"1";"3";"0"
"3412";"39447";"3412";"81";"3";"1";"7";"0";"0";"1";"0";"1";"0"
"3413";"39455";"3413";"71";"1";"1";"7";"6";"1";"0";"1";"2";"0"
"3414";"39458";"3414";"72";"2";"1";"7";"6";"0";"1";"1";"1";"0"
"3415";"39460";"3415";"72";"1";"1";"7";"6";"0";"1";"2";"1";"0"
"3416";"39471";"3416";"72";"2";"1";"2";"6";"0";"1";"1";"1";"0"
"3417";"39471";"3417";"72";"1";"1";"7";"6";"0";"1";"1";"1";"0"
"3418";"39471";"3418";"71";"1";"1";"7";"6";"0";"1";"1";"1";"0"
"3419";"39472";"3419";"71";"1";"1";"7";"6";"0";"1";"1";"1";"0"
"3420";"39476";"3420";"72";"3";"1";"7";"6";"0";"0";"1";"3";"0"
"3421";"39476";"3421";"67";"3";"1";"7";"4";"0";"1";"1";"1";"0"
"3422";"39480";"3422";"52";"1";"1";"4";"7";"1";"1";"1";"2";"0"
"3423";"39480";"3423";"99";"1";"1";"7";"7";"0";"1";"1";"1";"0"
"3424";"39480";"3424";"63";"1";"3";"1";"6";"0";"1";"1";"1";"0"
"3425";"39480";"3425";"51";"5";"3";"1";"6";"0";"2";"3";"1";"0"
"3426";"39480";"3426";"81";"1";"1";"7";"2";"1";"0";"1";"2";"0"
"3427";"39497";"3427";"71";"1";"1";"1";"6";"0";"1";"1";"1";"0"
"3428";"39503";"3428";"64";"1";"1";"7";"6";"0";"1";"1";"1";"0"
"3429";"39504";"3429";"72";"1";"1";"7";"6";"0";"1";"1";"1";"0"
"3430";"39505";"3430";"71";"5";"1";"5";"6";"0";"1";"1";"1";"0"
"3431";"39508";"3431";"52";"3";"1";"7";"6";"0";"2";"0";"1";"0"
"3432";"39508";"3432";"72";"1";"1";"7";"6";"1";"0";"1";"2";"0"
"3433";"39513";"3433";"72";"1";"1";"7";"6";"0";"1";"1";"1";"0"
"3434";"39513";"3434";"72";"3";"1";"7";"6";"0";"1";"1";"1";"0"
"3435";"39513";"3435";"52";"1";"1";"7";"0";"0";"1";"0";"1";"0"
"3436";"39517";"3436";"72";"1";"1";"7";"3";"0";"2";"0";"1";"0"
"3437";"39520";"3437";"24";"1";"1";"7";"2";"0";"1";"1";"1";"0"
"3438";"39521";"3438";"72";"1";"1";"7";"6";"0";"1";"1";"1";"0"
"3439";"39522";"3439";"62";"1";"1";"7";"2";"0";"1";"1";"1";"0"
"3440";"39526";"3440";"72";"1";"1";"7";"6";"0";"1";"1";"1";"0"
"3441";"39527";"3441";"72";"1";"1";"7";"6";"0";"1";"1";"1";"0"
"3442";"39533";"3442";"72";"1";"1";"7";"6";"0";"1";"1";"1";"0"
"3443";"39533";"3443";"52";"3";"1";"7";"0";"4";"0";"0";"2";"0"
"3444";"39533";"3444";"18";"1";"1";"7";"6";"0";"1";"1";"1";"0"
"3445";"39535";"3445";"51";"1";"1";"7";"6";"0";"1";"1";"1";"0"
"3446";"39535";"3446";"51";"1";"1";"7";"6";"0";"1";"2";"1";"0"
"3447";"39535";"3447";"72";"1";"1";"7";"6";"1";"0";"1";"2";"0"
"3448";"39536";"3448";"72";"1";"1";"7";"6";"0";"1";"1";"1";"0"
"3449";"39536";"3449";"24";"3";"3";"2";"6";"0";"1";"1";"1";"0"
"3450";"39536";"3450";"71";"1";"1";"7";"6";"0";"1";"1";"1";"0"
"3451";"39536";"3451";"71";"1";"1";"7";"6";"0";"1";"1";"1";"0"
"3452";"39536";"3452";"71";"1";"1";"7";"6";"0";"1";"1";"1";"0"
"3453";"39536";"3453";"81";"3";"1";"2";"7";"1";"0";"1";"2";"0"
"3454";"39537";"3454";"64";"1";"3";"2";"6";"0";"1";"1";"1";"0"
"3455";"39539";"3455";"63";"1";"1";"7";"6";"0";"1";"1";"1";"0"
"3456";"39546";"3456";"52";"4";"3";"1";"0";"0";"1";"0";"1";"0"
"3457";"39547";"3457";"67";"3";"1";"7";"5";"0";"1";"1";"1";"0"
"3458";"39547";"3458";"71";"1";"1";"7";"4";"0";"1";"1";"1";"0"
"3459";"39548";"3459";"51";"1";"1";"7";"6";"0";"1";"1";"1";"0"
"3460";"39548";"3460";"72";"2";"1";"7";"6";"1";"0";"1";"2";"0"
"3461";"39548";"3461";"81";"3";"1";"7";"6";"0";"1";"2";"1";"0"
"3462";"39548";"3462";"52";"3";"3";"2";"6";"0";"1";"1";"1";"0"
"3463";"39549";"3463";"81";"3";"1";"1";"6";"0";"4";"0";"1";"0"
"3464";"39550";"3464";"52";"1";"3";"1";"6";"0";"1";"1";"1";"0"
"3465";"39550";"3465";"20";"1";"1";"7";"6";"0";"1";"1";"1";"0"
"3466";"39550";"3466";"17";"1";"1";"7";"2";"0";"1";"1";"1";"0"
"3467";"39555";"3467";"71";"1";"1";"7";"6";"1";"0";"1";"2";"0"
"3468";"39556";"3468";"71";"1";"1";"7";"6";"0";"1";"1";"1";"0"
"3469";"39565";"3469";"81";"1";"1";"7";"1";"1";"0";"1";"2";"0"
"3470";"39567";"3470";"25";"3";"1";"2";"0";"0";"1";"1";"1";"0"
"3471";"39567";"3471";"81";"3";"3";"1";"6";"0";"1";"4";"1";"0"
"3472";"39568";"3472";"64";"1";"1";"7";"2";"0";"1";"1";"1";"0"
"3473";"39568";"3473";"81";"1";"1";"7";"2";"0";"2";"2";"1";"0"
"3474";"39572";"3474";"72";"1";"1";"7";"6";"0";"1";"1";"1";"0"
"3475";"39572";"3475";"52";"3";"3";"1";"6";"0";"1";"1";"1";"0"
"3476";"39577";"3476";"81";"3";"1";"7";"6";"0";"2";"0";"1";"0"
"3477";"39578";"3477";"71";"1";"1";"7";"6";"0";"1";"1";"1";"0"
"3478";"39580";"3478";"21";"3";"1";"7";"6";"1";"0";"1";"2";"0"
"3479";"39583";"3479";"72";"2";"3";"1";"6";"0";"1";"1";"1";"0"
"3480";"39583";"3480";"64";"1";"3";"1";"6";"0";"1";"2";"1";"0"
"3481";"39584";"3481";"25";"3";"1";"7";"6";"1";"0";"1";"2";"0"
"3482";"39584";"3482";"72";"1";"2";"2";"6";"0";"1";"1";"1";"0"
"3483";"39584";"3483";"72";"1";"1";"7";"6";"1";"0";"1";"2";"0"
"3484";"39584";"3484";"72";"1";"1";"7";"6";"0";"1";"1";"1";"0"
"3485";"39584";"3485";"71";"4";"1";"1";"4";"0";"1";"1";"1";"0"
"3486";"39585";"3486";"23";"5";"3";"1";"6";"0";"2";"2";"1";"0"
"3487";"39585";"3487";"72";"3";"1";"7";"6";"0";"1";"1";"1";"0"
"3488";"39587";"3488";"71";"1";"1";"7";"6";"0";"1";"1";"1";"0"
"3489";"39587";"3489";"72";"1";"1";"7";"6";"0";"1";"1";"1";"0"
"3490";"39587";"3490";"71";"1";"1";"7";"6";"0";"1";"1";"1";"0"