"accident_id";"lieu_id";"date_id";"cause_id";"lum_id";"intemp_id";"etat_surface_id";"impliq_id";"nb_blesses_graves";"nb_blesses_legers";"nb_indemnes";"gravite";"nb_morts"
"3491";"39589";"3491";"71";"2";"1";"7";"6";"0";"1";"1";"1";"0"
"3492";"39590";"3492";"72";"1";"1";"7";"6";"0";"1";"1";"1";"0"
"3493";"39591";"3493";"72";"1";"1";"7";"6";"0";"1";"1";"1";"0"
"3494";"39591";"3494";"24";"1";"1";"7";"2";"0";"1";"1";"1";"0"
"3495";"39591";"3495";"67";"1";"1";"7";"5";"0";"1";"1";"1";"0"
"3496";"39601";"3496";"20";"1";"1";"7";"2";"0";"1";"1";"1";"0"
"3497";"39608";"3497";"71";"5";"1";"7";"6";"0";"1";"1";"1";"0"
"3498";"39608";"3498";"71";"1";"1";"7";"6";"0";"1";"1";"1";"0"
"3499";"39610";"3499";"21";"1";"1";"7";"2";"0";"1";"1";"1";"0"
"3500";"39610";"3500";"71";"1";"1";"7";"6";"0";"1";"1";"1";"0"
"3501";"39611";"3501";"26";"5";"3";"1";"1";"0";"1";"1";"1";"0"
"3502";"39611";"3502";"26";"2";"2";"1";"2";"0";"1";"1";"1";"0"
"3503";"39614";"3503";"64";"3";"1";"7";"6";"1";"0";"1";"2";"0"
"3504";"39614";"3504";"81";"1";"1";"7";"3";"0";"1";"1";"1";"0"
"3505";"39614";"3505";"71";"2";"1";"7";"6";"0";"1";"1";"1";"0"
"3506";"39614";"3506";"61";"3";"1";"7";"3";"0";"1";"2";"1";"0"
"3507";"39614";"3507";"51";"3";"2";"2";"6";"0";"1";"2";"1";"0"
"3508";"39621";"3508";"72";"1";"1";"7";"6";"0";"1";"1";"1";"0"
"3509";"39621";"3509";"71";"1";"1";"7";"6";"0";"1";"1";"1";"0"
"3510";"39628";"3510";"21";"1";"3";"1";"6";"1";"0";"1";"2";"0"
"3511";"39629";"3511";"20";"1";"1";"7";"2";"0";"1";"1";"1";"0"
"3512";"39629";"3512";"72";"1";"1";"7";"6";"0";"1";"1";"1";"0"
"3513";"39629";"3513";"20";"1";"1";"7";"2";"0";"1";"1";"1";"0"
"3514";"39630";"3514";"72";"1";"1";"7";"6";"0";"1";"1";"1";"0"
"3515";"39633";"3515";"71";"1";"2";"2";"6";"0";"1";"1";"1";"0"
"3516";"39633";"3516";"71";"1";"1";"7";"6";"1";"0";"1";"2";"0"
"3517";"39633";"3517";"61";"1";"1";"7";"3";"0";"1";"1";"1";"0"
"3518";"39633";"3518";"71";"1";"1";"7";"4";"1";"0";"2";"2";"0"
"3519";"39633";"3519";"71";"1";"1";"7";"6";"0";"1";"1";"1";"0"
"3520";"39633";"3520";"63";"1";"1";"7";"4";"0";"1";"1";"1";"0"
"3521";"39633";"3521";"74";"1";"1";"7";"6";"0";"1";"1";"1";"0"
"3522";"39634";"3522";"71";"1";"1";"7";"6";"0";"1";"1";"1";"0"
"3523";"39635";"3523";"71";"1";"1";"7";"6";"0";"1";"1";"1";"0"
"3524";"39635";"3524";"63";"3";"7";"7";"6";"0";"1";"1";"1";"0"
"3525";"39636";"3525";"63";"1";"1";"7";"4";"0";"1";"1";"1";"0"
"3526";"39636";"3526";"74";"3";"3";"2";"6";"0";"1";"1";"1";"0"
"3527";"39636";"3527";"52";"3";"1";"7";"6";"0";"1";"0";"1";"0"
"3528";"39636";"3528";"71";"1";"1";"7";"6";"1";"0";"1";"2";"0"
"3529";"39638";"3529";"61";"3";"1";"7";"3";"0";"1";"1";"1";"0"
"3530";"39639";"3530";"71";"1";"3";"2";"6";"0";"1";"1";"1";"0"
"3531";"39640";"3531";"81";"2";"3";"1";"6";"0";"1";"0";"1";"0"
"3532";"39642";"3532";"72";"1";"1";"7";"6";"0";"1";"1";"1";"0"
"3533";"39643";"3533";"72";"1";"1";"7";"6";"0";"1";"1";"1";"0"
"3534";"39643";"3534";"72";"1";"1";"7";"6";"0";"1";"1";"1";"0"
"3535";"39644";"3535";"61";"1";"1";"7";"3";"0";"1";"1";"1";"0"
"3536";"39644";"3536";"72";"1";"1";"7";"6";"0";"1";"1";"1";"0"
"3537";"39644";"3537";"81";"1";"1";"7";"6";"0";"1";"1";"1";"0"
"3538";"39644";"3538";"72";"1";"1";"7";"3";"0";"1";"1";"1";"0"
"3539";"39648";"3539";"65";"1";"1";"7";"2";"0";"1";"1";"1";"0"
"3540";"39649";"3540";"71";"1";"1";"7";"6";"0";"1";"1";"1";"0"
"3541";"39650";"3541";"51";"2";"1";"7";"6";"0";"1";"0";"1";"0"
"3542";"39653";"3542";"51";"1";"1";"7";"6";"0";"1";"1";"1";"0"
"3543";"39653";"3543";"64";"1";"1";"7";"6";"1";"0";"1";"2";"0"
"3544";"39653";"3544";"71";"3";"1";"7";"6";"0";"1";"1";"1";"0"
"3545";"39653";"3545";"41";"1";"1";"7";"2";"0";"1";"1";"1";"0"
"3546";"39655";"3546";"72";"1";"1";"7";"6";"0";"1";"1";"1";"0"
"3547";"39655";"3547";"26";"1";"1";"7";"1";"0";"1";"1";"1";"0"
"3548";"39658";"3548";"22";"1";"1";"7";"3";"0";"1";"1";"1";"0"
"3549";"39658";"3549";"51";"1";"1";"7";"6";"0";"2";"1";"1";"0"
"3550";"39658";"3550";"72";"3";"1";"7";"6";"1";"0";"1";"2";"0"
"3551";"39658";"3551";"52";"1";"1";"7";"6";"0";"2";"1";"1";"0"
"3552";"39658";"3552";"52";"1";"1";"7";"3";"1";"0";"1";"2";"0"
"3553";"39658";"3553";"52";"3";"1";"7";"6";"0";"1";"0";"1";"0"
"3554";"39658";"3554";"26";"2";"1";"7";"2";"0";"1";"1";"1";"0"
"3555";"39658";"3555";"51";"1";"1";"7";"4";"0";"1";"1";"1";"0"
"3556";"39658";"3556";"26";"2";"1";"2";"2";"0";"1";"1";"1";"0"
"3557";"39658";"3557";"51";"1";"1";"7";"3";"0";"1";"1";"1";"0"
"3558";"39658";"3558";"81";"1";"1";"7";"0";"0";"2";"0";"1";"0"
"3559";"39658";"3559";"22";"1";"1";"7";"6";"0";"1";"1";"1";"0"
"3560";"39658";"3560";"81";"3";"1";"7";"6";"0";"1";"1";"1";"0"
"3561";"39659";"3561";"18";"1";"1";"7";"5";"0";"2";"1";"1";"0"
"3562";"39660";"3562";"82";"1";"1";"7";"6";"0";"1";"0";"1";"0"
"3563";"39661";"3563";"51";"3";"1";"7";"6";"0";"3";"2";"1";"0"
"3564";"39661";"3564";"51";"1";"1";"7";"6";"0";"1";"4";"1";"0"
"3565";"39661";"3565";"41";"3";"3";"1";"4";"0";"1";"0";"3";"0"
"3566";"39661";"3566";"52";"1";"1";"7";"6";"0";"1";"2";"1";"0"
"3567";"39661";"3567";"52";"1";"1";"1";"6";"0";"2";"0";"1";"0"
"3568";"39661";"3568";"51";"1";"1";"7";"6";"0";"1";"1";"1";"0"
"3569";"39661";"3569";"81";"3";"1";"7";"6";"0";"1";"0";"1";"0"
"3570";"39662";"3570";"71";"1";"1";"7";"6";"0";"2";"1";"1";"0"
"3571";"39662";"3571";"52";"2";"1";"7";"0";"0";"1";"0";"1";"0"
"3572";"39662";"3572";"53";"3";"1";"2";"2";"0";"1";"1";"1";"0"
"3573";"39665";"3573";"81";"3";"1";"7";"0";"1";"0";"0";"2";"0"
"3574";"39673";"3574";"41";"1";"1";"7";"6";"0";"1";"1";"1";"0"
"3575";"39676";"3575";"52";"1";"1";"7";"0";"0";"1";"1";"1";"0"
"3576";"39676";"3576";"52";"1";"1";"7";"0";"1";"0";"0";"2";"0"
"3577";"39690";"3577";"71";"1";"1";"7";"6";"0";"1";"1";"1";"0"
"3578";"39692";"3578";"51";"3";"1";"7";"0";"0";"1";"0";"1";"0"
"3579";"39693";"3579";"71";"3";"1";"7";"6";"1";"0";"1";"2";"0"
"3580";"39693";"3580";"51";"1";"1";"7";"6";"0";"1";"1";"1";"0"
"3581";"39694";"3581";"72";"1";"1";"7";"6";"0";"1";"1";"1";"0"
"3582";"39694";"3582";"51";"1";"1";"7";"4";"0";"1";"1";"1";"0"
"3583";"39694";"3583";"71";"3";"1";"7";"6";"1";"1";"1";"2";"0"
"3584";"39694";"3584";"72";"1";"1";"7";"6";"0";"1";"1";"1";"0"
"3585";"39694";"3585";"25";"1";"1";"7";"6";"0";"3";"1";"1";"0"
"3586";"39695";"3586";"71";"1";"3";"2";"6";"1";"0";"1";"2";"0"
"3587";"39695";"3587";"51";"1";"1";"7";"6";"0";"1";"2";"1";"0"
"3588";"39695";"3588";"26";"1";"1";"7";"2";"0";"1";"1";"1";"0"
"3589";"39695";"3589";"20";"1";"1";"7";"6";"1";"0";"1";"2";"0"
"3590";"39695";"3590";"72";"1";"1";"7";"6";"0";"1";"1";"1";"0"
"3591";"39695";"3591";"74";"1";"1";"7";"6";"0";"1";"1";"1";"0"
"3592";"39695";"3592";"18";"1";"1";"7";"5";"0";"1";"1";"1";"0"
"3593";"39695";"3593";"51";"1";"1";"7";"6";"0";"2";"2";"1";"0"
"3594";"39695";"3594";"18";"3";"1";"2";"6";"0";"1";"0";"1";"0"
"3595";"39696";"3595";"71";"5";"1";"7";"6";"0";"1";"1";"1";"0"
"3596";"39697";"3596";"81";"3";"3";"2";"6";"1";"1";"1";"2";"0"
"3597";"39697";"3597";"61";"1";"1";"7";"1";"0";"1";"2";"1";"0"
"3598";"39697";"3598";"32";"1";"1";"7";"6";"0";"1";"1";"1";"0"
"3599";"39697";"3599";"71";"1";"1";"2";"6";"0";"1";"1";"1";"0"
"3600";"39697";"3600";"71";"1";"1";"7";"6";"0";"1";"1";"1";"0"
"3601";"39697";"3601";"63";"1";"3";"2";"4";"0";"1";"1";"1";"0"
"3602";"39699";"3602";"32";"1";"1";"7";"6";"0";"1";"1";"1";"0"
"3603";"39703";"3603";"51";"1";"1";"7";"6";"0";"1";"1";"1";"0"
"3604";"39703";"3604";"26";"1";"1";"7";"2";"0";"1";"1";"1";"0"
"3605";"39704";"3605";"72";"1";"3";"2";"6";"1";"0";"1";"2";"0"
"3606";"39704";"3606";"71";"1";"1";"7";"6";"0";"1";"1";"1";"0"
"3607";"39704";"3607";"51";"1";"1";"7";"6";"0";"3";"2";"1";"0"
"3608";"39705";"3608";"51";"1";"1";"7";"6";"0";"1";"3";"1";"0"
"3609";"39705";"3609";"51";"1";"1";"7";"6";"0";"1";"1";"1";"0"
"3610";"39709";"3610";"81";"1";"1";"7";"6";"0";"1";"1";"1";"0"
"3611";"39709";"3611";"52";"5";"3";"1";"0";"2";"1";"1";"2";"0"
"3612";"39709";"3612";"52";"3";"1";"1";"0";"0";"2";"0";"3";"0"
"3613";"39709";"3613";"81";"3";"6";"1";"0";"0";"1";"0";"1";"0"
"3614";"39709";"3614";"81";"3";"1";"7";"6";"0";"3";"0";"1";"0"
"3615";"39709";"3615";"52";"3";"1";"2";"0";"1";"1";"0";"2";"0"
"3616";"39711";"3616";"71";"3";"2";"2";"6";"0";"1";"1";"1";"0"
"3617";"39729";"3617";"71";"3";"3";"2";"6";"0";"1";"0";"1";"0"
"3618";"39737";"3618";"72";"1";"1";"7";"6";"0";"1";"1";"1";"0"
"3619";"39737";"3619";"71";"1";"1";"7";"6";"0";"1";"1";"1";"0"
"3620";"39738";"3620";"72";"1";"1";"7";"6";"0";"1";"1";"1";"0"
"3621";"39740";"3621";"72";"3";"1";"7";"6";"0";"1";"1";"1";"0"
"3622";"39741";"3622";"52";"3";"1";"7";"0";"0";"3";"0";"3";"1"
"3623";"39744";"3623";"52";"3";"1";"7";"6";"0";"3";"1";"1";"0"
"3624";"39745";"3624";"52";"3";"1";"7";"0";"0";"1";"1";"1";"0"
"3625";"39747";"3625";"61";"1";"1";"7";"3";"0";"1";"1";"1";"0"
"3626";"39749";"3626";"72";"1";"3";"2";"6";"0";"1";"1";"1";"0"
"3627";"39749";"3627";"72";"1";"1";"7";"6";"0";"1";"1";"1";"0"
"3628";"39749";"3628";"71";"2";"1";"7";"6";"0";"1";"1";"1";"0"
"3629";"39749";"3629";"22";"3";"3";"1";"6";"0";"1";"1";"1";"0"
"3630";"39751";"3630";"71";"1";"1";"7";"6";"0";"1";"1";"1";"0"
"3631";"39751";"3631";"81";"3";"1";"7";"6";"0";"1";"0";"1";"0"
"3632";"39754";"3632";"72";"1";"1";"7";"6";"0";"1";"1";"1";"0"
"3633";"39755";"3633";"51";"1";"1";"7";"6";"0";"1";"2";"1";"0"
"3634";"39758";"3634";"81";"3";"1";"7";"0";"0";"3";"0";"1";"0"
"3635";"39758";"3635";"52";"5";"1";"7";"0";"0";"1";"0";"1";"0"
"3636";"39758";"3636";"81";"3";"2";"1";"0";"0";"0";"0";"3";"0"
"3637";"39764";"3637";"71";"1";"1";"1";"6";"0";"1";"1";"1";"0"
"3638";"39770";"3638";"72";"1";"1";"7";"6";"0";"1";"1";"1";"0"
"3639";"39776";"3639";"51";"3";"1";"7";"6";"0";"2";"1";"1";"0"
"3640";"39776";"3640";"51";"1";"3";"2";"6";"0";"1";"4";"1";"0"
"3641";"39776";"3641";"51";"1";"3";"2";"6";"0";"2";"1";"1";"0"
"3642";"39776";"3642";"18";"3";"2";"2";"6";"0";"3";"2";"1";"0"
"3643";"39776";"3643";"52";"1";"3";"2";"0";"0";"1";"0";"1";"0"
"3644";"39776";"3644";"51";"1";"3";"2";"6";"0";"1";"2";"1";"0"
"3645";"39776";"3645";"52";"3";"3";"2";"0";"0";"2";"0";"1";"0"
"3646";"39783";"3646";"52";"1";"1";"7";"6";"0";"1";"1";"1";"0"
"3647";"39783";"3647";"51";"1";"1";"7";"6";"0";"2";"3";"1";"0"
"3648";"39787";"3648";"72";"1";"1";"7";"6";"0";"1";"1";"1";"0"
"3649";"39787";"3649";"81";"3";"1";"7";"6";"0";"1";"1";"1";"0"
"3650";"39787";"3650";"72";"1";"1";"7";"6";"1";"0";"1";"2";"0"
"3651";"39787";"3651";"72";"1";"1";"7";"6";"0";"1";"1";"1";"0"
"3652";"39788";"3652";"64";"1";"1";"7";"2";"0";"1";"1";"1";"0"
"3653";"39788";"3653";"71";"1";"1";"2";"6";"1";"0";"1";"2";"0"
"3654";"39788";"3654";"51";"1";"1";"7";"6";"0";"1";"3";"1";"0"
"3655";"39788";"3655";"71";"5";"1";"7";"4";"0";"1";"1";"1";"0"
"3656";"39802";"3656";"25";"3";"1";"7";"6";"0";"1";"3";"1";"0"
"3657";"39802";"3657";"64";"1";"1";"7";"6";"0";"1";"1";"1";"0"
"3658";"39807";"3658";"72";"1";"1";"7";"6";"0";"1";"1";"1";"0"
"3659";"39807";"3659";"72";"1";"1";"7";"6";"0";"1";"1";"1";"0"
"3660";"39808";"3660";"21";"1";"1";"7";"6";"0";"1";"1";"1";"0"
"3661";"39815";"3661";"99";"1";"1";"7";"7";"0";"1";"1";"1";"0"
"3662";"39823";"3662";"71";"1";"1";"7";"6";"0";"1";"1";"1";"0"
"3663";"39825";"3663";"41";"1";"1";"7";"6";"0";"1";"1";"1";"0"
"3664";"39825";"3664";"72";"1";"1";"7";"6";"0";"1";"1";"1";"0"
"3665";"39833";"3665";"72";"1";"1";"7";"6";"0";"1";"1";"1";"0"
"3666";"39833";"3666";"72";"1";"1";"7";"6";"0";"1";"1";"1";"0"
"3667";"39837";"3667";"71";"1";"1";"7";"7";"1";"0";"1";"2";"0"
"3668";"39838";"3668";"72";"4";"1";"2";"6";"0";"1";"1";"1";"0"
"3669";"39843";"3669";"73";"1";"1";"7";"6";"0";"1";"1";"1";"0"
"3670";"39846";"3670";"53";"3";"1";"7";"2";"1";"0";"1";"2";"0"
"3671";"39858";"3671";"64";"1";"1";"7";"1";"0";"1";"1";"1";"0"
"3672";"39863";"3672";"25";"3";"1";"7";"7";"0";"1";"1";"1";"0"
"3673";"39863";"3673";"81";"3";"1";"7";"6";"0";"1";"0";"1";"0"
"3674";"39866";"3674";"64";"1";"1";"7";"4";"0";"1";"1";"1";"0"
"3675";"39870";"3675";"71";"3";"1";"1";"6";"0";"1";"1";"1";"0"
"3676";"39873";"3676";"52";"1";"1";"7";"0";"1";"0";"0";"3";"0"
"3677";"39873";"3677";"17";"3";"1";"7";"4";"0";"1";"1";"1";"0"
"3678";"39874";"3678";"26";"2";"1";"7";"2";"0";"1";"1";"1";"0"
"3679";"39874";"3679";"52";"3";"3";"1";"0";"0";"4";"0";"1";"0"
"3680";"39874";"3680";"52";"1";"3";"1";"0";"0";"2";"0";"1";"0"
"3681";"39877";"3681";"72";"1";"1";"7";"6";"0";"1";"1";"1";"0"
"3682";"39877";"3682";"71";"3";"1";"7";"5";"0";"1";"1";"1";"0"
"3683";"39900";"3683";"66";"1";"1";"2";"1";"0";"1";"1";"1";"0"
"3684";"39900";"3684";"71";"1";"1";"7";"6";"0";"1";"1";"1";"0"
"3685";"39900";"3685";"24";"5";"1";"7";"2";"0";"1";"1";"1";"0"
"3686";"39901";"3686";"71";"3";"3";"2";"6";"0";"1";"1";"1";"0"
"3687";"39902";"3687";"51";"1";"3";"2";"6";"0";"1";"2";"1";"0"
"3688";"39902";"3688";"41";"1";"1";"7";"6";"0";"1";"1";"1";"0"
"3689";"39902";"3689";"28";"3";"1";"7";"6";"0";"0";"1";"3";"0"
"3690";"39902";"3690";"81";"3";"3";"1";"6";"0";"1";"1";"1";"0"
"3691";"39902";"3691";"52";"1";"1";"7";"6";"0";"1";"2";"1";"0"
"3692";"39902";"3692";"64";"1";"1";"7";"4";"0";"1";"2";"1";"0"
"3693";"39903";"3693";"72";"1";"1";"7";"6";"0";"1";"1";"1";"0"
"3694";"39905";"3694";"22";"1";"3";"1";"6";"0";"1";"1";"1";"0"
"3695";"39905";"3695";"71";"1";"1";"7";"6";"0";"1";"1";"1";"0"
"3696";"39907";"3696";"72";"3";"1";"2";"6";"0";"1";"1";"1";"0"
"3697";"39907";"3697";"74";"1";"1";"7";"4";"0";"1";"1";"1";"0"
"3698";"39907";"3698";"51";"5";"1";"7";"2";"0";"1";"1";"1";"0"
"3699";"39913";"3699";"72";"1";"1";"7";"6";"0";"1";"1";"1";"0"
"3700";"39913";"3700";"66";"3";"1";"7";"2";"1";"0";"2";"2";"0"
"3701";"39914";"3701";"71";"1";"1";"7";"6";"0";"1";"1";"1";"0"
"3702";"39918";"3702";"74";"1";"3";"2";"6";"1";"0";"1";"2";"0"
"3703";"39921";"3703";"52";"1";"1";"7";"0";"0";"1";"1";"1";"0"
"3704";"39922";"3704";"52";"3";"3";"2";"0";"0";"1";"0";"1";"0"
"3705";"39925";"3705";"52";"1";"4";"2";"6";"0";"1";"2";"1";"0"
"3706";"39938";"3706";"67";"1";"1";"7";"4";"0";"1";"1";"1";"0"
"3707";"39939";"3707";"52";"1";"1";"7";"6";"0";"1";"1";"1";"0"
"3708";"39939";"3708";"52";"3";"1";"7";"0";"0";"1";"3";"1";"0"
"3709";"39943";"3709";"51";"1";"1";"7";"6";"0";"1";"1";"1";"0"
"3710";"39943";"3710";"71";"1";"1";"7";"6";"0";"1";"1";"1";"0"
"3711";"39946";"3711";"52";"3";"3";"2";"6";"0";"1";"1";"1";"0"
"3712";"39952";"3712";"25";"1";"1";"7";"6";"1";"1";"0";"2";"0"
"3713";"39963";"3713";"81";"1";"1";"7";"0";"0";"1";"0";"1";"0"
"3714";"39968";"3714";"72";"1";"1";"7";"6";"0";"1";"1";"1";"0"
"3715";"39968";"3715";"72";"1";"7";"7";"6";"0";"1";"1";"1";"0"
"3716";"39969";"3716";"25";"1";"1";"7";"7";"0";"1";"1";"1";"0"
"3717";"39970";"3717";"71";"2";"1";"7";"6";"1";"0";"1";"2";"0"
"3718";"39970";"3718";"51";"1";"1";"7";"4";"0";"1";"1";"1";"0"
"3719";"39972";"3719";"72";"3";"1";"7";"6";"0";"1";"1";"1";"0"
"3720";"39972";"3720";"52";"2";"1";"7";"0";"0";"1";"1";"1";"0"
"3721";"39974";"3721";"72";"1";"1";"7";"6";"0";"1";"1";"1";"0"
"3722";"39974";"3722";"71";"1";"2";"1";"6";"0";"1";"1";"1";"0"
"3723";"39974";"3723";"26";"1";"3";"1";"2";"0";"4";"1";"1";"0"
"3724";"39975";"3724";"72";"1";"1";"7";"5";"1";"0";"1";"2";"0"
"3725";"39975";"3725";"72";"1";"1";"7";"6";"0";"1";"1";"1";"0"
"3726";"39975";"3726";"72";"1";"1";"7";"6";"0";"1";"1";"1";"0"
"3727";"39977";"3727";"72";"4";"1";"7";"6";"0";"1";"1";"1";"0"
"3728";"39978";"3728";"72";"1";"1";"7";"6";"0";"1";"1";"1";"0"
"3729";"39978";"3729";"72";"1";"1";"7";"6";"0";"1";"1";"1";"0"
"3730";"39978";"3730";"72";"1";"3";"2";"6";"0";"1";"1";"1";"0"
"3731";"39979";"3731";"71";"1";"2";"1";"6";"0";"1";"1";"1";"0"
"3732";"39985";"3732";"72";"1";"1";"7";"6";"0";"1";"1";"1";"0"
"3733";"39985";"3733";"72";"5";"1";"7";"6";"0";"1";"1";"1";"0"
"3734";"39989";"3734";"71";"1";"1";"7";"6";"0";"1";"1";"1";"0"
"3735";"39996";"3735";"52";"3";"1";"7";"6";"0";"1";"2";"1";"0"
"3736";"39998";"3736";"72";"1";"1";"7";"6";"0";"1";"1";"1";"0"
"3737";"39998";"3737";"72";"1";"1";"7";"6";"1";"0";"1";"2";"0"
"3738";"40013";"3738";"81";"1";"1";"7";"2";"0";"1";"1";"1";"0"
"3739";"40014";"3739";"71";"1";"1";"7";"6";"0";"1";"1";"1";"0"
"3740";"40014";"3740";"41";"1";"1";"7";"2";"0";"1";"1";"1";"0"
"3741";"40014";"3741";"24";"1";"1";"7";"2";"0";"1";"1";"1";"0"
"3742";"40014";"3742";"71";"1";"1";"7";"6";"0";"1";"1";"1";"0"
"3743";"40014";"3743";"71";"1";"1";"7";"6";"0";"1";"1";"1";"0"
"3744";"40014";"3744";"41";"1";"1";"7";"6";"0";"1";"1";"1";"0"
"3745";"40017";"3745";"63";"1";"1";"2";"6";"0";"3";"0";"1";"0"
"3746";"40017";"3746";"72";"1";"1";"7";"4";"0";"1";"1";"1";"0"
"3747";"40018";"3747";"72";"3";"1";"7";"6";"0";"3";"1";"1";"0"
"3748";"40018";"3748";"61";"1";"1";"7";"3";"0";"1";"1";"1";"0"
"3749";"40018";"3749";"81";"3";"1";"7";"6";"0";"1";"1";"1";"0"
"3750";"40019";"3750";"23";"1";"1";"7";"5";"0";"1";"2";"1";"0"
"3751";"40019";"3751";"41";"1";"1";"7";"2";"1";"0";"1";"2";"0"
"3752";"40019";"3752";"71";"1";"1";"7";"6";"0";"1";"1";"1";"0"
"3753";"40020";"3753";"63";"3";"1";"7";"5";"0";"1";"1";"1";"0"
"3754";"40022";"3754";"28";"3";"2";"2";"0";"0";"2";"0";"1";"0"
"3755";"40022";"3755";"64";"1";"1";"7";"2";"0";"1";"1";"1";"0"
"3756";"40024";"3756";"41";"1";"1";"7";"6";"0";"1";"1";"1";"0"
"3757";"40024";"3757";"41";"1";"1";"7";"6";"0";"1";"1";"1";"0"
"3758";"40025";"3758";"64";"1";"1";"7";"6";"0";"1";"1";"1";"0"
"3759";"40027";"3759";"26";"3";"1";"2";"2";"0";"1";"1";"1";"0"
"3760";"40027";"3760";"81";"3";"1";"7";"0";"0";"1";"0";"1";"0"
"3761";"40028";"3761";"72";"1";"1";"7";"4";"0";"2";"0";"1";"0"
"3762";"40044";"3762";"71";"1";"1";"7";"7";"0";"1";"1";"1";"0"
"3763";"40044";"3763";"71";"5";"1";"7";"6";"0";"1";"1";"1";"0"
"3764";"40045";"3764";"71";"5";"3";"1";"6";"0";"1";"1";"1";"0"
"3765";"40046";"3765";"63";"2";"1";"7";"4";"0";"1";"1";"1";"0"
"3766";"40047";"3766";"52";"5";"1";"7";"0";"1";"2";"1";"2";"0"
"3767";"40047";"3767";"51";"1";"1";"7";"6";"0";"1";"1";"1";"0"
"3768";"40047";"3768";"71";"1";"1";"7";"6";"1";"0";"1";"2";"0"
"3769";"40048";"3769";"72";"1";"1";"7";"6";"0";"1";"1";"1";"0"
"3770";"40049";"3770";"52";"4";"1";"7";"6";"0";"6";"2";"1";"0"
"3771";"40050";"3258";"35";"1";"1";"7";"4";"0";"1";"1";"1";"0"
"3772";"40051";"3772";"42";"3";"1";"7";"4";"0";"1";"1";"1";"0"
"3773";"40051";"3773";"71";"3";"3";"1";"6";"0";"1";"1";"1";"0"
"3774";"40051";"3774";"72";"1";"1";"7";"6";"0";"1";"1";"1";"0"
"3775";"40051";"3775";"64";"1";"1";"7";"6";"0";"1";"2";"1";"0"
"3776";"40052";"3776";"71";"3";"1";"7";"6";"0";"1";"1";"1";"0"
"3777";"40053";"3777";"71";"1";"1";"7";"6";"1";"0";"1";"2";"0"
"3778";"40053";"3778";"23";"3";"1";"7";"6";"0";"1";"1";"1";"0"
"3779";"40053";"3779";"35";"1";"1";"7";"4";"1";"0";"1";"2";"0"
"3780";"40053";"3780";"71";"1";"1";"7";"6";"0";"1";"1";"1";"0"
"3781";"40053";"3781";"71";"1";"1";"7";"6";"0";"1";"1";"1";"0"
"3782";"40053";"3782";"71";"3";"1";"7";"6";"0";"1";"1";"1";"0"
"3783";"40053";"3783";"71";"1";"1";"7";"6";"1";"0";"1";"2";"0"
"3784";"40053";"3784";"81";"1";"1";"7";"6";"0";"1";"1";"1";"0"
"3785";"40054";"3785";"72";"3";"1";"4";"6";"0";"1";"1";"1";"0"
"3786";"40054";"3786";"71";"1";"1";"7";"6";"1";"0";"1";"2";"0"
"3787";"40054";"3787";"81";"1";"2";"1";"6";"0";"1";"0";"1";"0"
"3788";"40055";"3788";"21";"3";"3";"2";"6";"0";"2";"2";"1";"0"
"3789";"40055";"3789";"63";"1";"1";"7";"4";"0";"1";"1";"1";"0"
"3790";"40055";"3790";"72";"5";"1";"7";"6";"0";"1";"1";"1";"0"
"3791";"40055";"3791";"72";"1";"1";"7";"6";"0";"1";"1";"1";"0"
"3792";"40056";"3792";"52";"3";"3";"2";"0";"0";"3";"0";"1";"0"
"3793";"40056";"3793";"52";"3";"1";"7";"0";"0";"0";"3";"3";"2"
"3794";"40056";"3794";"76";"1";"1";"7";"6";"1";"0";"1";"2";"0"
"3795";"40056";"3795";"72";"1";"1";"7";"4";"0";"1";"1";"1";"0"
"3796";"40056";"3796";"51";"3";"3";"1";"6";"0";"1";"1";"1";"0"
"3797";"40056";"3797";"52";"3";"1";"7";"6";"0";"2";"1";"1";"0"
"3798";"40056";"3798";"23";"1";"1";"7";"4";"0";"1";"1";"1";"0"
"3799";"40067";"3799";"51";"1";"1";"7";"6";"0";"2";"1";"1";"0"
"3800";"40069";"3800";"52";"3";"1";"7";"0";"1";"0";"0";"3";"0"
"3801";"40069";"3801";"36";"3";"1";"7";"6";"3";"0";"0";"2";"0"
"3802";"40071";"3802";"81";"1";"1";"7";"2";"0";"1";"1";"1";"0"
"3803";"40078";"3735";"81";"3";"1";"7";"6";"0";"3";"0";"1";"0"
"3804";"40078";"3804";"71";"1";"3";"2";"6";"0";"1";"1";"1";"0"
"3805";"40081";"3805";"72";"1";"1";"7";"6";"0";"1";"1";"1";"0"
"3806";"40085";"3806";"51";"1";"1";"7";"6";"0";"1";"1";"1";"0"
"3807";"40085";"3807";"26";"1";"1";"7";"2";"1";"0";"1";"2";"0"
"3808";"40085";"3808";"51";"1";"1";"7";"6";"0";"1";"2";"1";"0"
"3809";"40085";"3809";"26";"1";"1";"7";"2";"0";"1";"1";"1";"0"
"3810";"40085";"3810";"26";"1";"1";"7";"2";"0";"1";"1";"1";"0"
"3811";"40085";"3811";"26";"1";"1";"7";"2";"0";"1";"1";"1";"0"
"3812";"40085";"3812";"26";"1";"1";"7";"2";"0";"1";"1";"1";"0"
"3813";"40085";"3813";"51";"1";"1";"7";"6";"0";"1";"2";"1";"0"
"3814";"40085";"3814";"71";"1";"1";"7";"6";"0";"1";"1";"1";"0"
"3815";"40085";"3815";"26";"1";"1";"7";"2";"1";"0";"1";"2";"0"
"3816";"40085";"3816";"71";"1";"1";"7";"6";"0";"1";"1";"1";"0"
"3817";"40085";"3817";"71";"1";"3";"1";"6";"0";"2";"1";"1";"0"
"3818";"40085";"3818";"26";"5";"7";"7";"2";"0";"1";"1";"1";"0"
"3819";"40085";"3819";"71";"1";"1";"7";"6";"0";"1";"1";"1";"0"
"3820";"40085";"3820";"71";"3";"3";"2";"3";"0";"1";"1";"1";"0"
"3821";"40085";"3821";"26";"2";"3";"2";"2";"0";"1";"1";"1";"0"
"3822";"40086";"3822";"71";"1";"1";"7";"8";"0";"1";"1";"1";"0"
"3823";"40086";"3823";"26";"1";"3";"2";"2";"0";"1";"1";"1";"0"
"3824";"40086";"3824";"51";"1";"1";"1";"6";"0";"1";"1";"1";"0"
"3825";"40086";"3825";"51";"1";"1";"7";"6";"0";"2";"2";"1";"0"