"accident_id";"lieu_id";"date_id";"cause_id";"lum_id";"intemp_id";"etat_surface_id";"impliq_id";"nb_blesses_graves";"nb_blesses_legers";"nb_indemnes";"gravite";"nb_morts"
"3826";"40086";"3826";"71";"1";"1";"7";"6";"1";"0";"1";"2";"0"
"3827";"40086";"3827";"51";"1";"1";"7";"6";"0";"1";"2";"1";"0"
"3828";"40086";"3828";"26";"1";"1";"7";"2";"0";"1";"2";"1";"0"
"3829";"40086";"3829";"71";"1";"1";"7";"6";"0";"1";"1";"1";"0"
"3830";"40087";"3830";"82";"3";"1";"7";"6";"1";"0";"1";"2";"0"
"3831";"40087";"3831";"51";"1";"1";"7";"6";"0";"1";"2";"1";"0"
"3832";"40087";"3832";"72";"1";"1";"7";"6";"0";"1";"1";"1";"0"
"3833";"40087";"3833";"72";"1";"1";"7";"3";"0";"1";"1";"1";"0"
"3834";"40088";"3834";"26";"3";"1";"7";"2";"0";"1";"1";"1";"0"
"3835";"40088";"3835";"36";"1";"1";"7";"5";"1";"0";"1";"2";"0"
"3836";"40089";"3836";"51";"1";"1";"7";"6";"0";"1";"1";"1";"0"
"3837";"40089";"3837";"71";"1";"1";"7";"3";"0";"1";"1";"1";"0"
"3838";"40089";"3838";"26";"1";"1";"7";"2";"0";"2";"0";"1";"0"
"3839";"40090";"3839";"51";"1";"1";"7";"6";"0";"2";"2";"1";"0"
"3840";"40091";"3840";"71";"1";"1";"7";"6";"0";"1";"1";"1";"0"
"3841";"40091";"3841";"51";"1";"1";"7";"8";"0";"1";"2";"1";"0"
"3842";"40091";"3842";"61";"1";"1";"7";"3";"0";"1";"1";"1";"0"
"3843";"40095";"3843";"81";"3";"1";"7";"0";"0";"1";"1";"1";"0"
"3844";"40096";"3844";"17";"1";"1";"7";"2";"1";"0";"1";"2";"0"
"3845";"40097";"3845";"71";"3";"1";"7";"6";"0";"1";"1";"1";"0"
"3846";"40097";"3846";"18";"1";"1";"7";"5";"0";"1";"1";"1";"0"
"3847";"40098";"3847";"72";"1";"1";"7";"5";"1";"0";"1";"2";"0"
"3848";"40098";"3848";"72";"1";"1";"7";"6";"0";"1";"1";"1";"0"
"3849";"40098";"3849";"51";"1";"1";"7";"6";"0";"1";"1";"1";"0"
"3850";"40098";"3850";"71";"3";"1";"7";"6";"1";"0";"2";"2";"0"
"3851";"40098";"3851";"81";"3";"1";"7";"6";"0";"1";"1";"1";"0"
"3852";"40098";"3852";"52";"5";"1";"1";"0";"0";"1";"1";"1";"0"
"3853";"40099";"3853";"51";"1";"3";"2";"6";"0";"1";"1";"1";"0"
"3854";"40099";"3854";"18";"3";"3";"2";"5";"1";"0";"1";"2";"0"
"3855";"40099";"3855";"72";"1";"1";"7";"6";"0";"1";"1";"1";"0"
"3856";"40100";"3856";"18";"1";"1";"7";"5";"0";"2";"1";"1";"0"
"3857";"40100";"3857";"23";"1";"1";"7";"6";"0";"2";"1";"1";"0"
"3858";"40100";"3858";"63";"5";"1";"7";"5";"1";"2";"0";"2";"0"
"3859";"40101";"3859";"18";"1";"1";"7";"4";"0";"1";"1";"1";"0"
"3860";"40101";"3860";"71";"1";"3";"1";"6";"0";"1";"1";"1";"0"
"3861";"40101";"3861";"52";"1";"1";"7";"3";"0";"2";"1";"1";"0"
"3862";"40101";"3862";"23";"3";"4";"2";"6";"0";"1";"1";"1";"0"
"3863";"40102";"3863";"51";"1";"1";"7";"3";"0";"1";"1";"1";"0"
"3864";"40102";"3864";"64";"1";"1";"7";"5";"0";"1";"1";"1";"0"
"3865";"40103";"3865";"51";"1";"1";"7";"6";"0";"1";"1";"1";"0"
"3866";"40103";"3866";"71";"3";"3";"1";"6";"0";"2";"1";"1";"0"
"3867";"40104";"3867";"81";"3";"1";"7";"6";"0";"0";"2";"3";"0"
"3868";"40105";"3868";"64";"1";"1";"7";"6";"0";"1";"1";"1";"0"
"3869";"40105";"3869";"81";"1";"1";"7";"6";"0";"0";"1";"3";"0"
"3870";"40105";"3870";"23";"1";"1";"7";"6";"0";"1";"1";"1";"0"
"3871";"40106";"3871";"51";"3";"1";"7";"6";"0";"2";"0";"1";"0"
"3872";"40106";"3872";"71";"3";"1";"7";"6";"0";"1";"1";"1";"0"
"3873";"40106";"3873";"63";"3";"1";"7";"5";"0";"2";"1";"1";"0"
"3874";"40110";"3874";"71";"1";"1";"7";"6";"1";"0";"1";"2";"0"
"3875";"40118";"3875";"72";"1";"1";"7";"6";"0";"1";"1";"1";"0"
"3876";"40120";"3876";"67";"1";"1";"7";"4";"0";"1";"1";"1";"0"
"3877";"40120";"3877";"67";"1";"1";"7";"6";"0";"1";"1";"1";"0"
"3878";"40120";"3878";"81";"3";"1";"7";"2";"0";"1";"1";"1";"0"
"3879";"40120";"3879";"51";"3";"1";"7";"5";"0";"1";"2";"1";"0"
"3880";"40129";"3880";"24";"1";"3";"1";"2";"0";"1";"1";"1";"0"
"3881";"40138";"3881";"71";"1";"1";"7";"6";"0";"1";"1";"1";"0"
"3882";"40138";"3882";"71";"1";"1";"7";"6";"0";"1";"0";"1";"0"
"3883";"40140";"3883";"52";"3";"4";"3";"2";"0";"1";"1";"1";"0"
"3884";"40159";"3884";"51";"1";"1";"7";"6";"0";"1";"1";"1";"0"
"3885";"40159";"3885";"81";"2";"4";"6";"6";"0";"1";"3";"3";"2"
"3886";"40162";"3886";"72";"3";"1";"7";"6";"0";"1";"1";"1";"0"
"3887";"40162";"3887";"67";"1";"1";"7";"5";"0";"1";"1";"1";"0"
"3888";"40162";"3888";"41";"1";"1";"7";"6";"0";"1";"1";"1";"0"
"3889";"40162";"3889";"20";"1";"1";"7";"6";"0";"1";"2";"1";"0"
"3890";"40162";"3890";"18";"1";"2";"2";"6";"0";"1";"1";"1";"0"
"3891";"40165";"3891";"72";"1";"1";"7";"6";"0";"1";"1";"1";"0"
"3892";"40165";"3892";"21";"1";"1";"1";"6";"0";"1";"2";"1";"0"
"3893";"40165";"3893";"52";"1";"3";"1";"6";"0";"1";"2";"1";"0"
"3894";"40165";"3894";"81";"2";"1";"7";"6";"0";"3";"0";"1";"0"
"3895";"40166";"3895";"71";"1";"3";"1";"6";"1";"0";"1";"2";"0"
"3896";"40169";"3896";"72";"2";"1";"7";"6";"0";"1";"1";"1";"0"
"3897";"40176";"3897";"72";"1";"1";"7";"5";"0";"1";"1";"1";"0"
"3898";"40178";"3898";"51";"1";"1";"7";"6";"0";"1";"2";"1";"0"
"3899";"40178";"3899";"51";"1";"2";"2";"6";"0";"2";"1";"1";"0"
"3900";"40182";"3900";"71";"1";"3";"1";"6";"0";"1";"1";"1";"0"
"3901";"40183";"3901";"71";"1";"1";"7";"6";"0";"1";"1";"1";"0"
"3902";"40186";"3902";"24";"1";"3";"2";"2";"0";"1";"1";"1";"0"
"3903";"40189";"3903";"20";"1";"1";"7";"2";"0";"1";"1";"1";"0"
"3904";"40192";"3904";"23";"4";"1";"7";"5";"0";"3";"0";"1";"0"
"3905";"40192";"3905";"72";"1";"1";"7";"6";"0";"1";"1";"1";"0"
"3906";"40193";"3906";"71";"3";"1";"7";"6";"1";"0";"1";"2";"0"
"3907";"40193";"3907";"63";"1";"3";"2";"6";"0";"1";"1";"1";"0"
"3908";"40194";"3908";"72";"1";"1";"7";"6";"0";"1";"1";"1";"0"
"3909";"40206";"3909";"71";"1";"3";"2";"6";"0";"1";"1";"1";"0"
"3910";"40206";"3910";"71";"2";"1";"2";"6";"0";"1";"1";"1";"0"
"3911";"40208";"3911";"71";"1";"1";"7";"6";"0";"1";"1";"1";"0"
"3912";"40209";"3912";"72";"1";"1";"7";"6";"0";"1";"1";"1";"0"
"3913";"40209";"3913";"72";"1";"1";"7";"6";"0";"1";"1";"1";"0"
"3914";"40210";"3914";"52";"1";"1";"7";"0";"0";"1";"0";"1";"0"
"3915";"40214";"3915";"52";"3";"3";"2";"0";"0";"1";"0";"1";"0"
"3916";"40217";"3916";"41";"1";"3";"2";"2";"0";"1";"1";"1";"0"
"3917";"40218";"3917";"26";"1";"1";"7";"2";"0";"1";"1";"1";"0"
"3918";"40219";"3918";"81";"2";"1";"7";"0";"1";"0";"0";"2";"0"
"3919";"40219";"3919";"71";"1";"1";"7";"6";"0";"1";"1";"1";"0"
"3920";"40220";"3920";"71";"1";"1";"7";"6";"0";"1";"1";"1";"0"
"3921";"40222";"3921";"72";"1";"1";"7";"6";"0";"1";"1";"1";"0"
"3922";"40222";"3922";"71";"1";"1";"7";"6";"0";"1";"1";"1";"0"
"3923";"40225";"3923";"71";"1";"1";"7";"6";"1";"0";"1";"2";"0"
"3924";"40225";"3924";"51";"1";"1";"7";"6";"0";"1";"4";"1";"0"
"3925";"40225";"3925";"41";"3";"1";"7";"6";"2";"1";"0";"3";"2"
"3926";"40225";"3926";"51";"1";"1";"2";"6";"0";"1";"2";"1";"0"
"3927";"40225";"3927";"51";"1";"1";"7";"6";"0";"1";"3";"1";"0"
"3928";"40225";"3928";"51";"1";"1";"7";"6";"0";"1";"3";"1";"0"
"3929";"40225";"3929";"52";"3";"3";"2";"6";"3";"1";"3";"2";"0"
"3930";"40225";"3930";"51";"1";"1";"7";"6";"0";"2";"1";"1";"0"
"3931";"40225";"3931";"52";"1";"3";"1";"6";"1";"0";"1";"2";"0"
"3932";"40225";"3932";"52";"1";"1";"7";"0";"0";"1";"0";"1";"0"
"3933";"40226";"3933";"52";"1";"1";"7";"0";"0";"1";"1";"1";"0"
"3934";"40226";"3934";"41";"3";"1";"7";"6";"2";"3";"2";"2";"0"
"3935";"40233";"3935";"72";"1";"1";"7";"6";"0";"1";"1";"1";"0"
"3936";"40239";"3936";"27";"1";"1";"7";"9";"0";"1";"1";"1";"0"
"3937";"40248";"3937";"71";"1";"1";"7";"6";"0";"1";"1";"1";"0"
"3938";"40253";"3938";"72";"1";"1";"7";"6";"0";"0";"1";"3";"0"
"3939";"40258";"3939";"72";"1";"1";"7";"6";"0";"1";"1";"1";"0"
"3940";"40263";"3940";"21";"1";"1";"7";"6";"0";"1";"1";"1";"0"
"3941";"40264";"3941";"21";"1";"1";"7";"4";"0";"1";"2";"1";"0"
"3942";"40283";"3942";"71";"1";"1";"7";"6";"0";"1";"1";"1";"0"
"3943";"40283";"3943";"63";"5";"1";"7";"4";"0";"1";"1";"1";"0"
"3944";"40285";"3944";"51";"1";"3";"2";"6";"0";"1";"2";"1";"0"
"3945";"40285";"3945";"52";"3";"1";"2";"0";"0";"5";"0";"1";"0"
"3946";"40289";"3946";"51";"1";"1";"7";"3";"0";"1";"1";"1";"0"
"3947";"40290";"3947";"52";"1";"1";"7";"0";"0";"1";"1";"1";"0"
"3948";"40292";"3948";"51";"1";"1";"7";"6";"0";"1";"3";"1";"0"
"3949";"40293";"3949";"51";"1";"1";"7";"6";"0";"1";"1";"1";"0"
"3950";"40294";"3950";"64";"1";"1";"7";"4";"0";"1";"1";"1";"0"
"3951";"40295";"3951";"81";"3";"1";"7";"0";"0";"3";"0";"1";"0"
"3952";"40300";"3952";"72";"3";"1";"7";"6";"0";"1";"1";"1";"0"
"3953";"40301";"3953";"61";"3";"1";"7";"4";"0";"1";"1";"1";"0"
"3954";"40302";"3954";"71";"1";"1";"7";"6";"1";"0";"1";"2";"0"
"3955";"40303";"3955";"51";"1";"1";"7";"6";"0";"1";"1";"1";"0"
"3956";"40303";"3956";"63";"3";"1";"1";"4";"0";"1";"1";"1";"0"
"3957";"40303";"3957";"25";"1";"1";"7";"6";"0";"1";"1";"1";"0"
"3958";"40303";"3958";"61";"1";"1";"7";"3";"1";"1";"1";"2";"0"
"3959";"40303";"3959";"73";"1";"1";"7";"6";"0";"1";"1";"1";"0"
"3960";"40304";"3960";"35";"3";"3";"2";"4";"0";"1";"1";"1";"0"
"3961";"40305";"3961";"72";"1";"1";"7";"6";"0";"1";"1";"1";"0"
"3962";"40306";"3962";"71";"1";"3";"2";"6";"0";"1";"1";"1";"0"
"3963";"40306";"3963";"65";"1";"1";"7";"6";"0";"1";"2";"1";"0"
"3964";"40307";"3964";"71";"1";"1";"7";"6";"0";"1";"1";"1";"0"
"3965";"40307";"3965";"71";"3";"3";"1";"6";"0";"0";"1";"3";"0"
"3966";"40308";"3966";"63";"1";"1";"7";"4";"0";"1";"1";"1";"0"
"3967";"40308";"3967";"41";"1";"1";"7";"6";"0";"1";"1";"1";"0"
"3968";"40308";"3968";"14";"1";"3";"2";"6";"0";"1";"1";"1";"0"
"3969";"40308";"3969";"67";"1";"1";"7";"5";"0";"1";"2";"1";"0"
"3970";"40308";"3970";"51";"1";"3";"7";"6";"0";"1";"1";"1";"0"
"3971";"40308";"3971";"24";"1";"1";"7";"2";"0";"1";"1";"1";"0"
"3972";"40308";"3972";"35";"1";"1";"7";"3";"0";"1";"1";"1";"0"
"3973";"40309";"3973";"64";"1";"1";"7";"6";"0";"1";"1";"1";"0"
"3974";"40309";"3974";"71";"1";"1";"7";"6";"0";"1";"1";"1";"0"
"3975";"40309";"3975";"72";"1";"1";"7";"6";"0";"1";"1";"1";"0"
"3976";"40309";"3976";"71";"1";"1";"7";"6";"0";"1";"1";"1";"0"
"3977";"40309";"3977";"32";"1";"1";"7";"6";"0";"1";"1";"1";"0"
"3978";"40309";"3978";"20";"1";"1";"7";"6";"0";"1";"1";"1";"0"
"3979";"40309";"3979";"81";"3";"1";"7";"4";"0";"1";"1";"1";"0"
"3980";"40310";"3980";"71";"1";"2";"2";"6";"0";"1";"1";"1";"0"
"3981";"40310";"3981";"81";"1";"3";"1";"6";"0";"1";"1";"1";"0"
"3982";"40310";"3982";"20";"1";"1";"7";"2";"0";"1";"1";"1";"0"
"3983";"40310";"3983";"20";"3";"1";"7";"6";"0";"1";"0";"1";"0"
"3984";"40311";"3984";"71";"1";"1";"7";"6";"0";"1";"1";"1";"0"
"3985";"40311";"3985";"35";"1";"1";"7";"5";"0";"1";"1";"1";"0"
"3986";"40312";"3986";"52";"3";"3";"2";"0";"0";"2";"0";"1";"0"
"3987";"40315";"3987";"52";"1";"1";"7";"0";"0";"1";"2";"1";"0"
"3988";"40319";"3988";"71";"3";"1";"7";"6";"0";"0";"1";"3";"0"
"3989";"40324";"3989";"52";"3";"1";"7";"6";"0";"1";"1";"1";"0"
"3990";"40327";"3990";"26";"1";"1";"7";"2";"0";"1";"1";"1";"0"
"3991";"40335";"3991";"72";"1";"1";"7";"6";"0";"1";"1";"1";"0"
"3992";"40335";"3992";"72";"1";"1";"7";"6";"0";"1";"1";"1";"0"
"3993";"40339";"3993";"52";"3";"1";"2";"0";"0";"1";"0";"1";"0"
"3994";"40339";"3994";"72";"1";"1";"7";"6";"0";"1";"1";"1";"0"
"3995";"40344";"3995";"72";"1";"1";"7";"6";"0";"1";"1";"1";"0"
"3996";"40344";"3996";"72";"3";"1";"7";"6";"0";"1";"1";"1";"0"
"3997";"40347";"3997";"51";"3";"1";"7";"6";"0";"1";"1";"1";"0"
"3998";"40347";"3998";"64";"1";"1";"7";"6";"0";"1";"1";"1";"0"
"3999";"40348";"3999";"21";"1";"1";"7";"6";"0";"1";"1";"1";"0"
"4000";"40354";"4000";"71";"1";"1";"7";"6";"0";"1";"1";"1";"0"
"4001";"40354";"4001";"82";"1";"1";"7";"0";"0";"1";"0";"1";"0"
"4002";"40355";"4002";"71";"1";"1";"7";"6";"0";"2";"1";"1";"0"
"4003";"40360";"4003";"72";"1";"1";"7";"6";"0";"1";"1";"1";"0"
"4004";"40360";"4004";"71";"1";"1";"7";"6";"0";"1";"1";"1";"0"
"4005";"40361";"4005";"35";"1";"1";"7";"3";"0";"1";"1";"1";"0"
"4006";"40361";"4006";"81";"5";"1";"7";"0";"0";"1";"0";"1";"0"
"4007";"40362";"4007";"52";"1";"1";"7";"6";"0";"2";"5";"1";"0"
"4008";"40369";"4008";"81";"3";"1";"7";"6";"0";"1";"1";"1";"0"
"4009";"40370";"4009";"81";"1";"1";"2";"6";"0";"3";"0";"1";"0"
"4010";"40370";"468";"71";"1";"1";"7";"6";"0";"1";"1";"1";"0"
"4011";"40370";"4011";"51";"1";"3";"1";"6";"0";"2";"0";"3";"0"
"4012";"40370";"4012";"67";"1";"1";"7";"6";"0";"1";"1";"1";"0"
"4013";"40373";"4013";"52";"1";"1";"7";"6";"0";"1";"1";"1";"0"
"4014";"40376";"4014";"71";"1";"1";"7";"6";"0";"1";"1";"1";"0"
"4015";"40376";"4015";"25";"3";"3";"2";"6";"0";"1";"1";"1";"0"
"4016";"40376";"4016";"52";"3";"1";"2";"6";"0";"1";"0";"3";"0"
"4017";"40376";"4017";"75";"3";"1";"7";"6";"0";"1";"1";"1";"0"
"4018";"40376";"4018";"52";"3";"1";"7";"6";"0";"1";"1";"1";"0"
"4019";"40379";"4019";"72";"1";"1";"7";"6";"0";"1";"1";"1";"0"
"4020";"40379";"4020";"72";"3";"1";"7";"7";"0";"0";"1";"3";"0"
"4021";"40379";"4021";"51";"1";"1";"7";"6";"0";"1";"1";"1";"0"
"4022";"40379";"4022";"52";"3";"3";"2";"0";"0";"1";"0";"1";"0"
"4023";"40379";"4023";"35";"1";"1";"7";"4";"0";"1";"1";"1";"0"
"4024";"40379";"4024";"51";"1";"1";"7";"6";"0";"1";"1";"1";"0"
"4025";"40379";"4025";"24";"1";"1";"7";"2";"0";"1";"1";"1";"0"
"4026";"40380";"4026";"71";"1";"1";"7";"6";"0";"1";"1";"1";"0"
"4027";"40380";"4027";"74";"3";"1";"7";"6";"0";"1";"1";"1";"0"
"4028";"40381";"4028";"72";"3";"1";"1";"6";"1";"0";"1";"2";"0"
"4029";"40381";"4029";"72";"1";"1";"1";"6";"0";"1";"1";"1";"0"
"4030";"40381";"4030";"17";"3";"1";"7";"2";"0";"1";"1";"1";"0"
"4031";"40381";"4031";"72";"1";"1";"7";"6";"1";"0";"1";"2";"0"
"4032";"40381";"4032";"71";"3";"1";"7";"6";"0";"1";"1";"1";"0"
"4033";"40381";"4033";"71";"1";"1";"7";"6";"0";"1";"1";"1";"0"
"4034";"40381";"4034";"72";"1";"1";"7";"5";"0";"2";"0";"1";"0"
"4035";"40381";"4035";"52";"2";"3";"1";"6";"0";"1";"6";"1";"0"
"4036";"40381";"4036";"51";"1";"1";"7";"6";"0";"1";"2";"1";"0"
"4037";"40381";"4037";"71";"1";"3";"2";"6";"0";"1";"1";"1";"0"
"4038";"40382";"4038";"72";"1";"1";"7";"6";"1";"0";"1";"2";"0"
"4039";"40382";"4039";"81";"3";"1";"7";"6";"0";"1";"1";"1";"0"
"4040";"40382";"4040";"63";"3";"2";"2";"4";"0";"1";"1";"1";"0"
"4041";"40382";"4041";"71";"1";"1";"7";"6";"1";"0";"1";"2";"0"
"4042";"40382";"4042";"63";"1";"1";"7";"4";"0";"1";"2";"1";"0"
"4043";"40382";"4043";"61";"3";"1";"7";"4";"0";"1";"1";"1";"0"
"4044";"40383";"4044";"72";"1";"1";"7";"6";"1";"0";"1";"2";"0"
"4045";"40383";"4045";"71";"3";"1";"7";"6";"0";"1";"1";"1";"0"
"4046";"40383";"4046";"26";"1";"1";"7";"2";"0";"1";"1";"1";"0"
"4047";"40383";"4047";"71";"5";"1";"7";"6";"0";"1";"1";"1";"0"
"4048";"40389";"4048";"52";"1";"1";"1";"0";"0";"1";"0";"1";"0"
"4049";"40390";"4049";"64";"1";"1";"7";"4";"0";"1";"1";"1";"0"
"4050";"40390";"4050";"64";"1";"1";"2";"6";"0";"1";"1";"1";"0"
"4051";"40391";"4051";"53";"1";"3";"2";"6";"0";"1";"1";"1";"0"
"4052";"40391";"4052";"71";"5";"3";"1";"6";"0";"1";"1";"1";"0"
"4053";"40391";"4053";"18";"1";"1";"7";"5";"0";"1";"1";"1";"0"
"4054";"40391";"4054";"24";"1";"1";"7";"2";"0";"1";"1";"1";"0"
"4055";"40391";"4055";"64";"3";"3";"2";"6";"0";"1";"2";"1";"0"
"4056";"40392";"4056";"81";"2";"1";"7";"2";"0";"0";"1";"3";"0"
"4057";"40392";"4057";"51";"1";"1";"7";"6";"0";"4";"2";"1";"0"
"4058";"40392";"4058";"71";"1";"1";"7";"6";"0";"1";"1";"1";"0"
"4059";"40393";"4059";"26";"1";"1";"7";"2";"0";"1";"1";"1";"0"
"4060";"40393";"4060";"26";"1";"2";"2";"2";"0";"1";"1";"1";"0"
"4061";"40393";"4061";"26";"1";"1";"7";"2";"0";"2";"1";"1";"0"
"4062";"40393";"4062";"26";"2";"1";"7";"2";"0";"1";"1";"1";"0"
"4063";"40393";"4063";"71";"1";"1";"7";"6";"0";"1";"1";"1";"0"
"4064";"40396";"4064";"71";"1";"1";"7";"6";"0";"1";"1";"1";"0"
"4065";"40396";"4065";"64";"1";"1";"7";"6";"1";"0";"1";"2";"0"
"4066";"40397";"4066";"36";"1";"1";"7";"6";"0";"1";"1";"1";"0"
"4067";"40414";"4067";"71";"1";"1";"7";"6";"0";"1";"1";"1";"0"
"4068";"40416";"4068";"21";"1";"1";"7";"6";"0";"1";"1";"1";"0"
"4069";"40425";"4069";"63";"1";"1";"7";"5";"0";"1";"1";"1";"0"
"4070";"40433";"4070";"72";"1";"1";"4";"6";"0";"1";"1";"1";"0"
"4071";"40446";"4071";"71";"2";"3";"1";"6";"0";"1";"1";"1";"0"
"4072";"40447";"4072";"62";"1";"1";"7";"4";"0";"1";"1";"1";"0"
"4073";"40452";"4073";"81";"3";"3";"1";"0";"0";"0";"0";"3";"0"
"4074";"40452";"4074";"52";"1";"1";"7";"0";"0";"1";"0";"1";"0"
"4075";"40467";"4075";"52";"2";"1";"7";"0";"0";"1";"0";"1";"0"
"4076";"40468";"4076";"75";"1";"1";"7";"4";"0";"2";"1";"1";"0"
"4077";"40468";"4077";"81";"5";"1";"7";"6";"0";"1";"1";"1";"0"
"4078";"40478";"4078";"52";"1";"1";"7";"0";"0";"2";"0";"1";"0"
"4079";"40478";"4079";"51";"3";"1";"7";"6";"1";"0";"4";"2";"0"
"4080";"40478";"4080";"52";"1";"1";"7";"0";"0";"1";"1";"1";"0"
"4081";"40478";"4081";"51";"1";"2";"2";"6";"0";"2";"3";"1";"0"
"4082";"40478";"4082";"52";"1";"1";"7";"0";"1";"2";"1";"2";"0"
"4083";"40478";"4083";"51";"1";"3";"2";"6";"0";"1";"3";"1";"0"
"4084";"40478";"4084";"41";"3";"1";"7";"6";"1";"0";"1";"2";"0"
"4085";"40479";"4085";"18";"1";"1";"7";"6";"0";"1";"2";"1";"0"
"4086";"40479";"4083";"51";"1";"2";"2";"6";"0";"2";"1";"1";"0"
"4087";"40479";"4087";"51";"1";"1";"1";"6";"0";"3";"3";"1";"0"
"4088";"40479";"4088";"18";"1";"1";"7";"6";"0";"2";"1";"1";"0"
"4089";"40479";"4089";"51";"1";"2";"2";"6";"0";"1";"2";"1";"0"
"4090";"40481";"4090";"72";"1";"1";"7";"6";"0";"1";"1";"1";"0"
"4091";"40481";"4091";"71";"1";"1";"7";"6";"0";"1";"1";"1";"0"
"4092";"40482";"4092";"41";"3";"1";"7";"6";"0";"1";"2";"1";"0"
"4093";"40484";"4093";"76";"1";"1";"7";"6";"0";"1";"1";"1";"0"
"4094";"40487";"4094";"18";"1";"1";"7";"6";"0";"1";"1";"1";"0"
"4095";"40487";"4095";"52";"3";"3";"1";"0";"0";"1";"1";"1";"0"
"4096";"40488";"4096";"71";"1";"1";"7";"6";"0";"1";"1";"1";"0"
"4097";"40488";"4097";"81";"3";"1";"7";"2";"0";"1";"1";"1";"0"
"4098";"40489";"4098";"41";"1";"1";"7";"2";"0";"3";"0";"1";"0"
"4099";"40489";"4099";"71";"1";"3";"1";"6";"0";"1";"1";"1";"0"
"4100";"40489";"4100";"71";"1";"1";"7";"6";"0";"1";"1";"1";"0"
"4101";"40490";"4101";"25";"1";"1";"2";"8";"0";"2";"1";"1";"0"
"4102";"40490";"4102";"81";"1";"1";"7";"0";"0";"2";"0";"1";"0"
"4103";"40491";"4103";"24";"1";"1";"7";"1";"0";"1";"1";"1";"0"
"4104";"40491";"4104";"72";"1";"1";"7";"6";"0";"1";"1";"1";"0"
"4105";"40491";"4105";"72";"1";"2";"2";"6";"1";"0";"1";"2";"0"
"4106";"40499";"4106";"41";"1";"1";"7";"2";"0";"1";"1";"1";"0"
"4107";"40503";"4107";"72";"1";"1";"7";"6";"0";"1";"1";"1";"0"
"4108";"40506";"4108";"73";"1";"1";"7";"4";"0";"1";"1";"1";"0"
"4109";"40512";"4109";"17";"3";"1";"7";"2";"0";"1";"0";"1";"0"
"4110";"40513";"4110";"24";"1";"1";"7";"2";"1";"0";"1";"2";"0"
"4111";"40516";"1798";"23";"1";"1";"7";"4";"0";"1";"1";"1";"0"
"4112";"40517";"4112";"51";"1";"1";"7";"4";"0";"1";"1";"1";"0"
"4113";"40517";"4113";"21";"1";"1";"7";"6";"0";"1";"1";"1";"0"
"4114";"40520";"4114";"64";"1";"1";"7";"6";"0";"1";"1";"1";"0"
"4115";"40524";"4115";"21";"3";"1";"7";"4";"0";"1";"1";"1";"0"
"4116";"40527";"4116";"52";"3";"1";"7";"2";"0";"1";"1";"1";"0"
"4117";"40529";"4117";"41";"1";"1";"7";"2";"0";"1";"1";"1";"0"
"4118";"40535";"4118";"51";"3";"1";"7";"6";"0";"1";"2";"1";"0"
"4119";"40536";"4119";"51";"1";"1";"7";"6";"0";"1";"1";"1";"0"
"4120";"40537";"4120";"61";"1";"3";"1";"3";"1";"0";"1";"2";"0"
"4121";"40544";"4121";"52";"5";"1";"7";"6";"0";"1";"1";"1";"0"
"4122";"40544";"4122";"25";"1";"1";"7";"6";"0";"1";"2";"1";"0"
"4123";"40544";"4123";"71";"1";"1";"7";"6";"0";"1";"1";"1";"0"
"4124";"40547";"4124";"23";"3";"1";"1";"5";"2";"0";"1";"2";"0"
"4125";"40547";"4125";"71";"1";"1";"7";"6";"0";"0";"1";"3";"0"
"4126";"40555";"4126";"24";"1";"3";"1";"2";"0";"1";"1";"1";"0"
"4127";"40559";"4127";"41";"3";"1";"7";"6";"0";"2";"1";"1";"0"
"4128";"40561";"4128";"20";"1";"1";"2";"1";"0";"1";"1";"1";"0"
"4129";"40564";"4129";"63";"1";"1";"1";"4";"1";"0";"1";"2";"0"
"4130";"40565";"4130";"71";"1";"1";"7";"6";"1";"0";"1";"2";"0"
"4131";"40574";"4131";"72";"1";"1";"7";"6";"0";"1";"1";"1";"0"
"4132";"40576";"4132";"72";"1";"1";"7";"6";"0";"1";"1";"1";"0"
"4133";"40576";"4133";"71";"1";"1";"7";"6";"0";"1";"1";"1";"0"
"4134";"40578";"4134";"72";"4";"3";"2";"6";"0";"1";"1";"1";"0"
"4135";"40579";"4135";"27";"1";"1";"7";"4";"0";"1";"0";"1";"0"
"4136";"40584";"4136";"64";"1";"1";"2";"4";"1";"0";"1";"2";"0"
"4137";"40586";"4137";"72";"1";"1";"7";"6";"0";"1";"1";"1";"0"
"4138";"40593";"4138";"22";"3";"1";"7";"6";"0";"1";"1";"1";"0"
"4139";"40593";"4139";"67";"1";"1";"7";"4";"0";"1";"1";"1";"0"
"4140";"40593";"4140";"71";"1";"1";"7";"6";"0";"1";"1";"1";"0"
"4141";"40595";"4141";"72";"1";"1";"7";"6";"0";"1";"1";"1";"0"
"4142";"40605";"4142";"81";"1";"1";"7";"6";"0";"1";"2";"1";"0"
"4143";"40618";"4143";"28";"3";"1";"7";"0";"1";"0";"0";"2";"0"
"4144";"40631";"4144";"26";"2";"1";"4";"2";"0";"2";"1";"1";"0"
"4145";"40631";"4145";"72";"1";"1";"7";"6";"0";"1";"1";"1";"0"
"4146";"40631";"4146";"71";"1";"1";"7";"6";"0";"1";"1";"1";"0"
"4147";"40633";"4147";"81";"3";"1";"7";"2";"0";"0";"1";"3";"0"
"4148";"40633";"4148";"64";"2";"1";"1";"4";"0";"1";"1";"1";"0"
"4149";"40646";"4149";"72";"1";"3";"2";"6";"1";"0";"1";"2";"0"
"4150";"40659";"4150";"14";"1";"1";"7";"5";"0";"1";"2";"1";"0"
"4151";"40660";"4151";"71";"1";"1";"7";"6";"0";"2";"1";"1";"0"
"4152";"40665";"4152";"64";"1";"1";"7";"4";"0";"1";"1";"1";"0"
"4153";"40676";"4153";"20";"1";"1";"7";"2";"0";"1";"1";"1";"0"
"4154";"40681";"4154";"26";"1";"1";"7";"1";"0";"1";"1";"1";"0"
"4155";"40682";"4155";"52";"1";"1";"7";"2";"0";"1";"1";"1";"0"
"4156";"40694";"4156";"72";"1";"1";"7";"4";"0";"1";"1";"1";"0"
"4157";"40696";"4157";"81";"3";"1";"7";"6";"1";"0";"3";"2";"0"
"4158";"40698";"4158";"51";"1";"1";"7";"6";"0";"1";"1";"1";"0"
"4159";"40700";"4159";"63";"1";"1";"7";"6";"0";"6";"0";"1";"0"