"accident_id";"lieu_id";"date_id";"cause_id";"lum_id";"intemp_id";"etat_surface_id";"impliq_id";"nb_blesses_graves";"nb_blesses_legers";"nb_indemnes";"gravite";"nb_morts"
"4160";"40706";"4160";"81";"3";"1";"7";"6";"0";"2";"1";"1";"0"
"4161";"40707";"4161";"62";"3";"1";"7";"2";"0";"1";"1";"1";"0"
"4162";"40708";"4162";"71";"1";"1";"7";"6";"0";"1";"1";"1";"0"
"4163";"40711";"4163";"51";"1";"1";"7";"5";"1";"0";"3";"2";"0"
"4164";"40712";"4164";"72";"1";"1";"7";"6";"1";"0";"1";"2";"0"
"4165";"40713";"4165";"71";"1";"1";"7";"6";"1";"0";"1";"2";"0"
"4166";"40713";"4166";"72";"1";"3";"2";"6";"0";"1";"1";"1";"0"
"4167";"40718";"4167";"67";"1";"1";"7";"5";"0";"1";"2";"1";"0"
"4168";"40718";"4168";"72";"1";"1";"7";"8";"1";"0";"1";"2";"0"
"4169";"40718";"4169";"71";"1";"1";"7";"5";"1";"0";"1";"2";"0"
"4170";"40718";"4170";"81";"3";"3";"1";"2";"0";"3";"2";"1";"0"
"4171";"40721";"4171";"61";"1";"1";"7";"4";"0";"1";"1";"1";"0"
"4172";"40728";"4172";"67";"1";"3";"1";"2";"0";"1";"1";"1";"0"
"4173";"40729";"4173";"71";"1";"1";"7";"6";"0";"1";"1";"1";"0"
"4174";"40729";"4174";"71";"1";"1";"7";"6";"0";"1";"1";"1";"0"
"4175";"40734";"4175";"72";"1";"1";"7";"6";"0";"1";"1";"1";"0"
"4176";"40739";"4176";"71";"1";"1";"7";"6";"0";"1";"1";"1";"0"
"4177";"40740";"4177";"52";"1";"3";"2";"6";"0";"1";"2";"1";"0"
"4178";"40742";"4178";"72";"1";"1";"7";"6";"0";"1";"1";"1";"0"
"4179";"40751";"4179";"26";"1";"1";"7";"1";"0";"0";"1";"3";"0"
"4180";"40751";"4180";"62";"1";"1";"7";"2";"0";"1";"1";"1";"0"
"4181";"40751";"3348";"71";"1";"1";"7";"6";"0";"1";"1";"1";"0"
"4182";"40751";"4182";"51";"1";"3";"2";"6";"0";"1";"3";"1";"0"
"4183";"40751";"4183";"26";"1";"1";"7";"1";"0";"1";"1";"1";"0"
"4184";"40751";"4184";"72";"1";"1";"7";"6";"1";"0";"1";"2";"0"
"4185";"40751";"4185";"26";"1";"1";"7";"2";"0";"1";"1";"1";"0"
"4186";"40751";"4186";"72";"1";"1";"7";"6";"0";"1";"1";"1";"0"
"4187";"40751";"4187";"21";"1";"1";"1";"6";"0";"1";"1";"1";"0"
"4188";"40751";"4188";"26";"1";"1";"7";"2";"0";"1";"1";"1";"0"
"4189";"40751";"4189";"64";"1";"1";"7";"6";"0";"1";"1";"1";"0"
"4190";"40751";"4190";"72";"1";"1";"7";"6";"1";"0";"1";"2";"0"
"4191";"40751";"4191";"26";"1";"1";"7";"1";"0";"1";"1";"1";"0"
"4192";"40751";"4192";"72";"1";"1";"7";"6";"0";"1";"2";"1";"0"
"4193";"40751";"4193";"26";"1";"1";"7";"2";"1";"0";"1";"2";"0"
"4194";"40751";"4194";"72";"1";"1";"7";"6";"1";"0";"1";"2";"0"
"4195";"40751";"4195";"64";"1";"1";"7";"6";"0";"1";"1";"1";"0"
"4196";"40751";"4196";"52";"3";"1";"7";"0";"1";"0";"0";"2";"0"
"4197";"40751";"4197";"52";"3";"2";"2";"0";"0";"2";"0";"1";"0"
"4198";"40752";"4198";"71";"1";"3";"2";"5";"1";"0";"1";"2";"0"
"4199";"40752";"4199";"25";"1";"1";"7";"7";"0";"1";"1";"1";"0"
"4200";"40752";"4200";"81";"3";"1";"7";"6";"0";"1";"1";"1";"0"
"4201";"40752";"4201";"24";"1";"1";"7";"6";"0";"2";"2";"1";"0"
"4202";"40752";"4202";"81";"2";"1";"7";"6";"0";"2";"0";"1";"0"
"4203";"40752";"4203";"72";"1";"1";"7";"6";"0";"1";"1";"1";"0"
"4204";"40752";"4204";"20";"1";"1";"7";"1";"0";"1";"0";"1";"0"
"4205";"40753";"4205";"71";"1";"1";"7";"6";"0";"1";"1";"1";"0"
"4206";"40754";"4206";"64";"1";"1";"7";"6";"0";"1";"1";"1";"0"
"4207";"40756";"4207";"72";"1";"1";"7";"6";"0";"1";"1";"1";"0"
"4208";"40756";"4208";"72";"1";"1";"7";"6";"0";"1";"1";"1";"0"
"4209";"40756";"4209";"12";"5";"1";"7";"2";"0";"1";"1";"1";"0"
"4210";"40756";"4210";"22";"3";"1";"7";"2";"1";"0";"1";"2";"0"
"4211";"40756";"4211";"41";"1";"1";"7";"1";"0";"1";"1";"1";"0"
"4212";"40756";"4212";"26";"1";"1";"7";"2";"0";"1";"1";"1";"0"
"4213";"40756";"4213";"52";"1";"1";"7";"0";"0";"1";"0";"1";"0"
"4214";"40756";"4214";"71";"1";"1";"7";"6";"1";"0";"1";"2";"0"
"4215";"40756";"4215";"26";"3";"1";"1";"2";"0";"1";"1";"1";"0"
"4216";"40756";"4216";"99";"2";"3";"1";"6";"0";"1";"1";"1";"0"
"4217";"40756";"4217";"81";"3";"3";"2";"6";"0";"1";"1";"1";"0"
"4218";"40773";"4218";"71";"1";"1";"7";"6";"0";"1";"1";"1";"0"
"4219";"40776";"4219";"72";"1";"1";"7";"6";"0";"1";"1";"1";"0"
"4220";"40778";"4220";"71";"1";"4";"2";"6";"0";"1";"1";"1";"0"
"4221";"40784";"4221";"72";"1";"1";"7";"6";"0";"1";"1";"1";"0"
"4222";"40786";"4222";"26";"1";"1";"7";"2";"0";"1";"1";"1";"0"
"4223";"40787";"4223";"71";"1";"1";"7";"6";"0";"1";"1";"1";"0"
"4224";"40802";"4224";"72";"3";"1";"7";"6";"1";"0";"1";"2";"0"
"4225";"40805";"4225";"65";"1";"1";"7";"4";"1";"0";"2";"2";"0"
"4226";"40806";"4226";"71";"5";"1";"7";"6";"0";"1";"1";"1";"0"
"4227";"40806";"4227";"52";"3";"1";"7";"0";"0";"1";"1";"1";"0"
"4228";"40808";"4228";"71";"1";"1";"7";"6";"1";"0";"1";"2";"0"
"4229";"40812";"4229";"52";"5";"1";"7";"6";"1";"0";"2";"2";"0"
"4230";"40814";"4230";"72";"1";"1";"7";"6";"0";"1";"1";"1";"0"
"4231";"40814";"4231";"72";"1";"1";"7";"6";"0";"1";"1";"1";"0"
"4232";"40816";"4232";"52";"3";"1";"7";"0";"0";"1";"0";"1";"0"
"4233";"40816";"4233";"21";"1";"1";"7";"6";"1";"0";"1";"2";"0"
"4234";"40816";"4234";"64";"4";"1";"7";"6";"0";"1";"1";"1";"0"
"4235";"40816";"4235";"67";"1";"1";"7";"5";"0";"1";"1";"1";"0"
"4236";"40816";"4236";"21";"1";"1";"7";"5";"0";"1";"1";"1";"0"
"4237";"40826";"4237";"52";"1";"1";"2";"2";"0";"1";"1";"1";"0"
"4238";"40830";"4238";"71";"1";"1";"7";"6";"0";"1";"1";"1";"0"
"4239";"40835";"4239";"72";"1";"1";"2";"6";"0";"1";"1";"1";"0"
"4240";"40840";"4240";"67";"1";"1";"7";"4";"0";"1";"1";"1";"0"
"4241";"40840";"4241";"61";"1";"1";"7";"4";"0";"1";"2";"1";"0"
"4242";"40840";"4242";"64";"1";"1";"7";"6";"0";"1";"1";"1";"0"
"4243";"40840";"4243";"67";"2";"1";"7";"5";"0";"1";"1";"1";"0"
"4244";"40841";"4244";"73";"1";"1";"2";"4";"1";"1";"0";"2";"0"
"4245";"40842";"4245";"32";"1";"1";"7";"6";"0";"2";"1";"1";"0"
"4246";"40842";"4246";"71";"1";"1";"7";"6";"0";"1";"1";"1";"0"
"4247";"40843";"4247";"22";"3";"1";"7";"5";"1";"0";"1";"2";"0"
"4248";"40843";"4248";"67";"2";"1";"7";"4";"0";"2";"1";"1";"0"
"4249";"40844";"4249";"61";"1";"1";"7";"4";"0";"1";"1";"1";"0"
"4250";"40844";"4250";"86";"1";"1";"7";"6";"0";"1";"1";"1";"0"
"4251";"40849";"4251";"72";"2";"3";"1";"6";"0";"1";"1";"1";"0"
"4252";"40852";"4252";"51";"3";"1";"7";"6";"0";"1";"3";"1";"0"
"4253";"40853";"4253";"52";"1";"1";"7";"0";"0";"1";"0";"1";"0"
"4254";"40853";"4254";"71";"1";"1";"7";"4";"0";"1";"1";"1";"0"
"4255";"40853";"4255";"18";"1";"3";"1";"4";"0";"1";"2";"1";"0"
"4256";"40854";"4256";"52";"1";"1";"7";"2";"0";"1";"1";"1";"0"
"4257";"40854";"4257";"81";"1";"1";"7";"0";"0";"1";"0";"1";"0"
"4258";"40861";"4258";"72";"1";"1";"7";"6";"0";"1";"1";"1";"0"
"4259";"40861";"4259";"71";"1";"1";"7";"6";"0";"1";"1";"1";"0"
"4260";"40861";"4260";"72";"3";"1";"7";"6";"0";"1";"1";"1";"0"
"4261";"40864";"4261";"71";"1";"1";"7";"6";"1";"0";"1";"2";"0"
"4262";"40868";"4262";"24";"1";"1";"7";"2";"0";"1";"1";"1";"0"
"4263";"40869";"4263";"72";"1";"1";"7";"6";"0";"1";"1";"1";"0"
"4264";"40879";"4264";"64";"1";"1";"7";"3";"0";"1";"1";"1";"0"
"4265";"40883";"4265";"52";"1";"1";"7";"6";"0";"5";"0";"1";"0"
"4266";"40883";"4266";"64";"1";"1";"7";"3";"0";"1";"1";"1";"0"
"4267";"40885";"4267";"32";"1";"1";"7";"6";"0";"1";"1";"1";"0"
"4268";"40886";"4268";"41";"1";"1";"7";"6";"0";"1";"1";"1";"0"
"4269";"40886";"4269";"65";"1";"1";"7";"4";"0";"1";"1";"1";"0"
"4270";"40889";"4270";"25";"2";"3";"2";"6";"0";"2";"1";"1";"0"
"4271";"40889";"4271";"32";"1";"1";"7";"6";"0";"1";"1";"1";"0"
"4272";"40889";"4272";"51";"1";"3";"2";"6";"0";"1";"2";"1";"0"
"4273";"40889";"4273";"72";"1";"1";"2";"3";"0";"1";"1";"1";"0"
"4274";"40889";"4274";"52";"4";"3";"1";"0";"0";"2";"0";"1";"0"
"4275";"40890";"4275";"81";"1";"1";"7";"8";"0";"1";"2";"1";"0"
"4276";"40890";"4276";"71";"1";"1";"7";"6";"0";"1";"1";"1";"0"
"4277";"40907";"4277";"32";"1";"1";"7";"6";"0";"1";"1";"1";"0"
"4278";"40907";"4278";"28";"1";"1";"7";"9";"0";"1";"1";"1";"0"
"4279";"40912";"4279";"25";"1";"1";"7";"6";"0";"1";"1";"1";"0"
"4280";"40918";"4280";"52";"3";"1";"7";"0";"0";"1";"0";"1";"0"
"4281";"40925";"4281";"71";"1";"1";"7";"6";"0";"1";"1";"1";"0"
"4282";"40925";"4282";"71";"1";"3";"1";"6";"0";"1";"1";"1";"0"
"4283";"40926";"4283";"16";"1";"1";"7";"6";"0";"1";"1";"1";"0"
"4284";"40929";"4284";"63";"3";"2";"1";"6";"0";"1";"2";"1";"0"
"4285";"40930";"4285";"51";"3";"3";"2";"3";"0";"1";"1";"1";"0"
"4286";"40930";"4286";"52";"3";"1";"1";"0";"0";"1";"0";"1";"0"
"4287";"40934";"4287";"72";"1";"1";"7";"6";"0";"1";"1";"1";"0"
"4288";"40934";"4288";"18";"1";"1";"7";"6";"0";"1";"2";"1";"0"
"4289";"40936";"4289";"62";"1";"1";"7";"3";"0";"1";"1";"1";"0"
"4290";"40936";"4290";"81";"3";"1";"7";"6";"1";"0";"2";"2";"0"
"4291";"40936";"4291";"74";"3";"1";"7";"6";"0";"1";"1";"1";"0"
"4292";"40936";"4292";"52";"3";"2";"1";"0";"0";"3";"0";"1";"0"
"4293";"40937";"4293";"51";"3";"1";"7";"6";"0";"1";"1";"1";"0"
"4294";"40938";"4294";"26";"1";"1";"7";"2";"0";"1";"1";"1";"0"
"4295";"40938";"4295";"63";"2";"3";"2";"4";"0";"1";"1";"1";"0"
"4296";"40939";"4296";"51";"1";"1";"7";"6";"1";"0";"2";"2";"0"
"4297";"40940";"4297";"51";"1";"1";"7";"6";"0";"2";"3";"1";"0"
"4298";"40940";"4298";"71";"1";"1";"7";"6";"1";"0";"1";"2";"0"
"4299";"40940";"4299";"23";"3";"2";"2";"5";"0";"2";"1";"1";"0"
"4300";"40940";"4300";"81";"3";"2";"1";"0";"2";"2";"0";"2";"0"
"4301";"40941";"4301";"64";"1";"1";"7";"6";"0";"2";"0";"1";"0"
"4302";"40941";"4302";"71";"3";"1";"7";"6";"0";"1";"1";"1";"0"
"4303";"40941";"4303";"81";"3";"3";"1";"6";"1";"0";"1";"2";"0"
"4304";"40941";"4304";"24";"3";"1";"7";"2";"0";"1";"1";"1";"0"
"4305";"40945";"4305";"64";"1";"1";"7";"6";"0";"1";"1";"1";"0"
"4306";"40947";"4306";"72";"1";"1";"7";"8";"0";"1";"1";"1";"0"
"4307";"40947";"4307";"71";"1";"1";"7";"6";"0";"1";"1";"1";"0"
"4308";"40961";"4308";"81";"1";"1";"7";"6";"0";"1";"2";"1";"0"
"4309";"40965";"4309";"64";"1";"1";"7";"1";"0";"1";"1";"1";"0"
"4310";"40973";"4310";"64";"1";"1";"7";"6";"0";"2";"1";"1";"0"
"4311";"40973";"4311";"61";"1";"1";"7";"3";"0";"1";"1";"1";"0"
"4312";"40973";"4312";"64";"1";"1";"7";"6";"0";"1";"2";"1";"0"
"4313";"40989";"4313";"52";"1";"1";"7";"6";"0";"1";"1";"1";"0"
"4314";"40994";"4314";"75";"1";"1";"7";"6";"0";"1";"1";"1";"0"
"4315";"40994";"4315";"81";"1";"1";"7";"1";"0";"1";"1";"1";"0"
"4316";"40995";"4316";"21";"1";"1";"7";"6";"0";"1";"1";"1";"0"
"4317";"40997";"4317";"72";"1";"1";"7";"6";"0";"1";"1";"1";"0"
"4318";"40999";"4318";"26";"1";"1";"7";"1";"0";"1";"1";"1";"0"
"4319";"40999";"4319";"71";"1";"1";"7";"6";"0";"1";"1";"1";"0"
"4320";"41000";"4320";"81";"3";"1";"7";"1";"1";"1";"1";"2";"0"
"4321";"41000";"4321";"71";"5";"1";"7";"6";"0";"1";"1";"1";"0"
"4322";"41002";"4322";"71";"1";"1";"7";"6";"1";"0";"1";"2";"0"
"4323";"41003";"4323";"81";"1";"1";"7";"1";"0";"1";"1";"1";"0"
"4324";"41003";"4324";"72";"1";"1";"7";"6";"0";"1";"1";"1";"0"
"4325";"41013";"4325";"52";"5";"1";"7";"0";"0";"3";"1";"1";"0"
"4326";"41013";"4326";"52";"3";"1";"7";"0";"0";"1";"1";"1";"0"
"4327";"41013";"4327";"52";"1";"1";"7";"6";"0";"2";"0";"1";"0"
"4328";"41013";"4328";"51";"1";"3";"1";"6";"0";"2";"0";"1";"0"
"4329";"41014";"4329";"52";"3";"1";"7";"0";"0";"1";"0";"1";"0"
"4330";"41014";"4330";"51";"1";"1";"7";"6";"0";"1";"1";"1";"0"
"4331";"41014";"3118";"41";"1";"1";"7";"4";"0";"1";"1";"1";"0"
"4332";"41014";"4332";"18";"1";"1";"7";"6";"0";"1";"1";"1";"0"
"4333";"41014";"4333";"52";"3";"2";"2";"0";"0";"3";"0";"1";"0"
"4334";"41014";"4334";"52";"5";"1";"7";"0";"0";"1";"0";"1";"0"
"4335";"41014";"4335";"51";"4";"1";"7";"6";"0";"2";"1";"1";"0"
"4336";"41014";"4336";"18";"2";"1";"1";"6";"0";"2";"2";"1";"0"
"4337";"41014";"4337";"18";"3";"1";"7";"6";"0";"1";"2";"1";"0"
"4338";"41017";"4338";"72";"5";"2";"1";"6";"0";"1";"1";"1";"0"
"4339";"41018";"4339";"51";"3";"1";"7";"3";"0";"1";"1";"1";"0"
"4340";"41018";"4340";"52";"1";"1";"7";"3";"0";"1";"1";"1";"0"
"4341";"41018";"4341";"51";"1";"1";"7";"6";"0";"1";"1";"1";"0"
"4342";"41019";"4342";"21";"3";"3";"2";"6";"0";"1";"1";"1";"0"
"4343";"41021";"4343";"85";"3";"1";"2";"6";"1";"0";"1";"2";"0"
"4344";"41021";"4344";"52";"3";"1";"1";"0";"0";"1";"0";"1";"0"
"4345";"41022";"4345";"51";"1";"1";"7";"6";"0";"1";"1";"1";"0"
"4346";"41022";"4346";"52";"1";"3";"2";"0";"1";"1";"0";"2";"0"
"4347";"41022";"4347";"52";"1";"1";"7";"0";"0";"1";"0";"1";"0"
"4348";"41024";"4348";"51";"1";"1";"7";"6";"0";"1";"1";"1";"0"
"4349";"41024";"4349";"52";"1";"1";"7";"0";"0";"1";"0";"1";"0"
"4350";"41026";"4350";"52";"3";"1";"2";"2";"0";"1";"1";"1";"0"
"4351";"41026";"4351";"52";"3";"1";"7";"0";"0";"1";"0";"1";"0"
"4352";"41028";"4352";"24";"3";"1";"7";"6";"0";"1";"2";"1";"0"
"4353";"41028";"4353";"52";"2";"1";"2";"0";"1";"0";"0";"2";"0"
"4354";"41031";"4354";"35";"5";"1";"7";"6";"1";"1";"3";"2";"0"
"4355";"41031";"4355";"18";"1";"3";"1";"6";"0";"1";"1";"1";"0"
"4356";"41031";"4356";"52";"3";"1";"7";"0";"0";"1";"1";"1";"0"
"4357";"41033";"4357";"51";"5";"1";"7";"6";"1";"0";"1";"2";"0"
"4358";"41036";"4358";"52";"3";"1";"7";"0";"0";"1";"0";"1";"0"
"4359";"41037";"4359";"41";"3";"1";"7";"6";"0";"1";"1";"1";"0"
"4360";"41041";"4360";"63";"1";"1";"7";"4";"0";"1";"0";"3";"0"
"4361";"41042";"4361";"81";"5";"1";"7";"2";"0";"1";"1";"1";"0"
"4362";"41053";"4362";"41";"1";"1";"7";"9";"0";"1";"0";"1";"0"
"4363";"41073";"4363";"51";"1";"1";"7";"7";"0";"1";"2";"1";"0"
"4364";"41078";"4364";"51";"1";"1";"2";"6";"0";"2";"1";"1";"0"
"4365";"41079";"4365";"72";"1";"1";"7";"6";"0";"1";"1";"1";"0"
"4366";"41083";"4366";"52";"1";"1";"2";"0";"0";"1";"0";"1";"0"
"4367";"41083";"4367";"81";"3";"1";"7";"0";"0";"5";"0";"1";"0"
"4368";"41084";"4368";"18";"1";"1";"7";"3";"0";"1";"1";"1";"0"
"4369";"41084";"4369";"51";"2";"1";"7";"6";"0";"1";"1";"1";"0"
"4370";"41109";"4370";"51";"3";"1";"7";"6";"0";"3";"0";"1";"0"
"4371";"41109";"4371";"11";"1";"1";"7";"6";"0";"2";"0";"1";"0"
"4372";"41126";"4372";"86";"1";"1";"7";"6";"0";"1";"2";"1";"0"
"4373";"41129";"4373";"81";"1";"1";"7";"1";"0";"2";"2";"1";"0"
"4374";"41129";"4374";"52";"1";"3";"2";"0";"0";"1";"0";"1";"0"
"4375";"41129";"4375";"81";"3";"3";"1";"5";"1";"0";"1";"2";"0"
"4376";"41130";"4376";"51";"1";"1";"7";"6";"0";"1";"2";"1";"0"
"4377";"41130";"4377";"72";"1";"1";"7";"6";"0";"1";"1";"1";"0"
"4378";"41132";"4378";"52";"1";"3";"2";"6";"0";"1";"1";"1";"0"
"4379";"41132";"4379";"24";"1";"1";"7";"6";"0";"1";"3";"1";"0"
"4380";"41132";"4380";"81";"3";"1";"1";"6";"0";"1";"1";"1";"0"
"4381";"41132";"4381";"41";"5";"1";"7";"6";"0";"1";"1";"1";"0"
"4382";"41132";"4382";"52";"1";"2";"1";"0";"0";"1";"0";"1";"0"
"4383";"41132";"4383";"51";"1";"3";"2";"6";"0";"2";"2";"1";"0"
"4384";"41136";"4384";"41";"5";"1";"7";"6";"0";"1";"1";"1";"0"
"4385";"41137";"4385";"41";"3";"7";"7";"6";"0";"2";"0";"1";"0"
"4386";"41140";"4386";"72";"1";"1";"2";"6";"0";"1";"1";"1";"0"
"4387";"41145";"4387";"18";"1";"1";"7";"4";"0";"1";"1";"1";"0"
"4388";"41152";"4388";"71";"3";"1";"7";"6";"1";"0";"1";"2";"0"
"4389";"41152";"4389";"72";"1";"1";"7";"6";"1";"0";"1";"2";"0"
"4390";"41152";"4390";"51";"1";"1";"7";"6";"0";"1";"1";"1";"0"
"4391";"41163";"4391";"51";"1";"3";"2";"6";"0";"3";"2";"1";"0"
"4392";"41166";"4392";"72";"4";"1";"7";"6";"0";"1";"1";"1";"0"
"4393";"41169";"4393";"51";"1";"1";"7";"6";"0";"1";"1";"1";"0"
"4394";"41169";"4394";"51";"1";"3";"2";"6";"0";"1";"2";"1";"0"
"4395";"41173";"4395";"52";"3";"1";"7";"0";"0";"2";"0";"1";"0"
"4396";"41176";"4396";"52";"3";"1";"7";"0";"0";"0";"0";"3";"0"
"4397";"41186";"4397";"41";"5";"1";"7";"0";"0";"2";"0";"1";"0"
"4398";"41190";"4398";"14";"1";"1";"7";"6";"0";"1";"1";"1";"0"
"4399";"41190";"4399";"14";"5";"1";"7";"6";"0";"1";"2";"1";"0"
"4400";"41191";"4400";"51";"1";"1";"7";"6";"1";"1";"1";"2";"0"
"4401";"41191";"4401";"52";"1";"1";"1";"0";"0";"1";"0";"1";"0"
"4402";"41191";"4402";"74";"1";"1";"7";"6";"0";"1";"1";"1";"0"
"4403";"41191";"4403";"72";"3";"2";"1";"6";"0";"1";"1";"1";"0"
"4404";"41192";"4404";"26";"1";"1";"7";"2";"0";"1";"1";"1";"0"
"4405";"41193";"4405";"72";"1";"1";"7";"6";"1";"0";"1";"2";"0"
"4406";"41194";"4406";"72";"1";"1";"7";"6";"0";"1";"1";"1";"0"
"4407";"41194";"4407";"81";"3";"1";"7";"0";"1";"0";"0";"2";"0"
"4408";"41195";"4408";"26";"1";"1";"7";"2";"1";"1";"0";"2";"0"
"4409";"41202";"4409";"62";"1";"1";"7";"2";"0";"1";"1";"1";"0"
"4410";"41202";"4410";"51";"1";"1";"7";"2";"0";"1";"1";"1";"0"
"4411";"41203";"4411";"72";"1";"1";"7";"6";"0";"1";"1";"1";"0"
"4412";"41207";"4412";"52";"3";"1";"2";"0";"0";"2";"0";"1";"0"
"4413";"41207";"4413";"51";"1";"1";"7";"6";"0";"2";"2";"1";"0"
"4414";"41211";"4414";"71";"1";"1";"7";"6";"0";"1";"1";"1";"0"
"4415";"41211";"4415";"72";"1";"1";"7";"6";"0";"1";"1";"1";"0"
"4416";"41212";"4416";"71";"1";"1";"7";"6";"0";"1";"1";"1";"0"
"4417";"41234";"4417";"52";"2";"1";"2";"6";"0";"1";"1";"1";"0"
"4418";"41234";"4418";"51";"3";"1";"7";"6";"0";"2";"1";"1";"0"
"4419";"41234";"4419";"51";"3";"1";"7";"6";"0";"2";"0";"1";"0"
"4420";"41234";"4420";"81";"3";"3";"1";"0";"0";"1";"0";"1";"0"
"4421";"41235";"4421";"52";"3";"1";"7";"0";"0";"1";"0";"1";"0"
"4422";"41235";"4422";"28";"1";"1";"7";"6";"1";"0";"0";"3";"0"
"4423";"41235";"4423";"15";"3";"1";"7";"4";"0";"1";"1";"1";"0"
"4424";"41236";"4424";"41";"3";"1";"7";"6";"0";"1";"2";"1";"0"
"4425";"41236";"4425";"41";"1";"1";"7";"4";"0";"1";"1";"1";"0"
"4426";"41236";"4426";"35";"1";"1";"7";"6";"0";"1";"1";"1";"0"
"4427";"41236";"4427";"35";"1";"1";"7";"6";"0";"2";"1";"1";"0"
"4428";"41236";"4428";"35";"1";"3";"2";"6";"0";"1";"2";"1";"0"
"4429";"41236";"4429";"41";"3";"1";"7";"6";"0";"2";"0";"1";"0"
"4430";"41236";"4430";"51";"3";"1";"7";"6";"0";"1";"2";"1";"0"
"4431";"41236";"4431";"81";"3";"1";"1";"0";"0";"1";"1";"1";"0"
"4432";"41236";"4432";"52";"1";"1";"3";"6";"0";"1";"2";"1";"0"
"4433";"41236";"4433";"81";"3";"1";"7";"6";"2";"1";"0";"2";"0"
"4434";"41236";"4434";"52";"3";"1";"7";"0";"0";"1";"1";"1";"0"
"4435";"41236";"4435";"51";"1";"1";"7";"6";"0";"1";"1";"1";"0"
"4436";"41236";"4436";"52";"1";"1";"7";"0";"0";"2";"0";"1";"0"
"4437";"41236";"4437";"52";"2";"1";"5";"0";"0";"1";"0";"1";"0"
"4438";"41237";"4438";"41";"1";"1";"7";"6";"0";"1";"1";"1";"0"
"4439";"41237";"4439";"52";"3";"3";"2";"0";"0";"1";"0";"1";"0"
"4440";"41237";"4440";"52";"3";"1";"7";"0";"0";"1";"0";"1";"0"
"4441";"41237";"4441";"41";"1";"1";"7";"6";"0";"1";"1";"1";"0"
"4442";"41239";"4442";"52";"3";"3";"2";"0";"0";"3";"0";"1";"0"
"4443";"41239";"4443";"51";"1";"1";"7";"6";"0";"1";"1";"1";"0"
"4444";"41239";"4444";"81";"3";"1";"7";"6";"0";"1";"2";"1";"0"
"4445";"41239";"4445";"52";"1";"1";"7";"0";"0";"1";"0";"1";"0"
"4446";"41239";"4446";"41";"5";"1";"7";"6";"0";"3";"4";"1";"0"
"4447";"41239";"4447";"52";"3";"3";"1";"0";"0";"1";"0";"1";"0"
"4448";"41239";"4448";"51";"1";"3";"2";"6";"0";"1";"3";"1";"0"
"4449";"41241";"4449";"21";"1";"1";"7";"4";"0";"2";"0";"1";"0"
"4450";"41252";"4450";"51";"3";"1";"7";"6";"0";"2";"2";"1";"0"
"4451";"41252";"4451";"81";"3";"3";"1";"2";"0";"1";"1";"1";"0"
"4452";"41253";"4452";"11";"3";"1";"7";"6";"0";"1";"2";"1";"0"
"4453";"41253";"4453";"11";"2";"3";"2";"5";"0";"2";"0";"1";"0"
"4454";"41254";"4454";"24";"1";"1";"7";"6";"0";"1";"1";"1";"0"
"4455";"41254";"4455";"18";"1";"1";"7";"7";"0";"1";"2";"1";"0"
"4456";"41254";"4456";"52";"3";"3";"1";"0";"0";"2";"1";"1";"0"
"4457";"41256";"4457";"13";"1";"1";"7";"5";"0";"2";"1";"1";"0"
"4458";"41257";"4458";"52";"3";"1";"6";"0";"0";"1";"0";"1";"0"
"4459";"41258";"4459";"52";"3";"3";"2";"0";"0";"1";"0";"1";"0"
"4460";"41261";"4460";"73";"1";"1";"7";"6";"1";"0";"1";"2";"0"
"4461";"41276";"4461";"11";"1";"1";"7";"6";"0";"2";"1";"1";"0"
"4462";"41279";"4462";"53";"1";"1";"7";"6";"0";"1";"2";"1";"0"
"4463";"41279";"4463";"52";"1";"1";"3";"0";"0";"1";"0";"1";"0"
"4464";"41279";"4464";"52";"3";"4";"3";"6";"0";"4";"0";"1";"0"
"4465";"41279";"4465";"52";"5";"1";"4";"0";"0";"1";"0";"1";"0"
"4466";"41282";"4466";"51";"1";"1";"7";"6";"0";"1";"1";"1";"0"
"4467";"41282";"4467";"52";"1";"1";"2";"0";"0";"1";"0";"1";"0"
"4468";"41288";"4468";"26";"1";"1";"7";"2";"0";"1";"1";"1";"0"
"4469";"41297";"4469";"52";"1";"1";"2";"0";"0";"0";"0";"3";"0"
"4470";"41299";"4470";"71";"1";"3";"2";"6";"0";"0";"1";"3";"0"
"4471";"41300";"4471";"22";"1";"1";"7";"7";"0";"1";"1";"1";"0"
"4472";"41306";"4472";"51";"3";"1";"7";"6";"0";"1";"4";"1";"0"
"4473";"41307";"4473";"18";"1";"1";"7";"7";"0";"1";"2";"1";"0"
"4474";"41308";"4474";"72";"1";"1";"7";"6";"1";"0";"1";"2";"0"
"4475";"41320";"4475";"52";"3";"4";"3";"0";"0";"1";"0";"1";"0"
"4476";"41321";"4476";"21";"3";"1";"7";"6";"0";"1";"2";"1";"0"
"4477";"41322";"4477";"72";"1";"1";"7";"6";"0";"1";"1";"1";"0"
"4478";"41335";"4478";"24";"3";"1";"1";"2";"0";"1";"1";"1";"0"
"4479";"41335";"4479";"74";"1";"1";"7";"6";"1";"0";"1";"2";"0"
"4480";"41360";"4480";"21";"1";"4";"3";"6";"0";"1";"1";"1";"0"
"4481";"41370";"4481";"52";"1";"1";"7";"0";"0";"1";"1";"1";"0"
"4482";"41373";"4482";"36";"1";"3";"2";"6";"0";"2";"1";"1";"0"
"4483";"41373";"4483";"36";"1";"1";"1";"6";"0";"1";"1";"1";"0"
"4484";"41374";"4484";"52";"1";"3";"1";"8";"0";"1";"1";"1";"0"
"4485";"41383";"4485";"52";"3";"3";"2";"0";"0";"2";"0";"1";"0"
"4486";"41383";"4486";"11";"1";"1";"7";"6";"0";"1";"1";"1";"0"
"4487";"41383";"4487";"51";"1";"1";"1";"6";"0";"1";"1";"1";"0"
"4488";"41383";"4488";"11";"3";"1";"7";"2";"0";"1";"1";"1";"0"
"4489";"41383";"4489";"21";"3";"3";"1";"7";"0";"1";"2";"1";"0"
"4490";"41383";"4490";"52";"1";"3";"2";"2";"0";"1";"1";"1";"0"
"4491";"41390";"4491";"72";"3";"1";"2";"6";"0";"1";"1";"1";"0"
"4492";"41390";"4492";"62";"1";"1";"7";"2";"1";"0";"1";"2";"0"
"4493";"41403";"4493";"21";"3";"2";"1";"6";"0";"2";"0";"1";"0"
"4494";"41406";"4494";"51";"3";"1";"7";"6";"0";"1";"1";"1";"0"