"accident_id";"lieu_id";"date_id";"cause_id";"lum_id";"intemp_id";"etat_surface_id";"impliq_id";"nb_blesses_graves";"nb_blesses_legers";"nb_indemnes";"gravite";"nb_morts"
"4495";"41417";"4495";"72";"1";"3";"1";"6";"0";"1";"1";"1";"0"
"4496";"41417";"4496";"52";"3";"1";"7";"0";"0";"1";"1";"1";"0"
"4497";"41417";"4497";"52";"1";"1";"7";"0";"0";"1";"0";"1";"0"
"4498";"41421";"4498";"36";"1";"3";"2";"6";"0";"3";"0";"1";"0"
"4499";"41421";"4499";"21";"2";"3";"1";"6";"0";"2";"0";"1";"0"
"4500";"41421";"4500";"52";"5";"1";"7";"6";"1";"0";"1";"2";"0"
"4501";"41422";"4501";"21";"1";"1";"2";"6";"1";"3";"0";"2";"0"
"4502";"41422";"4502";"81";"3";"1";"7";"6";"0";"1";"2";"1";"0"
"4503";"41422";"4503";"72";"1";"1";"1";"6";"0";"1";"1";"1";"0"
"4504";"41422";"4504";"72";"3";"1";"7";"6";"0";"0";"1";"3";"0"
"4505";"41422";"4505";"36";"1";"1";"7";"6";"0";"2";"1";"1";"0"
"4506";"41422";"4506";"72";"1";"1";"7";"6";"0";"1";"1";"1";"0"
"4507";"41422";"4507";"21";"2";"1";"7";"6";"0";"1";"2";"1";"0"
"4508";"41422";"4508";"51";"1";"1";"7";"5";"0";"1";"1";"1";"0"
"4509";"41422";"4509";"18";"1";"1";"7";"5";"0";"1";"1";"1";"0"
"4510";"41422";"4510";"52";"2";"3";"2";"6";"0";"2";"1";"1";"0"
"4511";"41422";"4511";"51";"3";"3";"2";"6";"0";"2";"0";"1";"0"
"4512";"41424";"4512";"51";"2";"1";"7";"6";"0";"1";"2";"1";"0"
"4513";"41425";"4513";"41";"1";"1";"7";"6";"0";"2";"1";"1";"0"
"4514";"41425";"4514";"64";"1";"1";"7";"3";"0";"1";"1";"1";"0"
"4515";"41425";"4515";"52";"5";"1";"7";"0";"0";"2";"1";"1";"0"
"4516";"41425";"4516";"36";"1";"1";"2";"3";"0";"1";"1";"1";"0"
"4517";"41425";"4517";"52";"3";"3";"2";"0";"0";"3";"0";"1";"0"
"4518";"41427";"4518";"53";"1";"1";"7";"6";"0";"1";"2";"1";"0"
"4519";"41427";"4519";"72";"3";"3";"2";"6";"0";"1";"2";"1";"0"
"4520";"41445";"4520";"41";"1";"1";"7";"6";"0";"1";"1";"1";"0"
"4521";"41448";"4521";"72";"1";"1";"7";"6";"0";"1";"1";"1";"0"
"4522";"41454";"4522";"63";"1";"1";"7";"5";"0";"1";"1";"1";"0"
"4523";"41454";"4523";"51";"1";"1";"2";"6";"0";"1";"2";"1";"0"
"4524";"41454";"4524";"51";"3";"1";"7";"3";"0";"1";"1";"1";"0"
"4525";"41454";"4525";"72";"3";"2";"2";"6";"1";"0";"1";"2";"0"
"4526";"41455";"4526";"71";"1";"1";"7";"6";"0";"1";"1";"1";"0"
"4527";"41456";"4527";"72";"2";"2";"2";"6";"0";"1";"1";"1";"0"
"4528";"41460";"4528";"72";"1";"1";"7";"6";"0";"1";"1";"1";"0"
"4529";"41460";"4529";"72";"1";"1";"7";"6";"0";"1";"1";"1";"0"
"4530";"41462";"4530";"72";"1";"1";"7";"6";"0";"1";"1";"1";"0"
"4531";"41462";"4531";"72";"1";"1";"7";"6";"0";"1";"1";"1";"0"
"4532";"41462";"4532";"51";"1";"1";"7";"6";"0";"1";"2";"1";"0"
"4533";"41470";"4533";"52";"2";"1";"7";"0";"0";"1";"0";"1";"0"
"4534";"41474";"4534";"53";"1";"1";"7";"0";"0";"0";"0";"3";"0"
"4535";"41477";"4535";"52";"1";"1";"1";"0";"0";"1";"0";"1";"0"
"4536";"41508";"4536";"72";"1";"1";"7";"6";"0";"1";"1";"1";"0"
"4537";"41509";"4537";"51";"1";"1";"7";"3";"0";"1";"1";"1";"0"
"4538";"41509";"4538";"71";"1";"2";"1";"6";"1";"0";"1";"2";"0"
"4539";"41521";"4539";"71";"1";"1";"7";"6";"0";"1";"1";"1";"0"
"4540";"41531";"4540";"71";"3";"1";"7";"5";"1";"1";"0";"2";"0"
"4541";"41531";"4541";"20";"1";"1";"7";"6";"0";"1";"1";"1";"0"
"4542";"41531";"4542";"81";"3";"1";"7";"6";"0";"2";"0";"1";"0"
"4543";"41532";"4543";"51";"1";"3";"2";"6";"0";"1";"2";"1";"0"
"4544";"41532";"4544";"71";"1";"1";"7";"6";"0";"1";"2";"1";"0"
"4545";"41537";"4545";"72";"1";"1";"7";"6";"0";"1";"1";"1";"0"
"4546";"41540";"4546";"72";"1";"1";"7";"6";"0";"1";"1";"1";"0"
"4547";"41544";"4547";"41";"1";"1";"7";"6";"0";"1";"1";"1";"0"
"4548";"41544";"4548";"26";"1";"1";"7";"2";"0";"1";"1";"1";"0"
"4549";"41554";"4549";"26";"1";"1";"7";"2";"0";"1";"1";"1";"0"
"4550";"41554";"4550";"72";"1";"1";"7";"6";"0";"1";"1";"1";"0"
"4551";"41554";"4551";"71";"1";"1";"7";"6";"0";"1";"1";"1";"0"
"4552";"41555";"4552";"72";"1";"1";"7";"6";"0";"1";"1";"1";"0"
"4553";"41566";"4553";"51";"1";"3";"2";"6";"0";"1";"1";"1";"0"
"4554";"41576";"4554";"72";"1";"1";"7";"6";"0";"1";"1";"1";"0"
"4555";"41576";"4555";"72";"1";"1";"7";"6";"0";"1";"1";"1";"0"
"4556";"41576";"4556";"52";"1";"1";"7";"0";"0";"3";"0";"1";"0"
"4557";"41576";"4557";"63";"3";"1";"2";"6";"0";"1";"1";"1";"0"
"4558";"41576";"4558";"52";"1";"1";"7";"6";"1";"3";"0";"2";"0"
"4559";"41576";"4559";"52";"3";"3";"1";"6";"0";"1";"1";"1";"0"
"4560";"41576";"4560";"71";"3";"7";"7";"6";"0";"1";"1";"1";"0"
"4561";"41576";"4561";"71";"3";"1";"2";"6";"1";"0";"1";"2";"0"
"4562";"41577";"4562";"72";"1";"1";"7";"6";"0";"1";"1";"1";"0"
"4563";"41577";"4563";"72";"1";"1";"7";"6";"0";"1";"1";"1";"0"
"4564";"41578";"4564";"64";"1";"1";"7";"6";"0";"1";"1";"1";"0"
"4565";"41579";"4565";"51";"1";"1";"7";"6";"0";"1";"1";"1";"0"
"4566";"41593";"4566";"41";"3";"1";"7";"4";"0";"1";"1";"1";"0"
"4567";"41593";"4567";"51";"1";"1";"7";"7";"0";"1";"1";"1";"0"
"4568";"41593";"4568";"72";"3";"1";"7";"6";"0";"1";"1";"1";"0"
"4569";"41598";"4378";"52";"1";"3";"2";"6";"0";"1";"1";"1";"0"
"4570";"41598";"4570";"81";"3";"1";"7";"6";"0";"0";"2";"3";"0"
"4571";"41598";"4571";"71";"2";"1";"7";"6";"1";"0";"1";"2";"0"
"4572";"41598";"4572";"51";"5";"1";"7";"6";"0";"1";"2";"1";"0"
"4573";"41598";"4573";"51";"1";"1";"7";"6";"0";"1";"1";"1";"0"
"4574";"41598";"4574";"16";"1";"1";"7";"6";"0";"6";"0";"1";"0"
"4575";"41598";"4575";"51";"1";"1";"7";"6";"0";"1";"2";"1";"0"
"4576";"41598";"4576";"72";"3";"3";"2";"6";"1";"0";"1";"2";"0"
"4577";"41599";"4577";"51";"1";"1";"7";"6";"0";"1";"2";"1";"0"
"4578";"41599";"4578";"52";"1";"1";"7";"0";"0";"1";"0";"1";"0"
"4579";"41599";"4579";"18";"3";"1";"7";"6";"0";"3";"1";"1";"0"
"4580";"41599";"4580";"72";"3";"1";"7";"6";"1";"0";"1";"2";"0"
"4581";"41599";"467";"51";"1";"1";"7";"6";"0";"3";"2";"1";"0"
"4582";"41599";"4582";"18";"1";"1";"7";"6";"0";"1";"1";"1";"0"
"4583";"41599";"4583";"81";"3";"3";"1";"2";"1";"0";"1";"2";"0"
"4584";"41599";"4584";"51";"1";"3";"2";"6";"0";"1";"2";"1";"0"
"4585";"41599";"4585";"18";"1";"1";"7";"7";"0";"1";"2";"1";"0"
"4586";"41599";"4586";"51";"1";"1";"2";"6";"0";"3";"1";"1";"0"
"4587";"41599";"4587";"51";"1";"1";"2";"6";"0";"2";"1";"1";"0"
"4588";"41599";"4588";"51";"3";"1";"7";"6";"0";"1";"0";"1";"0"
"4589";"41600";"4589";"72";"1";"1";"7";"6";"1";"0";"1";"2";"0"
"4590";"41600";"4590";"52";"3";"1";"7";"0";"0";"1";"0";"1";"0"
"4591";"41600";"4591";"71";"3";"2";"2";"6";"0";"1";"1";"1";"0"
"4592";"41602";"4592";"51";"1";"1";"7";"6";"0";"1";"3";"1";"0"
"4593";"41602";"4593";"51";"1";"1";"7";"6";"0";"2";"1";"1";"0"
"4594";"41602";"4594";"81";"3";"1";"7";"1";"1";"0";"1";"2";"0"
"4595";"41605";"4595";"71";"1";"1";"7";"6";"0";"1";"1";"1";"0"
"4596";"41605";"4596";"26";"1";"1";"7";"2";"0";"1";"1";"1";"0"
"4597";"41610";"4597";"72";"1";"1";"7";"6";"0";"1";"1";"1";"0"
"4598";"41617";"4598";"18";"1";"1";"7";"6";"0";"1";"1";"1";"0"
"4599";"41617";"4599";"28";"1";"1";"7";"6";"0";"1";"1";"1";"0"
"4600";"41617";"4600";"81";"3";"1";"7";"6";"0";"1";"1";"3";"0"
"4601";"41617";"4601";"72";"1";"1";"7";"6";"0";"1";"1";"1";"0"
"4602";"41617";"4602";"22";"1";"1";"7";"6";"1";"0";"1";"2";"0"
"4603";"41617";"4603";"51";"5";"1";"7";"6";"0";"2";"1";"1";"0"
"4604";"41617";"4604";"51";"1";"2";"1";"6";"0";"3";"3";"1";"0"
"4605";"41617";"4605";"51";"1";"1";"7";"6";"0";"1";"2";"1";"0"
"4606";"41617";"4606";"51";"1";"1";"7";"6";"0";"2";"2";"1";"0"
"4607";"41617";"4607";"18";"1";"1";"7";"7";"0";"1";"1";"1";"0"
"4608";"41617";"4608";"51";"1";"3";"2";"6";"0";"1";"2";"1";"0"
"4609";"41617";"4609";"51";"1";"3";"2";"6";"0";"2";"2";"1";"0"
"4610";"41620";"4610";"32";"1";"1";"7";"6";"0";"1";"1";"1";"0"
"4611";"41629";"4611";"72";"1";"1";"7";"6";"0";"2";"1";"1";"0"
"4612";"41630";"4612";"72";"1";"1";"7";"6";"0";"1";"1";"1";"0"
"4613";"41630";"4613";"72";"1";"1";"7";"6";"0";"1";"1";"1";"0"
"4614";"41630";"4614";"72";"1";"1";"7";"6";"0";"1";"1";"1";"0"
"4615";"41632";"4615";"52";"3";"1";"7";"0";"0";"1";"0";"1";"0"
"4616";"41632";"4616";"21";"3";"3";"2";"6";"0";"2";"0";"1";"0"
"4617";"41632";"4617";"72";"3";"1";"7";"6";"0";"1";"1";"1";"0"
"4618";"41632";"4618";"72";"3";"1";"7";"6";"0";"0";"1";"3";"0"
"4619";"41632";"4619";"72";"5";"1";"7";"6";"0";"1";"1";"1";"0"
"4620";"41633";"4620";"51";"2";"1";"7";"6";"0";"2";"0";"1";"0"
"4621";"41635";"4621";"71";"3";"1";"7";"6";"0";"1";"1";"1";"0"
"4622";"41635";"4622";"72";"1";"1";"7";"6";"0";"1";"1";"1";"0"
"4623";"41636";"4623";"72";"1";"1";"7";"6";"0";"1";"1";"1";"0"
"4624";"41641";"4624";"71";"1";"1";"7";"6";"1";"0";"1";"2";"0"
"4625";"41642";"4625";"52";"1";"1";"7";"0";"0";"1";"0";"1";"0"
"4626";"41643";"4626";"51";"3";"2";"2";"6";"0";"1";"5";"1";"0"
"4627";"41646";"4627";"18";"1";"1";"7";"5";"0";"0";"1";"3";"0"
"4628";"41648";"4628";"52";"1";"4";"3";"0";"0";"4";"0";"1";"0"
"4629";"41648";"3163";"52";"5";"1";"7";"0";"0";"1";"0";"1";"0"
"4630";"41652";"4630";"23";"1";"1";"2";"6";"0";"1";"1";"1";"0"
"4631";"41657";"4631";"52";"1";"1";"7";"0";"0";"1";"0";"1";"0"
"4632";"41657";"4632";"22";"1";"1";"7";"5";"1";"0";"1";"2";"0"
"4633";"41659";"4633";"21";"1";"1";"7";"4";"0";"2";"0";"1";"0"
"4634";"41659";"4634";"52";"1";"1";"7";"7";"0";"1";"1";"1";"0"
"4635";"41659";"4635";"52";"3";"3";"2";"0";"0";"1";"0";"1";"0"
"4636";"41663";"4636";"52";"5";"1";"7";"0";"1";"1";"0";"2";"0"
"4637";"41664";"4637";"52";"1";"1";"7";"6";"0";"1";"1";"1";"0"
"4638";"41670";"4638";"18";"3";"1";"7";"6";"0";"1";"1";"1";"0"
"4639";"41670";"4639";"81";"3";"1";"7";"0";"1";"0";"0";"2";"0"
"4640";"41672";"4640";"51";"5";"3";"1";"4";"0";"1";"1";"1";"0"
"4641";"41672";"4641";"18";"1";"1";"7";"5";"0";"1";"1";"1";"0"
"4642";"41673";"4642";"26";"1";"1";"7";"2";"0";"1";"1";"1";"0"
"4643";"41673";"4643";"26";"4";"3";"1";"2";"1";"0";"1";"2";"0"
"4644";"41676";"4644";"22";"1";"3";"2";"6";"2";"3";"1";"2";"0"
"4645";"41676";"4645";"14";"1";"1";"7";"6";"0";"1";"2";"1";"0"
"4646";"41676";"4646";"51";"1";"1";"7";"6";"0";"1";"1";"1";"0"
"4647";"41676";"4647";"18";"3";"1";"7";"6";"0";"1";"1";"1";"0"
"4648";"41678";"4648";"51";"1";"1";"2";"6";"0";"1";"2";"1";"0"
"4649";"41678";"4649";"41";"1";"1";"7";"3";"0";"2";"0";"1";"0"
"4650";"41678";"4650";"41";"1";"1";"7";"6";"0";"1";"2";"1";"0"
"4651";"41678";"4651";"51";"1";"1";"7";"6";"0";"3";"0";"1";"0"
"4652";"41678";"4652";"51";"1";"1";"7";"6";"0";"1";"1";"1";"0"
"4653";"41678";"4653";"51";"1";"1";"7";"6";"0";"1";"1";"1";"0"
"4654";"41678";"4654";"51";"1";"2";"2";"6";"0";"1";"2";"1";"0"
"4655";"41680";"4655";"51";"1";"3";"2";"5";"0";"1";"1";"1";"0"
"4656";"41681";"4656";"81";"3";"1";"7";"0";"0";"1";"0";"1";"0"
"4657";"41682";"4657";"41";"3";"3";"2";"6";"0";"2";"1";"1";"0"
"4658";"41683";"4658";"51";"1";"1";"7";"6";"0";"1";"2";"1";"0"
"4659";"41683";"4659";"41";"1";"1";"7";"6";"0";"1";"1";"1";"0"
"4660";"41683";"4660";"18";"2";"3";"2";"6";"0";"2";"1";"1";"0"
"4661";"41683";"4661";"81";"3";"1";"7";"0";"0";"3";"0";"1";"0"
"4662";"41683";"4662";"18";"1";"1";"7";"7";"0";"1";"1";"1";"0"
"4663";"41683";"4663";"51";"1";"3";"1";"6";"0";"1";"3";"1";"0"
"4664";"41683";"4664";"72";"3";"1";"7";"6";"1";"0";"1";"2";"0"
"4665";"41683";"4665";"51";"1";"1";"7";"6";"0";"1";"3";"1";"0"
"4666";"41683";"4666";"81";"3";"1";"7";"6";"0";"1";"0";"3";"0"
"4667";"41683";"4667";"72";"1";"1";"7";"6";"1";"1";"1";"2";"0"
"4668";"41683";"4668";"51";"1";"1";"7";"6";"0";"1";"1";"1";"0"
"4669";"41690";"4669";"51";"1";"3";"2";"6";"0";"2";"2";"1";"0"
"4670";"41690";"4670";"41";"3";"1";"7";"6";"1";"1";"0";"3";"0"
"4671";"41690";"4671";"51";"3";"2";"2";"6";"0";"3";"0";"1";"0"
"4672";"41690";"4672";"18";"1";"1";"7";"7";"0";"1";"3";"1";"0"
"4673";"41690";"4673";"18";"1";"1";"7";"7";"0";"1";"2";"1";"0"
"4674";"41690";"4674";"51";"1";"3";"1";"6";"0";"2";"3";"1";"0"
"4675";"41691";"4675";"51";"3";"1";"7";"6";"0";"1";"1";"1";"0"
"4676";"41691";"4676";"52";"3";"1";"7";"0";"0";"1";"0";"1";"0"
"4677";"41695";"4677";"81";"3";"1";"7";"6";"0";"1";"4";"1";"0"
"4678";"41695";"4678";"82";"1";"1";"7";"0";"1";"0";"1";"2";"0"
"4679";"41699";"4679";"51";"4";"1";"7";"6";"0";"1";"1";"1";"0"
"4680";"41699";"4680";"52";"1";"1";"7";"6";"0";"1";"1";"1";"0"
"4681";"41700";"4681";"16";"3";"1";"7";"6";"0";"3";"0";"1";"0"
"4682";"41700";"4682";"16";"3";"1";"7";"6";"0";"2";"1";"1";"0"
"4683";"41700";"4683";"16";"3";"2";"2";"6";"0";"2";"1";"1";"0"
"4684";"41700";"4684";"16";"1";"1";"7";"6";"0";"1";"2";"1";"0"
"4685";"41701";"4685";"21";"3";"1";"7";"6";"0";"1";"1";"1";"0"
"4686";"41701";"4686";"51";"1";"3";"1";"6";"0";"1";"4";"1";"0"
"4687";"41713";"4687";"24";"1";"1";"7";"2";"0";"1";"1";"1";"0"
"4688";"41714";"4688";"74";"3";"1";"7";"6";"0";"0";"1";"3";"0"
"4689";"41721";"4689";"53";"1";"1";"7";"6";"0";"1";"2";"1";"0"
"4690";"41721";"4690";"72";"1";"3";"2";"6";"1";"0";"2";"2";"0"
"4691";"41725";"4691";"63";"1";"3";"2";"5";"0";"1";"1";"1";"0"
"4692";"41725";"4692";"23";"1";"3";"1";"6";"0";"3";"1";"1";"0"
"4693";"41726";"4693";"72";"3";"3";"2";"6";"1";"0";"1";"2";"0"
"4694";"41726";"4694";"52";"4";"2";"1";"2";"0";"2";"0";"1";"0"
"4695";"41742";"4695";"72";"3";"3";"1";"6";"0";"1";"1";"1";"0"
"4696";"41742";"4696";"61";"1";"1";"7";"3";"0";"1";"2";"1";"0"
"4697";"41742";"4697";"51";"3";"1";"7";"6";"0";"1";"0";"1";"0"
"4698";"41742";"4698";"81";"1";"1";"7";"5";"0";"1";"1";"1";"0"
"4699";"41744";"4699";"52";"5";"1";"4";"2";"0";"1";"1";"1";"0"
"4700";"41744";"4700";"21";"1";"1";"7";"6";"0";"2";"0";"1";"0"
"4701";"41744";"4701";"14";"5";"1";"1";"6";"0";"1";"1";"1";"0"
"4702";"41745";"4702";"21";"5";"1";"7";"4";"0";"1";"1";"1";"0"
"4703";"41748";"4703";"52";"1";"3";"2";"2";"0";"2";"1";"1";"0"
"4704";"41755";"4704";"73";"1";"1";"7";"8";"1";"0";"1";"2";"0"
"4705";"41755";"4705";"32";"1";"1";"7";"2";"0";"1";"2";"1";"0"
"4706";"41763";"4706";"52";"1";"1";"7";"7";"0";"1";"1";"1";"0"
"4707";"41763";"4707";"52";"1";"3";"1";"6";"0";"1";"1";"1";"0"
"4708";"41763";"4708";"71";"1";"3";"1";"6";"0";"1";"1";"1";"0"
"4709";"41773";"4709";"61";"1";"1";"7";"3";"0";"1";"1";"1";"0"
"4710";"41773";"4710";"72";"1";"1";"7";"6";"0";"1";"1";"1";"0"
"4711";"41775";"4711";"25";"5";"1";"7";"6";"1";"0";"1";"2";"0"
"4712";"41777";"4712";"20";"3";"1";"7";"2";"0";"2";"1";"1";"0"
"4713";"42002";"4713";"52";"1";"1";"7";"0";"2";"0";"0";"2";"0"
"4714";"42002";"4714";"52";"1";"1";"7";"6";"1";"0";"3";"2";"0"
"4715";"42002";"4715";"21";"1";"1";"7";"4";"0";"0";"1";"3";"0"
"4716";"42023";"4716";"52";"1";"1";"1";"0";"0";"1";"1";"3";"0"
"4717";"42025";"4717";"52";"1";"1";"7";"0";"0";"2";"0";"1";"0"
"4718";"42031";"4718";"64";"1";"1";"7";"6";"0";"1";"1";"1";"0"
"4719";"42036";"4719";"64";"1";"1";"7";"6";"0";"1";"1";"1";"0"
"4720";"42044";"4720";"72";"1";"1";"7";"6";"0";"1";"1";"1";"0"
"4721";"42078";"4721";"26";"1";"1";"7";"1";"0";"1";"1";"1";"0"
"4722";"42078";"4722";"61";"1";"1";"7";"3";"0";"1";"1";"1";"0"
"4723";"42081";"4723";"71";"1";"1";"7";"6";"0";"2";"0";"1";"0"
"4724";"42120";"4724";"71";"5";"3";"1";"6";"0";"0";"1";"3";"0"
"4725";"42123";"4725";"67";"1";"1";"7";"6";"1";"0";"1";"2";"0"
"4726";"42123";"4726";"27";"3";"3";"2";"0";"1";"0";"0";"2";"0"
"4727";"42123";"4727";"52";"1";"1";"7";"0";"0";"1";"0";"1";"0"
"4728";"42124";"4728";"52";"3";"3";"2";"0";"0";"2";"0";"1";"0"
"4729";"42124";"4729";"67";"3";"1";"7";"6";"0";"1";"1";"1";"0"
"4730";"42135";"4730";"52";"1";"7";"1";"0";"0";"1";"0";"1";"0"
"4731";"42138";"4731";"52";"3";"1";"1";"0";"0";"1";"0";"1";"0"
"4732";"42139";"4732";"52";"1";"1";"2";"0";"0";"1";"0";"1";"0"
"4733";"42139";"4733";"52";"4";"1";"7";"0";"1";"0";"0";"2";"0"
"4734";"42139";"4734";"52";"1";"1";"7";"6";"0";"1";"1";"1";"0"
"4735";"42139";"4735";"21";"1";"1";"7";"6";"1";"0";"1";"2";"0"
"4736";"42140";"4736";"52";"1";"1";"7";"0";"2";"0";"0";"2";"0"
"4737";"42141";"4737";"52";"1";"1";"7";"0";"0";"1";"0";"1";"0"
"4738";"42141";"4738";"52";"1";"3";"1";"0";"0";"1";"0";"1";"0"
"4739";"42141";"4739";"21";"1";"1";"1";"6";"0";"2";"0";"1";"0"
"4740";"42141";"4740";"52";"1";"1";"1";"5";"0";"1";"1";"1";"0"
"4741";"42141";"4741";"52";"1";"1";"3";"0";"1";"0";"0";"2";"0"
"4742";"42157";"4742";"52";"1";"1";"7";"0";"1";"0";"0";"2";"0"
"4743";"42168";"4743";"72";"3";"1";"7";"6";"0";"1";"1";"1";"0"
"4744";"42175";"4744";"21";"1";"1";"1";"6";"0";"1";"1";"1";"0"
"4745";"42180";"4745";"72";"1";"3";"2";"6";"1";"0";"1";"2";"0"
"4746";"42194";"4746";"81";"3";"1";"1";"1";"1";"0";"1";"2";"0"
"4747";"42196";"4747";"72";"1";"1";"7";"6";"1";"0";"1";"2";"0"
"4748";"42205";"4748";"52";"1";"3";"1";"6";"0";"2";"1";"1";"0"
"4749";"42221";"4749";"27";"3";"3";"2";"0";"0";"1";"0";"1";"0"
"4750";"42222";"4750";"51";"1";"1";"7";"6";"0";"1";"1";"1";"0"
"4751";"42244";"4751";"72";"1";"1";"7";"6";"0";"1";"1";"1";"0"
"4752";"42245";"4752";"25";"1";"2";"2";"7";"1";"0";"1";"2";"0"
"4753";"42245";"4753";"86";"4";"1";"7";"0";"0";"2";"0";"1";"0"
"4754";"42245";"4754";"52";"5";"3";"1";"0";"0";"1";"0";"1";"0"
"4755";"42248";"4755";"67";"2";"1";"7";"6";"1";"0";"1";"2";"0"
"4756";"42252";"4756";"52";"1";"1";"7";"0";"0";"1";"1";"1";"0"
"4757";"42254";"4757";"21";"1";"3";"5";"6";"0";"1";"1";"1";"0"
"4758";"42254";"4758";"21";"1";"1";"1";"6";"0";"1";"1";"1";"0"
"4759";"42259";"4759";"52";"3";"6";"2";"0";"0";"1";"0";"1";"0"
"4760";"42264";"4760";"52";"1";"1";"7";"0";"0";"1";"0";"1";"0"
"4761";"42264";"4761";"63";"1";"1";"7";"6";"2";"0";"2";"2";"0"
"4762";"42266";"4762";"64";"3";"1";"7";"6";"0";"3";"0";"1";"0"
"4763";"42293";"4763";"52";"1";"1";"7";"6";"0";"1";"3";"1";"0"
"4764";"42357";"4764";"36";"1";"3";"1";"6";"0";"1";"1";"1";"0"
"4765";"42364";"4765";"51";"1";"1";"7";"4";"0";"2";"0";"1";"0"
"4766";"42366";"4766";"23";"1";"1";"7";"4";"0";"1";"1";"1";"0"
"4767";"42947";"4767";"21";"1";"1";"7";"6";"1";"1";"1";"2";"0"
"4768";"42958";"4768";"28";"2";"1";"2";"0";"0";"1";"0";"1";"0"
"4769";"42960";"4769";"52";"2";"1";"7";"6";"0";"2";"0";"1";"0"
"4770";"42960";"4770";"11";"1";"1";"7";"6";"0";"2";"0";"1";"0"
"4771";"42960";"4771";"51";"1";"1";"7";"6";"0";"1";"1";"1";"0"
"4772";"42960";"4772";"11";"3";"7";"7";"6";"0";"1";"2";"1";"0"
"4773";"42960";"4773";"82";"1";"1";"7";"3";"0";"1";"1";"1";"0"
"4774";"42962";"4774";"26";"1";"1";"7";"2";"1";"0";"1";"2";"0"
"4775";"42962";"4775";"36";"3";"1";"7";"6";"0";"1";"0";"1";"0"
"4776";"42962";"4776";"25";"1";"1";"7";"6";"0";"1";"1";"1";"0"
"4777";"42963";"4777";"52";"1";"2";"1";"0";"1";"1";"0";"2";"0"
"4778";"42965";"4778";"51";"3";"1";"7";"0";"0";"1";"0";"1";"0"
"4779";"42965";"4779";"81";"3";"1";"7";"7";"1";"0";"1";"2";"0"
"4780";"42973";"4780";"81";"3";"1";"7";"6";"0";"1";"1";"1";"0"
"4781";"42973";"4781";"22";"1";"1";"7";"4";"0";"1";"1";"1";"0"
"4782";"42973";"4782";"26";"1";"1";"7";"2";"1";"0";"1";"2";"0"
"4783";"42973";"4783";"72";"1";"1";"7";"6";"0";"1";"1";"1";"0"
"4784";"42973";"4784";"72";"1";"1";"7";"6";"0";"1";"1";"1";"0"
"4785";"42973";"4785";"72";"1";"1";"7";"6";"0";"1";"1";"1";"0"
"4786";"42973";"4786";"72";"1";"1";"7";"6";"1";"0";"1";"2";"0"
"4787";"42973";"4787";"72";"1";"1";"7";"6";"1";"0";"1";"2";"0"
"4788";"42973";"874";"51";"1";"1";"7";"6";"0";"2";"2";"1";"0"
"4789";"42973";"4789";"81";"3";"1";"7";"6";"0";"2";"0";"1";"0"
"4790";"42975";"4790";"25";"3";"1";"7";"6";"0";"1";"0";"1";"0"
"4791";"42978";"4791";"51";"1";"1";"7";"3";"0";"1";"1";"1";"0"
"4792";"42980";"4792";"25";"3";"1";"7";"6";"0";"3";"1";"1";"0"
"4793";"42982";"4793";"51";"1";"1";"7";"6";"0";"1";"1";"1";"0"
"4794";"42985";"4794";"28";"3";"1";"7";"6";"0";"1";"1";"1";"0"
"4795";"42986";"4795";"26";"1";"1";"7";"1";"1";"0";"1";"2";"0"
"4796";"42993";"4796";"72";"1";"1";"6";"4";"0";"2";"0";"1";"0"
"4797";"42997";"4797";"64";"2";"1";"7";"4";"1";"0";"1";"2";"0"
"4798";"42998";"4798";"32";"5";"3";"1";"6";"0";"1";"1";"1";"0"
"4799";"43000";"4799";"25";"3";"1";"7";"7";"1";"0";"1";"2";"0"
"4800";"43001";"4800";"63";"1";"1";"7";"6";"0";"1";"2";"1";"0"
"4801";"43021";"4801";"72";"1";"1";"7";"6";"1";"0";"1";"2";"0"
"4802";"43021";"4802";"72";"1";"1";"7";"6";"0";"1";"1";"1";"0"
"4803";"43024";"4803";"72";"1";"1";"7";"6";"0";"1";"1";"1";"0"
"4804";"43032";"4804";"72";"1";"1";"7";"3";"0";"2";"0";"1";"0"
"4805";"43032";"4805";"72";"1";"3";"1";"6";"1";"0";"1";"2";"0"
"4806";"43038";"4806";"21";"1";"1";"7";"6";"0";"1";"3";"1";"0"
"4807";"43054";"4807";"26";"1";"1";"7";"1";"0";"1";"1";"1";"0"
"4808";"43084";"4808";"63";"1";"1";"7";"4";"0";"1";"1";"1";"0"
"4809";"43085";"4809";"61";"1";"1";"7";"3";"0";"1";"1";"1";"0"
"4810";"43085";"4810";"34";"1";"1";"7";"6";"1";"2";"0";"2";"0"
"4811";"43086";"4811";"25";"1";"1";"7";"6";"1";"0";"1";"2";"0"
"4812";"43089";"4812";"71";"1";"1";"7";"5";"0";"1";"1";"1";"0"
"4813";"43089";"4813";"61";"1";"1";"7";"4";"0";"1";"1";"1";"0"
"4814";"43089";"4814";"23";"1";"1";"7";"6";"0";"2";"1";"1";"0"
"4815";"43093";"4815";"26";"1";"1";"7";"2";"0";"0";"1";"0";"0"
"4816";"43095";"4816";"71";"1";"1";"7";"4";"0";"1";"1";"1";"0"
"4817";"43095";"4817";"51";"1";"1";"7";"6";"0";"1";"1";"1";"0"
"4818";"43095";"4818";"71";"1";"1";"7";"6";"0";"1";"1";"1";"0"
"4819";"43095";"4819";"51";"1";"1";"7";"6";"0";"1";"3";"1";"0"
"4820";"43096";"2544";"71";"3";"1";"7";"6";"0";"0";"1";"3";"0"
"4821";"43096";"4821";"25";"1";"1";"7";"7";"0";"1";"1";"1";"0"
"4822";"43096";"4822";"25";"3";"1";"7";"6";"0";"2";"0";"1";"0"
"4823";"43097";"4823";"23";"1";"1";"7";"5";"0";"1";"1";"1";"0"
"4824";"43097";"4824";"81";"3";"1";"7";"0";"0";"2";"0";"1";"0"
"4825";"43099";"4825";"61";"1";"1";"7";"3";"0";"1";"1";"1";"0"
"4826";"43099";"4826";"27";"1";"1";"7";"4";"0";"1";"0";"1";"0"
"4827";"43099";"4827";"51";"1";"1";"2";"6";"0";"2";"2";"1";"0"
"4828";"43101";"4828";"64";"3";"1";"7";"5";"0";"2";"1";"1";"0"