"accident_id";"lieu_id";"date_id";"cause_id";"lum_id";"intemp_id";"etat_surface_id";"impliq_id";"nb_blesses_graves";"nb_blesses_legers";"nb_indemnes";"gravite";"nb_morts"
"5499";"46662";"5499";"51";"1";"1";"7";"4";"0";"1";"1";"1";"0"
"5500";"46671";"5500";"81";"1";"1";"7";"1";"0";"0";"1";"3";"0"
"5501";"46679";"5501";"72";"1";"3";"1";"6";"0";"1";"1";"1";"0"
"5502";"47223";"5502";"64";"1";"1";"7";"6";"0";"1";"2";"1";"0"
"5503";"47230";"5503";"64";"1";"1";"7";"3";"0";"1";"1";"1";"0"
"5504";"47234";"5504";"63";"1";"1";"7";"4";"0";"1";"1";"1";"0"
"5505";"47251";"5505";"21";"1";"1";"7";"6";"0";"1";"1";"1";"0"
"5506";"47269";"5506";"41";"1";"3";"1";"6";"0";"1";"1";"1";"0"
"5507";"47276";"5507";"52";"3";"1";"1";"0";"0";"1";"1";"1";"0"
"5508";"47277";"5508";"72";"1";"1";"7";"6";"0";"1";"1";"1";"0"
"5509";"47289";"5509";"72";"1";"1";"7";"6";"1";"0";"1";"2";"0"
"5510";"47289";"5510";"52";"3";"1";"7";"6";"0";"1";"1";"1";"0"
"5511";"47297";"5511";"72";"1";"1";"7";"6";"0";"1";"1";"1";"0"
"5512";"47302";"5512";"73";"1";"1";"7";"6";"0";"1";"1";"1";"0"
"5513";"47315";"5513";"63";"1";"1";"7";"4";"0";"1";"1";"1";"0"
"5514";"47317";"5514";"71";"1";"1";"7";"6";"0";"1";"1";"1";"0"
"5515";"47319";"5515";"72";"1";"1";"7";"6";"0";"1";"1";"1";"0"
"5516";"47325";"5516";"64";"1";"1";"7";"5";"0";"1";"1";"1";"0"
"5517";"47342";"5517";"72";"1";"1";"7";"6";"0";"1";"1";"1";"0"
"5518";"47342";"5518";"72";"1";"1";"7";"6";"0";"1";"1";"1";"0"
"5519";"47344";"5519";"51";"1";"1";"7";"6";"0";"1";"1";"1";"0"
"5520";"47344";"5520";"72";"1";"1";"7";"3";"0";"1";"1";"1";"0"
"5521";"47344";"5521";"72";"1";"1";"7";"6";"0";"1";"1";"1";"0"
"5522";"47346";"5522";"72";"1";"3";"1";"6";"0";"1";"1";"1";"0"
"5523";"47346";"5523";"67";"3";"1";"7";"4";"0";"1";"1";"1";"0"
"5524";"47346";"5524";"72";"1";"1";"7";"6";"0";"1";"1";"1";"0"
"5525";"47349";"5525";"71";"1";"1";"7";"6";"1";"0";"1";"2";"0"
"5526";"47349";"5526";"51";"1";"1";"7";"6";"0";"1";"1";"1";"0"
"5527";"47352";"5527";"72";"3";"1";"7";"6";"0";"1";"1";"1";"0"
"5528";"47353";"5528";"72";"1";"1";"7";"6";"0";"1";"1";"1";"0"
"5529";"47353";"5529";"72";"1";"1";"7";"6";"1";"0";"1";"2";"0"
"5530";"47359";"5530";"63";"1";"1";"7";"4";"0";"1";"1";"1";"0"
"5531";"47360";"5531";"63";"1";"1";"7";"4";"0";"1";"1";"1";"0"
"5532";"47362";"5532";"52";"3";"1";"1";"6";"0";"2";"0";"1";"0"
"5533";"47362";"5533";"71";"3";"3";"2";"6";"0";"1";"1";"1";"0"
"5534";"47364";"5534";"21";"3";"4";"3";"0";"0";"1";"1";"1";"0"
"5535";"47368";"5535";"72";"1";"1";"7";"6";"0";"2";"1";"1";"0"
"5536";"47368";"5536";"35";"1";"1";"7";"3";"0";"1";"1";"1";"0"
"5537";"47371";"5537";"61";"1";"1";"7";"3";"0";"1";"2";"1";"0"
"5538";"47373";"5538";"61";"1";"1";"7";"3";"1";"0";"2";"2";"0"
"5539";"47373";"5539";"51";"1";"1";"7";"6";"0";"1";"1";"1";"0"
"5540";"47373";"5540";"63";"1";"1";"7";"5";"0";"1";"1";"1";"0"
"5541";"47374";"5541";"25";"3";"1";"7";"6";"1";"0";"1";"2";"0"
"5542";"47374";"5542";"71";"1";"1";"7";"5";"1";"0";"1";"2";"0"
"5543";"47374";"5543";"81";"1";"1";"7";"2";"0";"1";"1";"1";"0"
"5544";"47374";"5544";"36";"1";"1";"7";"7";"1";"0";"1";"2";"0"
"5545";"47374";"5545";"71";"2";"1";"5";"6";"1";"0";"1";"2";"0"
"5546";"47374";"5546";"72";"1";"1";"7";"6";"0";"0";"2";"3";"0"
"5547";"47374";"5547";"72";"1";"3";"1";"6";"0";"1";"1";"1";"0"
"5548";"47374";"5548";"61";"1";"1";"7";"3";"0";"1";"1";"1";"0"
"5549";"47374";"5549";"72";"3";"1";"7";"6";"0";"1";"1";"1";"0"
"5550";"47375";"5550";"51";"1";"1";"7";"6";"0";"1";"1";"1";"0"
"5551";"47376";"5551";"51";"1";"1";"7";"6";"0";"1";"1";"1";"0"
"5552";"47377";"5552";"51";"1";"1";"7";"6";"0";"1";"2";"1";"0"
"5553";"47377";"5553";"71";"1";"1";"7";"6";"0";"1";"1";"1";"0"
"5554";"47377";"5554";"64";"1";"2";"1";"4";"0";"1";"1";"1";"0"
"5555";"47378";"5555";"67";"1";"1";"7";"4";"0";"1";"2";"1";"0"
"5556";"47384";"5556";"63";"1";"1";"7";"4";"0";"1";"2";"1";"0"
"5557";"47384";"5557";"25";"1";"1";"7";"6";"0";"1";"1";"1";"0"
"5558";"47391";"5558";"64";"1";"3";"1";"6";"0";"2";"0";"1";"0"
"5559";"47397";"5559";"52";"1";"1";"7";"5";"1";"1";"0";"2";"0"
"5560";"47398";"5560";"71";"1";"1";"7";"6";"0";"1";"1";"1";"0"
"5561";"47406";"5561";"71";"1";"1";"7";"6";"0";"1";"1";"1";"0"
"5562";"47416";"5562";"32";"1";"1";"7";"6";"0";"2";"0";"1";"0"
"5563";"47416";"5563";"51";"1";"1";"7";"6";"1";"1";"0";"2";"0"
"5564";"47416";"5564";"73";"1";"1";"7";"6";"0";"1";"1";"1";"0"
"5565";"47418";"5565";"72";"1";"1";"7";"6";"0";"1";"1";"1";"0"
"5566";"47418";"5566";"72";"1";"1";"7";"6";"0";"1";"1";"1";"0"
"5567";"47419";"5567";"25";"1";"2";"2";"6";"0";"0";"1";"3";"0"
"5568";"47419";"5568";"26";"1";"1";"7";"3";"0";"1";"2";"1";"0"
"5569";"47419";"5569";"72";"1";"1";"7";"4";"0";"2";"0";"1";"0"
"5570";"47426";"5570";"71";"1";"1";"7";"6";"0";"1";"1";"1";"0"
"5571";"47444";"5571";"64";"1";"1";"7";"6";"0";"1";"1";"1";"0"
"5572";"47459";"5572";"71";"1";"1";"7";"6";"0";"1";"1";"1";"0"
"5573";"47465";"5573";"72";"1";"1";"7";"6";"0";"1";"1";"1";"0"
"5574";"47468";"5574";"81";"1";"1";"7";"6";"0";"2";"0";"1";"0"
"5575";"47469";"5575";"63";"1";"1";"7";"4";"0";"1";"1";"1";"0"
"5576";"47471";"5576";"51";"1";"1";"7";"7";"0";"1";"1";"1";"0"
"5577";"47472";"5577";"71";"1";"2";"2";"6";"0";"1";"1";"1";"0"
"5578";"47477";"5578";"52";"5";"1";"7";"6";"0";"1";"1";"1";"0"
"5579";"47477";"5579";"71";"5";"1";"7";"6";"0";"1";"1";"1";"0"
"5580";"47478";"5580";"21";"3";"1";"7";"6";"0";"1";"3";"1";"0"
"5581";"47481";"5581";"52";"2";"3";"1";"6";"0";"1";"2";"1";"0"
"5582";"47482";"5582";"72";"1";"1";"7";"6";"0";"1";"1";"1";"0"
"5583";"47487";"5583";"81";"1";"3";"1";"6";"0";"1";"1";"1";"0"
"5584";"47489";"5584";"21";"1";"1";"7";"6";"0";"2";"1";"1";"0"
"5585";"47490";"5585";"72";"3";"3";"2";"6";"0";"1";"1";"1";"0"
"5586";"47490";"5586";"71";"1";"1";"7";"6";"0";"1";"1";"1";"0"
"5587";"47490";"5587";"35";"1";"1";"7";"3";"0";"1";"1";"1";"0"
"5588";"47490";"5588";"52";"1";"1";"7";"6";"0";"2";"2";"1";"0"
"5589";"47495";"5589";"71";"2";"2";"2";"6";"0";"1";"1";"1";"0"
"5590";"47500";"5590";"99";"3";"1";"1";"0";"0";"1";"1";"1";"0"
"5591";"47502";"5591";"81";"3";"3";"2";"6";"0";"1";"2";"1";"0"
"5592";"47504";"5592";"51";"1";"1";"7";"3";"0";"1";"1";"1";"0"
"5593";"47505";"5593";"21";"1";"1";"7";"4";"1";"0";"3";"2";"0"
"5594";"47507";"5594";"72";"1";"1";"7";"6";"0";"1";"1";"1";"0"
"5595";"47513";"5595";"41";"1";"1";"7";"6";"1";"0";"1";"2";"0"
"5596";"47516";"5596";"72";"3";"1";"7";"6";"0";"1";"1";"1";"0"
"5597";"47516";"5597";"72";"1";"2";"1";"6";"0";"1";"1";"1";"0"
"5598";"47520";"5598";"52";"3";"1";"7";"0";"0";"2";"0";"1";"0"
"5599";"47523";"5599";"81";"1";"1";"7";"6";"1";"0";"0";"2";"0"
"5600";"47524";"5600";"21";"3";"1";"1";"6";"0";"1";"1";"1";"0"
"5601";"47524";"5601";"25";"1";"1";"7";"6";"1";"0";"0";"2";"0"
"5602";"47524";"5602";"21";"1";"1";"1";"6";"1";"0";"1";"2";"0"
"5603";"47524";"5603";"72";"2";"1";"7";"6";"0";"1";"2";"1";"0"
"5604";"47524";"5604";"25";"3";"1";"7";"6";"1";"0";"1";"2";"0"
"5605";"47526";"5605";"21";"3";"1";"7";"6";"0";"2";"0";"1";"0"
"5606";"47526";"5606";"52";"3";"3";"2";"0";"0";"1";"0";"1";"0"
"5607";"47526";"5607";"21";"2";"1";"7";"4";"1";"0";"1";"2";"0"
"5608";"47526";"5608";"51";"3";"3";"1";"6";"0";"1";"1";"1";"0"
"5609";"47527";"5609";"51";"1";"1";"7";"6";"0";"1";"1";"1";"0"
"5610";"47529";"5610";"35";"1";"3";"1";"6";"0";"1";"1";"1";"0"
"5611";"47531";"5611";"28";"3";"1";"7";"0";"1";"0";"0";"2";"0"
"5612";"47531";"5612";"51";"1";"2";"1";"6";"0";"1";"1";"1";"0"
"5613";"47531";"5613";"52";"1";"1";"7";"0";"0";"3";"0";"1";"0"
"5614";"47532";"5614";"51";"3";"1";"7";"6";"1";"3";"2";"2";"0"
"5615";"47533";"5615";"53";"2";"1";"7";"0";"0";"1";"1";"1";"0"
"5616";"47533";"5616";"52";"1";"3";"2";"6";"0";"0";"1";"3";"0"
"5617";"47533";"5617";"81";"3";"1";"7";"6";"0";"2";"0";"1";"0"
"5618";"47533";"5618";"81";"3";"2";"2";"0";"0";"0";"0";"3";"0"
"5619";"47533";"5619";"51";"3";"1";"7";"0";"0";"1";"0";"1";"0"
"5620";"47533";"5620";"52";"1";"1";"7";"0";"0";"1";"0";"1";"0"
"5621";"47533";"5621";"22";"1";"1";"7";"6";"2";"0";"0";"2";"0"
"5622";"47533";"5622";"52";"3";"1";"7";"0";"2";"0";"0";"2";"0"
"5623";"47533";"5623";"81";"3";"4";"2";"6";"1";"0";"1";"2";"0"
"5624";"47533";"5624";"52";"3";"1";"7";"0";"0";"1";"1";"1";"0"
"5625";"47533";"5625";"52";"3";"1";"7";"0";"0";"1";"0";"1";"0"
"5626";"47533";"5626";"52";"1";"1";"7";"0";"0";"1";"0";"1";"0"
"5627";"47533";"5627";"81";"3";"3";"1";"0";"0";"1";"0";"1";"0"
"5628";"47533";"5628";"51";"1";"3";"1";"6";"0";"1";"1";"1";"0"
"5629";"47533";"5629";"51";"1";"1";"7";"6";"0";"2";"0";"1";"0"
"5630";"47533";"5630";"52";"2";"1";"7";"0";"0";"1";"0";"1";"0"
"5631";"47533";"5631";"51";"1";"1";"2";"6";"0";"2";"1";"1";"0"
"5632";"47533";"5632";"52";"2";"1";"2";"0";"0";"1";"0";"1";"0"
"5633";"47533";"5633";"51";"1";"1";"7";"6";"0";"1";"2";"1";"0"
"5634";"47534";"5634";"52";"1";"3";"2";"0";"0";"1";"0";"1";"0"
"5635";"47534";"5635";"52";"3";"1";"7";"6";"0";"4";"0";"1";"0"
"5636";"47534";"5636";"52";"4";"1";"7";"0";"2";"0";"0";"3";"0"
"5637";"47534";"5637";"51";"1";"1";"7";"0";"0";"1";"0";"1";"0"
"5638";"47534";"5638";"41";"1";"1";"7";"6";"1";"0";"0";"3";"0"
"5639";"47534";"5639";"51";"1";"1";"7";"6";"0";"2";"1";"1";"0"
"5640";"47534";"5640";"51";"1";"2";"2";"6";"1";"0";"4";"2";"0"
"5641";"47534";"5641";"52";"3";"1";"7";"0";"0";"1";"0";"1";"0"
"5642";"47534";"5642";"52";"1";"1";"1";"0";"0";"2";"0";"1";"0"
"5643";"47534";"5643";"51";"3";"3";"1";"6";"0";"2";"3";"1";"0"
"5644";"47534";"5644";"52";"1";"3";"1";"6";"0";"1";"1";"1";"0"
"5645";"47534";"5645";"81";"1";"1";"7";"0";"1";"0";"0";"2";"0"
"5646";"47534";"5646";"52";"5";"7";"1";"0";"0";"1";"0";"3";"0"
"5647";"47534";"5647";"52";"3";"3";"1";"0";"0";"0";"1";"0";"0"
"5648";"47534";"5648";"51";"3";"3";"1";"6";"0";"1";"5";"1";"0"
"5649";"47534";"772";"73";"1";"1";"1";"6";"1";"0";"1";"2";"0"
"5650";"47534";"5650";"51";"1";"3";"1";"6";"0";"3";"0";"1";"0"
"5651";"47534";"5651";"51";"1";"3";"2";"6";"0";"2";"1";"1";"0"
"5652";"47534";"5652";"81";"1";"2";"1";"2";"0";"1";"1";"1";"0"
"5653";"47537";"5653";"25";"3";"1";"7";"6";"0";"1";"2";"1";"0"
"5654";"47537";"5654";"64";"1";"1";"7";"5";"0";"1";"1";"1";"0"
"5655";"47537";"5655";"51";"1";"1";"7";"6";"0";"1";"1";"1";"0"
"5656";"47538";"5656";"61";"1";"1";"1";"3";"0";"1";"1";"1";"0"
"5657";"47538";"5657";"61";"1";"1";"7";"3";"0";"1";"1";"1";"0"
"5658";"47538";"5658";"61";"1";"1";"7";"3";"0";"1";"1";"1";"0"
"5659";"47538";"5659";"71";"1";"1";"2";"1";"0";"2";"1";"1";"0"
"5660";"47539";"5660";"28";"3";"1";"7";"0";"0";"1";"0";"1";"0"
"5661";"47541";"5661";"52";"1";"1";"7";"0";"0";"1";"1";"1";"0"
"5662";"47541";"5662";"72";"1";"1";"7";"6";"1";"0";"1";"2";"0"
"5663";"47542";"5663";"72";"2";"6";"1";"6";"0";"1";"1";"1";"0"
"5664";"47544";"5664";"81";"1";"1";"7";"0";"0";"1";"0";"1";"0"
"5665";"47549";"5665";"63";"1";"1";"7";"4";"0";"1";"1";"1";"0"
"5666";"47551";"5666";"64";"1";"3";"2";"6";"1";"1";"1";"2";"0"
"5667";"47559";"5667";"72";"1";"1";"7";"6";"0";"1";"1";"1";"0"
"5668";"47562";"5668";"99";"1";"1";"7";"0";"0";"1";"0";"1";"0"
"5669";"47562";"5669";"26";"1";"1";"7";"2";"0";"1";"0";"1";"0"
"5670";"47562";"5670";"26";"1";"1";"7";"2";"0";"1";"1";"1";"0"
"5671";"47562";"5671";"71";"1";"1";"7";"6";"1";"0";"1";"2";"0"
"5672";"47564";"5672";"63";"1";"3";"2";"4";"0";"1";"1";"1";"0"
"5673";"47564";"5673";"63";"1";"1";"7";"4";"1";"0";"1";"2";"0"
"5674";"47565";"5674";"71";"1";"1";"7";"6";"0";"1";"1";"1";"0"
"5675";"47569";"5675";"64";"1";"1";"7";"6";"0";"1";"2";"1";"0"
"5676";"47599";"5676";"71";"2";"1";"1";"6";"1";"0";"1";"2";"0"
"5677";"47601";"5677";"64";"1";"1";"7";"6";"0";"1";"1";"1";"0"
"5678";"47603";"5678";"72";"1";"1";"7";"6";"1";"0";"1";"2";"0"
"5679";"47608";"5679";"52";"1";"3";"1";"0";"0";"2";"0";"1";"0"
"5680";"47608";"5680";"81";"3";"1";"7";"0";"1";"0";"0";"3";"0"
"5681";"47609";"5681";"82";"1";"1";"7";"0";"0";"1";"0";"1";"0"
"5682";"47609";"5682";"51";"1";"1";"7";"6";"0";"2";"1";"1";"0"
"5683";"47612";"5683";"72";"1";"1";"7";"6";"0";"1";"1";"1";"0"
"5684";"47613";"5684";"52";"3";"3";"2";"6";"0";"4";"3";"1";"0"
"5685";"47614";"5685";"52";"1";"1";"1";"0";"0";"1";"0";"1";"0"
"5686";"47614";"5686";"35";"1";"2";"1";"6";"0";"1";"1";"1";"0"
"5687";"47614";"5687";"52";"1";"4";"4";"0";"0";"1";"0";"1";"0"
"5688";"47618";"5688";"81";"3";"1";"7";"6";"0";"5";"0";"1";"0"
"5689";"47618";"5689";"51";"3";"3";"1";"6";"0";"2";"0";"1";"0"
"5690";"47618";"5690";"52";"1";"1";"7";"0";"0";"1";"1";"1";"0"
"5691";"47618";"5691";"41";"3";"1";"7";"6";"0";"2";"1";"1";"0"
"5692";"47618";"5692";"52";"1";"1";"7";"0";"0";"1";"0";"1";"0"
"5693";"47619";"5693";"52";"3";"1";"7";"0";"0";"1";"0";"1";"0"
"5694";"47619";"5694";"51";"1";"3";"1";"6";"0";"1";"2";"1";"0"
"5695";"47619";"5695";"51";"2";"1";"7";"6";"0";"2";"2";"1";"0"
"5696";"47619";"5696";"18";"1";"1";"7";"6";"0";"1";"2";"1";"0"
"5697";"47619";"5697";"51";"2";"1";"4";"6";"0";"1";"1";"1";"0"
"5698";"47620";"5698";"51";"3";"3";"2";"0";"0";"2";"0";"1";"0"
"5699";"47620";"5699";"52";"1";"1";"7";"5";"0";"1";"1";"1";"0"
"5700";"47620";"5700";"81";"3";"1";"7";"0";"1";"0";"0";"2";"0"
"5701";"47621";"5701";"82";"3";"1";"7";"0";"0";"0";"0";"3";"0"
"5702";"47625";"5702";"72";"3";"1";"7";"9";"0";"0";"1";"3";"0"
"5703";"47625";"5703";"52";"1";"1";"7";"0";"0";"1";"0";"1";"0"
"5704";"47626";"5704";"72";"1";"1";"7";"9";"1";"0";"1";"2";"0"
"5705";"47628";"5705";"71";"1";"3";"2";"9";"1";"0";"1";"2";"0"
"5706";"47628";"5706";"74";"1";"1";"7";"9";"0";"1";"1";"1";"0"
"5707";"47628";"5707";"75";"1";"2";"2";"9";"1";"0";"2";"2";"0"
"5708";"47629";"5708";"71";"3";"1";"7";"9";"0";"0";"1";"3";"0"
"5709";"47629";"5709";"81";"3";"1";"7";"0";"0";"1";"0";"1";"0"
"5710";"47631";"5710";"72";"1";"1";"7";"6";"0";"1";"1";"1";"0"
"5711";"47631";"5711";"73";"4";"1";"7";"9";"1";"0";"1";"2";"0"
"5712";"47632";"5712";"36";"1";"1";"1";"6";"0";"1";"1";"1";"0"
"5713";"47632";"5713";"52";"1";"1";"7";"0";"0";"0";"0";"3";"0"
"5714";"47632";"5714";"72";"1";"1";"7";"5";"0";"1";"1";"1";"0"
"5715";"47632";"5715";"72";"1";"1";"7";"6";"0";"1";"1";"1";"0"
"5716";"47633";"5716";"51";"1";"3";"1";"6";"0";"1";"1";"1";"0"
"5717";"47633";"5717";"61";"1";"1";"7";"3";"0";"1";"1";"1";"0"
"5718";"47634";"5718";"52";"2";"3";"2";"6";"0";"1";"1";"1";"0"
"5719";"47636";"5719";"21";"3";"1";"7";"4";"2";"0";"0";"2";"0"
"5720";"47638";"5720";"51";"1";"3";"2";"6";"1";"3";"1";"2";"0"
"5721";"47638";"5721";"51";"2";"1";"7";"6";"0";"1";"4";"1";"0"
"5722";"47638";"5722";"41";"3";"1";"7";"6";"0";"1";"1";"1";"0"
"5723";"47638";"5723";"51";"1";"1";"7";"6";"0";"1";"4";"1";"0"
"5724";"47639";"5724";"72";"3";"3";"1";"6";"0";"1";"1";"1";"0"
"5725";"47639";"5725";"52";"3";"6";"2";"0";"1";"2";"0";"2";"0"
"5726";"47639";"5726";"52";"3";"1";"7";"0";"0";"1";"0";"1";"0"
"5727";"47639";"5727";"51";"1";"4";"2";"6";"1";"0";"2";"2";"0"
"5728";"47640";"5728";"52";"3";"1";"7";"0";"0";"1";"0";"1";"0"
"5729";"47640";"5729";"52";"1";"1";"7";"0";"0";"2";"0";"1";"0"
"5730";"47640";"5730";"51";"3";"1";"7";"0";"0";"1";"0";"1";"0"
"5731";"47640";"5731";"52";"1";"1";"7";"0";"0";"1";"0";"1";"0"
"5732";"47640";"5732";"52";"3";"3";"2";"0";"0";"1";"1";"1";"0"
"5733";"47640";"5733";"81";"1";"1";"7";"0";"0";"1";"0";"1";"0"
"5734";"47640";"5734";"52";"1";"1";"7";"0";"0";"0";"0";"3";"0"
"5735";"47641";"5735";"51";"1";"1";"7";"6";"0";"2";"2";"1";"0"
"5736";"47641";"5736";"51";"1";"1";"7";"6";"1";"0";"3";"2";"0"
"5737";"47641";"5737";"51";"1";"1";"7";"6";"1";"0";"2";"2";"0"
"5738";"47641";"5738";"51";"2";"1";"7";"6";"0";"3";"1";"1";"0"
"5739";"47641";"5739";"51";"3";"3";"1";"7";"1";"0";"1";"2";"0"
"5740";"47641";"5740";"52";"3";"1";"7";"0";"0";"1";"1";"1";"0"
"5741";"47641";"5741";"51";"3";"1";"7";"7";"0";"1";"1";"1";"0"
"5742";"47641";"5742";"51";"3";"1";"7";"6";"0";"1";"2";"1";"0"
"5743";"47641";"5743";"52";"3";"1";"7";"0";"0";"1";"0";"1";"0"
"5744";"47643";"5744";"52";"1";"2";"2";"0";"0";"0";"0";"3";"0"
"5745";"47643";"5745";"51";"1";"2";"2";"6";"0";"2";"1";"1";"0"
"5746";"47643";"5746";"52";"1";"1";"2";"0";"0";"1";"0";"1";"0"
"5747";"47643";"5747";"81";"1";"1";"7";"0";"0";"1";"0";"1";"0"
"5748";"47645";"5748";"72";"1";"1";"7";"6";"1";"0";"1";"2";"0"
"5749";"47658";"5749";"63";"1";"1";"7";"3";"0";"1";"1";"1";"0"
"5750";"47662";"5750";"81";"1";"1";"7";"0";"0";"0";"0";"3";"0"
"5751";"47684";"5751";"16";"1";"1";"7";"4";"0";"1";"1";"1";"0"
"5752";"47684";"5752";"71";"3";"3";"2";"5";"0";"2";"0";"1";"0"
"5753";"47697";"5753";"61";"1";"1";"2";"4";"0";"1";"1";"1";"0"
"5754";"47697";"5754";"71";"1";"1";"7";"6";"0";"1";"1";"1";"0"
"5755";"47697";"5755";"64";"3";"1";"7";"4";"0";"1";"1";"1";"0"
"5756";"47697";"5756";"24";"3";"1";"7";"4";"1";"0";"1";"2";"0"
"5757";"47701";"5757";"81";"1";"1";"7";"2";"1";"0";"1";"2";"0"
"5758";"47701";"5758";"26";"1";"1";"7";"1";"0";"1";"1";"1";"0"
"5759";"47704";"5759";"72";"1";"1";"7";"6";"0";"1";"1";"1";"0"
"5760";"47705";"5760";"64";"1";"1";"7";"4";"1";"0";"1";"2";"0"
"5761";"47709";"5761";"72";"1";"1";"7";"6";"0";"1";"1";"1";"0"
"5762";"47710";"5762";"71";"1";"4";"2";"6";"0";"1";"1";"1";"0"
"5763";"47710";"5763";"72";"1";"1";"7";"6";"0";"1";"1";"1";"0"
"5764";"47713";"5764";"52";"1";"1";"7";"7";"1";"0";"1";"2";"0"
"5765";"47713";"5765";"64";"1";"1";"1";"4";"0";"1";"1";"1";"0"
"5766";"47715";"5766";"63";"1";"1";"7";"6";"0";"1";"2";"1";"0"
"5767";"48280";"5767";"21";"2";"1";"7";"6";"0";"2";"0";"1";"0"
"5768";"48297";"5768";"41";"1";"1";"7";"6";"1";"0";"1";"2";"0"
"5769";"48299";"5769";"81";"3";"7";"1";"6";"0";"1";"0";"1";"0"
"5770";"48303";"5770";"72";"4";"1";"1";"6";"0";"1";"1";"1";"0"
"5771";"48303";"5771";"72";"3";"3";"1";"6";"0";"1";"1";"1";"0"
"5772";"48305";"5772";"36";"1";"4";"4";"6";"3";"2";"0";"3";"0"
"5773";"48311";"5773";"23";"1";"3";"1";"6";"0";"2";"0";"1";"0"
"5774";"48312";"5774";"52";"1";"1";"7";"0";"2";"3";"0";"2";"0"
"5775";"48312";"5775";"52";"3";"1";"7";"0";"1";"0";"0";"2";"0"
"5776";"48313";"5776";"35";"1";"1";"7";"4";"0";"1";"1";"1";"0"
"5777";"48313";"5777";"21";"3";"3";"2";"6";"0";"1";"1";"1";"0"
"5778";"48331";"5778";"64";"1";"1";"7";"6";"1";"0";"1";"2";"0"
"5779";"48336";"5779";"36";"1";"1";"7";"6";"0";"1";"1";"1";"0"
"5780";"48363";"5780";"72";"1";"1";"7";"6";"0";"1";"1";"1";"0"
"5781";"48367";"5781";"72";"1";"1";"7";"6";"0";"1";"1";"1";"0"
"5782";"48387";"5782";"67";"1";"1";"7";"4";"0";"1";"1";"1";"0"
"5783";"48387";"5783";"67";"1";"1";"7";"6";"0";"2";"1";"1";"0"
"5784";"48389";"5784";"21";"1";"1";"7";"5";"0";"1";"0";"1";"0"
"5785";"48393";"5785";"72";"1";"1";"7";"6";"0";"2";"0";"1";"0"
"5786";"48394";"5786";"23";"1";"1";"7";"4";"0";"1";"1";"1";"0"
"5787";"48394";"5787";"71";"1";"1";"1";"6";"0";"1";"1";"1";"0"
"5788";"48394";"5788";"67";"1";"1";"1";"6";"0";"1";"1";"1";"0"
"5789";"48435";"5789";"14";"1";"1";"7";"3";"0";"2";"1";"1";"0"
"5790";"48436";"5790";"72";"1";"1";"7";"6";"0";"1";"1";"1";"0"
"5791";"48436";"5791";"72";"1";"1";"7";"3";"0";"1";"1";"1";"0"
"5792";"48437";"5792";"72";"1";"1";"7";"6";"0";"1";"1";"1";"0"
"5793";"48437";"5793";"73";"1";"1";"7";"6";"0";"1";"1";"1";"0"
"5794";"48470";"5794";"51";"1";"1";"7";"6";"0";"1";"1";"1";"0"
"5795";"48483";"5795";"53";"1";"6";"2";"2";"0";"1";"0";"1";"0"
"5796";"48489";"5796";"52";"1";"1";"7";"6";"0";"1";"1";"1";"0"
"5797";"48490";"5797";"51";"1";"1";"1";"6";"0";"4";"1";"1";"0"
"5798";"48505";"5798";"71";"1";"1";"7";"6";"0";"1";"1";"1";"0"
"5799";"48508";"5799";"26";"1";"1";"7";"2";"0";"1";"1";"1";"0"
"5800";"48514";"5800";"23";"1";"2";"2";"6";"0";"1";"1";"1";"0"
"5801";"48514";"5801";"25";"3";"1";"7";"6";"0";"1";"0";"1";"0"
"5802";"48516";"5802";"52";"1";"1";"7";"2";"1";"0";"1";"2";"0"
"5803";"48516";"5803";"26";"5";"1";"7";"1";"0";"1";"1";"1";"0"
"5804";"48519";"5804";"72";"3";"2";"1";"6";"1";"1";"0";"2";"0"
"5805";"48531";"5805";"53";"3";"1";"7";"6";"0";"1";"1";"1";"0"
"5806";"48539";"5806";"64";"1";"2";"2";"4";"0";"1";"1";"1";"0"
"5807";"48539";"5807";"63";"1";"1";"7";"4";"1";"0";"1";"2";"0"
"5808";"48558";"5808";"26";"2";"3";"2";"1";"1";"0";"1";"2";"0"
"5809";"48558";"5809";"72";"1";"1";"7";"6";"0";"1";"1";"1";"0"
"5810";"48569";"5810";"85";"3";"1";"7";"6";"0";"1";"1";"1";"0"
"5811";"48569";"5811";"52";"1";"1";"7";"6";"0";"3";"0";"1";"0"
"5812";"48569";"5812";"81";"3";"1";"7";"2";"1";"0";"1";"2";"0"
"5813";"48569";"5813";"52";"3";"1";"2";"0";"0";"1";"0";"1";"0"
"5814";"48571";"5814";"72";"1";"1";"2";"6";"1";"0";"1";"2";"0"
"5815";"48571";"5815";"25";"2";"1";"7";"6";"0";"1";"0";"1";"0"
"5816";"48572";"5816";"64";"3";"1";"7";"6";"0";"1";"1";"1";"0"
"5817";"48580";"5817";"52";"3";"3";"1";"0";"1";"0";"0";"2";"0"
"5818";"48580";"5818";"52";"3";"1";"7";"0";"1";"0";"0";"2";"0"
"5819";"48580";"5819";"52";"1";"3";"2";"0";"1";"0";"0";"2";"0"
"5820";"48580";"5820";"52";"3";"1";"2";"0";"0";"2";"0";"1";"0"
"5821";"48581";"5821";"51";"1";"1";"7";"6";"0";"1";"1";"1";"0"
"5822";"48581";"5822";"52";"3";"1";"1";"0";"0";"3";"2";"1";"0"
"5823";"48582";"5823";"23";"1";"3";"1";"6";"0";"2";"1";"1";"0"
"5824";"48582";"5824";"52";"1";"1";"7";"0";"1";"0";"0";"2";"0"
"5825";"48582";"5825";"52";"1";"1";"7";"0";"0";"1";"0";"1";"0"
"5826";"48582";"5826";"99";"3";"1";"7";"4";"0";"2";"0";"1";"0"
"5827";"48582";"5827";"52";"1";"3";"1";"6";"0";"4";"1";"1";"0"
"5828";"48582";"5828";"51";"3";"1";"1";"6";"0";"2";"5";"1";"0"
"5829";"48582";"5829";"28";"5";"1";"7";"9";"1";"0";"0";"2";"0"
"5830";"48591";"5830";"72";"1";"3";"1";"6";"0";"1";"1";"1";"0"
"5831";"48591";"5831";"72";"1";"1";"7";"6";"0";"1";"1";"1";"0"
"5832";"48592";"5832";"72";"1";"1";"7";"6";"0";"1";"1";"1";"0"