"accident_id";"lieu_id";"date_id";"cause_id";"lum_id";"intemp_id";"etat_surface_id";"impliq_id";"nb_blesses_graves";"nb_blesses_legers";"nb_indemnes";"gravite";"nb_morts"
"6502";"53313";"6502";"21";"1";"1";"7";"3";"1";"0";"1";"2";"0"
"6503";"53314";"6503";"74";"3";"1";"7";"4";"0";"2";"0";"1";"0"
"6504";"53317";"6504";"21";"1";"1";"7";"4";"1";"0";"1";"2";"0"
"6505";"53331";"6505";"51";"3";"1";"7";"6";"0";"0";"1";"3";"0"
"6506";"53333";"6506";"25";"3";"1";"7";"0";"0";"1";"0";"1";"0"
"6507";"53333";"6507";"71";"1";"1";"7";"6";"1";"0";"1";"2";"0"
"6508";"53333";"6508";"52";"3";"3";"1";"0";"1";"0";"0";"2";"0"
"6509";"53334";"6509";"72";"1";"1";"7";"6";"0";"1";"1";"1";"0"
"6510";"53334";"6510";"53";"3";"2";"2";"5";"0";"1";"1";"1";"0"
"6511";"53334";"6511";"23";"1";"1";"7";"4";"0";"1";"1";"1";"0"
"6512";"53334";"6512";"72";"1";"1";"7";"4";"0";"1";"1";"1";"0"
"6513";"53341";"6513";"20";"1";"1";"7";"0";"0";"2";"0";"1";"0"
"6514";"53936";"6514";"21";"1";"1";"7";"6";"0";"1";"1";"1";"0"
"6515";"53968";"6515";"52";"1";"1";"4";"0";"0";"2";"0";"1";"0"
"6516";"53974";"6516";"72";"1";"1";"7";"6";"1";"0";"1";"2";"0"
"6517";"53985";"6517";"26";"1";"1";"7";"2";"1";"0";"0";"2";"0"
"6518";"53991";"6518";"22";"2";"1";"7";"6";"0";"1";"1";"1";"0"
"6519";"53994";"6519";"72";"1";"1";"7";"6";"1";"0";"1";"2";"0"
"6520";"53994";"6520";"25";"3";"1";"7";"6";"0";"1";"1";"1";"0"
"6521";"53994";"6521";"72";"3";"3";"1";"6";"0";"1";"1";"1";"0"
"6522";"53994";"6522";"64";"1";"3";"1";"5";"0";"1";"1";"1";"0"
"6523";"54024";"6523";"52";"1";"1";"7";"6";"0";"1";"1";"1";"0"
"6524";"54024";"6524";"52";"3";"1";"7";"0";"0";"2";"0";"1";"0"
"6525";"54025";"6525";"52";"3";"1";"7";"0";"1";"4";"0";"2";"0"
"6526";"54025";"6526";"64";"1";"1";"7";"4";"1";"0";"1";"2";"0"
"6527";"54025";"6527";"23";"1";"1";"7";"6";"0";"1";"1";"1";"0"
"6528";"54026";"6528";"52";"3";"1";"7";"6";"0";"2";"0";"1";"0"
"6529";"54026";"6529";"72";"1";"1";"7";"6";"0";"1";"1";"1";"0"
"6530";"54070";"6530";"25";"1";"2";"2";"6";"0";"1";"1";"1";"0"
"6531";"54070";"6531";"21";"1";"1";"7";"6";"0";"1";"1";"1";"0"
"6532";"54072";"6532";"52";"5";"3";"1";"6";"0";"3";"0";"1";"0"
"6533";"54073";"6533";"52";"1";"1";"7";"6";"1";"2";"0";"2";"0"
"6534";"54075";"6534";"25";"3";"3";"2";"0";"1";"0";"0";"2";"0"
"6535";"54088";"6535";"41";"2";"1";"7";"1";"0";"1";"1";"1";"0"
"6536";"54115";"6536";"63";"1";"1";"7";"4";"1";"0";"0";"2";"0"
"6537";"54127";"6537";"52";"1";"1";"7";"6";"0";"1";"2";"1";"0"
"6538";"54177";"6538";"51";"1";"3";"1";"6";"1";"0";"1";"2";"0"
"6539";"54200";"6539";"71";"1";"1";"7";"6";"0";"1";"1";"1";"0"
"6540";"54201";"6540";"72";"1";"2";"2";"6";"0";"1";"1";"1";"0"
"6541";"54201";"6541";"71";"1";"1";"7";"6";"0";"1";"1";"1";"0"
"6542";"54210";"6542";"64";"1";"1";"7";"6";"1";"0";"2";"2";"0"
"6543";"54210";"6543";"71";"1";"1";"7";"6";"1";"0";"1";"2";"0"
"6544";"54210";"6544";"52";"3";"1";"1";"6";"0";"3";"0";"1";"0"
"6545";"54210";"6545";"72";"3";"6";"7";"6";"0";"1";"1";"1";"0"
"6546";"54214";"6546";"51";"3";"1";"7";"3";"0";"1";"2";"1";"0"
"6547";"54219";"6547";"22";"1";"1";"7";"6";"0";"1";"1";"1";"0"
"6548";"54219";"6548";"81";"1";"1";"7";"7";"0";"1";"1";"1";"0"
"6549";"54220";"6549";"52";"3";"1";"4";"6";"1";"2";"0";"2";"0"
"6550";"54221";"6550";"64";"1";"1";"1";"5";"0";"1";"1";"1";"0"
"6551";"54222";"6551";"52";"3";"1";"7";"0";"1";"1";"0";"2";"0"
"6552";"54222";"6552";"67";"3";"1";"7";"4";"1";"0";"1";"2";"0"
"6553";"54222";"6553";"22";"1";"1";"7";"6";"0";"1";"1";"1";"0"
"6554";"54226";"6554";"25";"3";"1";"1";"7";"1";"0";"1";"2";"0"
"6555";"54226";"6555";"81";"1";"1";"7";"0";"0";"1";"0";"1";"0"
"6556";"54237";"6556";"18";"1";"1";"7";"6";"0";"1";"1";"1";"0"
"6557";"54238";"6557";"52";"1";"1";"7";"0";"0";"4";"0";"1";"0"
"6558";"54238";"6558";"52";"1";"1";"7";"0";"1";"0";"0";"2";"0"
"6559";"54238";"6559";"52";"5";"2";"1";"6";"0";"1";"1";"1";"0"
"6560";"54239";"6560";"52";"3";"1";"7";"0";"0";"1";"0";"1";"0"
"6561";"54243";"6561";"21";"2";"1";"7";"6";"0";"4";"0";"1";"0"
"6562";"54246";"6562";"21";"2";"6";"1";"6";"0";"2";"0";"1";"0"
"6563";"54246";"6563";"52";"2";"3";"1";"6";"1";"0";"1";"2";"0"
"6564";"54318";"6564";"52";"1";"1";"7";"0";"0";"1";"0";"1";"0"
"6565";"54323";"6565";"52";"3";"1";"7";"0";"0";"1";"1";"3";"0"
"6566";"54323";"6566";"52";"1";"1";"1";"0";"0";"3";"0";"1";"0"
"6567";"54323";"6567";"25";"4";"1";"7";"7";"0";"1";"1";"1";"0"
"6568";"54323";"6568";"72";"2";"1";"7";"6";"1";"0";"1";"2";"0"
"6569";"54323";"6569";"72";"1";"2";"1";"6";"1";"0";"1";"2";"0"
"6570";"54323";"6570";"72";"1";"1";"7";"5";"1";"0";"0";"2";"0"
"6571";"54331";"6571";"52";"1";"1";"7";"0";"0";"1";"0";"1";"0"
"6572";"54390";"6572";"72";"1";"3";"2";"6";"0";"1";"1";"1";"0"
"6573";"54396";"6573";"52";"1";"1";"7";"0";"0";"2";"0";"1";"0"
"6574";"54923";"2571";"52";"1";"3";"2";"6";"0";"1";"4";"1";"0"
"6575";"54926";"6575";"71";"1";"1";"7";"6";"1";"0";"1";"2";"0"
"6576";"54959";"6576";"52";"5";"2";"2";"0";"1";"1";"1";"2";"0"
"6577";"54959";"6577";"51";"1";"1";"7";"3";"0";"1";"0";"1";"0"
"6578";"54959";"6578";"52";"5";"1";"7";"0";"0";"2";"2";"1";"0"
"6579";"54961";"6579";"23";"1";"1";"7";"6";"0";"3";"1";"1";"0"
"6580";"54967";"6580";"21";"1";"1";"7";"5";"1";"1";"0";"2";"0"
"6581";"54975";"6581";"52";"1";"1";"4";"6";"1";"0";"1";"2";"0"
"6582";"55011";"6582";"36";"5";"1";"1";"6";"1";"0";"0";"3";"0"
"6583";"55011";"6583";"21";"3";"1";"7";"5";"0";"0";"1";"3";"0"
"6584";"55011";"6584";"52";"1";"1";"7";"0";"0";"1";"0";"1";"0"
"6585";"55623";"6585";"72";"1";"1";"7";"6";"0";"1";"1";"1";"0"
"6586";"55623";"6586";"71";"2";"1";"7";"6";"0";"1";"1";"1";"0"
"6587";"55624";"6587";"72";"3";"1";"7";"6";"0";"1";"0";"1";"0"
"6588";"55625";"6588";"41";"3";"1";"1";"6";"0";"1";"1";"1";"0"
"6589";"55625";"6589";"52";"1";"1";"7";"6";"0";"4";"1";"1";"0"
"6590";"55635";"6590";"67";"3";"1";"7";"4";"0";"1";"1";"1";"0"
"6591";"55635";"6591";"26";"1";"1";"7";"1";"1";"0";"1";"2";"0"
"6592";"55639";"6592";"52";"1";"3";"1";"0";"1";"0";"0";"2";"0"
"6593";"55640";"6593";"64";"1";"1";"7";"4";"0";"1";"2";"1";"0"
"6594";"55647";"6594";"21";"1";"1";"7";"6";"0";"1";"2";"1";"0"
"6595";"55668";"6595";"61";"1";"1";"7";"4";"1";"0";"1";"2";"0"
"6596";"55668";"6596";"71";"5";"1";"7";"6";"0";"1";"1";"1";"0"
"6597";"55671";"6597";"25";"2";"1";"7";"6";"0";"1";"1";"1";"0"
"6598";"55675";"6598";"26";"1";"1";"7";"2";"1";"0";"1";"2";"0"
"6599";"55676";"6599";"26";"2";"3";"2";"2";"0";"1";"1";"1";"0"
"6600";"55676";"6600";"26";"1";"1";"2";"2";"0";"1";"1";"1";"0"
"6601";"55678";"6601";"22";"1";"2";"2";"6";"0";"2";"1";"1";"0"
"6602";"55681";"6602";"64";"1";"1";"7";"6";"0";"1";"1";"1";"0"
"6603";"55681";"6603";"72";"3";"3";"2";"6";"1";"0";"1";"2";"0"
"6604";"55681";"6604";"52";"3";"1";"7";"6";"0";"1";"3";"1";"0"
"6605";"55682";"6605";"52";"3";"1";"7";"6";"0";"1";"2";"1";"0"
"6606";"55683";"6606";"71";"1";"1";"7";"5";"0";"1";"1";"1";"0"
"6607";"55683";"6607";"26";"2";"1";"7";"2";"1";"0";"1";"2";"0"
"6608";"55683";"6608";"26";"1";"1";"7";"1";"0";"1";"1";"1";"0"
"6609";"55683";"6609";"26";"1";"1";"7";"2";"0";"1";"1";"1";"0"
"6610";"55684";"6610";"64";"3";"1";"7";"4";"0";"1";"1";"1";"0"
"6611";"55684";"6611";"25";"3";"3";"2";"6";"0";"1";"1";"1";"0"
"6612";"55684";"6612";"26";"1";"1";"7";"2";"0";"1";"1";"1";"0"
"6613";"55684";"6613";"26";"1";"3";"1";"2";"0";"1";"0";"3";"0"
"6614";"55692";"4848";"64";"3";"1";"7";"4";"0";"1";"1";"1";"0"
"6615";"55698";"6615";"52";"1";"1";"7";"4";"0";"2";"0";"1";"0"
"6616";"55714";"6616";"63";"1";"1";"7";"4";"0";"1";"1";"1";"0"
"6617";"55714";"6617";"18";"1";"1";"7";"6";"0";"1";"1";"1";"0"
"6618";"55730";"6618";"22";"1";"7";"7";"6";"1";"0";"1";"2";"0"
"6619";"55736";"6619";"26";"1";"1";"7";"1";"1";"0";"1";"2";"0"
"6620";"55748";"6620";"72";"1";"1";"7";"6";"0";"1";"1";"1";"0"
"6621";"55757";"6621";"72";"1";"1";"7";"6";"1";"0";"0";"2";"0"
"6622";"55757";"6622";"82";"1";"1";"7";"6";"0";"1";"1";"1";"0"
"6623";"55757";"6623";"71";"1";"1";"7";"6";"0";"1";"1";"1";"0"
"6624";"55758";"6624";"26";"3";"1";"7";"2";"0";"1";"1";"1";"0"
"6625";"55758";"6625";"72";"1";"1";"7";"6";"0";"1";"1";"1";"0"
"6626";"55758";"6626";"26";"1";"1";"7";"2";"0";"1";"1";"1";"0"
"6627";"55758";"6627";"72";"1";"1";"7";"6";"0";"1";"2";"1";"0"
"6628";"55758";"6628";"26";"1";"1";"7";"1";"0";"1";"1";"1";"0"
"6629";"55758";"6629";"26";"1";"1";"7";"1";"0";"1";"1";"1";"0"
"6630";"55758";"6630";"26";"2";"1";"7";"2";"0";"1";"1";"1";"0"
"6631";"55759";"6631";"36";"1";"1";"7";"3";"1";"0";"1";"2";"0"
"6632";"55759";"6632";"22";"3";"1";"7";"8";"0";"1";"1";"1";"0"
"6633";"55759";"6633";"72";"1";"1";"7";"6";"1";"0";"1";"2";"0"
"6634";"55760";"6634";"22";"1";"1";"7";"6";"1";"0";"1";"2";"0"
"6635";"55761";"6635";"25";"1";"1";"7";"6";"0";"1";"1";"1";"0"
"6636";"55761";"6636";"25";"1";"1";"7";"6";"0";"1";"1";"1";"0"
"6637";"55761";"6637";"26";"1";"1";"7";"2";"0";"1";"1";"1";"0"
"6638";"55761";"6638";"26";"1";"1";"7";"2";"0";"1";"1";"1";"0"
"6639";"55761";"6639";"51";"3";"1";"7";"7";"0";"1";"1";"1";"0"
"6640";"55761";"6640";"67";"1";"1";"7";"6";"0";"1";"1";"1";"0"
"6641";"55761";"6641";"52";"5";"1";"2";"0";"0";"1";"0";"1";"0"
"6642";"55762";"6642";"25";"3";"3";"2";"0";"0";"1";"0";"1";"0"
"6643";"55762";"6643";"36";"2";"3";"2";"6";"0";"3";"1";"1";"0"
"6644";"55777";"6644";"52";"1";"1";"4";"6";"0";"2";"0";"1";"0"
"6645";"55819";"6645";"21";"1";"1";"7";"6";"0";"3";"0";"1";"0"
"6646";"55839";"6646";"52";"1";"3";"2";"3";"0";"1";"1";"1";"0"
"6647";"55845";"6647";"52";"2";"1";"7";"7";"0";"1";"1";"1";"0"
"6648";"55846";"6648";"81";"3";"1";"7";"4";"0";"1";"1";"1";"0"
"6649";"55846";"6649";"26";"1";"1";"7";"2";"0";"1";"1";"1";"0"
"6650";"55846";"6650";"51";"3";"1";"7";"6";"0";"1";"2";"1";"0"
"6651";"55846";"6651";"26";"1";"1";"7";"2";"0";"1";"1";"1";"0"
"6652";"55846";"6652";"71";"1";"1";"7";"5";"1";"0";"1";"2";"0"
"6653";"55846";"6653";"67";"1";"1";"7";"4";"0";"1";"1";"1";"0"
"6654";"55847";"6654";"22";"1";"1";"7";"7";"0";"1";"1";"1";"0"
"6655";"55847";"6655";"71";"3";"3";"1";"6";"0";"1";"1";"1";"0"
"6656";"55856";"6656";"52";"1";"1";"7";"6";"0";"1";"1";"1";"0"
"6657";"55856";"6657";"51";"1";"1";"7";"6";"0";"1";"1";"1";"0"
"6658";"55856";"6658";"27";"1";"1";"7";"4";"0";"1";"0";"3";"0"
"6659";"56433";"6659";"64";"1";"1";"7";"6";"1";"1";"6";"2";"0"
"6660";"57084";"6660";"72";"1";"1";"7";"0";"0";"1";"1";"1";"0"
"6661";"57084";"6661";"52";"3";"1";"1";"0";"0";"1";"0";"1";"0"
"6662";"57084";"6662";"23";"1";"1";"7";"6";"0";"0";"1";"3";"0"
"6663";"57084";"6663";"21";"1";"2";"1";"6";"1";"2";"0";"2";"0"
"6664";"57085";"6664";"81";"3";"1";"7";"0";"1";"0";"1";"2";"0"
"6665";"57093";"6665";"52";"3";"1";"7";"0";"0";"1";"0";"1";"0"
"6666";"57093";"6666";"52";"1";"1";"7";"0";"0";"1";"0";"1";"0"
"6667";"57094";"6667";"52";"1";"1";"7";"0";"1";"1";"0";"2";"0"
"6668";"57094";"6668";"52";"3";"1";"7";"0";"1";"0";"0";"2";"0"
"6669";"57099";"6669";"81";"1";"1";"7";"1";"1";"0";"1";"2";"0"
"6670";"57813";"6670";"64";"2";"1";"1";"6";"0";"1";"1";"1";"0"
"6671";"57819";"6671";"52";"1";"1";"7";"0";"1";"0";"0";"2";"0"
"6672";"57820";"6672";"81";"5";"1";"1";"0";"0";"4";"0";"1";"0"
"6673";"57822";"6673";"25";"1";"1";"2";"6";"1";"0";"2";"2";"0"
"6674";"57823";"6674";"81";"5";"1";"7";"0";"1";"0";"0";"2";"0"
"6675";"57824";"6675";"52";"3";"1";"4";"0";"1";"1";"0";"2";"0"
"6676";"57827";"6676";"67";"1";"1";"7";"6";"2";"7";"1";"2";"0"
"6677";"57829";"6677";"51";"3";"7";"2";"7";"0";"0";"1";"3";"0"
"6678";"57830";"6678";"52";"1";"1";"7";"0";"1";"0";"0";"2";"0"
"6679";"57830";"6679";"72";"1";"1";"7";"6";"0";"1";"1";"1";"0"
"6680";"57832";"6680";"52";"1";"1";"7";"5";"1";"0";"1";"2";"0"
"6681";"57842";"6681";"81";"3";"3";"1";"6";"0";"0";"1";"3";"0"
"6682";"57843";"6682";"71";"1";"1";"7";"6";"1";"0";"1";"2";"0"
"6683";"57869";"6683";"21";"3";"1";"2";"6";"1";"0";"1";"2";"0"
"6684";"57869";"6684";"52";"1";"1";"7";"6";"0";"1";"0";"3";"0"
"6685";"57870";"6685";"64";"1";"1";"7";"6";"1";"0";"1";"2";"0"
"6686";"57870";"6686";"23";"1";"1";"7";"7";"0";"1";"1";"1";"0"
"6687";"57870";"6687";"67";"1";"1";"7";"6";"1";"1";"0";"2";"0"
"6688";"57870";"6688";"52";"1";"1";"7";"0";"1";"0";"0";"2";"0"
"6689";"57878";"6689";"81";"1";"1";"7";"0";"0";"0";"0";"3";"0"
"6690";"57888";"6690";"52";"1";"1";"7";"0";"1";"3";"1";"2";"0"
"6691";"57897";"6691";"23";"1";"1";"7";"6";"1";"0";"1";"2";"0"
"6692";"57900";"6692";"73";"3";"1";"7";"6";"0";"1";"1";"1";"0"
"6693";"57900";"6693";"81";"1";"1";"7";"6";"1";"1";"1";"2";"0"
"6694";"57900";"6694";"73";"1";"1";"7";"6";"1";"0";"1";"2";"0"
"6695";"57901";"6695";"26";"1";"1";"7";"3";"1";"0";"0";"2";"0"
"6696";"57901";"6696";"99";"3";"7";"7";"0";"1";"1";"0";"2";"0"
"6697";"57928";"6697";"64";"3";"1";"7";"5";"1";"0";"1";"2";"0"
"6698";"57928";"6698";"21";"1";"1";"7";"6";"0";"3";"3";"1";"0"
"6699";"57928";"6699";"51";"2";"1";"7";"9";"0";"1";"2";"1";"0"
"6700";"57954";"6700";"35";"1";"1";"7";"3";"1";"0";"1";"2";"0"
"6701";"57955";"6701";"52";"1";"1";"7";"6";"0";"2";"0";"1";"0"
"6702";"57962";"6702";"52";"1";"1";"7";"0";"0";"1";"0";"1";"0"
"6703";"57968";"6703";"52";"1";"1";"7";"0";"0";"1";"0";"1";"0"
"6704";"57971";"6704";"52";"1";"1";"1";"0";"1";"0";"1";"2";"0"
"6705";"57988";"6705";"73";"1";"1";"7";"6";"0";"1";"1";"1";"0"
"6706";"58024";"6706";"52";"1";"1";"7";"0";"0";"1";"0";"1";"0"
"6707";"58656";"6707";"51";"1";"1";"7";"6";"1";"0";"1";"2";"0"
"6708";"58658";"6708";"67";"1";"1";"7";"6";"2";"0";"2";"2";"0"
"6709";"58658";"6709";"26";"1";"1";"7";"2";"1";"0";"1";"2";"0"
"6710";"58658";"6710";"99";"1";"1";"7";"7";"0";"0";"1";"3";"0"
"6711";"58658";"6711";"72";"1";"1";"7";"6";"1";"0";"1";"2";"0"
"6712";"58659";"6712";"72";"1";"1";"7";"6";"0";"1";"1";"1";"0"
"6713";"58660";"6713";"12";"1";"2";"1";"9";"1";"0";"0";"2";"0"
"6714";"58660";"6714";"12";"3";"3";"2";"9";"1";"0";"1";"2";"0"
"6715";"58661";"6715";"26";"1";"1";"7";"1";"1";"0";"1";"2";"0"
"6716";"58661";"6716";"73";"1";"1";"7";"6";"1";"0";"1";"2";"0"
"6717";"58661";"6717";"72";"1";"3";"1";"6";"0";"1";"1";"1";"0"
"6718";"58661";"6718";"52";"1";"1";"7";"6";"0";"2";"0";"1";"0"
"6719";"58678";"6719";"81";"1";"1";"7";"0";"0";"1";"0";"1";"0"
"6720";"58700";"6720";"67";"3";"1";"7";"4";"1";"0";"1";"2";"0"
"6721";"58705";"6721";"74";"1";"1";"7";"6";"1";"0";"1";"2";"0"
"6722";"58706";"4596";"26";"1";"1";"7";"2";"0";"1";"1";"1";"0"
"6723";"58706";"6723";"26";"1";"1";"7";"2";"0";"1";"1";"1";"0"
"6724";"58710";"6724";"72";"1";"1";"7";"6";"1";"0";"1";"2";"0"
"6725";"58711";"6725";"35";"3";"3";"2";"3";"0";"1";"1";"1";"0"
"6726";"58712";"6726";"25";"3";"1";"7";"6";"1";"0";"0";"2";"0"
"6727";"58714";"6727";"71";"1";"1";"7";"6";"1";"0";"1";"2";"0"
"6728";"58721";"6728";"72";"1";"1";"7";"6";"1";"0";"1";"2";"0"
"6729";"58725";"6729";"72";"1";"1";"7";"6";"0";"1";"1";"1";"0"
"6730";"58725";"6730";"71";"1";"1";"7";"6";"1";"0";"1";"2";"0"
"6731";"58728";"6731";"72";"1";"1";"7";"6";"1";"0";"1";"2";"0"
"6732";"58743";"6732";"23";"1";"1";"7";"5";"1";"0";"1";"2";"0"
"6733";"58764";"6733";"67";"1";"1";"7";"5";"0";"2";"1";"1";"0"
"6734";"58773";"6734";"81";"1";"1";"7";"2";"0";"1";"1";"1";"0"
"6735";"58774";"6735";"72";"3";"3";"2";"6";"0";"1";"1";"1";"0"
"6736";"58775";"6736";"72";"1";"1";"7";"6";"1";"0";"1";"2";"0"
"6737";"58775";"6737";"41";"3";"1";"7";"6";"0";"1";"1";"1";"0"
"6738";"58775";"6738";"52";"3";"1";"7";"0";"1";"0";"0";"2";"0"
"6739";"58781";"6739";"51";"3";"1";"7";"2";"1";"0";"2";"2";"0"
"6740";"58803";"6740";"71";"1";"1";"7";"6";"0";"1";"1";"1";"0"
"6741";"58805";"6741";"62";"1";"1";"7";"2";"1";"0";"1";"2";"0"
"6742";"58806";"6742";"41";"1";"1";"7";"1";"0";"1";"1";"1";"0"
"6743";"58806";"6743";"32";"1";"1";"7";"6";"1";"0";"1";"2";"0"
"6744";"58806";"6744";"71";"3";"1";"7";"6";"1";"0";"1";"2";"0"
"6745";"58806";"6745";"23";"1";"1";"7";"5";"0";"1";"1";"1";"0"
"6746";"58806";"6746";"72";"2";"1";"2";"6";"0";"1";"1";"1";"0"
"6747";"58807";"6747";"36";"1";"1";"7";"6";"0";"1";"1";"1";"0"
"6748";"58809";"6748";"71";"1";"2";"2";"6";"1";"0";"1";"2";"0"
"6749";"58809";"6749";"51";"1";"1";"7";"2";"1";"0";"1";"2";"0"
"6750";"58809";"6750";"64";"1";"1";"7";"5";"0";"1";"1";"1";"0"
"6751";"58810";"6751";"36";"1";"1";"7";"3";"1";"0";"1";"2";"0"
"6752";"58810";"6752";"23";"1";"1";"7";"6";"1";"0";"1";"2";"0"
"6753";"58810";"6753";"23";"1";"1";"7";"5";"1";"1";"0";"2";"0"
"6754";"58820";"6754";"71";"1";"1";"7";"6";"1";"0";"1";"2";"0"
"6755";"58831";"6755";"52";"3";"3";"1";"0";"0";"2";"0";"1";"0"
"6756";"58831";"6756";"21";"1";"1";"7";"6";"0";"4";"0";"1";"0"
"6757";"58835";"6757";"72";"3";"1";"7";"6";"0";"1";"1";"1";"0"
"6758";"58842";"6758";"71";"1";"1";"7";"4";"1";"0";"1";"2";"0"
"6759";"58844";"6759";"81";"3";"1";"7";"7";"0";"1";"1";"1";"0"
"6760";"58852";"6760";"71";"1";"1";"7";"6";"1";"0";"1";"2";"0"
"6761";"58865";"6761";"71";"1";"1";"7";"6";"0";"1";"0";"1";"0"
"6762";"58873";"6762";"81";"1";"1";"7";"0";"0";"1";"0";"1";"0"
"6763";"58879";"6763";"71";"1";"1";"7";"6";"0";"1";"1";"1";"0"
"6764";"58882";"6764";"67";"2";"1";"7";"4";"1";"0";"1";"2";"0"
"6765";"58905";"6765";"26";"1";"1";"7";"1";"0";"1";"1";"1";"0"
"6766";"58905";"6766";"63";"3";"1";"7";"5";"0";"1";"1";"1";"0"
"6767";"58908";"6767";"41";"1";"1";"7";"4";"1";"1";"1";"2";"0"
"6768";"58926";"6768";"52";"1";"1";"7";"0";"0";"1";"0";"1";"0"
"6769";"58935";"6769";"72";"1";"1";"7";"6";"1";"0";"1";"2";"0"
"6770";"58938";"6770";"63";"1";"1";"7";"6";"1";"1";"0";"2";"0"
"6771";"58943";"6771";"21";"3";"1";"7";"4";"1";"1";"0";"2";"0"
"6772";"58966";"6772";"26";"1";"1";"7";"2";"0";"1";"1";"1";"0"
"6773";"58966";"6773";"67";"3";"1";"7";"4";"0";"2";"1";"1";"0"
"6774";"58979";"6774";"52";"1";"1";"4";"6";"0";"1";"2";"1";"0"
"6775";"58981";"6775";"61";"1";"1";"1";"4";"0";"0";"1";"3";"0"
"6776";"58981";"6776";"61";"1";"1";"7";"3";"1";"0";"1";"2";"0"
"6777";"58981";"6777";"72";"1";"1";"7";"6";"1";"0";"1";"2";"0"
"6778";"58981";"6778";"72";"1";"1";"7";"6";"1";"0";"1";"2";"0"
"6779";"58983";"6779";"71";"1";"1";"7";"6";"1";"0";"1";"2";"0"
"6780";"58986";"6780";"25";"3";"1";"7";"6";"0";"2";"1";"1";"0"
"6781";"58988";"6781";"23";"1";"1";"7";"4";"1";"0";"1";"2";"0"
"6782";"58989";"6782";"72";"1";"1";"7";"6";"1";"0";"1";"2";"0"
"6783";"58997";"6783";"51";"1";"1";"7";"3";"1";"0";"1";"2";"0"
"6784";"58997";"6784";"81";"1";"1";"7";"1";"1";"0";"1";"2";"0"
"6785";"58998";"6785";"25";"3";"3";"2";"7";"1";"1";"1";"2";"0"
"6786";"58998";"6786";"52";"3";"1";"7";"0";"1";"0";"0";"2";"0"
"6787";"58998";"6787";"26";"1";"1";"7";"2";"1";"0";"1";"2";"0"
"6788";"58998";"6788";"71";"1";"1";"7";"6";"0";"1";"1";"1";"0"
"6789";"58998";"6789";"72";"2";"1";"7";"6";"0";"1";"1";"1";"0"
"6790";"58999";"6790";"81";"3";"1";"7";"3";"1";"0";"1";"2";"0"
"6791";"59002";"6791";"52";"1";"1";"7";"6";"3";"0";"0";"2";"0"
"6792";"59002";"6792";"52";"1";"1";"7";"7";"1";"2";"1";"2";"0"
"6793";"59003";"6793";"64";"3";"1";"7";"6";"0";"2";"0";"1";"0"
"6794";"59003";"6794";"21";"5";"7";"1";"6";"0";"1";"1";"1";"0"
"6795";"59004";"6795";"36";"1";"1";"7";"6";"1";"1";"1";"2";"0"
"6796";"59004";"6796";"52";"1";"1";"7";"7";"1";"0";"1";"2";"0"
"6797";"59004";"6797";"82";"1";"1";"7";"6";"0";"2";"0";"3";"0"
"6798";"59019";"6798";"82";"1";"1";"7";"0";"0";"1";"0";"1";"0"
"6799";"59068";"6799";"72";"1";"1";"7";"4";"2";"0";"0";"2";"0"
"6800";"59068";"6800";"74";"1";"1";"7";"4";"0";"2";"0";"1";"0"
"6801";"59093";"6801";"72";"1";"1";"7";"6";"1";"0";"1";"2";"0"
"6802";"59093";"6802";"26";"1";"1";"7";"2";"0";"2";"0";"1";"0"
"6803";"59093";"6803";"81";"1";"1";"7";"7";"1";"0";"1";"2";"0"
"6804";"59093";"6804";"52";"1";"3";"1";"4";"1";"0";"1";"2";"0"
"6805";"59093";"6805";"51";"1";"3";"1";"1";"0";"2";"1";"1";"0"
"6806";"59096";"6806";"52";"1";"1";"7";"2";"1";"0";"1";"2";"0"
"6807";"59118";"6807";"52";"2";"1";"7";"0";"0";"0";"0";"3";"0"
"6808";"59124";"6808";"52";"1";"3";"1";"5";"0";"1";"1";"1";"0"
"6809";"59129";"6809";"52";"3";"1";"7";"6";"1";"0";"1";"2";"0"
"6810";"59144";"6810";"51";"1";"1";"7";"2";"0";"1";"1";"1";"0"
"6811";"59161";"6811";"76";"1";"1";"7";"6";"0";"1";"1";"1";"0"
"6812";"59743";"6812";"72";"1";"1";"7";"6";"0";"1";"1";"1";"0"
"6813";"59760";"6813";"21";"3";"1";"6";"4";"1";"0";"1";"2";"0"
"6814";"59762";"6814";"64";"2";"1";"7";"4";"0";"1";"1";"1";"0"
"6815";"59775";"6815";"23";"1";"1";"7";"5";"1";"0";"1";"2";"0"
"6816";"59776";"6816";"81";"1";"3";"2";"6";"0";"1";"1";"1";"0"
"6817";"59776";"6817";"52";"1";"1";"1";"6";"1";"0";"1";"2";"0"
"6818";"59832";"6818";"72";"1";"1";"7";"6";"0";"1";"1";"1";"0"
"6819";"59836";"6819";"64";"3";"1";"7";"4";"0";"1";"1";"1";"0"
"6820";"59836";"6820";"67";"1";"1";"7";"5";"1";"0";"1";"2";"0"
"6821";"59836";"6821";"21";"3";"3";"1";"4";"0";"1";"1";"1";"0"
"6822";"59837";"6822";"28";"4";"1";"7";"0";"0";"1";"0";"1";"0"
"6823";"59837";"6823";"25";"3";"3";"1";"6";"0";"1";"1";"1";"0"
"6824";"59837";"6824";"67";"1";"1";"7";"6";"0";"1";"1";"1";"0"
"6825";"59837";"6825";"81";"3";"1";"1";"6";"0";"1";"1";"1";"0"
"6826";"59838";"6826";"67";"1";"1";"7";"4";"0";"1";"1";"1";"0"
"6827";"59839";"6827";"72";"1";"1";"7";"6";"0";"1";"1";"1";"0"
"6828";"59839";"6828";"71";"1";"1";"7";"6";"1";"0";"1";"2";"0"
"6829";"59839";"6829";"64";"1";"1";"7";"4";"0";"1";"1";"1";"0"
"6830";"59839";"6830";"63";"1";"1";"7";"6";"0";"1";"1";"1";"0"
"6831";"59840";"6831";"36";"3";"1";"7";"6";"0";"1";"1";"1";"0"
"6832";"59841";"6832";"72";"3";"1";"7";"6";"1";"0";"1";"2";"0"
"6833";"59843";"6833";"81";"1";"3";"2";"6";"1";"1";"0";"2";"0"
"6834";"59843";"6834";"64";"3";"1";"7";"6";"0";"2";"0";"1";"0"
"6835";"59845";"6835";"67";"4";"3";"1";"4";"0";"1";"1";"1";"0"
"6836";"59847";"6836";"67";"1";"1";"7";"6";"1";"0";"1";"2";"0"