"accident_id";"lieu_id";"date_id";"cause_id";"lum_id";"intemp_id";"etat_surface_id";"impliq_id";"nb_blesses_graves";"nb_blesses_legers";"nb_indemnes";"gravite";"nb_morts"
"6837";"59849";"6837";"23";"2";"1";"7";"6";"0";"1";"1";"1";"0"
"6838";"59849";"6838";"74";"3";"1";"7";"6";"0";"1";"1";"1";"0"
"6839";"59851";"6839";"86";"1";"1";"7";"7";"0";"1";"1";"1";"0"
"6840";"59873";"6840";"52";"1";"3";"1";"6";"0";"6";"0";"1";"0"
"6841";"59884";"6841";"67";"1";"1";"7";"5";"0";"1";"1";"1";"0"
"6842";"59884";"6842";"17";"3";"1";"7";"2";"0";"1";"1";"1";"0"
"6843";"59884";"6843";"65";"1";"1";"7";"6";"0";"1";"1";"1";"0"
"6844";"59884";"6844";"26";"3";"3";"1";"2";"0";"1";"1";"1";"0"
"6845";"59884";"6845";"52";"1";"1";"7";"0";"0";"1";"0";"1";"0"
"6846";"59884";"6846";"52";"1";"2";"1";"0";"0";"2";"0";"1";"0"
"6847";"59884";"6847";"52";"1";"1";"7";"6";"0";"1";"1";"1";"0"
"6848";"59885";"6848";"52";"1";"1";"4";"0";"1";"0";"0";"2";"0"
"6849";"59886";"6849";"51";"3";"1";"7";"3";"0";"1";"1";"1";"0"
"6850";"59886";"6850";"52";"3";"1";"7";"0";"0";"2";"0";"1";"0"
"6851";"59886";"6851";"81";"1";"1";"7";"4";"0";"1";"2";"1";"0"
"6852";"59886";"6852";"52";"3";"1";"7";"0";"0";"1";"0";"1";"0"
"6853";"59889";"6853";"32";"1";"1";"7";"3";"0";"1";"2";"1";"0"
"6854";"59890";"6854";"65";"1";"3";"1";"6";"0";"1";"1";"1";"0"
"6855";"59890";"6855";"51";"1";"1";"7";"6";"0";"2";"2";"1";"0"
"6856";"59891";"6856";"71";"5";"3";"1";"6";"0";"1";"1";"1";"0"
"6857";"59892";"6857";"67";"3";"3";"2";"6";"0";"1";"1";"1";"0"
"6858";"59892";"6858";"26";"4";"3";"1";"2";"0";"1";"1";"1";"0"
"6859";"59892";"6859";"64";"3";"3";"1";"6";"0";"1";"2";"1";"0"
"6860";"59898";"6860";"26";"1";"3";"1";"1";"0";"1";"1";"1";"0"
"6861";"59900";"6861";"72";"1";"1";"7";"6";"0";"1";"1";"1";"0"
"6862";"59907";"6862";"52";"1";"1";"4";"0";"0";"1";"1";"1";"0"
"6863";"59907";"6863";"21";"1";"1";"7";"6";"0";"2";"0";"1";"0"
"6864";"59907";"6864";"72";"1";"3";"1";"6";"2";"0";"1";"2";"0"
"6865";"59907";"6865";"52";"1";"1";"7";"6";"1";"1";"0";"2";"0"
"6866";"59907";"6866";"21";"1";"1";"7";"6";"0";"1";"0";"1";"0"
"6867";"59908";"6867";"52";"1";"1";"7";"6";"1";"0";"2";"2";"0"
"6868";"59910";"6868";"85";"3";"1";"7";"6";"1";"0";"1";"2";"0"
"6869";"59911";"6869";"21";"5";"1";"7";"6";"0";"3";"1";"1";"0"
"6870";"59912";"6870";"52";"1";"3";"1";"0";"0";"1";"0";"1";"0"
"6871";"59913";"6871";"67";"1";"1";"7";"6";"0";"1";"1";"1";"0"
"6872";"59913";"6872";"71";"1";"1";"7";"6";"0";"1";"0";"0";"0"
"6873";"59913";"6873";"85";"3";"1";"7";"6";"1";"0";"1";"2";"0"
"6874";"59913";"6874";"21";"1";"1";"7";"5";"0";"2";"0";"1";"0"
"6875";"59915";"6875";"21";"1";"1";"7";"6";"0";"1";"1";"1";"0"
"6876";"59915";"6876";"21";"1";"1";"2";"6";"0";"1";"1";"1";"0"
"6877";"59916";"6877";"64";"1";"1";"7";"6";"0";"1";"1";"1";"0"
"6878";"59916";"6878";"72";"1";"1";"7";"6";"1";"0";"1";"2";"0"
"6879";"59925";"6879";"72";"1";"1";"7";"3";"0";"1";"1";"1";"0"
"6880";"59935";"6880";"21";"1";"1";"7";"6";"0";"1";"1";"1";"0"
"6881";"59939";"6881";"85";"3";"1";"1";"6";"1";"0";"2";"2";"0"
"6882";"59939";"6882";"71";"1";"1";"7";"6";"0";"1";"1";"1";"0"
"6883";"59944";"6883";"64";"1";"1";"7";"6";"0";"1";"1";"1";"0"
"6884";"59946";"6884";"72";"1";"1";"1";"6";"0";"1";"1";"1";"0"
"6885";"59946";"6885";"36";"1";"1";"7";"6";"0";"2";"0";"1";"0"
"6886";"59946";"6886";"21";"1";"1";"7";"6";"0";"1";"1";"1";"0"
"6887";"59947";"6887";"72";"1";"1";"1";"6";"1";"0";"1";"2";"0"
"6888";"59949";"6888";"71";"1";"1";"7";"6";"1";"0";"1";"2";"0"
"6889";"59949";"6889";"61";"2";"1";"1";"4";"0";"1";"1";"1";"0"
"6890";"59950";"6890";"28";"1";"1";"7";"6";"1";"1";"0";"2";"0"
"6891";"59961";"6891";"21";"1";"3";"2";"7";"0";"1";"1";"1";"0"
"6892";"59962";"6892";"67";"3";"1";"1";"6";"0";"3";"0";"1";"0"
"6893";"59962";"6893";"63";"1";"1";"7";"6";"0";"2";"2";"1";"0"
"6894";"59962";"6894";"52";"3";"1";"7";"0";"1";"0";"0";"2";"0"
"6895";"59964";"6895";"52";"1";"1";"7";"6";"0";"1";"2";"1";"0"
"6896";"59964";"6896";"63";"1";"1";"7";"4";"1";"0";"1";"2";"0"
"6897";"59966";"6897";"71";"1";"1";"7";"6";"1";"0";"1";"2";"0"
"6898";"59968";"6898";"74";"3";"1";"7";"4";"0";"1";"1";"1";"0"
"6899";"59968";"6899";"81";"3";"1";"7";"2";"0";"1";"1";"1";"0"
"6900";"59968";"6900";"81";"3";"1";"7";"6";"1";"4";"0";"3";"1"
"6901";"59969";"6901";"81";"3";"1";"7";"0";"0";"0";"1";"0";"0"
"6902";"59969";"6902";"74";"1";"1";"7";"4";"0";"1";"1";"1";"0"
"6903";"59969";"6903";"23";"3";"1";"7";"5";"2";"0";"2";"2";"0"
"6904";"59969";"6904";"51";"1";"1";"7";"6";"0";"1";"1";"1";"0"
"6905";"59969";"6905";"81";"3";"1";"7";"6";"0";"1";"2";"1";"0"
"6906";"59969";"6906";"52";"3";"1";"1";"4";"0";"1";"1";"1";"0"
"6907";"59969";"6907";"51";"1";"6";"1";"6";"0";"2";"1";"1";"0"
"6908";"59969";"6908";"81";"3";"1";"7";"0";"0";"0";"0";"3";"0"
"6909";"59969";"6909";"67";"3";"1";"7";"6";"0";"2";"0";"1";"0"
"6910";"59972";"6910";"26";"1";"1";"7";"1";"0";"1";"1";"1";"0"
"6911";"59973";"6911";"64";"1";"1";"7";"4";"0";"1";"1";"1";"0"
"6912";"59976";"6912";"81";"3";"3";"2";"6";"1";"0";"1";"2";"0"
"6913";"59976";"6913";"51";"1";"1";"7";"6";"0";"1";"2";"1";"0"
"6914";"59978";"6914";"71";"1";"1";"7";"6";"0";"1";"1";"1";"0"
"6915";"59979";"6915";"14";"3";"3";"1";"6";"0";"1";"1";"1";"0"
"6916";"59979";"6916";"71";"1";"1";"7";"6";"0";"1";"2";"1";"0"
"6917";"59979";"6917";"81";"1";"1";"7";"6";"0";"1";"2";"1";"0"
"6918";"59979";"6918";"51";"1";"1";"7";"6";"0";"3";"6";"1";"0"
"6919";"59980";"6919";"17";"3";"2";"1";"2";"0";"2";"1";"1";"0"
"6920";"59982";"6920";"72";"1";"1";"7";"6";"1";"0";"1";"2";"0"
"6921";"59982";"6921";"72";"1";"2";"1";"6";"0";"1";"1";"1";"0"
"6922";"59982";"6922";"64";"1";"1";"7";"6";"0";"1";"2";"1";"0"
"6923";"59982";"6923";"52";"3";"1";"7";"0";"0";"2";"0";"1";"0"
"6924";"59983";"6924";"64";"1";"1";"1";"4";"0";"1";"1";"1";"0"
"6925";"59987";"6925";"64";"1";"1";"7";"6";"0";"1";"1";"1";"0"
"6926";"59987";"6926";"52";"3";"1";"7";"0";"0";"1";"0";"1";"0"
"6927";"59988";"6927";"23";"1";"1";"7";"5";"0";"1";"1";"1";"0"
"6928";"59989";"6928";"52";"3";"1";"7";"0";"0";"0";"0";"3";"0"
"6929";"59992";"6929";"51";"1";"1";"7";"6";"1";"0";"1";"2";"0"
"6930";"59992";"6930";"51";"1";"1";"1";"6";"0";"3";"0";"1";"0"
"6931";"59992";"6931";"21";"3";"1";"1";"6";"0";"4";"0";"1";"0"
"6932";"59994";"6932";"72";"1";"3";"2";"6";"0";"1";"1";"1";"0"
"6933";"59995";"6933";"21";"1";"4";"2";"6";"0";"1";"1";"1";"0"
"6934";"59995";"6934";"52";"1";"3";"1";"6";"0";"1";"1";"1";"0"
"6935";"60028";"6935";"24";"1";"1";"7";"1";"0";"1";"1";"1";"0"
"6936";"60031";"6936";"21";"1";"1";"7";"6";"0";"1";"1";"1";"0"
"6937";"60031";"6937";"72";"1";"1";"7";"6";"1";"0";"1";"2";"0"
"6938";"60036";"6938";"52";"1";"1";"7";"0";"0";"1";"0";"1";"0"
"6939";"60036";"6939";"52";"1";"3";"2";"0";"0";"1";"0";"1";"0"
"6940";"60038";"6940";"21";"1";"1";"7";"6";"0";"2";"0";"1";"0"
"6941";"60039";"6941";"52";"3";"1";"7";"0";"0";"1";"0";"1";"0"
"6942";"60040";"6942";"65";"1";"2";"2";"4";"0";"1";"1";"1";"0"
"6943";"60040";"6943";"64";"1";"3";"2";"6";"0";"1";"3";"1";"0"
"6944";"60040";"6944";"81";"1";"3";"1";"6";"2";"0";"0";"2";"0"
"6945";"60040";"6945";"52";"1";"1";"7";"0";"0";"2";"0";"1";"0"
"6946";"60040";"6946";"51";"1";"1";"7";"3";"0";"0";"1";"3";"0"
"6947";"60041";"6947";"81";"3";"1";"7";"0";"0";"0";"0";"3";"0"
"6948";"60041";"6948";"52";"1";"1";"7";"4";"0";"1";"1";"1";"0"
"6949";"60041";"6949";"52";"1";"1";"7";"0";"0";"1";"0";"1";"0"
"6950";"60041";"6950";"67";"1";"1";"7";"6";"1";"1";"2";"2";"0"
"6951";"60064";"6951";"72";"3";"1";"7";"6";"0";"1";"1";"1";"0"
"6952";"60086";"6952";"25";"3";"1";"7";"6";"0";"1";"1";"1";"0"
"6953";"60089";"6953";"25";"3";"4";"3";"6";"1";"0";"1";"2";"0"
"6954";"60090";"6954";"67";"1";"1";"7";"6";"0";"1";"1";"1";"0"
"6955";"60091";"6955";"21";"2";"1";"7";"6";"0";"6";"1";"1";"0"
"6956";"60091";"6956";"67";"3";"1";"7";"4";"0";"1";"2";"1";"0"
"6957";"60092";"6957";"52";"3";"1";"7";"0";"1";"0";"0";"2";"0"
"6958";"60092";"6958";"72";"3";"1";"7";"6";"0";"1";"1";"1";"0"
"6959";"60093";"6959";"18";"1";"1";"7";"6";"0";"1";"1";"1";"0"
"6960";"60094";"6960";"22";"1";"1";"7";"4";"0";"2";"0";"1";"0"
"6961";"60118";"6961";"64";"1";"1";"7";"6";"1";"0";"1";"2";"0"
"6962";"60119";"6962";"51";"3";"1";"7";"0";"0";"1";"2";"1";"0"
"6963";"60119";"6963";"26";"1";"1";"7";"1";"0";"1";"1";"1";"0"
"6964";"60119";"6964";"72";"1";"1";"7";"6";"1";"0";"1";"2";"0"
"6965";"60119";"6965";"41";"1";"1";"7";"6";"0";"1";"1";"1";"0"
"6966";"60150";"6966";"32";"1";"1";"7";"6";"0";"2";"1";"1";"0"
"6967";"60177";"6967";"24";"3";"2";"2";"1";"0";"1";"1";"1";"0"
"6968";"60177";"6968";"66";"1";"1";"7";"6";"0";"1";"1";"1";"0"
"6969";"60177";"6969";"66";"1";"1";"7";"6";"0";"1";"1";"1";"0"
"6970";"60177";"6970";"64";"1";"1";"1";"4";"0";"1";"1";"1";"0"
"6971";"60177";"6971";"64";"1";"1";"7";"6";"0";"1";"1";"1";"0"
"6972";"60177";"6972";"14";"1";"1";"7";"4";"1";"0";"1";"2";"0"
"6973";"60177";"6973";"24";"1";"1";"7";"2";"0";"1";"1";"1";"0"
"6974";"60177";"6974";"72";"1";"1";"7";"6";"0";"1";"1";"1";"0"
"6975";"60177";"6975";"13";"1";"1";"7";"6";"0";"1";"2";"1";"0"
"6976";"60177";"6976";"51";"1";"3";"1";"2";"0";"1";"1";"1";"0"
"6977";"60177";"6977";"66";"3";"1";"7";"6";"1";"0";"1";"2";"0"
"6978";"60179";"6978";"52";"3";"1";"4";"6";"1";"1";"0";"2";"0"
"6979";"60179";"6979";"81";"1";"1";"7";"5";"0";"1";"1";"1";"0"
"6980";"60179";"6980";"67";"1";"1";"7";"6";"1";"1";"0";"3";"0"
"6981";"60179";"6981";"51";"3";"1";"1";"6";"0";"1";"1";"1";"0"
"6982";"60189";"6982";"67";"1";"3";"1";"6";"0";"1";"1";"1";"0"
"6983";"60189";"6983";"21";"5";"6";"1";"6";"0";"3";"0";"1";"0"
"6984";"60197";"6984";"81";"5";"1";"7";"6";"2";"0";"1";"2";"0"
"6985";"60204";"6985";"52";"2";"1";"7";"0";"0";"1";"0";"1";"0"
"6986";"60205";"6986";"81";"5";"1";"1";"0";"1";"1";"0";"2";"0"
"6987";"60205";"6987";"36";"2";"1";"1";"6";"0";"3";"0";"1";"0"
"6988";"60206";"6988";"52";"1";"1";"7";"0";"1";"0";"0";"2";"0"
"6989";"60218";"6989";"36";"3";"1";"7";"6";"1";"0";"1";"3";"0"
"6990";"60218";"6990";"23";"1";"1";"7";"7";"1";"1";"1";"2";"0"
"6991";"60219";"6991";"21";"4";"1";"7";"6";"0";"1";"2";"1";"0"
"6992";"60220";"6992";"26";"1";"1";"7";"2";"0";"1";"1";"1";"0"
"6993";"60220";"6993";"52";"1";"1";"4";"0";"0";"1";"0";"1";"0"
"6994";"60220";"6994";"52";"2";"1";"7";"0";"0";"1";"0";"1";"0"
"6995";"60220";"6995";"18";"1";"1";"7";"3";"1";"0";"1";"2";"0"
"6996";"60236";"6996";"67";"1";"1";"7";"6";"0";"1";"1";"1";"0"
"6997";"60236";"6997";"81";"3";"1";"1";"6";"1";"2";"0";"2";"0"
"6998";"60236";"6998";"72";"1";"1";"7";"6";"0";"1";"1";"1";"0"
"6999";"60237";"6999";"67";"4";"1";"7";"6";"0";"2";"0";"1";"0"
"7000";"60259";"7000";"36";"3";"1";"5";"4";"0";"0";"1";"3";"0"
"7001";"60263";"7001";"81";"2";"1";"7";"6";"0";"2";"1";"1";"0"
"7002";"60263";"7002";"52";"3";"1";"1";"0";"0";"2";"0";"1";"0"
"7003";"60263";"7003";"52";"3";"6";"7";"6";"0";"1";"1";"1";"0"
"7004";"60270";"7004";"25";"1";"1";"7";"6";"0";"1";"2";"1";"0"
"7005";"60273";"7005";"71";"1";"2";"2";"6";"0";"1";"1";"1";"0"
"7006";"60273";"7006";"18";"1";"1";"7";"6";"0";"1";"1";"1";"0"
"7007";"60282";"7007";"51";"1";"1";"7";"5";"0";"1";"1";"1";"0"
"7008";"60282";"7008";"51";"4";"2";"2";"3";"0";"1";"1";"1";"0"
"7009";"60282";"7009";"52";"1";"3";"2";"6";"1";"1";"0";"2";"0"
"7010";"60301";"7010";"72";"1";"1";"7";"6";"0";"1";"1";"1";"0"
"7011";"60301";"7011";"72";"1";"1";"7";"6";"0";"0";"1";"3";"0"
"7012";"60805";"7012";"72";"1";"1";"7";"6";"0";"1";"1";"1";"0"
"7013";"60812";"7013";"64";"1";"1";"7";"6";"0";"1";"1";"1";"0"
"7014";"60816";"7014";"75";"1";"1";"7";"6";"0";"1";"1";"1";"0"
"7015";"60816";"7015";"72";"3";"1";"7";"6";"0";"1";"1";"1";"0"
"7016";"60817";"7016";"51";"3";"3";"1";"6";"0";"1";"1";"1";"0"
"7017";"60818";"7017";"41";"1";"1";"7";"2";"0";"1";"1";"1";"0"
"7018";"60819";"7018";"51";"1";"1";"7";"6";"0";"1";"1";"1";"0"
"7019";"60820";"7019";"24";"1";"1";"7";"3";"0";"1";"1";"1";"0"
"7020";"60820";"7020";"64";"2";"1";"7";"6";"0";"1";"1";"1";"0"
"7021";"60822";"7021";"18";"1";"1";"7";"4";"0";"1";"1";"1";"0"
"7022";"60822";"7022";"74";"3";"1";"1";"6";"0";"0";"1";"3";"0"
"7023";"60823";"7023";"72";"1";"1";"7";"6";"0";"1";"1";"1";"0"
"7024";"60823";"5925";"72";"1";"1";"7";"6";"0";"1";"1";"1";"0"
"7025";"60823";"7025";"27";"1";"7";"1";"0";"0";"1";"0";"1";"0"
"7026";"60824";"7026";"72";"1";"1";"7";"6";"0";"1";"1";"1";"0"
"7027";"60824";"7027";"20";"3";"1";"7";"1";"0";"1";"1";"1";"0"
"7028";"60825";"7028";"64";"1";"1";"7";"4";"0";"1";"1";"1";"0"
"7029";"60825";"7029";"71";"3";"1";"1";"6";"0";"1";"1";"1";"0"
"7030";"60825";"7030";"64";"1";"1";"7";"2";"0";"0";"1";"3";"0"
"7031";"60825";"7031";"71";"3";"1";"7";"6";"0";"1";"1";"1";"0"
"7032";"60825";"7032";"71";"1";"1";"7";"6";"0";"1";"1";"1";"0"
"7033";"60825";"7033";"71";"1";"3";"2";"6";"0";"1";"1";"1";"0"
"7034";"60825";"7034";"22";"2";"1";"7";"6";"0";"1";"2";"1";"0"
"7035";"60825";"7035";"71";"1";"1";"7";"6";"0";"1";"1";"1";"0"
"7036";"60825";"7036";"64";"3";"1";"7";"6";"1";"0";"1";"2";"0"
"7037";"60826";"7037";"61";"1";"1";"7";"3";"0";"1";"1";"1";"0"
"7038";"60826";"7038";"66";"1";"1";"7";"2";"0";"1";"1";"1";"0"
"7039";"60826";"7039";"35";"1";"1";"7";"4";"0";"1";"1";"1";"0"
"7040";"60827";"7040";"18";"1";"1";"7";"5";"0";"1";"1";"1";"0"
"7041";"60829";"928";"72";"1";"3";"2";"6";"0";"1";"1";"1";"0"
"7042";"60829";"7042";"22";"1";"1";"7";"5";"0";"1";"1";"1";"0"
"7043";"60829";"7043";"71";"1";"1";"7";"6";"0";"1";"0";"1";"0"
"7044";"60829";"7044";"64";"1";"3";"1";"6";"0";"1";"1";"1";"0"
"7045";"60829";"7045";"22";"1";"1";"7";"6";"0";"1";"1";"1";"0"
"7046";"60830";"7046";"72";"2";"1";"7";"6";"0";"1";"1";"1";"0"
"7047";"60830";"7047";"67";"2";"1";"7";"6";"0";"3";"0";"1";"0"
"7048";"60830";"7048";"72";"1";"1";"7";"6";"0";"1";"1";"1";"0"
"7049";"60830";"7049";"72";"1";"1";"7";"6";"0";"1";"1";"1";"0"
"7050";"60832";"7050";"71";"1";"3";"5";"6";"0";"1";"1";"1";"0"
"7051";"60832";"7051";"72";"1";"1";"7";"6";"0";"1";"1";"1";"0"
"7052";"60832";"7052";"64";"1";"3";"2";"4";"0";"1";"1";"1";"0"
"7053";"60832";"7053";"51";"1";"1";"7";"3";"0";"1";"1";"1";"0"
"7054";"60832";"7054";"67";"1";"1";"7";"6";"0";"1";"1";"1";"0"
"7055";"60832";"7055";"73";"1";"1";"7";"7";"1";"0";"1";"2";"0"
"7056";"60832";"7056";"23";"1";"1";"7";"3";"0";"1";"0";"1";"0"
"7057";"60835";"7057";"72";"1";"1";"7";"6";"0";"1";"1";"1";"0"
"7058";"60836";"7058";"72";"1";"1";"7";"6";"0";"1";"1";"1";"0"
"7059";"60837";"7059";"72";"1";"1";"7";"6";"0";"1";"1";"1";"0"
"7060";"60839";"7060";"71";"1";"3";"2";"6";"1";"0";"2";"2";"0"
"7061";"60839";"7061";"61";"1";"1";"7";"3";"0";"1";"1";"1";"0"
"7062";"60842";"7062";"72";"1";"1";"7";"6";"0";"1";"1";"1";"0"
"7063";"60842";"7063";"24";"1";"1";"7";"4";"0";"1";"1";"1";"0"
"7064";"60842";"7064";"52";"1";"1";"7";"2";"0";"2";"1";"1";"0"
"7065";"60843";"7065";"52";"1";"1";"7";"6";"0";"1";"1";"1";"0"
"7066";"60843";"7066";"25";"3";"1";"7";"6";"0";"1";"0";"1";"0"
"7067";"60846";"7067";"53";"3";"1";"7";"0";"0";"1";"1";"1";"0"
"7068";"60849";"7068";"72";"1";"1";"7";"4";"0";"2";"0";"1";"0"
"7069";"60849";"7069";"71";"1";"3";"1";"6";"0";"1";"1";"1";"0"
"7070";"60849";"7070";"72";"2";"1";"7";"6";"1";"0";"2";"2";"0"
"7071";"60849";"7071";"71";"1";"1";"7";"4";"0";"1";"1";"1";"0"
"7072";"60850";"7072";"26";"3";"1";"7";"2";"0";"0";"1";"3";"0"
"7073";"60850";"7073";"35";"1";"1";"7";"3";"0";"1";"1";"1";"0"
"7074";"60851";"7074";"51";"1";"1";"7";"3";"1";"0";"1";"2";"0"
"7075";"60851";"7075";"71";"1";"1";"7";"6";"0";"1";"1";"1";"0"
"7076";"60851";"7076";"72";"1";"1";"7";"6";"0";"1";"1";"1";"0"
"7077";"60852";"7077";"71";"2";"3";"2";"4";"0";"3";"0";"1";"0"
"7078";"60852";"7078";"36";"1";"1";"7";"3";"0";"1";"1";"1";"0"
"7079";"60852";"7079";"26";"1";"1";"7";"1";"1";"0";"2";"2";"0"
"7080";"60853";"7080";"71";"1";"1";"7";"6";"0";"1";"1";"1";"0"
"7081";"60854";"7081";"71";"3";"1";"7";"6";"0";"1";"1";"1";"0"
"7082";"60854";"7082";"71";"1";"1";"7";"6";"0";"1";"1";"1";"0"
"7083";"60854";"7083";"71";"1";"1";"7";"6";"0";"1";"1";"1";"0"
"7084";"60854";"7084";"71";"1";"3";"1";"6";"0";"1";"1";"1";"0"
"7085";"60855";"7085";"71";"1";"1";"7";"6";"0";"1";"1";"1";"0"
"7086";"60855";"7086";"26";"3";"1";"7";"1";"0";"1";"1";"1";"0"
"7087";"60855";"7087";"72";"1";"1";"7";"6";"0";"1";"1";"1";"0"
"7088";"60855";"7088";"71";"3";"1";"7";"6";"0";"1";"1";"1";"0"
"7089";"60856";"7089";"72";"1";"3";"2";"6";"0";"1";"1";"1";"0"
"7090";"60856";"7090";"11";"1";"1";"7";"6";"0";"1";"1";"1";"0"
"7091";"60857";"7091";"72";"1";"1";"7";"6";"0";"1";"1";"1";"0"
"7092";"60857";"7092";"71";"3";"1";"7";"6";"0";"1";"1";"1";"0"
"7093";"60864";"7093";"62";"1";"1";"7";"5";"0";"1";"1";"1";"0"
"7094";"60865";"7094";"72";"1";"1";"7";"6";"1";"0";"2";"2";"0"
"7095";"60865";"7095";"72";"3";"3";"1";"6";"0";"1";"1";"1";"0"
"7096";"60868";"7096";"23";"1";"1";"7";"5";"0";"1";"1";"1";"0"
"7097";"60868";"7097";"22";"1";"1";"7";"4";"0";"1";"1";"1";"0"
"7098";"60868";"7098";"71";"1";"1";"7";"6";"0";"1";"1";"1";"0"
"7099";"60868";"7099";"25";"3";"1";"7";"6";"0";"3";"0";"1";"0"
"7100";"60868";"7100";"23";"1";"1";"7";"5";"0";"1";"2";"1";"0"
"7101";"60868";"7101";"71";"1";"1";"7";"6";"0";"1";"1";"1";"0"
"7102";"60868";"7102";"64";"1";"1";"7";"6";"0";"1";"1";"1";"0"
"7103";"60868";"7103";"23";"1";"1";"7";"6";"0";"2";"0";"1";"0"
"7104";"60868";"7104";"18";"1";"1";"7";"4";"3";"0";"1";"2";"0"
"7105";"60868";"7105";"81";"3";"1";"7";"6";"0";"3";"1";"1";"0"
"7106";"60868";"7106";"64";"1";"1";"7";"6";"0";"1";"1";"1";"0"
"7107";"60868";"7107";"72";"3";"1";"7";"6";"0";"1";"1";"1";"0"
"7108";"60868";"7108";"26";"1";"1";"7";"2";"0";"1";"1";"1";"0"
"7109";"60868";"7109";"36";"1";"1";"7";"0";"0";"1";"2";"1";"0"
"7110";"60868";"7110";"72";"3";"3";"1";"6";"0";"1";"1";"1";"0"
"7111";"60868";"7111";"51";"3";"1";"7";"6";"0";"1";"1";"1";"0"
"7112";"60868";"7112";"23";"1";"3";"1";"6";"0";"1";"1";"1";"0"
"7113";"60868";"7113";"71";"1";"1";"7";"6";"0";"1";"1";"1";"0"
"7114";"60868";"7114";"35";"1";"3";"1";"4";"0";"1";"1";"1";"0"
"7115";"60868";"7115";"22";"1";"1";"7";"6";"0";"1";"1";"1";"0"
"7116";"60868";"7116";"63";"3";"1";"1";"6";"0";"1";"2";"1";"0"
"7117";"60877";"7117";"25";"1";"3";"2";"0";"0";"1";"0";"1";"0"
"7118";"60878";"7118";"72";"1";"1";"7";"6";"0";"1";"1";"1";"0"
"7119";"60881";"7119";"81";"3";"1";"7";"2";"0";"1";"1";"1";"0"
"7120";"60881";"7120";"21";"1";"1";"7";"6";"0";"1";"1";"1";"0"
"7121";"60890";"7121";"63";"3";"1";"7";"4";"0";"1";"1";"1";"0"
"7122";"60890";"7122";"71";"1";"6";"1";"6";"0";"1";"1";"1";"0"
"7123";"60890";"7123";"72";"1";"1";"7";"6";"0";"1";"1";"1";"0"
"7124";"60891";"7124";"71";"3";"1";"7";"6";"0";"1";"1";"1";"0"
"7125";"60891";"7125";"71";"1";"1";"7";"6";"0";"1";"0";"1";"0"
"7126";"60893";"7126";"64";"1";"1";"7";"4";"0";"1";"1";"1";"0"
"7127";"60894";"7127";"71";"1";"1";"7";"6";"0";"1";"1";"1";"0"
"7128";"60894";"7128";"72";"1";"3";"1";"6";"0";"1";"1";"1";"0"
"7129";"60895";"7129";"64";"1";"1";"7";"6";"0";"1";"1";"1";"0"
"7130";"60896";"7130";"72";"1";"1";"7";"6";"1";"0";"1";"2";"0"
"7131";"60896";"7131";"72";"1";"1";"7";"6";"0";"1";"3";"1";"0"
"7132";"60896";"7132";"72";"1";"1";"7";"6";"0";"1";"1";"1";"0"
"7133";"60896";"7133";"64";"2";"1";"7";"6";"0";"1";"1";"1";"0"
"7134";"60896";"7134";"72";"1";"1";"7";"6";"0";"1";"1";"1";"0"
"7135";"60897";"7135";"99";"1";"1";"7";"6";"0";"1";"1";"1";"0"
"7136";"60899";"7136";"73";"1";"1";"7";"6";"0";"1";"2";"1";"0"
"7137";"60901";"7137";"63";"1";"1";"7";"4";"0";"1";"1";"1";"0"
"7138";"60902";"7138";"72";"2";"3";"1";"6";"0";"1";"1";"1";"0"
"7139";"60905";"7139";"52";"1";"4";"4";"0";"0";"1";"1";"1";"0"
"7140";"60905";"7140";"71";"1";"1";"7";"6";"0";"1";"1";"1";"0"
"7141";"60908";"7141";"72";"1";"1";"7";"6";"0";"1";"1";"1";"0"
"7142";"60908";"7142";"72";"1";"1";"7";"6";"0";"1";"1";"1";"0"
"7143";"60908";"7143";"61";"1";"1";"7";"3";"0";"1";"1";"1";"0"
"7144";"60909";"7144";"72";"1";"1";"7";"6";"1";"0";"1";"2";"0"
"7145";"60909";"7145";"72";"1";"1";"7";"6";"1";"0";"1";"2";"0"
"7146";"60910";"7146";"72";"1";"1";"7";"6";"0";"1";"1";"1";"0"
"7147";"60910";"7147";"64";"1";"3";"1";"2";"0";"1";"1";"1";"0"
"7148";"60911";"7148";"72";"1";"1";"2";"6";"0";"1";"1";"1";"0"
"7149";"60911";"7149";"72";"3";"3";"1";"6";"0";"1";"1";"1";"0"
"7150";"60911";"506";"71";"1";"1";"7";"6";"0";"1";"1";"1";"0"
"7151";"60911";"7151";"72";"1";"1";"1";"6";"0";"1";"1";"1";"0"
"7152";"60913";"7152";"71";"1";"1";"1";"6";"0";"1";"1";"1";"0"
"7153";"60914";"7153";"72";"1";"1";"7";"6";"0";"1";"1";"1";"0"
"7154";"60914";"7154";"71";"1";"1";"7";"6";"0";"1";"1";"1";"0"
"7155";"60915";"7155";"67";"1";"1";"7";"4";"0";"1";"1";"1";"0"
"7156";"60916";"7156";"63";"1";"1";"7";"6";"0";"1";"1";"1";"0"
"7157";"60918";"6709";"71";"1";"1";"7";"6";"0";"1";"1";"1";"0"
"7158";"60918";"7158";"25";"1";"1";"7";"6";"0";"1";"1";"1";"0"
"7159";"60918";"7159";"71";"1";"1";"7";"6";"0";"1";"2";"1";"0"
"7160";"60924";"7160";"52";"1";"1";"7";"0";"1";"1";"0";"2";"0"
"7161";"60924";"7161";"72";"1";"1";"7";"6";"0";"1";"1";"1";"0"
"7162";"60924";"3440";"72";"1";"2";"1";"6";"0";"1";"1";"1";"0"
"7163";"60925";"7163";"51";"1";"3";"2";"4";"0";"1";"1";"1";"0"
"7164";"60925";"7164";"51";"1";"1";"7";"7";"0";"1";"1";"1";"0"
"7165";"60925";"7165";"25";"1";"1";"7";"6";"0";"2";"4";"1";"0"
"7166";"60925";"7166";"25";"3";"1";"7";"6";"0";"1";"2";"1";"0"
"7167";"60925";"7167";"51";"3";"1";"7";"7";"1";"0";"0";"2";"0"
"7168";"60925";"7168";"52";"3";"1";"7";"0";"1";"2";"1";"2";"0"
"7169";"60925";"7169";"25";"1";"1";"7";"7";"1";"0";"1";"2";"0"
"7170";"60925";"7170";"52";"3";"1";"7";"0";"1";"2";"0";"2";"0"
"7171";"60925";"7171";"52";"1";"3";"2";"0";"0";"1";"0";"1";"0"