"accident_id";"lieu_id";"date_id";"cause_id";"lum_id";"intemp_id";"etat_surface_id";"impliq_id";"nb_blesses_graves";"nb_blesses_legers";"nb_indemnes";"gravite";"nb_morts"
"7172";"60925";"7172";"25";"1";"3";"1";"1";"0";"1";"1";"1";"0"
"7173";"60925";"7173";"51";"1";"1";"7";"0";"0";"2";"0";"1";"0"
"7174";"60925";"7174";"51";"2";"3";"1";"7";"1";"0";"1";"2";"0"
"7175";"60925";"7175";"52";"1";"1";"7";"6";"0";"2";"1";"1";"0"
"7176";"60925";"7176";"25";"1";"1";"7";"6";"0";"2";"0";"1";"0"
"7177";"60928";"7177";"25";"3";"1";"7";"6";"0";"1";"1";"1";"0"
"7178";"60930";"7178";"20";"1";"1";"7";"2";"0";"2";"1";"1";"0"
"7179";"60937";"7179";"20";"1";"3";"2";"2";"0";"1";"1";"1";"0"
"7180";"60937";"7180";"51";"1";"1";"7";"2";"0";"1";"1";"1";"0"
"7181";"60937";"7181";"25";"1";"1";"7";"6";"0";"2";"0";"1";"0"
"7182";"60938";"7182";"64";"1";"1";"7";"6";"0";"1";"1";"1";"0"
"7183";"60938";"7183";"71";"1";"1";"7";"6";"0";"2";"1";"1";"0"
"7184";"60938";"7184";"72";"1";"1";"7";"6";"0";"1";"1";"1";"0"
"7185";"60938";"7185";"71";"1";"1";"7";"6";"0";"1";"1";"1";"0"
"7186";"60938";"7186";"71";"2";"1";"7";"6";"0";"1";"0";"1";"0"
"7187";"60940";"7187";"64";"2";"6";"7";"2";"0";"1";"1";"1";"0"
"7188";"60941";"7188";"61";"1";"3";"1";"4";"0";"1";"1";"1";"0"
"7189";"60941";"7189";"25";"1";"1";"7";"6";"0";"1";"1";"1";"0"
"7190";"60941";"7190";"71";"1";"1";"7";"6";"0";"1";"1";"1";"0"
"7191";"60941";"7191";"22";"1";"1";"7";"6";"0";"1";"1";"1";"0"
"7192";"60941";"7192";"52";"3";"3";"1";"6";"2";"0";"2";"2";"0"
"7193";"60948";"7193";"73";"1";"1";"7";"3";"0";"1";"1";"1";"0"
"7194";"60948";"7194";"51";"1";"1";"7";"6";"0";"1";"1";"1";"0"
"7195";"60948";"7195";"32";"1";"1";"7";"6";"0";"1";"1";"1";"0"
"7196";"60948";"7196";"72";"1";"1";"7";"6";"0";"1";"1";"1";"0"
"7197";"60948";"7197";"72";"1";"1";"7";"6";"0";"1";"1";"1";"0"
"7198";"60951";"7198";"72";"1";"1";"7";"6";"0";"1";"1";"1";"0"
"7199";"60951";"7199";"26";"1";"1";"7";"1";"0";"1";"1";"1";"0"
"7200";"60952";"7200";"71";"1";"1";"7";"6";"1";"0";"1";"2";"0"
"7201";"60962";"7201";"52";"1";"1";"7";"6";"0";"1";"3";"1";"0"
"7202";"60962";"7202";"26";"1";"1";"7";"1";"0";"1";"1";"1";"0"
"7203";"60963";"7203";"71";"1";"1";"7";"6";"0";"1";"1";"1";"0"
"7204";"60964";"7204";"51";"1";"1";"7";"6";"0";"1";"1";"1";"0"
"7205";"60964";"7205";"52";"1";"2";"2";"6";"1";"0";"1";"2";"0"
"7206";"60964";"7206";"51";"3";"3";"1";"6";"0";"1";"1";"1";"0"
"7207";"60968";"7207";"63";"1";"1";"7";"3";"0";"1";"1";"1";"0"
"7208";"60969";"7208";"71";"1";"1";"7";"6";"0";"1";"1";"1";"0"
"7209";"60969";"7209";"51";"1";"1";"7";"7";"0";"1";"1";"1";"0"
"7210";"60969";"7210";"51";"1";"1";"7";"3";"0";"1";"1";"1";"0"
"7211";"60969";"7211";"61";"1";"1";"7";"3";"0";"1";"1";"1";"0"
"7212";"60969";"7212";"25";"3";"1";"1";"6";"0";"2";"1";"1";"0"
"7213";"60970";"7213";"25";"3";"3";"2";"6";"0";"2";"0";"1";"0"
"7214";"60970";"7214";"20";"1";"1";"7";"2";"0";"1";"1";"1";"0"
"7215";"60971";"7215";"71";"4";"1";"7";"6";"1";"0";"1";"2";"0"
"7216";"60971";"7216";"63";"1";"1";"7";"6";"0";"1";"1";"1";"0"
"7217";"60971";"7217";"20";"1";"1";"7";"2";"0";"1";"1";"1";"0"
"7218";"60971";"7218";"36";"1";"1";"7";"3";"0";"1";"0";"1";"0"
"7219";"60971";"7219";"63";"1";"1";"7";"6";"0";"1";"1";"1";"0"
"7220";"60971";"7220";"51";"1";"1";"7";"6";"0";"2";"1";"1";"0"
"7221";"60972";"7221";"71";"1";"1";"7";"6";"0";"1";"1";"1";"0"
"7222";"60972";"7222";"36";"1";"1";"7";"7";"1";"0";"2";"2";"0"
"7223";"60972";"7223";"72";"1";"1";"7";"6";"0";"1";"2";"1";"0"
"7224";"60972";"7224";"71";"3";"1";"7";"6";"0";"1";"2";"1";"0"
"7225";"60974";"7225";"21";"3";"4";"2";"6";"0";"2";"0";"1";"0"
"7226";"60974";"7226";"51";"1";"1";"7";"6";"0";"2";"2";"1";"0"
"7227";"60974";"7227";"21";"3";"1";"7";"6";"1";"2";"0";"2";"0"
"7228";"60974";"7228";"21";"3";"4";"3";"4";"1";"0";"1";"2";"0"
"7229";"60974";"7229";"81";"1";"1";"7";"6";"0";"1";"1";"1";"0"
"7230";"60976";"7230";"21";"1";"1";"7";"6";"0";"1";"1";"1";"0"
"7231";"60977";"7231";"71";"1";"1";"1";"6";"0";"1";"1";"1";"0"
"7232";"60977";"7232";"71";"1";"2";"1";"6";"0";"1";"1";"1";"0"
"7233";"60977";"7233";"35";"1";"1";"7";"4";"0";"1";"1";"1";"0"
"7234";"60977";"7234";"99";"1";"1";"7";"6";"0";"1";"2";"1";"0"
"7235";"60978";"7235";"72";"1";"1";"7";"5";"0";"1";"1";"1";"0"
"7236";"60979";"7236";"72";"1";"1";"7";"6";"0";"1";"1";"1";"0"
"7237";"60980";"7237";"25";"1";"6";"7";"6";"0";"1";"1";"1";"0"
"7238";"60980";"7238";"81";"3";"3";"1";"6";"0";"1";"0";"1";"0"
"7239";"60981";"7239";"71";"1";"1";"7";"6";"0";"1";"1";"1";"0"
"7240";"60983";"7240";"26";"1";"1";"7";"2";"0";"1";"1";"1";"0"
"7241";"60983";"7241";"71";"3";"1";"7";"6";"0";"1";"1";"1";"0"
"7242";"60984";"7242";"71";"3";"3";"1";"6";"0";"1";"1";"1";"0"
"7243";"60985";"7243";"52";"3";"1";"7";"0";"0";"2";"0";"1";"0"
"7244";"60985";"7244";"71";"1";"1";"7";"6";"0";"1";"1";"1";"0"
"7245";"60985";"7245";"26";"1";"6";"7";"1";"0";"1";"1";"1";"0"
"7246";"60985";"7246";"11";"1";"3";"1";"6";"0";"1";"1";"1";"0"
"7247";"60985";"7247";"51";"1";"1";"7";"6";"0";"1";"2";"1";"0"
"7248";"60985";"7248";"51";"1";"1";"7";"6";"0";"1";"1";"1";"0"
"7249";"60985";"7249";"81";"3";"1";"7";"2";"0";"0";"1";"3";"0"
"7250";"60986";"7250";"72";"1";"1";"7";"1";"0";"2";"1";"1";"0"
"7251";"60986";"7251";"72";"1";"1";"7";"8";"1";"0";"1";"2";"0"
"7252";"60987";"7252";"72";"1";"1";"7";"6";"0";"1";"0";"1";"0"
"7253";"60987";"7253";"72";"1";"1";"7";"6";"0";"1";"1";"1";"0"
"7254";"60987";"7254";"26";"1";"1";"7";"1";"0";"1";"1";"1";"0"
"7255";"60988";"7255";"52";"1";"1";"7";"0";"0";"2";"0";"1";"0"
"7256";"60989";"7256";"72";"1";"1";"7";"6";"0";"1";"1";"1";"0"
"7257";"60989";"7257";"52";"1";"1";"7";"2";"1";"2";"0";"2";"0"
"7258";"60990";"7258";"36";"1";"1";"7";"6";"0";"1";"1";"1";"0"
"7259";"60992";"5009";"63";"3";"1";"7";"4";"0";"1";"1";"1";"0"
"7260";"61004";"7260";"71";"1";"1";"7";"6";"0";"1";"1";"1";"0"
"7261";"61005";"7261";"72";"1";"1";"7";"6";"0";"1";"1";"1";"0"
"7262";"61006";"7262";"71";"1";"3";"1";"6";"0";"1";"1";"1";"0"
"7263";"61008";"7263";"52";"3";"1";"1";"0";"0";"1";"0";"1";"0"
"7264";"61008";"7264";"71";"1";"1";"7";"6";"0";"1";"1";"1";"0"
"7265";"61015";"7265";"71";"1";"1";"7";"6";"1";"0";"1";"2";"0"
"7266";"61017";"7266";"62";"1";"1";"7";"1";"0";"1";"1";"1";"0"
"7267";"61020";"1471";"21";"1";"1";"7";"6";"0";"1";"2";"1";"0"
"7268";"61020";"7268";"72";"1";"1";"7";"6";"1";"0";"1";"2";"0"
"7269";"61027";"7269";"72";"1";"1";"7";"6";"0";"1";"2";"1";"0"
"7270";"61027";"7270";"72";"2";"1";"1";"6";"0";"0";"1";"3";"0"
"7271";"61027";"7271";"51";"3";"1";"7";"6";"0";"1";"1";"1";"0"
"7272";"61045";"7272";"71";"1";"1";"7";"6";"0";"1";"1";"1";"0"
"7273";"61046";"7273";"72";"1";"1";"7";"6";"0";"1";"1";"1";"0"
"7274";"61046";"7274";"72";"1";"1";"7";"6";"0";"1";"1";"1";"0"
"7275";"61047";"7275";"64";"1";"1";"7";"6";"0";"1";"1";"1";"0"
"7276";"61055";"7276";"52";"1";"1";"7";"0";"1";"1";"2";"3";"1"
"7277";"61059";"7277";"26";"1";"1";"7";"2";"0";"1";"1";"1";"0"
"7278";"61063";"7278";"71";"1";"1";"7";"5";"0";"1";"1";"1";"0"
"7279";"61069";"7279";"81";"1";"1";"7";"1";"0";"1";"1";"1";"0"
"7280";"61070";"7280";"71";"1";"1";"7";"6";"0";"1";"1";"1";"0"
"7281";"61070";"7281";"72";"1";"1";"7";"6";"1";"0";"1";"2";"0"
"7282";"61070";"7282";"72";"1";"1";"7";"6";"0";"1";"1";"1";"0"
"7283";"61071";"7283";"63";"1";"3";"1";"6";"0";"1";"2";"1";"0"
"7284";"61071";"7284";"72";"1";"1";"7";"6";"0";"1";"1";"1";"0"
"7285";"61073";"7285";"25";"1";"1";"7";"6";"0";"1";"1";"1";"0"
"7286";"61074";"7286";"72";"1";"1";"7";"6";"0";"1";"1";"1";"0"
"7287";"61078";"7287";"67";"3";"3";"1";"5";"0";"1";"1";"1";"0"
"7288";"61078";"7288";"23";"1";"1";"7";"5";"0";"1";"2";"1";"0"
"7289";"61078";"7289";"71";"3";"6";"1";"6";"0";"1";"1";"1";"0"
"7290";"61078";"7290";"72";"1";"1";"7";"6";"0";"1";"1";"1";"0"
"7291";"61078";"7291";"36";"3";"2";"1";"6";"0";"2";"0";"1";"0"
"7292";"61080";"7292";"72";"2";"1";"7";"6";"0";"1";"1";"1";"0"
"7293";"61080";"7293";"20";"1";"1";"7";"2";"0";"1";"1";"1";"0"
"7294";"61080";"7294";"67";"3";"3";"1";"4";"0";"1";"1";"1";"0"
"7295";"61083";"7295";"21";"1";"1";"7";"6";"0";"1";"1";"1";"0"
"7296";"61083";"7296";"81";"3";"2";"1";"6";"1";"0";"1";"2";"0"
"7297";"61083";"7297";"52";"1";"3";"1";"0";"0";"6";"0";"1";"0"
"7298";"61089";"7298";"64";"1";"3";"2";"3";"0";"1";"1";"1";"0"
"7299";"61093";"7299";"20";"1";"1";"7";"1";"0";"1";"1";"1";"0"
"7300";"61093";"7300";"72";"1";"1";"7";"6";"0";"1";"1";"1";"0"
"7301";"61095";"7301";"67";"1";"1";"7";"6";"0";"1";"1";"1";"0"
"7302";"61095";"7302";"51";"1";"1";"7";"0";"0";"1";"0";"1";"0"
"7303";"61101";"7303";"72";"1";"1";"7";"6";"0";"1";"1";"1";"0"
"7304";"61101";"7304";"72";"1";"1";"7";"6";"0";"1";"1";"1";"0"
"7305";"61101";"7305";"61";"3";"1";"7";"5";"0";"1";"1";"1";"0"
"7306";"61101";"7306";"26";"1";"3";"1";"1";"0";"1";"1";"1";"0"
"7307";"61102";"7307";"25";"3";"1";"7";"7";"0";"1";"1";"1";"0"
"7308";"61103";"7308";"72";"1";"1";"7";"6";"0";"1";"1";"1";"0"
"7309";"61104";"7309";"25";"3";"1";"7";"0";"0";"1";"0";"1";"0"
"7310";"61104";"7310";"25";"3";"1";"7";"6";"0";"2";"0";"1";"0"
"7311";"61104";"7311";"51";"3";"2";"1";"6";"0";"3";"1";"1";"0"
"7312";"61104";"7312";"52";"1";"1";"7";"6";"0";"1";"1";"1";"0"
"7313";"61105";"7313";"72";"1";"1";"7";"6";"1";"0";"2";"2";"0"
"7314";"61105";"7314";"21";"1";"1";"7";"8";"0";"2";"1";"1";"0"
"7315";"61105";"7315";"71";"1";"1";"7";"6";"0";"1";"1";"1";"0"
"7316";"61105";"7316";"71";"1";"1";"7";"6";"0";"1";"1";"1";"0"
"7317";"61105";"7317";"71";"3";"1";"7";"6";"0";"1";"1";"1";"0"
"7318";"61106";"7318";"72";"1";"3";"2";"6";"0";"1";"1";"1";"0"
"7319";"61109";"7319";"73";"1";"1";"7";"6";"0";"0";"1";"3";"0"
"7320";"61110";"7320";"63";"1";"3";"2";"6";"0";"1";"1";"1";"0"
"7321";"61110";"7321";"72";"2";"1";"7";"6";"0";"1";"1";"1";"0"
"7322";"61110";"7322";"72";"1";"1";"7";"6";"0";"1";"1";"1";"0"
"7323";"61110";"7323";"71";"2";"1";"7";"6";"0";"1";"0";"1";"0"
"7324";"61112";"7324";"72";"1";"1";"7";"6";"0";"1";"1";"1";"0"
"7325";"61112";"7325";"72";"1";"1";"7";"6";"0";"1";"1";"1";"0"
"7326";"61112";"7326";"72";"1";"1";"7";"6";"0";"1";"1";"1";"0"
"7327";"61113";"7327";"25";"1";"1";"1";"6";"0";"2";"2";"1";"0"
"7328";"61116";"7328";"72";"1";"1";"7";"6";"0";"1";"1";"1";"0"
"7329";"61123";"7329";"72";"3";"1";"7";"6";"0";"2";"1";"1";"0"
"7330";"61123";"7330";"51";"1";"3";"2";"6";"0";"1";"3";"1";"0"
"7331";"61123";"7331";"23";"1";"1";"7";"6";"0";"2";"0";"1";"0"
"7332";"61123";"7332";"72";"2";"1";"7";"6";"0";"1";"1";"1";"0"
"7333";"61123";"7333";"51";"1";"1";"7";"6";"0";"1";"1";"1";"0"
"7334";"61123";"7334";"51";"1";"2";"1";"7";"0";"2";"0";"1";"0"
"7335";"61124";"7335";"72";"1";"1";"7";"6";"0";"1";"1";"1";"0"
"7336";"61124";"7336";"24";"1";"1";"7";"4";"0";"1";"1";"1";"0"
"7337";"61124";"7337";"71";"1";"1";"7";"6";"0";"1";"1";"1";"0"
"7338";"61125";"7338";"71";"1";"1";"7";"6";"0";"1";"1";"1";"0"
"7339";"61125";"7339";"72";"1";"1";"7";"6";"0";"1";"1";"1";"0"
"7340";"61131";"7340";"51";"1";"1";"7";"2";"0";"2";"1";"1";"0"
"7341";"61132";"7341";"64";"1";"1";"7";"4";"0";"1";"1";"1";"0"
"7342";"61132";"7342";"51";"1";"1";"7";"3";"0";"1";"1";"1";"0"
"7343";"61132";"7343";"71";"1";"1";"7";"6";"0";"1";"1";"1";"0"
"7344";"61132";"7344";"72";"1";"1";"7";"6";"0";"1";"1";"1";"0"
"7345";"61134";"7345";"64";"1";"1";"7";"5";"0";"1";"4";"1";"0"
"7346";"61136";"7346";"71";"1";"2";"2";"6";"0";"1";"1";"1";"0"
"7347";"61136";"7347";"71";"1";"1";"7";"6";"0";"1";"1";"1";"0"
"7348";"61137";"7348";"62";"1";"1";"7";"4";"0";"1";"1";"1";"0"
"7349";"61142";"7349";"72";"1";"1";"7";"6";"0";"1";"1";"1";"0"
"7350";"61150";"7350";"28";"2";"3";"1";"9";"0";"2";"0";"1";"0"
"7351";"61164";"7351";"72";"3";"1";"7";"6";"0";"1";"1";"1";"0"
"7352";"61164";"7352";"62";"1";"1";"7";"2";"0";"1";"1";"1";"0"
"7353";"61165";"7353";"72";"1";"1";"7";"6";"0";"1";"1";"1";"0"
"7354";"61166";"7354";"62";"1";"1";"7";"6";"0";"1";"1";"1";"0"
"7355";"61170";"7355";"21";"1";"1";"7";"6";"0";"1";"1";"1";"0"
"7356";"61176";"7356";"72";"1";"1";"7";"5";"0";"1";"1";"1";"0"
"7357";"61176";"7357";"72";"1";"1";"7";"6";"0";"1";"1";"1";"0"
"7358";"61176";"7358";"71";"1";"3";"1";"6";"0";"1";"1";"1";"0"
"7359";"61176";"7359";"81";"3";"1";"7";"2";"0";"1";"1";"1";"0"
"7360";"61177";"7360";"25";"1";"1";"7";"6";"0";"2";"1";"1";"0"
"7361";"61177";"7361";"26";"2";"1";"7";"2";"0";"1";"1";"1";"0"
"7362";"61177";"7362";"72";"1";"1";"7";"6";"0";"1";"1";"1";"0"
"7363";"61179";"7363";"26";"1";"1";"7";"2";"0";"1";"1";"1";"0"
"7364";"61179";"7364";"71";"1";"1";"7";"6";"0";"1";"1";"1";"0"
"7365";"61179";"7365";"73";"3";"1";"7";"6";"1";"0";"2";"2";"0"
"7366";"61179";"7366";"63";"3";"1";"1";"5";"0";"1";"1";"1";"0"
"7367";"61179";"7367";"72";"1";"1";"7";"6";"0";"1";"1";"1";"0"
"7368";"61179";"7368";"51";"1";"1";"7";"6";"0";"1";"2";"1";"0"
"7369";"61180";"7369";"25";"5";"1";"7";"6";"0";"1";"1";"1";"0"
"7370";"61181";"7370";"25";"3";"1";"7";"6";"0";"3";"0";"1";"0"
"7371";"61182";"7371";"72";"3";"3";"1";"6";"0";"1";"1";"1";"0"
"7372";"61182";"7372";"72";"1";"1";"7";"6";"1";"0";"1";"2";"0"
"7373";"61182";"7373";"72";"1";"1";"7";"6";"0";"1";"1";"1";"0"
"7374";"61182";"7374";"51";"1";"1";"7";"7";"0";"1";"1";"1";"0"
"7375";"61182";"7375";"52";"3";"2";"1";"0";"0";"2";"1";"1";"0"
"7376";"61182";"7376";"71";"1";"1";"7";"6";"0";"1";"1";"1";"0"
"7377";"61182";"7377";"72";"1";"1";"7";"7";"0";"1";"1";"1";"0"
"7378";"61183";"7378";"71";"3";"2";"1";"6";"0";"1";"1";"1";"0"
"7379";"61184";"7379";"51";"1";"1";"7";"9";"0";"1";"0";"1";"0"
"7380";"61184";"7380";"81";"1";"1";"7";"1";"0";"1";"1";"1";"0"
"7381";"61184";"7381";"72";"3";"1";"7";"6";"0";"1";"1";"1";"0"
"7382";"61188";"4898";"72";"1";"1";"7";"6";"0";"1";"1";"1";"0"
"7383";"61188";"7383";"71";"1";"1";"7";"6";"0";"1";"1";"1";"0"
"7384";"61189";"7384";"72";"1";"1";"7";"6";"1";"0";"1";"2";"0"
"7385";"61189";"7385";"72";"1";"1";"7";"4";"1";"0";"1";"2";"0"
"7386";"61189";"7386";"51";"1";"1";"7";"3";"0";"1";"1";"1";"0"
"7387";"61189";"7387";"71";"1";"1";"7";"6";"1";"0";"1";"2";"0"
"7388";"61189";"7388";"71";"1";"1";"7";"6";"0";"1";"2";"1";"0"
"7389";"61199";"7389";"71";"1";"1";"7";"6";"0";"2";"1";"1";"0"
"7390";"61199";"7390";"72";"3";"1";"7";"6";"0";"1";"1";"1";"0"
"7391";"61203";"7391";"72";"1";"1";"7";"6";"1";"0";"1";"2";"0"
"7392";"61204";"7392";"72";"1";"1";"7";"4";"0";"3";"0";"1";"0"
"7393";"61205";"7393";"82";"1";"1";"7";"6";"0";"2";"0";"1";"0"
"7394";"61205";"7394";"64";"3";"7";"1";"4";"0";"1";"1";"1";"0"
"7395";"61206";"7395";"64";"1";"1";"7";"6";"0";"1";"1";"1";"0"
"7396";"61210";"7396";"72";"1";"1";"7";"6";"0";"1";"1";"1";"0"
"7397";"61213";"7397";"82";"1";"1";"7";"6";"0";"1";"2";"1";"0"
"7398";"61213";"7398";"71";"1";"1";"7";"6";"0";"1";"1";"1";"0"
"7399";"61214";"7399";"51";"1";"1";"7";"6";"0";"1";"1";"1";"0"
"7400";"61216";"7400";"72";"1";"1";"7";"6";"0";"1";"1";"1";"0"
"7401";"61216";"7401";"71";"1";"1";"7";"6";"0";"1";"1";"1";"0"
"7402";"61216";"7402";"25";"1";"1";"7";"6";"0";"1";"1";"1";"0"
"7403";"61216";"7403";"73";"3";"1";"7";"6";"0";"1";"1";"1";"0"
"7404";"61216";"7404";"72";"2";"1";"7";"6";"0";"1";"1";"1";"0"
"7405";"61216";"7405";"72";"3";"1";"1";"6";"0";"1";"1";"1";"0"
"7406";"61217";"7406";"26";"1";"3";"1";"1";"0";"1";"1";"1";"0"
"7407";"61220";"7407";"52";"3";"1";"7";"0";"0";"2";"0";"1";"0"
"7408";"61220";"7408";"72";"3";"1";"7";"6";"0";"1";"1";"1";"0"
"7409";"61228";"7409";"72";"1";"1";"7";"6";"0";"1";"1";"1";"0"
"7410";"61233";"7410";"72";"1";"1";"7";"6";"0";"1";"1";"1";"0"
"7411";"61233";"7411";"72";"1";"1";"7";"6";"0";"1";"1";"1";"0"
"7412";"61233";"7412";"72";"1";"1";"7";"6";"0";"1";"1";"1";"0"
"7413";"61234";"7413";"72";"1";"1";"7";"6";"0";"1";"1";"1";"0"
"7414";"61234";"7414";"72";"1";"1";"7";"6";"0";"1";"3";"1";"0"
"7415";"61236";"7415";"25";"2";"1";"7";"6";"0";"1";"1";"1";"0"
"7416";"61236";"7416";"52";"1";"1";"7";"0";"0";"1";"1";"1";"0"
"7417";"61238";"7417";"74";"1";"1";"7";"6";"0";"1";"1";"1";"0"
"7418";"61240";"7418";"72";"1";"1";"7";"6";"0";"1";"1";"1";"0"
"7419";"61247";"7419";"72";"1";"1";"7";"3";"0";"1";"1";"1";"0"
"7420";"61247";"7420";"25";"3";"1";"7";"6";"0";"1";"0";"1";"0"
"7421";"61247";"7421";"82";"1";"1";"7";"0";"0";"1";"0";"1";"0"
"7422";"61248";"7422";"26";"1";"1";"7";"1";"0";"1";"1";"1";"0"
"7423";"61248";"7423";"71";"1";"1";"7";"6";"0";"1";"2";"1";"0"
"7424";"61248";"7424";"71";"3";"6";"7";"6";"0";"1";"1";"1";"0"
"7425";"61249";"7425";"71";"3";"1";"7";"6";"0";"1";"1";"1";"0"
"7426";"61256";"7426";"72";"1";"1";"7";"6";"0";"1";"1";"1";"0"
"7427";"61258";"7427";"71";"1";"1";"7";"6";"0";"1";"1";"1";"0"
"7428";"61264";"7428";"71";"1";"1";"7";"6";"0";"1";"0";"1";"0"
"7429";"61265";"7429";"72";"1";"3";"2";"6";"0";"1";"1";"1";"0"
"7430";"61266";"7430";"71";"1";"1";"7";"6";"0";"1";"5";"1";"0"
"7431";"61266";"7431";"72";"1";"1";"7";"6";"0";"1";"1";"1";"0"
"7432";"61266";"7432";"67";"1";"3";"2";"5";"0";"3";"2";"1";"0"
"7433";"61266";"7433";"72";"3";"1";"7";"6";"0";"1";"1";"1";"0"
"7434";"61266";"7434";"71";"1";"1";"1";"6";"0";"1";"1";"1";"0"
"7435";"61266";"7435";"72";"1";"1";"7";"6";"0";"2";"1";"1";"0"
"7436";"61267";"7436";"71";"1";"1";"7";"6";"0";"1";"1";"1";"0"
"7437";"61267";"7437";"71";"3";"1";"7";"6";"1";"0";"1";"2";"0"
"7438";"61268";"7438";"25";"1";"1";"7";"6";"0";"1";"2";"1";"0"
"7439";"61268";"7439";"72";"3";"1";"7";"6";"0";"1";"1";"1";"0"
"7440";"61268";"7440";"71";"3";"3";"1";"6";"0";"1";"1";"1";"0"
"7441";"61269";"7441";"71";"1";"3";"1";"6";"0";"1";"1";"1";"0"
"7442";"61273";"7442";"51";"3";"1";"7";"6";"0";"1";"2";"1";"0"
"7443";"61273";"7443";"64";"1";"1";"7";"2";"0";"1";"1";"1";"0"
"7444";"61277";"7444";"82";"1";"1";"7";"6";"0";"1";"1";"1";"0"
"7445";"61277";"7445";"72";"1";"1";"7";"5";"0";"1";"1";"1";"0"
"7446";"61279";"7446";"51";"3";"3";"2";"0";"0";"2";"0";"1";"0"
"7447";"61279";"7447";"25";"3";"1";"7";"0";"0";"1";"1";"1";"0"
"7448";"61279";"7448";"25";"1";"1";"7";"6";"0";"1";"1";"1";"0"
"7449";"61279";"7449";"72";"1";"1";"7";"6";"0";"1";"1";"1";"0"
"7450";"61280";"7450";"72";"1";"1";"2";"4";"0";"1";"1";"1";"0"
"7451";"61280";"7451";"72";"1";"1";"7";"6";"0";"1";"1";"1";"0"
"7452";"61280";"7452";"72";"1";"1";"7";"6";"0";"1";"1";"1";"0"
"7453";"61282";"7453";"51";"2";"3";"1";"6";"0";"1";"2";"1";"0"
"7454";"61285";"7454";"72";"1";"1";"7";"6";"0";"1";"1";"1";"0"
"7455";"61285";"7455";"71";"1";"1";"7";"6";"0";"1";"1";"1";"0"
"7456";"61285";"7456";"71";"2";"1";"7";"6";"0";"1";"1";"1";"0"
"7457";"61285";"7457";"71";"1";"1";"7";"6";"0";"1";"1";"1";"0"
"7458";"61285";"7458";"25";"1";"1";"7";"6";"0";"1";"1";"1";"0"
"7459";"61286";"7459";"72";"1";"1";"7";"6";"0";"1";"1";"1";"0"
"7460";"61287";"7460";"41";"1";"1";"7";"6";"0";"1";"1";"1";"0"
"7461";"61288";"7461";"62";"1";"1";"2";"4";"0";"1";"1";"1";"0"
"7462";"61288";"7462";"51";"1";"1";"7";"6";"0";"1";"1";"1";"0"
"7463";"61289";"7463";"72";"1";"1";"7";"6";"0";"1";"1";"1";"0"
"7464";"61292";"7464";"72";"1";"1";"7";"6";"0";"1";"1";"1";"0"
"7465";"61292";"7465";"72";"1";"1";"7";"6";"0";"1";"1";"1";"0"
"7466";"61292";"7466";"72";"1";"1";"7";"6";"0";"1";"3";"1";"0"
"7467";"61292";"3173";"72";"1";"1";"7";"6";"0";"1";"1";"1";"0"
"7468";"61292";"7468";"72";"1";"1";"7";"6";"0";"0";"2";"3";"0"
"7469";"61292";"7469";"72";"1";"1";"7";"6";"0";"1";"1";"1";"0"
"7470";"61292";"7470";"72";"1";"1";"7";"6";"0";"1";"1";"1";"0"
"7471";"61292";"7471";"72";"1";"1";"7";"6";"0";"1";"1";"1";"0"
"7472";"61292";"7472";"52";"3";"1";"7";"6";"0";"2";"0";"1";"0"
"7473";"61292";"7473";"72";"3";"1";"7";"6";"0";"1";"1";"1";"0"
"7474";"61292";"7474";"72";"1";"1";"1";"6";"0";"1";"1";"1";"0"
"7475";"61294";"7475";"72";"3";"3";"1";"6";"0";"1";"1";"1";"0"
"7476";"61298";"7476";"71";"2";"1";"7";"6";"0";"1";"1";"1";"0"
"7477";"61298";"7477";"99";"1";"1";"7";"1";"0";"1";"1";"1";"0"
"7478";"61298";"7478";"51";"3";"1";"7";"2";"0";"2";"2";"1";"0"
"7479";"61306";"7479";"71";"1";"1";"7";"6";"1";"0";"1";"2";"0"
"7480";"61308";"7480";"72";"1";"1";"7";"6";"0";"1";"1";"1";"0"
"7481";"61308";"7481";"51";"1";"1";"1";"7";"0";"1";"1";"1";"0"
"7482";"61308";"7482";"52";"3";"1";"7";"0";"0";"1";"0";"1";"0"
"7483";"61309";"7483";"25";"1";"1";"7";"6";"0";"1";"1";"1";"0"
"7484";"61309";"7484";"71";"1";"1";"7";"6";"0";"1";"1";"1";"0"
"7485";"61313";"7485";"51";"3";"1";"7";"6";"0";"1";"1";"1";"0"
"7486";"61313";"4201";"21";"1";"1";"7";"7";"0";"1";"3";"1";"0"
"7487";"61313";"7487";"71";"1";"1";"7";"6";"0";"1";"1";"1";"0"
"7488";"61314";"7488";"63";"1";"3";"1";"6";"0";"1";"2";"1";"0"
"7489";"61315";"7489";"51";"3";"2";"1";"6";"0";"1";"1";"1";"0"
"7490";"61319";"7490";"64";"1";"1";"7";"6";"0";"1";"1";"1";"0"
"7491";"61320";"7491";"26";"1";"1";"7";"2";"0";"1";"0";"1";"0"
"7492";"61323";"7492";"72";"1";"1";"7";"6";"0";"1";"1";"1";"0"
"7493";"61329";"7493";"72";"1";"1";"7";"6";"0";"1";"1";"1";"0"
"7494";"61329";"7494";"72";"1";"1";"7";"6";"0";"1";"1";"1";"0"
"7495";"61332";"7495";"72";"1";"3";"1";"6";"0";"2";"1";"1";"0"
"7496";"61334";"7496";"21";"1";"1";"7";"6";"0";"1";"1";"1";"0"
"7497";"61342";"7497";"71";"1";"7";"7";"6";"0";"1";"2";"1";"0"
"7498";"61342";"7498";"25";"1";"3";"1";"6";"0";"1";"1";"1";"0"
"7499";"61342";"7499";"72";"1";"1";"7";"6";"0";"1";"1";"1";"0"
"7500";"61342";"7500";"81";"3";"6";"1";"6";"0";"1";"1";"1";"0"
"7501";"61345";"7501";"64";"1";"1";"7";"6";"0";"2";"1";"1";"0"
"7502";"61345";"7502";"21";"2";"1";"7";"6";"0";"1";"1";"1";"0"
"7503";"61345";"7503";"71";"1";"1";"1";"6";"0";"1";"1";"1";"0"
"7504";"61349";"7504";"20";"1";"1";"7";"1";"0";"1";"1";"1";"0"
"7505";"61349";"7505";"72";"2";"3";"1";"6";"0";"1";"1";"1";"0"