"accident_id";"lieu_id";"date_id";"cause_id";"lum_id";"intemp_id";"etat_surface_id";"impliq_id";"nb_blesses_graves";"nb_blesses_legers";"nb_indemnes";"gravite";"nb_morts"
"7841";"61700";"7841";"71";"1";"1";"7";"4";"0";"1";"1";"1";"0"
"7842";"61700";"7842";"72";"1";"1";"7";"6";"0";"1";"1";"1";"0"
"7843";"61703";"7843";"52";"1";"1";"7";"6";"0";"0";"1";"0";"0"
"7844";"61706";"7844";"64";"1";"1";"7";"3";"0";"2";"0";"1";"0"
"7845";"61706";"7845";"71";"1";"1";"7";"6";"0";"1";"4";"1";"0"
"7846";"61710";"7846";"72";"1";"1";"7";"6";"1";"0";"1";"2";"0"
"7847";"61711";"7847";"72";"1";"1";"7";"6";"0";"1";"1";"1";"0"
"7848";"61711";"7848";"71";"1";"1";"7";"6";"0";"1";"1";"1";"0"
"7849";"61713";"7849";"51";"1";"1";"7";"1";"0";"1";"1";"1";"0"
"7850";"61714";"7850";"52";"1";"1";"7";"7";"0";"1";"1";"1";"0"
"7851";"61714";"7851";"71";"1";"1";"7";"6";"0";"1";"1";"1";"0"
"7852";"61714";"7852";"71";"1";"1";"7";"6";"0";"1";"1";"1";"0"
"7853";"61715";"7853";"76";"1";"1";"7";"6";"0";"1";"1";"1";"0"
"7854";"61715";"7854";"81";"1";"1";"7";"4";"0";"1";"1";"1";"0"
"7855";"61716";"7855";"71";"1";"1";"7";"3";"1";"1";"0";"2";"0"
"7856";"61718";"7856";"72";"1";"1";"7";"6";"0";"1";"1";"1";"0"
"7857";"61720";"7857";"71";"1";"1";"7";"6";"0";"1";"1";"1";"0"
"7858";"61722";"7858";"72";"1";"1";"7";"6";"0";"1";"1";"1";"0"
"7859";"61722";"7859";"72";"1";"1";"7";"6";"0";"1";"1";"1";"0"
"7860";"61722";"7860";"72";"3";"3";"1";"6";"0";"1";"1";"1";"0"
"7861";"61730";"7861";"64";"3";"1";"7";"6";"0";"1";"1";"1";"0"
"7862";"61730";"7862";"71";"1";"1";"7";"6";"0";"1";"1";"1";"0"
"7863";"61730";"7863";"20";"2";"1";"7";"2";"0";"1";"1";"1";"0"
"7864";"61730";"7864";"71";"1";"1";"7";"5";"0";"1";"1";"1";"0"
"7865";"61730";"7865";"61";"1";"1";"7";"3";"0";"1";"1";"1";"0"
"7866";"61731";"7866";"61";"1";"1";"7";"4";"0";"1";"1";"1";"0"
"7867";"61731";"7867";"71";"1";"1";"7";"6";"1";"0";"1";"2";"0"
"7868";"61731";"7868";"61";"2";"2";"1";"3";"0";"1";"1";"1";"0"
"7869";"61733";"7869";"63";"1";"1";"7";"4";"0";"1";"1";"1";"0"
"7870";"61733";"7870";"71";"1";"3";"1";"6";"0";"1";"1";"1";"0"
"7871";"61733";"7871";"18";"1";"1";"7";"6";"0";"1";"3";"1";"0"
"7872";"61733";"7872";"26";"1";"1";"7";"2";"0";"1";"1";"1";"0"
"7873";"61734";"7873";"51";"3";"1";"7";"8";"0";"1";"1";"1";"0"
"7874";"61737";"7874";"11";"3";"1";"7";"6";"0";"1";"2";"1";"0"
"7875";"61738";"7875";"81";"3";"1";"7";"0";"1";"0";"1";"2";"0"
"7876";"61739";"7876";"25";"1";"3";"2";"7";"0";"1";"1";"1";"0"
"7877";"61739";"7877";"21";"3";"1";"7";"3";"0";"1";"1";"1";"0"
"7878";"61741";"7878";"71";"1";"1";"7";"6";"0";"1";"1";"1";"0"
"7879";"61741";"7879";"21";"1";"1";"7";"6";"0";"4";"0";"1";"0"
"7880";"61741";"7880";"21";"1";"1";"7";"6";"0";"3";"1";"1";"0"
"7881";"61744";"7881";"52";"5";"1";"7";"6";"0";"1";"3";"1";"0"
"7882";"61744";"7882";"72";"1";"1";"7";"6";"0";"1";"1";"1";"0"
"7883";"61744";"7883";"21";"1";"1";"7";"6";"0";"2";"2";"1";"0"
"7884";"61744";"7884";"64";"1";"1";"7";"6";"0";"1";"2";"1";"0"
"7885";"61752";"7885";"51";"1";"1";"1";"6";"0";"1";"1";"1";"0"
"7886";"61752";"7886";"63";"1";"2";"2";"3";"0";"1";"1";"1";"0"
"7887";"61752";"7887";"61";"2";"1";"7";"3";"0";"1";"1";"1";"0"
"7888";"61752";"7888";"72";"1";"3";"1";"6";"0";"1";"1";"1";"0"
"7889";"61752";"7889";"25";"3";"1";"7";"6";"0";"1";"0";"1";"0"
"7890";"61752";"7890";"63";"1";"3";"1";"4";"0";"1";"1";"1";"0"
"7891";"61753";"7891";"51";"1";"2";"2";"2";"1";"0";"1";"2";"0"
"7892";"61753";"7892";"71";"1";"3";"1";"6";"0";"1";"1";"1";"0"
"7893";"61757";"7893";"72";"1";"1";"7";"6";"0";"1";"1";"1";"0"
"7894";"61758";"7894";"67";"1";"1";"7";"4";"0";"1";"1";"1";"0"
"7895";"61759";"7895";"72";"1";"1";"7";"6";"1";"0";"1";"2";"0"
"7896";"61761";"7896";"71";"1";"3";"2";"6";"0";"1";"1";"1";"0"
"7897";"61761";"7897";"71";"3";"1";"7";"6";"0";"1";"2";"1";"0"
"7898";"61762";"7898";"81";"1";"1";"7";"2";"1";"0";"1";"2";"0"
"7899";"61763";"7899";"64";"1";"1";"7";"5";"0";"2";"1";"1";"0"
"7900";"61763";"7900";"52";"3";"3";"1";"6";"0";"1";"0";"1";"0"
"7901";"61763";"7901";"72";"1";"1";"7";"9";"0";"0";"1";"3";"0"
"7902";"61763";"7902";"52";"3";"1";"2";"0";"1";"3";"0";"2";"0"
"7903";"61763";"7903";"71";"3";"3";"1";"6";"0";"1";"1";"1";"0"
"7904";"61764";"7904";"12";"1";"1";"7";"9";"0";"1";"0";"1";"0"
"7905";"61764";"7905";"12";"3";"1";"1";"9";"0";"1";"0";"1";"0"
"7906";"61764";"7906";"51";"3";"1";"7";"0";"0";"2";"0";"1";"0"
"7907";"61764";"7907";"52";"1";"1";"7";"6";"0";"1";"1";"1";"0"
"7908";"61764";"7908";"52";"3";"3";"2";"0";"1";"0";"0";"3";"0"
"7909";"61764";"7909";"52";"1";"1";"7";"6";"0";"2";"0";"1";"0"
"7910";"61764";"7910";"52";"3";"3";"1";"0";"0";"1";"1";"1";"0"
"7911";"61764";"7911";"72";"1";"1";"7";"6";"0";"1";"1";"1";"0"
"7912";"61764";"7912";"53";"1";"1";"7";"6";"0";"1";"1";"1";"0"
"7913";"61764";"7913";"51";"1";"1";"7";"6";"0";"1";"1";"1";"0"
"7914";"61764";"7914";"12";"3";"1";"7";"9";"0";"1";"0";"1";"0"
"7915";"61764";"7915";"81";"3";"1";"7";"0";"1";"2";"0";"2";"0"
"7916";"61766";"7916";"52";"3";"1";"7";"0";"1";"0";"0";"2";"0"
"7917";"61766";"7917";"51";"1";"3";"1";"6";"0";"1";"2";"1";"0"
"7918";"61766";"7918";"64";"1";"1";"7";"6";"0";"1";"1";"1";"0"
"7919";"61766";"7919";"52";"1";"3";"2";"0";"0";"1";"0";"1";"0"
"7920";"61766";"7920";"51";"1";"1";"7";"6";"0";"1";"1";"1";"0"
"7921";"61766";"7921";"52";"3";"1";"7";"6";"4";"0";"1";"2";"0"
"7922";"61767";"7922";"64";"1";"1";"7";"6";"0";"1";"2";"1";"0"
"7923";"61767";"7923";"21";"1";"6";"1";"6";"0";"1";"3";"1";"0"
"7924";"61767";"7924";"52";"3";"1";"1";"0";"0";"1";"0";"1";"0"
"7925";"61767";"7925";"21";"3";"1";"7";"6";"0";"2";"0";"1";"0"
"7926";"61768";"7926";"32";"1";"1";"7";"5";"0";"2";"1";"1";"0"
"7927";"61769";"7927";"23";"1";"1";"7";"6";"0";"1";"1";"1";"0"
"7928";"61769";"7928";"74";"1";"1";"7";"9";"0";"1";"0";"1";"0"
"7929";"61769";"7929";"51";"1";"1";"7";"3";"0";"1";"1";"1";"0"
"7930";"61769";"7930";"51";"1";"1";"7";"0";"1";"0";"0";"2";"0"
"7931";"61769";"7931";"52";"3";"1";"7";"0";"0";"1";"0";"1";"0"
"7932";"61769";"7932";"51";"3";"1";"7";"4";"0";"1";"0";"1";"0"
"7933";"61769";"7933";"52";"3";"1";"7";"0";"0";"1";"0";"1";"0"
"7934";"61769";"7934";"51";"1";"1";"7";"6";"0";"1";"0";"1";"0"
"7935";"61770";"7935";"23";"3";"1";"4";"6";"0";"2";"1";"1";"0"
"7936";"61770";"7936";"76";"1";"1";"7";"9";"0";"1";"0";"1";"0"
"7937";"61770";"7937";"51";"3";"1";"7";"8";"0";"2";"2";"1";"0"
"7938";"61770";"7938";"35";"3";"3";"1";"3";"0";"1";"1";"1";"0"
"7939";"61771";"7939";"52";"3";"1";"7";"0";"0";"1";"0";"1";"0"
"7940";"61771";"7940";"64";"1";"1";"7";"6";"0";"1";"2";"1";"0"
"7941";"61771";"7941";"21";"1";"3";"1";"6";"0";"1";"1";"1";"0"
"7942";"61771";"7942";"51";"3";"1";"4";"6";"0";"2";"0";"1";"0"
"7943";"61771";"7943";"51";"1";"3";"1";"6";"0";"2";"1";"1";"0"
"7944";"61771";"7944";"52";"1";"3";"1";"6";"1";"2";"4";"2";"0"
"7945";"61771";"7945";"74";"1";"1";"7";"9";"0";"1";"1";"3";"0"
"7946";"61772";"7946";"21";"1";"3";"2";"6";"0";"4";"1";"1";"0"
"7947";"61772";"7947";"51";"1";"1";"1";"0";"0";"1";"0";"1";"0"
"7948";"61772";"7948";"51";"3";"1";"7";"0";"1";"0";"0";"2";"0"
"7949";"61772";"7949";"51";"1";"1";"1";"6";"0";"1";"1";"1";"0"
"7950";"61772";"7950";"51";"5";"3";"1";"6";"0";"3";"1";"1";"0"
"7951";"61772";"7951";"21";"3";"1";"1";"6";"0";"0";"1";"3";"0"
"7952";"61776";"7952";"72";"1";"1";"7";"6";"1";"0";"1";"2";"0"
"7953";"61781";"7953";"51";"3";"1";"7";"6";"0";"2";"2";"1";"0"
"7954";"61781";"7954";"20";"3";"1";"7";"2";"0";"1";"1";"1";"0"
"7955";"61781";"7955";"63";"1";"1";"7";"6";"0";"5";"0";"1";"0"
"7956";"61783";"7956";"51";"3";"1";"7";"6";"0";"1";"1";"1";"0"
"7957";"61783";"7957";"71";"1";"1";"7";"6";"0";"1";"1";"1";"0"
"7958";"61783";"7958";"51";"1";"1";"7";"2";"1";"0";"1";"2";"0"
"7959";"61784";"7959";"28";"1";"3";"1";"9";"0";"1";"0";"1";"0"
"7960";"61786";"7960";"71";"1";"1";"7";"6";"0";"1";"1";"1";"0"
"7961";"61788";"7961";"72";"1";"1";"7";"6";"0";"1";"1";"1";"0"
"7962";"61790";"7962";"72";"3";"1";"7";"6";"1";"0";"1";"2";"0"
"7963";"61791";"7963";"28";"5";"1";"7";"0";"0";"1";"0";"1";"0"
"7964";"61791";"7964";"72";"1";"1";"7";"6";"0";"1";"1";"1";"0"
"7965";"61791";"7965";"72";"3";"1";"7";"6";"0";"1";"1";"1";"0"
"7966";"61791";"7966";"26";"1";"1";"7";"1";"0";"1";"1";"1";"0"
"7967";"61792";"7967";"72";"1";"1";"7";"6";"1";"0";"1";"2";"0"
"7968";"61793";"7968";"51";"1";"1";"7";"6";"0";"1";"1";"1";"0"
"7969";"61793";"7969";"72";"1";"1";"7";"6";"0";"1";"1";"1";"0"
"7970";"61793";"7970";"72";"1";"1";"7";"6";"0";"1";"1";"1";"0"
"7971";"61793";"7971";"72";"1";"1";"7";"6";"0";"1";"1";"1";"0"
"7972";"61793";"7972";"72";"1";"1";"7";"6";"1";"0";"1";"2";"0"
"7973";"61793";"7973";"72";"1";"1";"7";"6";"0";"1";"1";"1";"0"
"7974";"61794";"7974";"32";"1";"1";"7";"4";"1";"0";"1";"2";"0"
"7975";"61794";"7975";"72";"1";"1";"7";"6";"0";"1";"1";"1";"0"
"7976";"61794";"7976";"72";"3";"1";"7";"6";"0";"1";"2";"1";"0"
"7977";"61795";"7977";"72";"1";"1";"7";"6";"0";"1";"1";"1";"0"
"7978";"61795";"7978";"81";"1";"1";"7";"6";"0";"1";"3";"1";"0"
"7979";"61796";"7979";"72";"1";"1";"7";"6";"0";"1";"1";"1";"0"
"7980";"61796";"7980";"26";"1";"1";"7";"1";"0";"1";"1";"1";"0"
"7981";"61797";"7981";"52";"3";"1";"7";"2";"0";"1";"1";"1";"0"
"7982";"61797";"7982";"72";"3";"1";"7";"6";"1";"0";"0";"2";"0"
"7983";"61798";"7983";"51";"3";"3";"2";"6";"0";"1";"2";"1";"0"
"7984";"61798";"7984";"25";"1";"1";"7";"6";"0";"1";"1";"1";"0"
"7985";"61800";"7985";"51";"1";"1";"7";"6";"0";"1";"7";"1";"0"
"7986";"61800";"7986";"18";"1";"1";"7";"3";"0";"1";"1";"1";"0"
"7987";"61802";"7987";"51";"2";"1";"1";"6";"0";"4";"1";"1";"0"
"7988";"61806";"7988";"72";"1";"1";"7";"6";"0";"0";"1";"3";"0"
"7989";"61806";"7989";"52";"1";"1";"7";"6";"0";"3";"1";"1";"0"
"7990";"61806";"7990";"64";"1";"6";"7";"6";"0";"1";"1";"1";"0"
"7991";"61806";"7991";"72";"1";"1";"7";"4";"0";"1";"1";"1";"0"
"7992";"61806";"7992";"72";"1";"1";"7";"6";"0";"1";"1";"1";"0"
"7993";"61806";"7993";"72";"1";"1";"7";"6";"0";"1";"1";"1";"0"
"7994";"61806";"7994";"72";"1";"1";"7";"6";"1";"0";"1";"2";"0"
"7995";"61806";"7995";"72";"1";"1";"7";"6";"0";"1";"1";"1";"0"
"7996";"61806";"7996";"52";"3";"1";"7";"2";"0";"3";"1";"1";"0"
"7997";"61808";"7997";"51";"3";"1";"4";"2";"0";"2";"4";"1";"0"
"7998";"61809";"7998";"71";"1";"1";"7";"6";"0";"1";"1";"1";"0"
"7999";"61809";"7999";"71";"1";"1";"7";"6";"0";"1";"1";"1";"0"
"8000";"61809";"8000";"71";"1";"1";"7";"6";"0";"1";"1";"1";"0"
"8001";"61809";"8001";"71";"1";"1";"7";"6";"0";"1";"1";"1";"0"
"8002";"61809";"8002";"66";"1";"1";"7";"6";"0";"1";"1";"1";"0"
"8003";"61809";"8003";"72";"1";"1";"7";"6";"0";"1";"1";"1";"0"
"8004";"61810";"8004";"22";"1";"1";"7";"6";"0";"1";"1";"1";"0"
"8005";"61810";"8005";"71";"1";"1";"7";"6";"0";"1";"1";"1";"0"
"8006";"61810";"8006";"71";"1";"1";"7";"6";"0";"1";"1";"1";"0"
"8007";"61810";"8007";"28";"1";"1";"7";"0";"0";"0";"0";"3";"0"
"8008";"61811";"8008";"72";"1";"1";"7";"6";"0";"1";"1";"1";"0"
"8009";"61812";"8009";"71";"1";"1";"7";"6";"0";"1";"1";"1";"0"
"8010";"61814";"8010";"25";"1";"1";"7";"7";"0";"1";"1";"1";"0"
"8011";"61815";"8011";"72";"1";"1";"7";"3";"0";"1";"1";"1";"0"
"8012";"61815";"8012";"72";"1";"1";"7";"6";"0";"1";"1";"1";"0"
"8013";"61815";"8013";"72";"1";"1";"7";"6";"0";"1";"1";"1";"0"
"8014";"61815";"8014";"81";"3";"1";"7";"2";"0";"1";"1";"1";"0"
"8015";"61815";"8015";"72";"1";"1";"7";"6";"0";"1";"1";"1";"0"
"8016";"61816";"8016";"72";"1";"1";"7";"6";"0";"1";"1";"1";"0"
"8017";"61817";"8017";"71";"1";"1";"1";"6";"0";"1";"1";"1";"0"
"8018";"61818";"8018";"72";"1";"1";"7";"4";"0";"1";"1";"1";"0"
"8019";"61819";"8019";"52";"1";"1";"7";"6";"0";"1";"1";"1";"0"
"8020";"61819";"8020";"51";"1";"1";"2";"3";"0";"1";"1";"1";"0"
"8021";"61819";"8021";"71";"1";"1";"7";"6";"0";"1";"1";"1";"0"
"8022";"61819";"8022";"51";"1";"1";"7";"6";"0";"0";"1";"3";"0"
"8023";"61819";"8023";"71";"1";"1";"7";"6";"0";"1";"1";"1";"0"
"8024";"61820";"8024";"72";"2";"1";"7";"6";"0";"1";"1";"1";"0"
"8025";"61820";"8025";"71";"1";"1";"7";"6";"0";"1";"2";"1";"0"
"8026";"61820";"8026";"72";"1";"1";"2";"5";"1";"0";"1";"2";"0"
"8027";"61820";"8027";"72";"1";"1";"7";"6";"0";"1";"1";"1";"0"
"8028";"61820";"8028";"64";"1";"1";"7";"3";"0";"1";"0";"1";"0"
"8029";"61820";"8029";"72";"1";"1";"7";"6";"0";"1";"1";"1";"0"
"8030";"61820";"8030";"36";"1";"1";"7";"4";"0";"1";"1";"1";"0"
"8031";"61820";"8031";"72";"1";"1";"7";"6";"0";"1";"1";"1";"0"
"8032";"61820";"8032";"81";"3";"1";"7";"2";"0";"1";"1";"1";"0"
"8033";"61820";"8033";"71";"1";"1";"7";"6";"0";"1";"1";"1";"0"
"8034";"61821";"8034";"72";"1";"1";"7";"6";"0";"1";"1";"1";"0"
"8035";"61821";"8035";"72";"1";"1";"7";"6";"0";"1";"1";"1";"0"
"8036";"61824";"8036";"81";"1";"1";"7";"3";"0";"1";"1";"1";"0"
"8037";"61824";"8037";"72";"3";"1";"7";"6";"0";"1";"1";"1";"0"
"8038";"61825";"8038";"71";"3";"1";"7";"4";"0";"1";"1";"1";"0"
"8039";"61827";"8039";"71";"1";"1";"7";"3";"0";"1";"1";"1";"0"
"8040";"61827";"8040";"71";"1";"1";"7";"4";"0";"1";"1";"1";"0"
"8041";"61827";"8041";"71";"1";"1";"7";"6";"0";"1";"1";"1";"0"
"8042";"61828";"8042";"72";"1";"1";"7";"6";"1";"0";"1";"2";"0"
"8043";"61828";"8043";"71";"1";"1";"7";"6";"0";"1";"1";"1";"0"
"8044";"61829";"8044";"72";"3";"1";"7";"6";"0";"1";"1";"1";"0"
"8045";"61829";"8045";"71";"1";"1";"7";"6";"0";"1";"1";"1";"0"
"8046";"61829";"8046";"71";"1";"1";"7";"6";"0";"1";"1";"1";"0"
"8047";"61830";"8047";"73";"3";"1";"7";"6";"1";"0";"2";"2";"0"
"8048";"61830";"8048";"71";"1";"1";"7";"4";"1";"1";"0";"2";"0"
"8049";"61830";"8049";"21";"1";"1";"7";"6";"0";"1";"1";"1";"0"
"8050";"61830";"8050";"64";"3";"1";"7";"5";"0";"1";"1";"1";"0"
"8051";"61830";"8051";"25";"3";"1";"7";"7";"0";"2";"1";"1";"0"
"8052";"61830";"8052";"51";"3";"3";"2";"3";"0";"1";"1";"1";"0"
"8053";"61830";"8053";"72";"1";"1";"7";"6";"0";"1";"1";"1";"0"
"8054";"61831";"8054";"25";"3";"3";"2";"7";"0";"1";"0";"1";"0"
"8055";"61840";"8055";"81";"1";"1";"7";"6";"0";"3";"1";"1";"0"
"8056";"61840";"8056";"71";"3";"1";"1";"6";"0";"0";"1";"3";"0"
"8057";"61841";"8057";"71";"1";"3";"2";"6";"0";"1";"1";"1";"0"
"8058";"61841";"8058";"63";"1";"1";"7";"6";"0";"2";"1";"1";"0"
"8059";"61841";"8059";"52";"1";"1";"7";"6";"0";"1";"0";"1";"0"
"8060";"61842";"8060";"71";"1";"1";"7";"6";"0";"1";"1";"1";"0"
"8061";"61842";"8061";"51";"1";"1";"7";"6";"0";"1";"3";"1";"0"
"8062";"61842";"8062";"71";"1";"3";"1";"6";"0";"1";"1";"1";"0"
"8063";"61842";"8063";"51";"1";"1";"7";"6";"0";"1";"1";"1";"0"
"8064";"61851";"8064";"51";"1";"1";"7";"0";"1";"0";"0";"2";"0"
"8065";"61858";"8065";"64";"1";"1";"7";"6";"0";"1";"1";"1";"0"
"8066";"61858";"8066";"67";"1";"1";"1";"4";"0";"1";"1";"1";"0"
"8067";"61858";"8067";"26";"1";"1";"7";"2";"0";"1";"1";"1";"0"
"8068";"61858";"8068";"21";"1";"1";"7";"6";"0";"1";"2";"1";"0"
"8069";"61858";"8069";"13";"1";"1";"7";"6";"0";"1";"1";"1";"0"
"8070";"61858";"8070";"51";"2";"1";"7";"6";"0";"1";"0";"1";"0"
"8071";"61858";"8071";"36";"3";"3";"1";"6";"0";"1";"2";"1";"0"
"8072";"61858";"8072";"18";"1";"1";"1";"4";"0";"1";"1";"1";"0"
"8073";"61858";"8073";"21";"1";"1";"7";"5";"0";"1";"1";"1";"0"
"8074";"61858";"8074";"64";"3";"1";"7";"5";"0";"1";"1";"1";"0"
"8075";"61858";"8075";"52";"1";"1";"7";"6";"0";"1";"0";"1";"0"
"8076";"61858";"8076";"63";"1";"1";"7";"5";"0";"1";"1";"1";"0"
"8077";"61858";"8077";"67";"1";"1";"7";"6";"0";"1";"2";"1";"0"
"8078";"61858";"8078";"23";"1";"1";"7";"7";"0";"1";"1";"1";"0"
"8079";"61859";"8079";"21";"1";"1";"7";"6";"0";"2";"4";"1";"0"
"8080";"61860";"8080";"71";"1";"1";"7";"6";"1";"0";"1";"2";"0"
"8081";"61861";"8081";"72";"1";"1";"7";"6";"0";"1";"1";"1";"0"
"8082";"61861";"8082";"71";"1";"1";"7";"6";"0";"1";"1";"1";"0"
"8083";"61861";"8083";"72";"3";"1";"7";"6";"1";"0";"1";"2";"0"
"8084";"61861";"8084";"26";"1";"1";"7";"2";"0";"1";"0";"1";"0"
"8085";"61861";"8085";"72";"1";"1";"1";"6";"0";"1";"1";"1";"0"
"8086";"61862";"8086";"71";"1";"1";"7";"6";"1";"0";"1";"2";"0"
"8087";"61862";"8087";"61";"3";"1";"7";"3";"0";"1";"1";"1";"0"
"8088";"61864";"8088";"26";"1";"3";"1";"1";"0";"1";"1";"1";"0"
"8089";"61865";"8089";"72";"1";"1";"7";"6";"0";"1";"1";"1";"0"
"8090";"61865";"8090";"72";"3";"1";"7";"6";"0";"1";"1";"1";"0"
"8091";"61865";"8091";"21";"3";"3";"1";"6";"0";"1";"1";"1";"0"
"8092";"61866";"8092";"71";"1";"1";"7";"6";"1";"0";"1";"2";"0"
"8093";"61866";"8093";"51";"3";"1";"7";"6";"0";"1";"0";"1";"0"
"8094";"61866";"8094";"64";"1";"1";"7";"3";"0";"2";"0";"1";"0"
"8095";"61868";"8095";"71";"1";"1";"7";"6";"0";"1";"1";"1";"0"
"8096";"61868";"8096";"26";"1";"1";"7";"1";"0";"1";"1";"1";"0"
"8097";"61871";"8097";"72";"1";"1";"7";"6";"0";"1";"1";"1";"0"
"8098";"61871";"8098";"72";"1";"1";"7";"6";"0";"1";"1";"1";"0"
"8099";"61873";"8099";"20";"5";"1";"7";"2";"0";"1";"1";"1";"0"
"8100";"61874";"8100";"72";"2";"1";"7";"6";"0";"1";"0";"1";"0"
"8101";"61876";"8101";"52";"1";"1";"7";"0";"0";"0";"0";"3";"0"
"8102";"61878";"8102";"41";"3";"1";"7";"2";"0";"1";"1";"1";"0"
"8103";"61881";"8103";"25";"3";"1";"7";"7";"0";"2";"2";"1";"0"
"8104";"61881";"8104";"64";"1";"1";"7";"4";"0";"1";"1";"1";"0"
"8105";"61881";"8105";"71";"1";"1";"7";"6";"1";"0";"1";"2";"0"
"8106";"61881";"8106";"41";"1";"1";"7";"1";"0";"1";"0";"1";"0"
"8107";"61881";"8107";"71";"1";"7";"7";"6";"0";"1";"1";"1";"0"
"8108";"61882";"8108";"72";"1";"1";"7";"6";"0";"1";"2";"1";"0"
"8109";"61883";"8109";"71";"1";"1";"7";"6";"0";"1";"1";"1";"0"
"8110";"61884";"8110";"25";"3";"1";"7";"6";"0";"1";"1";"1";"0"
"8111";"61884";"8111";"72";"2";"1";"7";"6";"0";"1";"1";"1";"0"
"8112";"61884";"8112";"72";"1";"1";"7";"6";"0";"1";"1";"1";"0"
"8113";"61884";"8113";"72";"3";"6";"1";"6";"0";"1";"1";"1";"0"
"8114";"61885";"8114";"72";"3";"1";"7";"6";"0";"1";"1";"1";"0"
"8115";"61887";"8115";"71";"1";"1";"7";"6";"0";"1";"1";"1";"0"
"8116";"61887";"8116";"71";"1";"1";"7";"6";"0";"1";"1";"1";"0"
"8117";"61889";"8117";"71";"1";"3";"2";"6";"0";"1";"1";"1";"0"
"8118";"61889";"8118";"20";"1";"3";"2";"2";"1";"2";"1";"2";"0"
"8119";"61889";"8119";"71";"1";"1";"7";"4";"0";"2";"1";"1";"0"
"8120";"61889";"8120";"71";"3";"1";"7";"6";"1";"0";"1";"2";"0"
"8121";"61890";"8121";"52";"3";"1";"7";"3";"0";"1";"0";"1";"0"
"8122";"61891";"8122";"72";"1";"1";"7";"6";"1";"1";"2";"2";"0"
"8123";"61891";"8123";"26";"1";"3";"2";"1";"0";"1";"1";"1";"0"
"8124";"61891";"8124";"26";"1";"3";"2";"2";"0";"1";"1";"1";"0"
"8125";"61891";"8125";"71";"1";"1";"7";"6";"0";"1";"1";"1";"0"
"8126";"61891";"8126";"72";"1";"1";"7";"6";"1";"0";"1";"2";"0"
"8127";"61891";"8127";"71";"1";"1";"7";"6";"0";"1";"1";"1";"0"
"8128";"61891";"8128";"21";"3";"1";"7";"6";"0";"3";"1";"1";"0"
"8129";"61891";"8129";"71";"1";"1";"7";"6";"0";"1";"1";"1";"0"
"8130";"61891";"8130";"61";"1";"1";"7";"3";"0";"1";"1";"1";"0"
"8131";"61892";"8131";"52";"1";"3";"2";"6";"0";"1";"1";"1";"0"
"8132";"61892";"8132";"81";"3";"3";"1";"6";"1";"1";"0";"2";"0"
"8133";"61892";"8133";"72";"3";"1";"1";"6";"0";"1";"1";"1";"0"
"8134";"61892";"8134";"71";"1";"1";"7";"6";"0";"1";"2";"1";"0"
"8135";"61892";"8135";"72";"3";"1";"7";"6";"0";"1";"1";"1";"0"
"8136";"61892";"8136";"72";"3";"1";"1";"6";"0";"1";"1";"1";"0"
"8137";"61892";"8137";"71";"3";"1";"7";"6";"0";"1";"1";"1";"0"
"8138";"61893";"8138";"61";"1";"2";"2";"4";"0";"1";"1";"1";"0"
"8139";"61893";"8139";"72";"3";"1";"7";"6";"0";"1";"1";"1";"0"
"8140";"61893";"8140";"71";"1";"1";"7";"4";"0";"2";"0";"1";"0"
"8141";"61893";"8141";"51";"1";"1";"1";"6";"0";"1";"1";"1";"0"
"8142";"61893";"8142";"81";"1";"1";"7";"2";"0";"1";"1";"1";"0"
"8143";"61893";"8143";"72";"1";"1";"7";"6";"0";"1";"1";"1";"0"
"8144";"61893";"8144";"71";"2";"1";"7";"6";"0";"1";"1";"1";"0"
"8145";"61894";"8145";"72";"1";"3";"1";"6";"0";"1";"1";"1";"0"
"8146";"61894";"8146";"51";"1";"1";"7";"6";"0";"1";"1";"1";"0"
"8147";"61894";"8147";"25";"2";"1";"7";"6";"0";"1";"1";"1";"0"
"8148";"61894";"8148";"72";"1";"1";"7";"6";"0";"1";"1";"1";"0"
"8149";"61895";"8149";"72";"2";"1";"7";"6";"0";"2";"1";"1";"0"
"8150";"61895";"8150";"51";"1";"1";"7";"6";"0";"1";"1";"1";"0"
"8151";"61895";"8151";"51";"1";"1";"7";"3";"0";"1";"1";"1";"0"
"8152";"61895";"8152";"71";"1";"1";"7";"6";"0";"2";"0";"1";"0"
"8153";"61895";"8153";"21";"3";"1";"7";"6";"0";"1";"1";"1";"0"
"8154";"61895";"8154";"51";"1";"1";"7";"2";"0";"1";"1";"1";"0"
"8155";"61896";"8155";"26";"1";"1";"7";"2";"0";"1";"1";"1";"0"
"8156";"61896";"8156";"71";"1";"1";"7";"6";"0";"1";"2";"1";"0"
"8157";"61896";"8157";"72";"3";"3";"1";"6";"0";"1";"1";"1";"0"
"8158";"61896";"8158";"72";"1";"1";"1";"6";"1";"0";"1";"2";"0"
"8159";"61896";"8159";"71";"3";"1";"7";"6";"0";"1";"1";"1";"0"
"8160";"61896";"8160";"51";"3";"3";"1";"6";"0";"3";"3";"1";"0"
"8161";"61896";"8161";"41";"1";"1";"7";"2";"0";"1";"1";"1";"0"
"8162";"61896";"8162";"71";"1";"1";"7";"6";"0";"1";"1";"1";"0"
"8163";"61897";"8163";"71";"1";"1";"1";"6";"0";"1";"1";"1";"0"
"8164";"61898";"8164";"61";"1";"2";"1";"3";"0";"1";"1";"1";"0"
"8165";"61899";"8165";"64";"1";"1";"7";"4";"0";"1";"1";"1";"0"
"8166";"61899";"8166";"51";"2";"1";"7";"0";"0";"2";"1";"1";"0"
"8167";"61900";"8167";"72";"1";"1";"7";"6";"0";"1";"1";"1";"0"
"8168";"61901";"8168";"36";"1";"1";"7";"6";"0";"1";"2";"1";"0"
"8169";"61901";"8169";"72";"1";"1";"7";"6";"0";"1";"1";"1";"0"
"8170";"61901";"8170";"72";"1";"3";"1";"6";"0";"1";"1";"1";"0"
"8171";"61902";"8171";"72";"1";"1";"7";"6";"0";"1";"1";"1";"0"
"8172";"61902";"8172";"81";"3";"4";"3";"6";"0";"1";"2";"1";"0"
"8173";"61902";"8173";"52";"1";"1";"7";"6";"0";"1";"2";"1";"0"
"8174";"61902";"8174";"52";"3";"1";"7";"6";"0";"1";"0";"1";"0"