"accident_id";"lieu_id";"date_id";"cause_id";"lum_id";"intemp_id";"etat_surface_id";"impliq_id";"nb_blesses_graves";"nb_blesses_legers";"nb_indemnes";"gravite";"nb_morts"
"8175";"61902";"8175";"72";"1";"1";"7";"6";"0";"1";"1";"1";"0"
"8176";"61902";"8176";"72";"1";"1";"7";"6";"0";"1";"1";"1";"0"
"8177";"61903";"8177";"71";"1";"1";"7";"6";"0";"2";"1";"1";"0"
"8178";"61903";"8178";"71";"1";"1";"7";"4";"0";"1";"1";"1";"0"
"8179";"61903";"8179";"71";"1";"1";"7";"7";"0";"1";"1";"1";"0"
"8180";"61903";"8180";"51";"2";"1";"7";"6";"0";"1";"1";"1";"0"
"8181";"61903";"8181";"71";"3";"1";"7";"6";"0";"1";"1";"1";"0"
"8182";"61904";"8182";"72";"3";"1";"7";"6";"1";"0";"1";"2";"0"
"8183";"61904";"8183";"26";"3";"3";"2";"2";"0";"1";"1";"1";"0"
"8184";"61904";"8184";"26";"3";"2";"1";"2";"1";"0";"1";"2";"0"
"8185";"61906";"8185";"71";"2";"1";"7";"6";"0";"1";"2";"1";"0"
"8186";"61906";"8186";"51";"3";"1";"7";"6";"1";"1";"0";"2";"0"
"8187";"61906";"8187";"25";"1";"1";"7";"6";"0";"1";"2";"1";"0"
"8188";"61906";"8188";"51";"1";"3";"1";"6";"0";"2";"1";"1";"0"
"8189";"61907";"8189";"72";"3";"6";"1";"6";"0";"1";"1";"1";"0"
"8190";"61907";"8190";"72";"3";"1";"7";"6";"0";"1";"1";"1";"0"
"8191";"61907";"8191";"25";"3";"1";"7";"6";"0";"1";"0";"1";"0"
"8192";"61907";"8192";"81";"3";"1";"7";"6";"1";"0";"1";"2";"0"
"8193";"61907";"8193";"63";"1";"1";"7";"6";"0";"1";"2";"1";"0"
"8194";"61907";"8194";"71";"1";"1";"7";"6";"0";"1";"1";"1";"0"
"8195";"61907";"8195";"27";"1";"1";"7";"9";"0";"1";"0";"1";"0"
"8196";"61908";"8196";"71";"1";"1";"7";"6";"0";"1";"2";"1";"0"
"8197";"61908";"8197";"71";"1";"1";"7";"6";"0";"1";"1";"1";"0"
"8198";"61908";"8198";"71";"1";"1";"7";"6";"1";"0";"1";"2";"0"
"8199";"61908";"8199";"36";"3";"3";"2";"6";"0";"7";"3";"1";"0"
"8200";"61908";"8200";"51";"1";"1";"7";"2";"0";"1";"1";"1";"0"
"8201";"61909";"8201";"51";"3";"1";"7";"8";"0";"1";"1";"1";"0"
"8202";"61909";"8202";"25";"3";"1";"7";"6";"0";"1";"2";"1";"0"
"8203";"61909";"8203";"76";"1";"1";"1";"6";"0";"1";"1";"1";"0"
"8204";"61909";"8204";"25";"3";"1";"7";"6";"0";"1";"0";"1";"0"
"8205";"61909";"8205";"71";"2";"1";"7";"6";"0";"1";"1";"1";"0"
"8206";"61910";"8206";"71";"1";"1";"7";"5";"0";"2";"1";"1";"0"
"8207";"61910";"8207";"36";"1";"1";"7";"3";"0";"2";"1";"1";"0"
"8208";"61911";"8208";"52";"3";"1";"7";"7";"0";"1";"1";"3";"0"
"8209";"61911";"8209";"25";"3";"3";"2";"0";"0";"1";"1";"1";"0"
"8210";"61911";"8210";"72";"1";"1";"7";"6";"0";"1";"1";"1";"0"
"8211";"61912";"8211";"36";"1";"1";"7";"4";"0";"1";"3";"1";"0"
"8212";"61912";"8212";"36";"1";"1";"1";"3";"0";"1";"1";"1";"0"
"8213";"61912";"8213";"81";"3";"2";"1";"6";"0";"1";"1";"1";"0"
"8214";"61922";"8214";"25";"1";"1";"7";"6";"0";"1";"1";"1";"0"
"8215";"61923";"8215";"51";"1";"1";"7";"6";"0";"1";"0";"1";"0"
"8216";"61925";"8216";"52";"1";"1";"7";"6";"0";"2";"0";"1";"0"
"8217";"61925";"8217";"51";"1";"1";"7";"6";"0";"1";"1";"1";"0"
"8218";"61925";"8218";"51";"1";"1";"1";"6";"0";"2";"0";"1";"0"
"8219";"61925";"8219";"51";"1";"1";"7";"3";"0";"1";"1";"1";"0"
"8220";"61925";"8220";"72";"1";"1";"7";"6";"1";"0";"1";"2";"0"
"8221";"61929";"8221";"52";"1";"1";"7";"6";"0";"1";"1";"1";"0"
"8222";"61932";"8222";"21";"1";"1";"7";"3";"0";"1";"1";"1";"0"
"8223";"61933";"8223";"72";"1";"1";"7";"6";"0";"1";"1";"1";"0"
"8224";"61933";"8224";"72";"1";"1";"7";"6";"1";"0";"1";"2";"0"
"8225";"61934";"8225";"67";"1";"1";"7";"5";"0";"2";"1";"1";"0"
"8226";"61937";"8226";"36";"1";"6";"1";"4";"0";"1";"1";"1";"0"
"8227";"61938";"8227";"72";"1";"1";"7";"6";"1";"0";"4";"2";"0"
"8228";"61939";"8228";"61";"1";"1";"7";"4";"0";"1";"1";"1";"0"
"8229";"61941";"8229";"71";"1";"1";"7";"6";"0";"1";"2";"1";"0"
"8230";"61944";"8230";"28";"1";"1";"7";"7";"0";"1";"1";"1";"0"
"8231";"61947";"8231";"82";"1";"1";"7";"0";"0";"1";"0";"1";"0"
"8232";"61947";"8232";"71";"1";"1";"7";"6";"0";"1";"1";"1";"0"
"8233";"61947";"8233";"72";"1";"1";"1";"6";"0";"1";"2";"1";"0"
"8234";"61954";"8234";"72";"1";"1";"7";"6";"0";"1";"1";"1";"0"
"8235";"61955";"8235";"25";"1";"1";"7";"6";"0";"1";"1";"1";"0"
"8236";"61955";"8236";"72";"1";"1";"7";"6";"0";"1";"1";"1";"0"
"8237";"61955";"8237";"72";"1";"1";"7";"6";"0";"1";"1";"1";"0"
"8238";"61961";"8238";"72";"1";"1";"7";"6";"0";"1";"1";"1";"0"
"8239";"61961";"8239";"61";"1";"1";"7";"3";"0";"1";"1";"1";"0"
"8240";"61962";"8240";"67";"1";"1";"7";"4";"0";"1";"1";"1";"0"
"8241";"61963";"8241";"61";"1";"1";"7";"4";"0";"1";"1";"1";"0"
"8242";"61963";"8242";"51";"1";"1";"7";"6";"0";"3";"1";"1";"0"
"8243";"61963";"8243";"32";"1";"1";"7";"6";"0";"1";"2";"1";"0"
"8244";"61963";"8244";"51";"1";"1";"7";"6";"0";"1";"1";"1";"0"
"8245";"61963";"8245";"26";"1";"3";"1";"2";"0";"1";"1";"1";"0"
"8246";"61965";"8246";"71";"1";"1";"7";"6";"0";"1";"1";"1";"0"
"8247";"61965";"8247";"71";"1";"3";"1";"6";"0";"1";"1";"1";"0"
"8248";"61967";"8248";"81";"3";"3";"1";"6";"0";"1";"2";"1";"0"
"8249";"61967";"8249";"51";"3";"1";"7";"4";"0";"1";"3";"1";"0"
"8250";"61972";"8250";"71";"3";"2";"2";"6";"1";"0";"1";"2";"0"
"8251";"61986";"8251";"26";"1";"1";"7";"2";"0";"1";"1";"1";"0"
"8252";"61987";"8252";"67";"3";"1";"7";"5";"0";"1";"1";"1";"0"
"8253";"61989";"8253";"25";"1";"1";"7";"6";"0";"1";"1";"1";"0"
"8254";"61993";"8254";"71";"1";"1";"7";"6";"1";"0";"1";"2";"0"
"8255";"61999";"8255";"21";"1";"5";"4";"6";"0";"1";"1";"1";"0"
"8256";"61999";"8256";"71";"1";"1";"7";"6";"0";"1";"2";"1";"0"
"8257";"62001";"8257";"72";"1";"3";"2";"6";"0";"1";"1";"1";"0"
"8258";"62003";"8258";"72";"3";"1";"7";"6";"0";"1";"1";"1";"0"
"8259";"62003";"8020";"64";"1";"1";"7";"4";"0";"1";"1";"1";"0"
"8260";"62003";"8260";"64";"1";"1";"1";"3";"0";"1";"2";"1";"0"
"8261";"62003";"8261";"72";"1";"1";"7";"6";"0";"1";"1";"1";"0"
"8262";"62003";"8262";"81";"3";"1";"7";"6";"0";"2";"1";"1";"0"
"8263";"62003";"8263";"52";"1";"1";"7";"0";"0";"1";"0";"1";"0"
"8264";"62004";"8264";"72";"1";"1";"7";"6";"0";"1";"1";"1";"0"
"8265";"62004";"8265";"71";"1";"1";"7";"6";"0";"1";"1";"1";"0"
"8266";"62004";"8266";"81";"1";"1";"7";"1";"0";"1";"0";"1";"0"
"8267";"62004";"8267";"41";"3";"1";"7";"2";"0";"1";"0";"1";"0"
"8268";"62006";"8268";"72";"1";"1";"7";"6";"0";"1";"1";"1";"0"
"8269";"62007";"8269";"71";"1";"1";"7";"6";"0";"1";"1";"1";"0"
"8270";"62007";"8270";"72";"1";"1";"7";"6";"0";"1";"1";"1";"0"
"8271";"62007";"8271";"72";"1";"1";"7";"6";"0";"1";"1";"1";"0"
"8272";"62007";"8272";"71";"1";"1";"7";"6";"0";"1";"1";"1";"0"
"8273";"62007";"8273";"71";"1";"1";"7";"6";"0";"1";"1";"1";"0"
"8274";"62015";"8274";"64";"3";"1";"1";"4";"0";"1";"1";"1";"0"
"8275";"62015";"8275";"28";"1";"1";"7";"9";"0";"1";"0";"1";"0"
"8276";"62017";"8276";"72";"1";"1";"7";"6";"0";"2";"1";"1";"0"
"8277";"62019";"8277";"81";"3";"1";"7";"6";"0";"1";"2";"1";"0"
"8278";"62021";"8278";"52";"3";"1";"7";"6";"0";"1";"0";"1";"0"
"8279";"62021";"8279";"23";"3";"1";"7";"4";"0";"1";"1";"1";"0"
"8280";"62021";"8280";"63";"1";"1";"7";"3";"0";"1";"1";"1";"0"
"8281";"62021";"8281";"72";"1";"1";"7";"6";"0";"1";"1";"1";"0"
"8282";"62021";"8282";"71";"1";"1";"7";"6";"0";"1";"1";"1";"0"
"8283";"62021";"8283";"71";"1";"1";"7";"6";"0";"1";"1";"1";"0"
"8284";"62021";"8284";"36";"3";"1";"7";"4";"0";"1";"1";"1";"0"
"8285";"62021";"8285";"23";"1";"1";"7";"3";"0";"1";"4";"1";"0"
"8286";"62021";"8286";"21";"1";"1";"1";"6";"0";"3";"0";"1";"0"
"8287";"62034";"8287";"61";"1";"1";"7";"3";"0";"1";"1";"1";"0"
"8288";"62034";"8288";"72";"1";"1";"7";"6";"0";"1";"1";"1";"0"
"8289";"62034";"8289";"20";"1";"1";"7";"2";"0";"2";"0";"1";"0"
"8290";"62034";"8290";"64";"1";"1";"7";"2";"0";"1";"1";"1";"0"
"8291";"62034";"8291";"72";"1";"1";"7";"6";"0";"1";"1";"1";"0"
"8292";"62058";"8292";"72";"1";"1";"7";"6";"0";"1";"1";"1";"0"
"8293";"62058";"8293";"72";"1";"1";"7";"6";"0";"1";"1";"1";"0"
"8294";"62063";"8294";"72";"1";"1";"7";"6";"0";"1";"1";"1";"0"
"8295";"62064";"8295";"61";"1";"1";"7";"4";"0";"1";"1";"1";"0"
"8296";"62064";"8296";"26";"1";"1";"7";"2";"0";"1";"1";"1";"0"
"8297";"62064";"8297";"81";"3";"1";"2";"0";"0";"1";"0";"1";"0"
"8298";"62064";"8298";"51";"1";"3";"1";"3";"0";"1";"1";"1";"0"
"8299";"62064";"8299";"61";"1";"1";"7";"4";"0";"1";"1";"1";"0"
"8300";"62065";"8300";"71";"1";"1";"7";"6";"1";"0";"1";"2";"0"
"8301";"62065";"8301";"51";"2";"1";"7";"6";"0";"2";"2";"1";"0"
"8302";"62066";"8302";"51";"1";"1";"7";"4";"0";"1";"1";"1";"0"
"8303";"62066";"8303";"22";"1";"1";"7";"6";"0";"1";"1";"1";"0"
"8304";"62066";"402";"72";"1";"1";"7";"8";"0";"1";"0";"1";"0"
"8305";"62067";"8305";"51";"1";"1";"7";"6";"0";"1";"1";"1";"0"
"8306";"62067";"8306";"51";"1";"1";"7";"4";"0";"1";"1";"1";"0"
"8307";"62067";"8307";"25";"1";"1";"1";"6";"0";"1";"1";"1";"0"
"8308";"62067";"8308";"22";"1";"1";"7";"6";"1";"0";"1";"2";"0"
"8309";"62067";"8309";"51";"1";"1";"7";"6";"0";"1";"1";"1";"0"
"8310";"62071";"8310";"72";"1";"1";"7";"4";"0";"1";"1";"1";"0"
"8311";"62072";"8311";"72";"1";"1";"7";"6";"0";"1";"1";"1";"0"
"8312";"62073";"8312";"72";"1";"1";"7";"6";"0";"1";"1";"1";"0"
"8313";"62078";"8313";"72";"1";"1";"7";"6";"0";"1";"1";"1";"0"
"8314";"62083";"8314";"72";"3";"1";"7";"6";"1";"0";"1";"3";"0"
"8315";"62085";"8315";"64";"1";"1";"7";"6";"0";"1";"3";"1";"0"
"8316";"62096";"8316";"52";"3";"1";"7";"0";"0";"0";"0";"3";"0"
"8317";"62096";"8317";"52";"1";"6";"1";"0";"0";"1";"3";"1";"0"
"8318";"62096";"8318";"63";"1";"1";"7";"4";"0";"1";"1";"1";"0"
"8319";"62096";"8319";"51";"1";"1";"7";"6";"0";"1";"2";"1";"0"
"8320";"62099";"8320";"22";"1";"1";"7";"6";"0";"1";"1";"1";"0"
"8321";"62099";"8321";"64";"1";"1";"7";"6";"0";"1";"2";"1";"0"
"8322";"62102";"8322";"71";"1";"3";"1";"6";"0";"1";"1";"1";"0"
"8323";"62102";"8323";"51";"1";"1";"7";"6";"0";"4";"0";"1";"0"
"8324";"62102";"8324";"71";"1";"1";"7";"6";"0";"1";"1";"1";"0"
"8325";"62103";"8325";"25";"1";"1";"7";"6";"0";"1";"0";"1";"0"
"8326";"62103";"8326";"21";"3";"1";"7";"6";"0";"2";"0";"1";"0"
"8327";"62103";"8327";"23";"1";"1";"7";"5";"0";"1";"1";"1";"0"
"8328";"62103";"8328";"81";"1";"1";"7";"6";"0";"2";"2";"1";"0"
"8329";"62110";"8329";"73";"1";"1";"7";"5";"0";"1";"1";"1";"0"
"8330";"62111";"8330";"72";"3";"1";"7";"6";"0";"1";"1";"1";"0"
"8331";"62111";"8331";"72";"1";"1";"7";"6";"0";"1";"1";"1";"0"
"8332";"62111";"8332";"72";"1";"1";"7";"6";"0";"1";"1";"1";"0"
"8333";"62111";"8333";"72";"1";"1";"7";"5";"0";"2";"0";"1";"0"
"8334";"62111";"5596";"72";"3";"1";"7";"6";"0";"1";"1";"1";"0"
"8335";"62111";"2049";"28";"3";"1";"7";"0";"0";"1";"0";"1";"0"
"8336";"62111";"8336";"72";"1";"1";"7";"6";"0";"1";"1";"1";"0"
"8337";"62111";"8337";"72";"1";"1";"7";"6";"1";"0";"1";"2";"0"
"8338";"62111";"8338";"51";"3";"1";"1";"6";"2";"1";"0";"2";"0"
"8339";"62111";"8339";"81";"1";"3";"2";"2";"0";"1";"1";"1";"0"
"8340";"62111";"8340";"72";"1";"1";"7";"6";"0";"1";"1";"1";"0"
"8341";"62111";"8341";"72";"1";"1";"7";"6";"0";"1";"1";"1";"0"
"8342";"62111";"8342";"72";"1";"1";"7";"6";"1";"0";"0";"2";"0"
"8343";"62111";"8343";"72";"1";"1";"7";"6";"0";"1";"1";"1";"0"
"8344";"62111";"8344";"72";"3";"1";"7";"6";"0";"1";"0";"1";"0"
"8345";"62111";"8345";"51";"3";"3";"1";"6";"0";"1";"2";"1";"0"
"8346";"62111";"8346";"71";"3";"1";"7";"6";"0";"1";"1";"1";"0"
"8347";"62111";"8347";"71";"1";"1";"7";"7";"0";"1";"1";"1";"0"
"8348";"62112";"8348";"72";"1";"1";"7";"6";"1";"0";"1";"2";"0"
"8349";"62112";"8349";"51";"1";"1";"7";"6";"0";"1";"3";"1";"0"
"8350";"62112";"8350";"71";"1";"3";"1";"6";"0";"1";"1";"1";"0"
"8351";"62112";"8351";"72";"1";"1";"7";"6";"0";"0";"1";"3";"0"
"8352";"62113";"8352";"51";"3";"1";"4";"6";"0";"2";"1";"1";"0"
"8353";"62113";"8353";"72";"1";"1";"7";"6";"0";"1";"1";"1";"0"
"8354";"62113";"8354";"64";"1";"1";"7";"4";"0";"1";"1";"1";"0"
"8355";"62113";"8355";"63";"1";"3";"1";"4";"0";"1";"1";"1";"0"
"8356";"62113";"8356";"52";"3";"3";"1";"0";"0";"2";"4";"1";"0"
"8357";"62114";"8357";"25";"1";"1";"7";"6";"0";"1";"1";"1";"0"
"8358";"62114";"8358";"26";"1";"1";"7";"2";"0";"1";"1";"1";"0"
"8359";"62114";"8359";"51";"2";"1";"7";"6";"0";"2";"1";"1";"0"
"8360";"62114";"8360";"71";"1";"1";"7";"6";"0";"0";"1";"3";"0"
"8361";"62114";"8361";"71";"1";"1";"7";"6";"0";"1";"1";"1";"0"
"8362";"62114";"8362";"61";"1";"1";"7";"3";"0";"1";"1";"1";"0"
"8363";"62115";"8363";"51";"1";"1";"7";"6";"0";"1";"2";"1";"0"
"8364";"62115";"8364";"71";"1";"3";"1";"6";"0";"1";"1";"1";"0"
"8365";"62116";"8365";"23";"1";"1";"7";"5";"0";"1";"2";"1";"0"
"8366";"62116";"8366";"72";"1";"1";"7";"6";"0";"1";"1";"1";"0"
"8367";"62116";"8367";"26";"2";"1";"7";"2";"0";"1";"1";"1";"0"
"8368";"62116";"8368";"71";"3";"7";"1";"6";"0";"1";"1";"1";"0"
"8369";"62116";"8369";"52";"3";"1";"7";"0";"1";"1";"3";"2";"0"
"8370";"62126";"8370";"22";"1";"1";"7";"6";"0";"1";"1";"1";"0"
"8371";"62132";"8371";"51";"3";"1";"7";"4";"0";"1";"0";"1";"0"
"8372";"62140";"8372";"25";"1";"1";"7";"6";"0";"1";"1";"1";"0"
"8373";"62140";"8373";"27";"1";"1";"7";"0";"0";"1";"0";"1";"0"
"8374";"62141";"8374";"71";"1";"1";"7";"6";"0";"1";"1";"1";"0"
"8375";"62144";"8375";"72";"1";"1";"7";"6";"1";"0";"1";"2";"0"
"8376";"62145";"8376";"52";"3";"1";"7";"0";"0";"2";"0";"3";"0"
"8377";"62147";"8377";"71";"1";"1";"7";"6";"1";"0";"1";"2";"0"
"8378";"62153";"8378";"71";"1";"1";"7";"6";"0";"1";"1";"1";"0"
"8379";"62154";"8379";"25";"3";"1";"7";"6";"0";"2";"1";"1";"0"
"8380";"62155";"8380";"41";"1";"3";"2";"6";"0";"1";"1";"1";"0"
"8381";"62156";"8381";"72";"2";"1";"7";"6";"0";"1";"1";"1";"0"
"8382";"62156";"8382";"25";"1";"2";"2";"6";"0";"1";"0";"1";"0"
"8383";"62156";"8383";"51";"1";"1";"7";"6";"0";"1";"2";"1";"0"
"8384";"62157";"8384";"71";"1";"1";"7";"6";"1";"0";"1";"2";"0"
"8385";"62157";"8385";"72";"1";"1";"7";"6";"1";"0";"1";"2";"0"
"8386";"62157";"8386";"72";"1";"1";"7";"6";"0";"1";"1";"1";"0"
"8387";"62157";"8387";"72";"1";"1";"7";"6";"0";"1";"2";"1";"0"
"8388";"62159";"8388";"71";"1";"1";"1";"6";"0";"1";"1";"1";"0"
"8389";"62168";"8389";"51";"2";"1";"7";"6";"0";"1";"1";"1";"0"
"8390";"62170";"8390";"71";"1";"1";"7";"6";"0";"1";"1";"1";"0"
"8391";"62170";"8391";"64";"3";"1";"7";"4";"0";"1";"1";"1";"0"
"8392";"62170";"8392";"67";"1";"1";"7";"4";"0";"1";"1";"1";"0"
"8393";"62171";"8393";"71";"1";"1";"7";"6";"0";"1";"1";"1";"0"
"8394";"62171";"8394";"72";"2";"1";"7";"6";"0";"1";"1";"1";"0"
"8395";"62171";"8395";"81";"1";"1";"7";"2";"1";"0";"1";"2";"0"
"8396";"62171";"8396";"72";"1";"1";"7";"8";"2";"0";"0";"2";"0"
"8397";"62171";"8397";"51";"1";"1";"7";"6";"0";"1";"2";"1";"0"
"8398";"62171";"8398";"72";"1";"1";"7";"6";"0";"1";"1";"1";"0"
"8399";"62171";"8399";"71";"1";"1";"7";"6";"0";"1";"0";"1";"0"
"8400";"62171";"8400";"25";"1";"1";"7";"6";"0";"1";"0";"1";"0"
"8401";"62172";"8401";"64";"3";"1";"7";"4";"0";"1";"2";"1";"0"
"8402";"62172";"8402";"25";"1";"1";"7";"7";"0";"1";"1";"1";"0"
"8403";"62173";"8403";"71";"1";"1";"7";"6";"0";"1";"1";"1";"0"
"8404";"62173";"8404";"51";"1";"1";"7";"6";"0";"1";"3";"1";"0"
"8405";"62176";"8405";"71";"1";"1";"7";"6";"0";"1";"1";"1";"0"
"8406";"62176";"8406";"51";"1";"1";"7";"6";"0";"1";"1";"1";"0"
"8407";"62176";"8407";"71";"1";"1";"7";"6";"0";"1";"1";"1";"0"
"8408";"62177";"8408";"66";"1";"1";"7";"6";"0";"1";"1";"1";"0"
"8409";"62178";"8409";"72";"3";"1";"7";"6";"0";"0";"2";"3";"0"
"8410";"62178";"8410";"20";"1";"1";"7";"6";"0";"1";"3";"1";"0"
"8411";"62179";"8411";"71";"1";"1";"7";"6";"0";"1";"1";"1";"0"
"8412";"62179";"8412";"71";"1";"1";"7";"6";"1";"0";"1";"2";"0"
"8413";"62179";"8413";"25";"3";"1";"7";"7";"0";"1";"2";"1";"0"
"8414";"62185";"8414";"72";"1";"1";"7";"6";"0";"1";"1";"1";"0"
"8415";"62185";"8415";"72";"1";"1";"7";"6";"0";"1";"1";"1";"0"
"8416";"62188";"8416";"72";"1";"1";"7";"3";"0";"1";"1";"1";"0"
"8417";"62189";"8417";"71";"1";"1";"7";"6";"0";"1";"1";"1";"0"
"8418";"62192";"8418";"71";"1";"1";"7";"6";"0";"1";"1";"1";"0"
"8419";"62192";"8419";"32";"1";"3";"1";"7";"0";"1";"2";"1";"0"
"8420";"62193";"8420";"52";"1";"1";"7";"0";"0";"1";"0";"1";"0"
"8421";"62195";"8421";"81";"1";"1";"7";"6";"1";"0";"1";"2";"0"
"8422";"62196";"8422";"72";"1";"7";"7";"6";"0";"1";"1";"1";"0"
"8423";"62205";"8423";"72";"1";"1";"7";"6";"0";"1";"1";"1";"0"
"8424";"62211";"8424";"64";"1";"1";"7";"2";"0";"1";"1";"1";"0"
"8425";"62212";"8425";"71";"1";"1";"7";"6";"0";"1";"1";"1";"0"
"8426";"62212";"8426";"35";"1";"1";"7";"4";"0";"1";"1";"1";"0"
"8427";"62212";"8427";"51";"3";"1";"7";"0";"0";"2";"0";"1";"0"
"8428";"62212";"8428";"18";"1";"1";"7";"5";"0";"2";"0";"1";"0"
"8429";"62212";"8429";"72";"1";"1";"7";"6";"0";"1";"1";"1";"0"
"8430";"62212";"8430";"86";"1";"1";"7";"6";"0";"1";"1";"1";"0"
"8431";"62214";"8431";"51";"3";"1";"1";"6";"0";"1";"1";"1";"0"
"8432";"62214";"8432";"71";"1";"1";"1";"6";"0";"1";"1";"1";"0"
"8433";"62214";"8433";"72";"1";"1";"7";"6";"0";"1";"1";"1";"0"
"8434";"62214";"8434";"81";"1";"1";"7";"6";"0";"2";"2";"1";"0"
"8435";"62214";"8435";"71";"1";"1";"7";"6";"0";"1";"1";"1";"0"
"8436";"62214";"8436";"63";"1";"1";"7";"4";"0";"1";"1";"1";"0"
"8437";"62215";"8437";"51";"3";"7";"5";"7";"1";"0";"1";"2";"0"
"8438";"62215";"8438";"72";"1";"1";"1";"6";"0";"1";"1";"1";"0"
"8439";"62215";"8439";"71";"1";"3";"1";"6";"0";"1";"1";"1";"0"
"8440";"62215";"8440";"64";"1";"1";"7";"4";"1";"0";"1";"2";"0"
"8441";"62216";"8441";"71";"1";"1";"7";"6";"0";"1";"1";"1";"0"
"8442";"62216";"8442";"72";"1";"1";"7";"6";"0";"1";"1";"1";"0"
"8443";"62216";"8443";"52";"3";"3";"1";"0";"3";"1";"0";"2";"0"
"8444";"62216";"8444";"51";"1";"1";"7";"6";"0";"4";"0";"1";"0"
"8445";"62216";"8445";"52";"1";"1";"7";"0";"0";"2";"0";"1";"0"
"8446";"62216";"8446";"52";"3";"3";"1";"0";"0";"2";"0";"1";"0"
"8447";"62216";"8447";"72";"1";"1";"7";"6";"0";"1";"2";"1";"0"
"8448";"62216";"8448";"51";"1";"1";"7";"0";"0";"1";"0";"1";"0"
"8449";"62216";"8449";"51";"1";"1";"7";"0";"0";"1";"0";"1";"0"
"8450";"62216";"8450";"51";"3";"3";"1";"6";"0";"2";"2";"1";"0"
"8451";"62216";"8451";"22";"1";"1";"7";"5";"0";"1";"1";"1";"0"
"8452";"62216";"8452";"52";"3";"1";"7";"0";"0";"2";"1";"1";"0"
"8453";"62216";"8453";"52";"3";"1";"7";"0";"0";"2";"0";"1";"0"
"8454";"62216";"8454";"52";"3";"1";"7";"0";"0";"1";"1";"1";"0"
"8455";"62217";"4178";"23";"1";"1";"7";"5";"0";"1";"1";"1";"0"
"8456";"62217";"8456";"32";"1";"1";"7";"7";"0";"1";"1";"1";"0"
"8457";"62217";"8457";"51";"1";"1";"7";"4";"0";"1";"2";"1";"0"
"8458";"62217";"8458";"64";"1";"1";"7";"4";"0";"1";"1";"1";"0"
"8459";"62218";"8459";"24";"1";"1";"7";"3";"0";"1";"1";"1";"0"
"8460";"62218";"8460";"71";"3";"3";"2";"6";"0";"1";"1";"1";"0"
"8461";"62218";"8461";"64";"1";"1";"7";"6";"0";"1";"1";"1";"0"
"8462";"62218";"8462";"51";"1";"1";"7";"6";"0";"1";"1";"1";"0"
"8463";"62218";"8463";"71";"1";"1";"7";"4";"0";"1";"1";"1";"0"
"8464";"62218";"8464";"28";"3";"7";"1";"9";"0";"1";"0";"1";"0"
"8465";"62219";"8465";"71";"3";"3";"2";"6";"0";"1";"1";"1";"0"
"8466";"62219";"8466";"35";"1";"1";"7";"4";"0";"1";"1";"1";"0"
"8467";"62220";"8467";"71";"1";"1";"7";"6";"0";"1";"1";"1";"0"
"8468";"62220";"8468";"36";"1";"1";"7";"6";"1";"0";"1";"2";"0"
"8469";"62220";"8469";"73";"1";"3";"1";"4";"0";"1";"1";"1";"0"
"8470";"62220";"8470";"71";"1";"1";"7";"6";"0";"1";"1";"1";"0"
"8471";"62221";"8471";"51";"1";"1";"7";"6";"0";"2";"0";"1";"0"
"8472";"62221";"8472";"61";"3";"2";"1";"3";"0";"1";"1";"1";"0"
"8473";"62221";"8473";"81";"1";"1";"7";"6";"0";"1";"1";"1";"0"
"8474";"62221";"8474";"81";"1";"1";"7";"6";"0";"1";"1";"1";"0"
"8475";"62222";"8475";"72";"1";"1";"1";"6";"0";"1";"1";"1";"0"
"8476";"62222";"8476";"36";"1";"1";"7";"4";"0";"1";"1";"1";"0"
"8477";"62222";"8477";"81";"1";"1";"7";"6";"0";"3";"2";"1";"0"
"8478";"62222";"8478";"25";"3";"1";"7";"6";"0";"1";"1";"1";"0"
"8479";"62222";"8479";"22";"2";"1";"7";"6";"0";"1";"1";"1";"0"
"8480";"62222";"8480";"71";"1";"1";"7";"6";"0";"1";"1";"1";"0"
"8481";"62223";"8481";"26";"1";"1";"7";"2";"0";"1";"0";"1";"0"
"8482";"62223";"8482";"81";"3";"3";"1";"0";"2";"0";"0";"2";"0"
"8483";"62223";"8483";"52";"3";"1";"7";"0";"0";"4";"0";"1";"0"
"8484";"62224";"8484";"51";"3";"1";"7";"6";"0";"1";"2";"1";"0"
"8485";"62224";"8485";"35";"1";"1";"7";"4";"0";"1";"1";"1";"0"
"8486";"62224";"8486";"71";"1";"1";"7";"6";"1";"0";"1";"2";"0"
"8487";"62224";"8487";"51";"1";"1";"7";"6";"0";"2";"0";"1";"0"
"8488";"62230";"8488";"71";"1";"1";"7";"5";"0";"1";"1";"1";"0"
"8489";"62237";"8489";"74";"1";"1";"7";"6";"0";"1";"0";"1";"0"
"8490";"62240";"8490";"52";"1";"1";"7";"2";"0";"1";"1";"1";"0"
"8491";"62243";"8491";"72";"3";"1";"7";"6";"1";"0";"1";"2";"0"
"8492";"62244";"8492";"20";"1";"1";"7";"2";"0";"1";"1";"1";"0"
"8493";"62244";"8493";"72";"1";"1";"7";"6";"0";"1";"1";"1";"0"
"8494";"62246";"8494";"21";"1";"1";"2";"6";"1";"0";"1";"2";"0"
"8495";"62246";"8495";"20";"1";"1";"7";"1";"0";"1";"1";"1";"0"
"8496";"62248";"8496";"81";"3";"1";"7";"4";"0";"1";"1";"1";"0"
"8497";"62248";"8497";"71";"1";"1";"7";"6";"0";"1";"1";"1";"0"
"8498";"62248";"8498";"72";"1";"1";"7";"6";"0";"1";"1";"1";"0"
"8499";"62252";"8499";"71";"1";"1";"7";"8";"0";"1";"1";"1";"0"
"8500";"62252";"8500";"71";"1";"1";"7";"6";"0";"1";"1";"1";"0"
"8501";"62253";"8501";"51";"1";"1";"7";"6";"0";"1";"1";"1";"0"
"8502";"62253";"8502";"72";"1";"1";"7";"6";"0";"1";"1";"1";"0"
"8503";"62254";"8503";"71";"1";"1";"7";"6";"0";"1";"1";"1";"0"
"8504";"62261";"8504";"25";"3";"3";"1";"7";"0";"1";"2";"1";"0"
"8505";"62261";"8505";"72";"1";"1";"7";"6";"0";"1";"1";"1";"0"
"8506";"62263";"8506";"71";"1";"1";"7";"6";"0";"1";"1";"1";"0"
"8507";"62263";"8507";"72";"1";"1";"7";"6";"0";"1";"1";"1";"0"
"8508";"62263";"8508";"72";"5";"1";"1";"6";"0";"1";"1";"1";"0"
"8509";"62263";"8509";"72";"1";"3";"1";"6";"1";"0";"1";"2";"0"