"accident_id";"lieu_id";"date_id";"cause_id";"lum_id";"intemp_id";"etat_surface_id";"impliq_id";"nb_blesses_graves";"nb_blesses_legers";"nb_indemnes";"gravite";"nb_morts"
"8510";"62265";"8510";"71";"1";"1";"7";"6";"0";"1";"1";"1";"0"
"8511";"62267";"8511";"16";"3";"1";"7";"4";"0";"1";"2";"1";"0"
"8512";"62267";"8512";"72";"1";"1";"7";"6";"0";"1";"1";"1";"0"
"8513";"62267";"8513";"64";"1";"1";"1";"4";"0";"1";"1";"1";"0"
"8514";"62268";"8514";"72";"1";"1";"7";"6";"0";"1";"1";"1";"0"
"8515";"62275";"8515";"72";"1";"3";"1";"6";"0";"1";"1";"1";"0"
"8516";"62278";"8516";"51";"2";"1";"7";"3";"0";"1";"1";"1";"0"
"8517";"62278";"8517";"51";"1";"3";"1";"3";"0";"1";"1";"1";"0"
"8518";"62278";"8518";"51";"1";"1";"7";"6";"0";"1";"2";"1";"0"
"8519";"62279";"8519";"51";"1";"3";"2";"6";"0";"1";"3";"1";"0"
"8520";"62279";"8520";"22";"3";"1";"7";"6";"0";"1";"1";"1";"0"
"8521";"62279";"8521";"51";"1";"2";"1";"6";"0";"2";"2";"1";"0"
"8522";"62279";"8522";"26";"3";"1";"7";"2";"1";"0";"3";"2";"0"
"8523";"62279";"8523";"23";"1";"1";"7";"6";"0";"1";"1";"1";"0"
"8524";"62285";"8524";"71";"3";"1";"7";"6";"1";"0";"1";"2";"0"
"8525";"62285";"8525";"51";"1";"1";"7";"3";"0";"1";"1";"1";"0"
"8526";"62285";"8526";"21";"1";"1";"7";"4";"0";"1";"1";"1";"0"
"8527";"62285";"8527";"74";"1";"1";"7";"4";"0";"1";"1";"1";"0"
"8528";"62285";"8528";"26";"1";"1";"7";"2";"0";"1";"1";"1";"0"
"8529";"62285";"8529";"51";"1";"1";"7";"6";"1";"0";"1";"2";"0"
"8530";"62285";"8530";"36";"1";"1";"7";"4";"0";"1";"1";"1";"0"
"8531";"62286";"8531";"25";"3";"1";"7";"0";"0";"1";"0";"1";"0"
"8532";"62286";"8532";"72";"1";"1";"7";"4";"1";"0";"1";"2";"0"
"8533";"62286";"8533";"53";"1";"1";"7";"4";"0";"1";"1";"1";"0"
"8534";"62286";"8534";"72";"1";"1";"7";"4";"0";"1";"1";"1";"0"
"8535";"62286";"8535";"64";"1";"1";"7";"4";"0";"1";"1";"1";"0"
"8536";"62286";"8536";"71";"1";"3";"2";"6";"0";"1";"1";"1";"0"
"8537";"62286";"8537";"72";"1";"1";"7";"6";"0";"1";"1";"1";"0"
"8538";"62286";"8538";"73";"1";"1";"7";"4";"0";"1";"1";"1";"0"
"8539";"62286";"8539";"52";"3";"1";"7";"0";"1";"0";"0";"2";"0"
"8540";"62286";"8540";"64";"1";"1";"7";"6";"1";"0";"1";"2";"0"
"8541";"62286";"8541";"26";"3";"1";"7";"4";"0";"2";"0";"1";"0"
"8542";"62286";"8542";"74";"1";"1";"7";"4";"0";"2";"0";"1";"0"
"8543";"62286";"8543";"72";"1";"1";"7";"6";"0";"1";"1";"1";"0"
"8544";"62286";"8544";"18";"1";"1";"7";"4";"0";"2";"0";"1";"0"
"8545";"62286";"8545";"64";"1";"1";"7";"4";"0";"2";"0";"1";"0"
"8546";"62286";"8546";"74";"1";"1";"7";"6";"0";"1";"1";"1";"0"
"8547";"62287";"8547";"72";"1";"1";"7";"6";"0";"1";"1";"1";"0"
"8548";"62287";"8548";"51";"1";"1";"7";"6";"0";"1";"1";"1";"0"
"8549";"62287";"8549";"51";"1";"1";"7";"6";"0";"1";"0";"1";"0"
"8550";"62288";"8550";"21";"3";"1";"7";"6";"0";"3";"3";"1";"0"
"8551";"62288";"8551";"51";"1";"1";"7";"2";"0";"1";"3";"1";"0"
"8552";"62288";"8552";"26";"1";"1";"7";"2";"0";"1";"1";"1";"0"
"8553";"62288";"8553";"71";"1";"1";"7";"6";"0";"1";"1";"1";"0"
"8554";"62288";"8554";"71";"1";"1";"7";"6";"0";"0";"1";"3";"0"
"8555";"62288";"8555";"51";"1";"3";"1";"6";"0";"1";"1";"1";"0"
"8556";"62288";"8556";"72";"1";"1";"7";"4";"0";"2";"0";"1";"0"
"8557";"62288";"8557";"52";"3";"1";"7";"0";"0";"0";"0";"3";"0"
"8558";"62288";"8558";"67";"1";"3";"1";"6";"0";"1";"1";"1";"0"
"8559";"62288";"8559";"52";"3";"3";"1";"0";"0";"1";"1";"1";"0"
"8560";"62289";"8560";"74";"1";"1";"7";"6";"0";"1";"1";"1";"0"
"8561";"62289";"8561";"72";"1";"1";"7";"6";"0";"1";"1";"1";"0"
"8562";"62289";"8562";"26";"1";"1";"7";"2";"0";"1";"1";"1";"0"
"8563";"62290";"8563";"51";"1";"3";"2";"6";"0";"1";"2";"1";"0"
"8564";"62290";"8564";"72";"1";"1";"7";"4";"0";"1";"1";"1";"0"
"8565";"62290";"8565";"51";"1";"3";"1";"6";"0";"2";"4";"1";"0"
"8566";"62290";"8566";"72";"1";"1";"7";"9";"0";"1";"0";"1";"0"
"8567";"62291";"8567";"51";"1";"3";"2";"6";"0";"1";"2";"1";"0"
"8568";"62291";"8568";"71";"1";"1";"7";"9";"1";"0";"0";"2";"0"
"8569";"62291";"8569";"71";"1";"1";"7";"6";"0";"1";"1";"1";"0"
"8570";"62291";"8570";"51";"3";"1";"7";"0";"1";"2";"0";"2";"0"
"8571";"62291";"8571";"51";"3";"1";"7";"0";"0";"1";"0";"1";"0"
"8572";"62294";"8572";"72";"1";"1";"7";"6";"0";"1";"1";"1";"0"
"8573";"62295";"8573";"72";"1";"1";"7";"6";"0";"1";"1";"1";"0"
"8574";"62295";"8574";"71";"1";"1";"7";"6";"0";"1";"1";"1";"0"
"8575";"62299";"8575";"72";"3";"3";"1";"6";"0";"1";"2";"1";"0"
"8576";"62299";"8576";"72";"1";"1";"7";"6";"0";"1";"1";"1";"0"
"8577";"62305";"8577";"72";"1";"1";"7";"6";"1";"0";"1";"2";"0"
"8578";"62305";"8578";"72";"1";"1";"7";"6";"0";"1";"1";"1";"0"
"8579";"62306";"8579";"61";"1";"1";"1";"3";"0";"1";"1";"1";"0"
"8580";"62307";"8580";"72";"1";"1";"7";"4";"0";"1";"1";"1";"0"
"8581";"62310";"8581";"72";"1";"1";"7";"7";"0";"1";"1";"1";"0"
"8582";"62310";"8582";"72";"1";"1";"7";"6";"0";"1";"2";"1";"0"
"8583";"62310";"8583";"72";"3";"1";"7";"6";"0";"1";"1";"1";"0"
"8584";"62311";"8584";"72";"1";"1";"7";"6";"0";"1";"1";"1";"0"
"8585";"62311";"8585";"72";"2";"1";"7";"6";"0";"1";"1";"1";"0"
"8586";"62315";"8586";"72";"1";"1";"7";"6";"0";"1";"1";"1";"0"
"8587";"62317";"8587";"26";"1";"1";"7";"1";"0";"1";"1";"1";"0"
"8588";"62317";"8588";"71";"1";"1";"7";"3";"0";"1";"1";"1";"0"
"8589";"62322";"8589";"72";"1";"1";"7";"6";"0";"1";"1";"1";"0"
"8590";"62329";"8590";"72";"3";"1";"7";"6";"0";"1";"0";"1";"0"
"8591";"62330";"8591";"71";"2";"1";"7";"6";"0";"1";"1";"1";"0"
"8592";"62342";"8592";"71";"1";"1";"7";"6";"0";"1";"1";"1";"0"
"8593";"62344";"8593";"71";"3";"3";"1";"6";"0";"1";"1";"1";"0"
"8594";"62350";"8594";"64";"1";"1";"7";"4";"0";"1";"1";"1";"0"
"8595";"62350";"8595";"35";"3";"1";"1";"3";"0";"1";"0";"1";"0"
"8596";"62354";"8596";"52";"1";"1";"7";"0";"0";"0";"0";"3";"0"
"8597";"62354";"8597";"72";"1";"1";"7";"6";"0";"1";"1";"1";"0"
"8598";"62357";"8598";"22";"1";"3";"2";"4";"0";"2";"0";"1";"0"
"8599";"62357";"8599";"64";"1";"1";"7";"5";"0";"2";"1";"1";"0"
"8600";"62357";"8600";"13";"1";"1";"7";"3";"0";"1";"1";"1";"0"
"8601";"62357";"8601";"73";"1";"1";"7";"6";"0";"1";"1";"1";"0"
"8602";"62357";"8602";"41";"1";"3";"1";"6";"0";"1";"1";"1";"0"
"8603";"62357";"8603";"51";"1";"3";"1";"6";"0";"1";"2";"1";"0"
"8604";"62357";"8604";"13";"3";"1";"7";"4";"0";"1";"1";"1";"0"
"8605";"62358";"8605";"26";"1";"1";"7";"1";"0";"1";"1";"1";"0"
"8606";"62358";"8606";"26";"2";"1";"7";"1";"0";"1";"1";"1";"0"
"8607";"62358";"8607";"26";"1";"1";"7";"1";"0";"1";"1";"1";"0"
"8608";"62358";"8608";"71";"3";"1";"7";"6";"0";"1";"1";"1";"0"
"8609";"62358";"8609";"71";"1";"1";"7";"6";"0";"1";"1";"1";"0"
"8610";"62359";"8610";"71";"1";"1";"7";"6";"0";"1";"1";"1";"0"
"8611";"62359";"8611";"51";"1";"1";"7";"6";"0";"1";"1";"1";"0"
"8612";"62359";"8612";"61";"1";"1";"7";"3";"0";"1";"1";"1";"0"
"8613";"62361";"8613";"72";"1";"1";"7";"4";"0";"2";"1";"1";"0"
"8614";"62361";"8614";"72";"1";"1";"7";"6";"0";"1";"1";"1";"0"
"8615";"62361";"8615";"25";"3";"1";"7";"6";"0";"1";"1";"1";"0"
"8616";"62361";"8616";"21";"1";"1";"7";"6";"0";"1";"1";"1";"0"
"8617";"62362";"8617";"51";"1";"1";"7";"6";"0";"1";"3";"1";"0"
"8618";"62362";"8618";"71";"1";"1";"7";"6";"0";"1";"1";"1";"0"
"8619";"62362";"8619";"71";"1";"1";"7";"6";"0";"1";"1";"1";"0"
"8620";"62362";"8620";"61";"1";"1";"7";"1";"0";"1";"2";"1";"0"
"8621";"62363";"8621";"71";"1";"1";"7";"6";"0";"1";"1";"1";"0"
"8622";"62363";"8622";"72";"1";"1";"7";"6";"1";"0";"1";"2";"0"
"8623";"62363";"8623";"71";"2";"1";"7";"6";"0";"1";"1";"1";"0"
"8624";"62363";"8624";"25";"3";"1";"1";"6";"0";"3";"1";"1";"0"
"8625";"62363";"8625";"71";"1";"1";"7";"6";"0";"1";"2";"1";"0"
"8626";"62366";"8626";"72";"1";"1";"7";"6";"0";"1";"1";"1";"0"
"8627";"62366";"8627";"25";"3";"1";"7";"6";"0";"1";"0";"1";"0"
"8628";"62366";"8628";"72";"3";"1";"7";"2";"0";"2";"4";"1";"0"
"8629";"62366";"8629";"71";"1";"1";"7";"6";"0";"1";"1";"1";"0"
"8630";"62366";"8630";"72";"3";"1";"1";"6";"0";"1";"1";"1";"0"
"8631";"62366";"8631";"81";"3";"1";"7";"6";"0";"1";"1";"1";"0"
"8632";"62366";"8632";"72";"3";"3";"1";"6";"0";"1";"1";"1";"0"
"8633";"62366";"8633";"62";"1";"1";"7";"2";"0";"1";"1";"1";"0"
"8634";"62366";"8634";"36";"1";"1";"7";"3";"0";"1";"1";"1";"0"
"8635";"62366";"8635";"72";"2";"1";"7";"6";"0";"1";"1";"1";"0"
"8636";"62366";"8636";"72";"1";"1";"7";"6";"0";"1";"1";"1";"0"
"8637";"62366";"8637";"25";"1";"1";"7";"6";"0";"1";"2";"1";"0"
"8638";"62366";"8638";"71";"1";"1";"7";"6";"0";"1";"1";"1";"0"
"8639";"62367";"8639";"63";"3";"1";"7";"6";"0";"2";"0";"1";"0"
"8640";"62367";"8640";"25";"1";"1";"7";"6";"0";"1";"1";"1";"0"
"8641";"62367";"8641";"71";"3";"3";"1";"6";"0";"1";"1";"1";"0"
"8642";"62367";"8642";"72";"1";"1";"7";"6";"0";"1";"1";"1";"0"
"8643";"62367";"8643";"51";"1";"3";"1";"6";"0";"1";"2";"1";"0"
"8644";"62367";"8644";"72";"1";"1";"7";"6";"0";"1";"1";"1";"0"
"8645";"62367";"8645";"72";"1";"1";"7";"6";"0";"1";"1";"1";"0"
"8646";"62368";"8646";"72";"1";"1";"7";"6";"0";"1";"1";"1";"0"
"8647";"62368";"8647";"71";"1";"1";"7";"6";"0";"1";"1";"1";"0"
"8648";"62368";"8648";"51";"3";"1";"7";"3";"0";"1";"1";"1";"0"
"8649";"62368";"8649";"71";"3";"3";"1";"6";"1";"0";"1";"2";"0"
"8650";"62368";"8650";"72";"1";"1";"7";"6";"0";"1";"1";"1";"0"
"8651";"62368";"8651";"25";"1";"1";"7";"6";"0";"1";"0";"1";"0"
"8652";"62369";"8652";"28";"1";"1";"7";"0";"0";"1";"0";"1";"0"
"8653";"62370";"8653";"25";"3";"3";"1";"6";"0";"1";"2";"1";"0"
"8654";"62370";"8654";"25";"3";"1";"7";"7";"0";"2";"1";"1";"0"
"8655";"62370";"8655";"21";"1";"3";"2";"6";"0";"2";"0";"1";"0"
"8656";"62370";"8656";"64";"1";"1";"7";"4";"0";"1";"1";"1";"0"
"8657";"62370";"8657";"28";"1";"1";"7";"7";"0";"1";"1";"1";"0"
"8658";"62370";"8658";"72";"1";"1";"7";"6";"0";"1";"1";"1";"0"
"8659";"62372";"8659";"27";"4";"1";"7";"9";"0";"1";"1";"1";"0"
"8660";"62373";"8660";"25";"3";"3";"2";"6";"1";"0";"0";"2";"0"
"8661";"62373";"8661";"71";"1";"1";"7";"6";"0";"1";"1";"1";"0"
"8662";"62373";"8662";"51";"3";"2";"2";"3";"0";"1";"1";"1";"0"
"8663";"62373";"8663";"28";"3";"1";"7";"9";"0";"1";"0";"1";"0"
"8664";"62373";"8664";"64";"1";"1";"7";"6";"0";"1";"1";"1";"0"
"8665";"62376";"8665";"63";"1";"1";"7";"2";"0";"1";"1";"1";"0"
"8666";"62377";"8666";"26";"1";"1";"7";"2";"1";"0";"1";"2";"0"
"8667";"62377";"8667";"64";"1";"1";"7";"8";"0";"1";"1";"1";"0"
"8668";"62377";"8668";"20";"1";"1";"1";"6";"0";"1";"2";"1";"0"
"8669";"62377";"8669";"62";"1";"1";"7";"8";"0";"1";"3";"1";"0"
"8670";"62377";"8670";"67";"1";"3";"1";"4";"0";"1";"1";"1";"0"
"8671";"62377";"8671";"22";"3";"1";"7";"3";"0";"1";"1";"1";"0"
"8672";"62378";"8672";"71";"1";"1";"7";"6";"0";"1";"1";"1";"0"
"8673";"62378";"8673";"26";"2";"1";"7";"2";"0";"1";"1";"1";"0"
"8674";"62383";"8674";"21";"1";"1";"7";"6";"0";"1";"1";"1";"0"
"8675";"62385";"8675";"72";"1";"1";"7";"4";"0";"2";"0";"1";"0"
"8676";"62385";"8676";"72";"1";"1";"7";"6";"1";"0";"1";"2";"0"
"8677";"62386";"8677";"71";"1";"1";"7";"6";"0";"1";"1";"1";"0"
"8678";"62388";"8678";"72";"1";"1";"7";"6";"0";"1";"1";"1";"0"
"8679";"62388";"8679";"99";"1";"1";"7";"2";"0";"1";"0";"1";"0"
"8680";"62388";"8680";"41";"1";"1";"7";"6";"0";"1";"1";"1";"0"
"8681";"62391";"8681";"67";"2";"1";"7";"4";"0";"1";"1";"1";"0"
"8682";"62391";"8682";"71";"1";"1";"7";"8";"0";"1";"1";"1";"0"
"8683";"62404";"8683";"22";"1";"1";"7";"6";"0";"1";"1";"1";"0"
"8684";"62416";"8684";"51";"3";"1";"7";"0";"0";"2";"0";"1";"0"
"8685";"62418";"8685";"36";"1";"1";"7";"4";"0";"0";"1";"0";"0"
"8686";"62420";"8686";"74";"1";"1";"7";"6";"0";"1";"1";"1";"0"
"8687";"62422";"8687";"72";"1";"1";"7";"6";"0";"1";"1";"1";"0"
"8688";"62422";"2599";"64";"1";"1";"7";"6";"1";"0";"1";"2";"0"
"8689";"62422";"8689";"72";"2";"1";"7";"6";"0";"3";"3";"1";"0"
"8690";"62422";"8690";"51";"1";"1";"7";"6";"0";"1";"1";"1";"0"
"8691";"62426";"8691";"71";"1";"1";"7";"6";"0";"1";"1";"1";"0"
"8692";"62432";"8692";"72";"1";"1";"7";"6";"0";"1";"1";"1";"0"
"8693";"62432";"8693";"72";"1";"1";"7";"6";"0";"1";"1";"1";"0"
"8694";"62437";"8694";"71";"1";"1";"7";"6";"0";"1";"1";"1";"0"
"8695";"62447";"8695";"72";"1";"1";"7";"6";"0";"1";"1";"1";"0"
"8696";"62448";"8696";"72";"1";"1";"7";"6";"0";"1";"1";"1";"0"
"8697";"62449";"8697";"25";"1";"1";"7";"6";"0";"1";"3";"1";"0"
"8698";"62449";"8698";"64";"1";"1";"7";"9";"0";"1";"0";"1";"0"
"8699";"62449";"8699";"20";"1";"1";"7";"1";"0";"1";"0";"1";"0"
"8700";"62452";"8700";"81";"1";"1";"7";"6";"0";"1";"2";"1";"0"
"8701";"62453";"8701";"51";"1";"1";"7";"6";"0";"2";"0";"1";"0"
"8702";"62453";"8702";"25";"3";"1";"1";"6";"0";"1";"2";"1";"0"
"8703";"62453";"8703";"71";"1";"1";"7";"6";"0";"1";"1";"1";"0"
"8704";"62453";"8704";"51";"1";"1";"7";"6";"0";"1";"0";"1";"0"
"8705";"62453";"8705";"52";"1";"3";"1";"0";"2";"1";"0";"3";"0"
"8706";"62454";"8706";"67";"1";"1";"7";"4";"0";"1";"1";"1";"0"
"8707";"62455";"8707";"51";"1";"1";"7";"6";"0";"1";"1";"1";"0"
"8708";"62455";"8708";"51";"1";"1";"7";"6";"0";"2";"0";"1";"0"
"8709";"62456";"8709";"72";"1";"1";"7";"6";"0";"1";"1";"1";"0"
"8710";"62456";"8710";"52";"1";"1";"7";"0";"0";"4";"0";"1";"0"
"8711";"62456";"8711";"64";"1";"1";"7";"4";"0";"1";"1";"1";"0"
"8712";"62457";"8712";"23";"1";"1";"7";"4";"0";"2";"0";"1";"0"
"8713";"62461";"8713";"71";"1";"1";"7";"6";"0";"1";"1";"1";"0"
"8714";"62463";"8714";"72";"1";"1";"7";"6";"0";"1";"0";"1";"0"
"8715";"62463";"8715";"52";"1";"1";"7";"7";"0";"1";"1";"1";"0"
"8716";"62464";"8716";"72";"1";"1";"7";"6";"0";"1";"1";"1";"0"
"8717";"62464";"8717";"21";"3";"1";"7";"6";"0";"2";"4";"1";"0"
"8718";"62466";"8718";"21";"1";"1";"7";"6";"0";"1";"1";"1";"0"
"8719";"62466";"8719";"61";"1";"1";"7";"3";"0";"1";"1";"1";"0"
"8720";"62468";"8720";"26";"1";"1";"7";"2";"0";"1";"1";"1";"0"
"8721";"62468";"8721";"23";"1";"1";"1";"7";"0";"1";"2";"1";"0"
"8722";"62468";"8722";"25";"1";"1";"7";"7";"0";"2";"0";"1";"0"
"8723";"62469";"8723";"72";"1";"1";"7";"6";"0";"1";"1";"1";"0"
"8724";"62469";"8724";"64";"1";"1";"7";"6";"0";"1";"1";"1";"0"
"8725";"62472";"8725";"23";"1";"1";"7";"4";"0";"1";"1";"1";"0"
"8726";"62472";"8726";"51";"1";"1";"7";"6";"0";"2";"1";"1";"0"
"8727";"62475";"8727";"71";"1";"1";"7";"6";"0";"3";"1";"1";"0"
"8728";"62475";"8728";"71";"1";"1";"7";"6";"0";"1";"1";"1";"0"
"8729";"62477";"8729";"32";"3";"1";"7";"4";"0";"1";"2";"1";"0"
"8730";"62479";"8730";"52";"1";"1";"7";"6";"0";"1";"1";"1";"0"
"8731";"62484";"8731";"72";"1";"1";"7";"4";"1";"0";"1";"2";"0"
"8732";"62493";"8732";"63";"1";"1";"7";"3";"0";"1";"0";"1";"0"
"8733";"62493";"8733";"51";"1";"1";"7";"6";"0";"1";"1";"1";"0"
"8734";"62495";"8734";"52";"1";"4";"3";"0";"0";"1";"0";"1";"0"
"8735";"62496";"8735";"23";"3";"1";"7";"6";"0";"1";"1";"1";"0"
"8736";"62496";"8736";"18";"1";"1";"7";"6";"0";"1";"2";"1";"0"
"8737";"62496";"8737";"52";"3";"3";"1";"6";"0";"2";"0";"1";"0"
"8738";"62497";"8738";"52";"1";"3";"1";"0";"2";"1";"2";"2";"0"
"8739";"62497";"8739";"51";"3";"1";"7";"6";"0";"2";"0";"1";"0"
"8740";"62497";"8740";"18";"1";"1";"7";"6";"0";"1";"1";"1";"0"
"8741";"62498";"8741";"72";"1";"1";"7";"6";"0";"1";"1";"1";"0"
"8742";"62498";"8742";"72";"1";"1";"7";"6";"0";"1";"1";"1";"0"
"8743";"62505";"8743";"99";"3";"1";"7";"4";"0";"1";"1";"1";"0"
"8744";"62505";"8744";"72";"1";"1";"7";"6";"0";"1";"1";"1";"0"
"8745";"62505";"8745";"72";"1";"1";"7";"6";"0";"1";"1";"1";"0"
"8746";"62513";"8746";"64";"1";"1";"7";"6";"0";"1";"1";"1";"0"
"8747";"62513";"8747";"72";"1";"1";"7";"6";"0";"1";"1";"1";"0"
"8748";"62518";"8748";"51";"1";"1";"7";"1";"1";"0";"1";"2";"0"
"8749";"62519";"8749";"72";"1";"1";"7";"4";"0";"2";"1";"1";"0"
"8750";"62519";"8750";"72";"1";"1";"7";"6";"0";"1";"1";"1";"0"
"8751";"62519";"8751";"72";"1";"1";"7";"6";"0";"1";"1";"1";"0"
"8752";"62530";"8752";"41";"1";"1";"7";"3";"0";"1";"1";"1";"0"
"8753";"62532";"8753";"72";"1";"1";"7";"6";"0";"1";"1";"1";"0"
"8754";"62533";"8754";"52";"1";"1";"7";"6";"0";"2";"1";"1";"0"
"8755";"62536";"8755";"72";"1";"1";"7";"6";"0";"1";"1";"1";"0"
"8756";"62539";"8756";"71";"1";"3";"1";"6";"0";"1";"1";"1";"0"
"8757";"62544";"8757";"51";"1";"1";"1";"6";"0";"1";"2";"1";"0"
"8758";"62544";"8758";"72";"3";"3";"1";"6";"0";"1";"0";"1";"0"
"8759";"62545";"8759";"25";"1";"1";"1";"6";"0";"1";"1";"1";"0"
"8760";"62545";"8760";"71";"1";"1";"7";"6";"0";"1";"2";"1";"0"
"8761";"62546";"8761";"52";"3";"1";"7";"6";"0";"3";"0";"1";"0"
"8762";"62546";"8762";"71";"1";"1";"7";"6";"0";"1";"1";"1";"0"
"8763";"62547";"8763";"72";"1";"1";"7";"6";"0";"1";"1";"1";"0"
"8764";"62551";"8764";"72";"1";"1";"7";"6";"0";"1";"1";"1";"0"
"8765";"62554";"8765";"26";"3";"1";"7";"2";"0";"1";"1";"1";"0"
"8766";"62555";"8766";"65";"1";"1";"7";"6";"1";"0";"0";"2";"0"
"8767";"62555";"8767";"51";"1";"1";"7";"2";"0";"1";"1";"1";"0"
"8768";"62557";"8768";"71";"1";"1";"7";"6";"0";"1";"1";"1";"0"
"8769";"62567";"8769";"72";"1";"1";"7";"6";"0";"1";"1";"1";"0"
"8770";"62567";"8770";"72";"3";"1";"7";"6";"0";"1";"1";"1";"0"
"8771";"62571";"8771";"72";"1";"1";"7";"6";"0";"1";"1";"1";"0"
"8772";"62572";"8772";"52";"1";"1";"7";"0";"1";"0";"0";"2";"0"
"8773";"62572";"8773";"82";"1";"1";"7";"0";"0";"3";"0";"3";"1"
"8774";"62573";"8774";"63";"1";"1";"7";"5";"0";"1";"1";"1";"0"
"8775";"62573";"8775";"20";"3";"1";"7";"6";"0";"1";"1";"1";"0"
"8776";"62583";"8776";"36";"3";"1";"1";"3";"0";"1";"1";"1";"0"
"8777";"62584";"8777";"64";"1";"1";"1";"4";"0";"1";"1";"1";"0"
"8778";"62585";"8778";"25";"1";"1";"7";"6";"0";"2";"1";"1";"0"
"8779";"62588";"8779";"81";"1";"1";"7";"0";"0";"1";"1";"1";"0"
"8780";"62591";"8780";"72";"1";"1";"7";"6";"0";"1";"1";"1";"0"
"8781";"62591";"8781";"72";"1";"1";"7";"6";"0";"1";"1";"1";"0"
"8782";"62591";"8782";"51";"1";"1";"7";"1";"0";"0";"2";"0";"0"
"8783";"62592";"8783";"71";"1";"1";"7";"6";"0";"1";"1";"1";"0"
"8784";"62596";"8784";"72";"1";"1";"7";"6";"0";"0";"1";"3";"0"
"8785";"62600";"8785";"21";"1";"1";"7";"6";"0";"1";"2";"1";"0"
"8786";"62600";"8786";"72";"1";"1";"7";"6";"0";"1";"1";"1";"0"
"8787";"62603";"8787";"72";"1";"1";"7";"6";"1";"0";"1";"2";"0"
"8788";"62603";"2103";"81";"3";"1";"7";"0";"0";"1";"0";"1";"0"
"8789";"62603";"8789";"71";"1";"1";"7";"6";"0";"1";"2";"1";"0"
"8790";"62603";"8790";"71";"1";"3";"1";"6";"0";"1";"1";"1";"0"
"8791";"62603";"8791";"81";"3";"1";"7";"6";"0";"1";"1";"1";"0"
"8792";"62603";"8792";"51";"3";"3";"1";"6";"0";"2";"4";"1";"0"
"8793";"62603";"8793";"26";"1";"1";"7";"4";"0";"1";"1";"1";"0"
"8794";"62603";"8794";"72";"3";"1";"7";"6";"0";"1";"1";"1";"0"
"8795";"62603";"8795";"23";"3";"3";"1";"4";"1";"0";"1";"2";"0"
"8796";"62605";"8796";"72";"3";"4";"4";"6";"0";"1";"1";"1";"0"
"8797";"62605";"8797";"64";"1";"1";"7";"6";"0";"1";"1";"1";"0"
"8798";"62605";"8798";"25";"3";"3";"2";"6";"0";"1";"1";"1";"0"
"8799";"62605";"8799";"72";"1";"1";"7";"6";"0";"1";"1";"1";"0"
"8800";"62605";"8800";"64";"3";"1";"7";"6";"0";"1";"2";"1";"0"
"8801";"62605";"8801";"61";"1";"1";"7";"3";"1";"0";"1";"2";"0"
"8802";"62606";"8802";"25";"3";"1";"7";"0";"0";"1";"0";"1";"0"
"8803";"62606";"8803";"72";"3";"1";"7";"6";"1";"0";"1";"2";"0"
"8804";"62606";"8804";"51";"3";"1";"7";"0";"0";"1";"0";"1";"0"
"8805";"62606";"8805";"71";"1";"3";"2";"6";"0";"1";"1";"1";"0"
"8806";"62606";"8806";"61";"1";"1";"7";"3";"0";"1";"1";"1";"0"
"8807";"62606";"8807";"32";"1";"1";"7";"7";"0";"1";"1";"1";"0"
"8808";"62606";"8808";"72";"1";"1";"7";"6";"0";"1";"1";"1";"0"
"8809";"62606";"8809";"25";"5";"1";"7";"6";"0";"1";"0";"1";"0"
"8810";"62607";"8810";"72";"1";"1";"7";"6";"0";"1";"1";"1";"0"
"8811";"62607";"8811";"71";"3";"1";"7";"6";"0";"1";"1";"1";"0"
"8812";"62607";"8812";"71";"1";"1";"7";"6";"0";"1";"1";"1";"0"
"8813";"62607";"8813";"71";"1";"1";"7";"6";"1";"0";"1";"2";"0"
"8814";"62609";"8814";"72";"1";"1";"7";"6";"0";"1";"1";"1";"0"
"8815";"62609";"8815";"52";"1";"1";"7";"0";"0";"0";"0";"3";"0"
"8816";"62609";"8816";"52";"1";"1";"7";"0";"0";"2";"0";"1";"0"
"8817";"62609";"8817";"51";"3";"3";"1";"3";"0";"1";"1";"1";"0"
"8818";"62609";"8818";"72";"1";"1";"7";"4";"0";"2";"0";"1";"0"
"8819";"62610";"8819";"71";"1";"1";"7";"6";"0";"1";"1";"1";"0"
"8820";"62610";"8820";"26";"1";"1";"7";"1";"0";"1";"2";"1";"0"
"8821";"62610";"8821";"71";"1";"1";"7";"6";"1";"0";"1";"2";"0"
"8822";"62610";"8822";"71";"1";"1";"7";"6";"1";"0";"1";"2";"0"
"8823";"62610";"8823";"52";"1";"1";"7";"0";"0";"1";"0";"3";"0"
"8824";"62610";"8824";"63";"1";"1";"7";"6";"0";"1";"1";"1";"0"
"8825";"62610";"8825";"52";"3";"1";"7";"0";"1";"0";"0";"3";"0"
"8826";"62611";"8826";"35";"1";"1";"7";"4";"0";"1";"1";"1";"0"
"8827";"62611";"8827";"81";"3";"1";"1";"6";"0";"1";"1";"1";"0"
"8828";"62612";"8828";"72";"1";"1";"7";"4";"0";"1";"1";"1";"0"
"8829";"62612";"8829";"23";"3";"1";"1";"6";"0";"1";"2";"1";"0"
"8830";"62612";"8830";"81";"3";"1";"1";"6";"0";"1";"2";"1";"0"
"8831";"62612";"8831";"20";"1";"1";"7";"6";"0";"1";"1";"1";"0"
"8832";"62635";"8832";"21";"1";"3";"2";"7";"0";"1";"1";"1";"0"
"8833";"62636";"8833";"72";"1";"1";"7";"6";"0";"1";"1";"1";"0"
"8834";"62636";"8834";"71";"1";"1";"7";"6";"0";"1";"1";"1";"0"
"8835";"62636";"8835";"71";"1";"1";"7";"6";"0";"1";"1";"1";"0"
"8836";"62636";"8836";"71";"1";"1";"7";"6";"0";"1";"1";"1";"0"
"8837";"62636";"8837";"71";"3";"6";"1";"6";"0";"1";"2";"1";"0"
"8838";"62636";"8838";"71";"1";"1";"7";"6";"0";"1";"1";"1";"0"
"8839";"62637";"8839";"26";"3";"1";"7";"2";"0";"1";"1";"1";"0"
"8840";"62637";"8840";"71";"1";"1";"7";"6";"0";"1";"1";"1";"0"
"8841";"62637";"8841";"71";"3";"1";"7";"6";"0";"2";"1";"1";"0"
"8842";"62638";"8842";"51";"2";"1";"7";"4";"0";"1";"1";"1";"0"
"8843";"62638";"8843";"64";"1";"1";"7";"3";"0";"1";"1";"1";"0"
"8844";"62638";"8844";"72";"1";"1";"7";"6";"0";"2";"0";"1";"0"