"accident_id";"lieu_id";"date_id";"cause_id";"lum_id";"intemp_id";"etat_surface_id";"impliq_id";"nb_blesses_graves";"nb_blesses_legers";"nb_indemnes";"gravite";"nb_morts"
"9514";"68957";"9514";"72";"3";"3";"2";"6";"1";"0";"1";"2";"0"
"9515";"68957";"9515";"81";"1";"1";"7";"0";"0";"1";"0";"1";"0"
"9516";"68957";"9516";"53";"1";"1";"7";"2";"0";"1";"1";"1";"0"
"9517";"68957";"9517";"36";"1";"1";"7";"6";"1";"0";"1";"2";"0"
"9518";"68957";"9518";"51";"1";"1";"7";"7";"0";"1";"1";"1";"0"
"9519";"68966";"9519";"52";"1";"2";"2";"0";"1";"0";"0";"2";"0"
"9520";"68966";"9520";"81";"3";"1";"7";"6";"0";"1";"1";"1";"0"
"9521";"68967";"9521";"21";"5";"1";"7";"6";"0";"1";"1";"1";"0"
"9522";"68967";"9522";"52";"1";"1";"7";"7";"1";"0";"2";"2";"0"
"9523";"68967";"9523";"63";"1";"1";"7";"6";"0";"2";"0";"1";"0"
"9524";"68967";"9524";"81";"3";"1";"4";"6";"0";"2";"0";"1";"0"
"9525";"68974";"9525";"51";"1";"1";"7";"4";"0";"1";"1";"1";"0"
"9526";"68990";"9526";"13";"1";"1";"7";"6";"1";"0";"1";"2";"0"
"9527";"68991";"9527";"81";"3";"1";"7";"2";"0";"1";"1";"1";"0"
"9528";"68999";"9528";"52";"5";"1";"7";"6";"2";"0";"3";"2";"0"
"9529";"68999";"9529";"51";"5";"1";"7";"6";"1";"0";"1";"3";"0"
"9530";"68999";"9530";"21";"5";"3";"2";"6";"0";"5";"1";"1";"0"
"9531";"69000";"9531";"52";"5";"1";"4";"0";"0";"1";"0";"1";"0"
"9532";"69001";"9532";"51";"1";"3";"2";"6";"0";"1";"1";"1";"0"
"9533";"69009";"9533";"21";"5";"1";"7";"6";"1";"1";"0";"2";"0"
"9534";"69013";"9534";"52";"5";"4";"4";"6";"0";"1";"3";"1";"0"
"9535";"69013";"9535";"21";"1";"3";"2";"6";"0";"2";"0";"1";"0"
"9536";"69013";"9536";"52";"5";"1";"7";"0";"0";"0";"0";"3";"0"
"9537";"69014";"9537";"52";"2";"1";"7";"0";"0";"1";"0";"1";"0"
"9538";"69015";"9538";"53";"3";"1";"7";"6";"1";"0";"0";"3";"0"
"9539";"69018";"9539";"52";"1";"1";"7";"0";"0";"0";"0";"3";"0"
"9540";"69019";"9540";"82";"1";"6";"7";"4";"1";"1";"0";"2";"0"
"9541";"69019";"9541";"36";"1";"1";"7";"6";"0";"2";"0";"1";"0"
"9542";"69026";"9542";"27";"1";"1";"7";"6";"2";"0";"0";"2";"0"
"9543";"69026";"9543";"64";"1";"1";"7";"6";"0";"1";"1";"1";"0"
"9544";"69484";"9544";"63";"1";"1";"7";"6";"1";"0";"1";"2";"0"
"9545";"69484";"9545";"52";"1";"1";"7";"0";"0";"1";"0";"1";"0"
"9546";"69484";"9546";"52";"5";"1";"7";"0";"0";"2";"3";"1";"0"
"9547";"69485";"9547";"52";"3";"1";"7";"6";"1";"1";"0";"2";"0"
"9548";"69486";"9548";"51";"1";"1";"7";"3";"0";"1";"1";"1";"0"
"9549";"69486";"9549";"21";"2";"7";"7";"6";"1";"0";"1";"2";"0"
"9550";"69504";"9550";"52";"5";"1";"7";"0";"0";"0";"1";"3";"0"
"9551";"69510";"9551";"72";"1";"1";"7";"6";"1";"1";"1";"2";"0"
"9552";"69510";"9552";"72";"1";"3";"2";"9";"0";"1";"0";"3";"0"
"9553";"69510";"9553";"12";"1";"1";"7";"9";"1";"0";"1";"2";"0"
"9554";"69517";"9554";"21";"1";"1";"7";"3";"0";"1";"1";"1";"0"
"9555";"69536";"9555";"22";"1";"3";"2";"6";"0";"6";"0";"1";"0"
"9556";"69550";"9556";"72";"1";"1";"7";"6";"1";"0";"1";"2";"0"
"9557";"69551";"9557";"25";"1";"6";"1";"6";"0";"1";"1";"1";"0"
"9558";"69552";"9558";"81";"3";"1";"7";"4";"1";"0";"1";"2";"0"
"9559";"69552";"9559";"24";"1";"1";"7";"6";"0";"1";"3";"1";"0"
"9560";"69574";"9560";"25";"1";"2";"2";"6";"0";"1";"1";"1";"0"
"9561";"69580";"9561";"52";"1";"1";"7";"0";"0";"1";"3";"1";"0"
"9562";"69594";"9562";"21";"2";"1";"7";"6";"0";"1";"1";"1";"0"
"9563";"69594";"9563";"52";"2";"3";"1";"6";"0";"3";"0";"1";"0"
"9564";"69596";"9564";"52";"1";"1";"7";"0";"0";"1";"1";"1";"0"
"9565";"69596";"9565";"72";"2";"1";"7";"6";"0";"1";"1";"1";"0"
"9566";"69597";"9566";"26";"2";"1";"7";"1";"0";"1";"1";"1";"0"
"9567";"69597";"9567";"26";"1";"1";"7";"2";"1";"0";"0";"2";"0"
"9568";"69597";"9568";"52";"3";"1";"7";"6";"0";"2";"0";"1";"0"
"9569";"69597";"9569";"52";"1";"3";"2";"0";"1";"0";"0";"2";"0"
"9570";"69597";"9570";"63";"3";"3";"2";"4";"0";"1";"1";"1";"0"
"9571";"69601";"9571";"36";"1";"1";"7";"6";"1";"0";"1";"2";"0"
"9572";"69606";"9572";"82";"1";"1";"7";"6";"0";"1";"1";"1";"0"
"9573";"69607";"9573";"72";"1";"1";"7";"1";"1";"1";"1";"2";"0"
"9574";"69607";"9574";"51";"1";"1";"7";"6";"0";"1";"1";"1";"0"
"9575";"69607";"9575";"67";"3";"1";"7";"5";"0";"1";"1";"1";"0"
"9576";"69608";"9576";"21";"1";"1";"7";"6";"0";"1";"1";"1";"0"
"9577";"69667";"9577";"72";"1";"1";"7";"6";"0";"1";"1";"1";"0"
"9578";"69687";"9578";"81";"3";"1";"7";"6";"2";"0";"0";"2";"0"
"9579";"69687";"9579";"67";"2";"3";"1";"3";"0";"1";"1";"1";"0"
"9580";"69693";"9580";"22";"1";"3";"2";"6";"1";"0";"1";"2";"0"
"9581";"69693";"9581";"71";"5";"1";"2";"6";"1";"0";"1";"2";"0"
"9582";"69693";"9582";"81";"3";"1";"7";"6";"0";"4";"0";"1";"0"
"9583";"69693";"9583";"23";"1";"1";"7";"7";"0";"2";"1";"1";"0"
"9584";"69708";"9584";"51";"1";"1";"7";"0";"0";"1";"0";"1";"0"
"9585";"69712";"9585";"28";"5";"1";"7";"0";"0";"1";"0";"1";"0"
"9586";"69713";"9586";"23";"1";"1";"7";"5";"0";"1";"1";"1";"0"
"9587";"69715";"9587";"52";"3";"3";"1";"0";"0";"1";"0";"1";"0"
"9588";"69715";"9588";"67";"3";"6";"1";"6";"0";"2";"2";"1";"0"
"9589";"69715";"9589";"22";"1";"1";"7";"6";"0";"1";"1";"1";"0"
"9590";"69719";"9590";"21";"1";"1";"7";"6";"0";"1";"2";"1";"0"
"9591";"69719";"9591";"52";"3";"1";"7";"6";"0";"2";"1";"1";"0"
"9592";"69721";"9592";"99";"5";"1";"7";"6";"0";"4";"0";"1";"0"
"9593";"69725";"9593";"42";"1";"1";"7";"5";"1";"0";"0";"2";"0"
"9594";"69725";"9594";"52";"1";"1";"7";"0";"0";"1";"0";"1";"0"
"9595";"69726";"9595";"52";"1";"4";"4";"7";"1";"0";"1";"2";"0"
"9596";"69731";"9596";"52";"1";"1";"7";"0";"0";"1";"0";"1";"0"
"9597";"69731";"9597";"14";"3";"1";"7";"6";"0";"1";"1";"1";"0"
"9598";"69746";"9598";"52";"3";"1";"7";"7";"1";"0";"1";"2";"0"
"9599";"70297";"9599";"75";"5";"3";"2";"6";"0";"1";"1";"1";"0"
"9600";"70302";"9600";"51";"1";"1";"7";"4";"0";"2";"0";"1";"0"
"9601";"70309";"9601";"52";"2";"1";"7";"6";"1";"0";"1";"2";"0"
"9602";"70313";"9602";"51";"1";"1";"7";"2";"0";"1";"2";"1";"0"
"9603";"70317";"9603";"64";"1";"1";"7";"5";"1";"1";"0";"2";"0"
"9604";"70347";"9604";"22";"3";"1";"7";"6";"1";"0";"1";"2";"0"
"9605";"70351";"9605";"71";"1";"1";"7";"6";"0";"1";"1";"1";"0"
"9606";"70351";"9606";"71";"1";"3";"1";"6";"1";"0";"1";"2";"0"
"9607";"70352";"9607";"71";"1";"1";"7";"6";"0";"1";"0";"1";"0"
"9608";"70356";"9608";"36";"1";"1";"7";"6";"1";"0";"1";"2";"0"
"9609";"70367";"9609";"52";"1";"1";"7";"0";"2";"0";"0";"2";"0"
"9610";"70367";"9610";"21";"1";"1";"7";"2";"0";"1";"0";"1";"0"
"9611";"70424";"9611";"72";"1";"1";"7";"6";"1";"0";"1";"2";"0"
"9612";"70455";"9612";"51";"5";"1";"7";"3";"1";"0";"1";"2";"0"
"9613";"70455";"9613";"52";"1";"1";"7";"0";"1";"0";"0";"2";"0"
"9614";"70455";"9614";"51";"5";"1";"7";"4";"0";"1";"1";"1";"0"
"9615";"70460";"9615";"64";"1";"1";"7";"6";"1";"1";"0";"2";"0"
"9616";"70473";"9616";"21";"1";"1";"7";"6";"0";"1";"1";"1";"0"
"9617";"70481";"9617";"72";"1";"1";"7";"9";"0";"1";"1";"3";"0"
"9618";"70484";"9618";"41";"4";"1";"7";"6";"0";"0";"2";"0";"0"
"9619";"71071";"9619";"72";"1";"1";"7";"6";"0";"1";"1";"1";"0"
"9620";"71080";"9620";"23";"1";"1";"7";"5";"0";"2";"1";"1";"0"
"9621";"71086";"9621";"71";"1";"1";"7";"6";"0";"1";"1";"1";"0"
"9622";"71086";"9622";"23";"1";"1";"7";"4";"0";"1";"1";"1";"0"
"9623";"71086";"9623";"25";"3";"1";"7";"6";"1";"0";"0";"2";"0"
"9624";"71086";"9624";"26";"1";"1";"7";"2";"1";"0";"1";"2";"0"
"9625";"71086";"9625";"67";"1";"1";"7";"4";"0";"1";"1";"1";"0"
"9626";"71088";"9626";"71";"3";"1";"7";"6";"0";"0";"1";"3";"0"
"9627";"71088";"9627";"52";"1";"1";"7";"6";"0";"3";"0";"1";"0"
"9628";"71088";"9628";"25";"3";"1";"7";"6";"0";"1";"0";"1";"0"
"9629";"71091";"9629";"51";"3";"4";"3";"6";"0";"5";"2";"1";"0"
"9630";"71095";"9630";"52";"3";"1";"7";"0";"2";"0";"0";"2";"0"
"9631";"71096";"9631";"64";"1";"1";"7";"2";"0";"1";"1";"1";"0"
"9632";"71097";"9632";"21";"2";"1";"7";"4";"0";"1";"1";"1";"0"
"9633";"71123";"9633";"18";"1";"1";"7";"6";"0";"1";"1";"1";"0"
"9634";"71124";"9634";"21";"1";"1";"7";"6";"0";"1";"1";"1";"0"
"9635";"71145";"9635";"51";"3";"3";"2";"0";"0";"1";"0";"1";"0"
"9636";"71145";"9636";"71";"3";"1";"7";"6";"0";"1";"1";"1";"0"
"9637";"71145";"9637";"52";"3";"1";"7";"7";"0";"1";"1";"1";"0"
"9638";"71145";"9638";"52";"3";"1";"7";"6";"0";"1";"0";"1";"0"
"9639";"71145";"9639";"72";"1";"1";"7";"6";"0";"1";"2";"1";"0"
"9640";"71145";"9640";"25";"1";"1";"7";"7";"0";"1";"3";"1";"0"
"9641";"71147";"9641";"52";"3";"1";"7";"6";"0";"1";"0";"1";"0"
"9642";"71150";"9642";"64";"1";"1";"7";"6";"0";"1";"1";"1";"0"
"9643";"71151";"9643";"26";"3";"1";"7";"2";"0";"1";"1";"1";"0"
"9644";"71151";"9644";"71";"1";"1";"7";"6";"0";"1";"1";"1";"0"
"9645";"71151";"9645";"71";"3";"1";"1";"6";"0";"1";"1";"1";"0"
"9646";"71151";"9646";"26";"1";"1";"7";"1";"0";"1";"1";"1";"0"
"9647";"71153";"9647";"52";"1";"1";"4";"0";"0";"1";"0";"1";"0"
"9648";"71153";"9648";"72";"1";"1";"7";"6";"0";"1";"1";"1";"0"
"9649";"71167";"9649";"67";"1";"1";"7";"6";"0";"1";"1";"1";"0"
"9650";"71218";"9650";"16";"1";"1";"7";"6";"0";"1";"1";"1";"0"
"9651";"71225";"9651";"51";"1";"1";"4";"9";"0";"1";"0";"1";"0"
"9652";"71225";"9652";"41";"1";"3";"1";"6";"0";"2";"0";"1";"0"
"9653";"71225";"9653";"52";"1";"2";"1";"6";"0";"1";"0";"1";"0"
"9654";"71240";"9654";"81";"3";"1";"7";"6";"0";"1";"0";"1";"0"
"9655";"71240";"9655";"52";"3";"6";"1";"0";"0";"1";"0";"1";"0"
"9656";"71241";"9656";"52";"3";"7";"2";"6";"0";"2";"0";"1";"0"
"9657";"71241";"9657";"81";"3";"1";"7";"0";"2";"0";"1";"2";"0"
"9658";"71241";"9658";"52";"2";"1";"7";"0";"0";"1";"0";"1";"0"
"9659";"71251";"9659";"25";"1";"1";"7";"6";"0";"1";"0";"1";"0"
"9660";"71251";"9660";"21";"3";"1";"7";"4";"1";"0";"1";"2";"0"
"9661";"71251";"9661";"72";"1";"1";"7";"6";"0";"1";"1";"1";"0"
"9662";"71252";"9662";"52";"3";"4";"3";"0";"1";"0";"0";"2";"0"
"9663";"71822";"9663";"64";"1";"1";"1";"6";"0";"1";"1";"1";"0"
"9664";"71823";"9664";"72";"1";"7";"7";"6";"0";"1";"1";"1";"0"
"9665";"71823";"9665";"63";"3";"1";"1";"4";"0";"1";"1";"1";"0"
"9666";"71825";"9666";"72";"1";"1";"7";"6";"0";"1";"1";"1";"0"
"9667";"71825";"9667";"51";"1";"1";"7";"6";"1";"0";"1";"2";"0"
"9668";"71825";"9668";"64";"1";"3";"1";"2";"0";"1";"1";"1";"0"
"9669";"71826";"9669";"71";"1";"3";"2";"6";"1";"0";"1";"2";"0"
"9670";"71828";"9670";"81";"3";"6";"1";"6";"0";"3";"0";"1";"0"
"9671";"71829";"9671";"25";"3";"1";"7";"0";"0";"1";"0";"1";"0"
"9672";"71829";"9672";"52";"3";"1";"7";"0";"0";"1";"0";"1";"0"
"9673";"71830";"9673";"52";"1";"1";"7";"6";"0";"2";"0";"1";"0"
"9674";"71830";"1964";"81";"1";"3";"1";"6";"0";"2";"1";"1";"0"
"9675";"71831";"5931";"21";"2";"1";"7";"6";"0";"2";"0";"1";"0"
"9676";"71833";"9676";"67";"1";"1";"7";"4";"0";"1";"1";"1";"0"
"9677";"71835";"9677";"71";"1";"1";"7";"6";"1";"0";"1";"2";"0"
"9678";"71835";"9678";"71";"1";"1";"7";"6";"0";"1";"1";"1";"0"
"9679";"71835";"9679";"51";"1";"1";"7";"6";"0";"1";"1";"1";"0"
"9680";"71835";"9680";"82";"1";"1";"7";"2";"0";"1";"1";"1";"0"
"9681";"71837";"9681";"72";"1";"1";"7";"6";"0";"1";"1";"1";"0"
"9682";"71839";"9682";"71";"1";"1";"7";"6";"0";"1";"1";"1";"0"
"9683";"71844";"9683";"25";"1";"1";"7";"6";"0";"1";"1";"1";"0"
"9684";"71844";"9684";"74";"3";"3";"1";"6";"0";"1";"1";"1";"0"
"9685";"71844";"9685";"22";"1";"1";"7";"5";"0";"1";"1";"1";"0"
"9686";"71847";"9686";"76";"1";"1";"7";"8";"1";"0";"1";"2";"0"
"9687";"71856";"9687";"25";"2";"1";"2";"6";"0";"1";"1";"1";"0"
"9688";"71856";"9688";"18";"1";"1";"7";"6";"0";"1";"1";"1";"0"
"9689";"71863";"9689";"72";"1";"1";"7";"3";"0";"1";"0";"1";"0"
"9690";"71863";"9690";"41";"1";"1";"7";"6";"0";"2";"1";"1";"0"
"9691";"71864";"9691";"73";"3";"1";"7";"6";"0";"1";"1";"1";"0"
"9692";"71866";"9692";"81";"3";"1";"7";"6";"0";"2";"1";"1";"0"
"9693";"71866";"9693";"63";"1";"1";"7";"5";"1";"0";"1";"2";"0"
"9694";"71866";"9694";"52";"5";"1";"7";"0";"0";"1";"0";"1";"0"
"9695";"71866";"9695";"52";"2";"1";"7";"0";"0";"1";"0";"1";"0"
"9696";"71866";"9696";"22";"1";"1";"7";"6";"0";"1";"1";"1";"0"
"9697";"71868";"9697";"52";"1";"1";"7";"6";"0";"1";"1";"1";"0"
"9698";"71869";"9698";"67";"1";"1";"7";"5";"0";"1";"1";"1";"0"
"9699";"71869";"9699";"63";"1";"1";"7";"3";"0";"1";"1";"1";"0"
"9700";"71869";"9700";"64";"1";"1";"7";"6";"0";"2";"1";"1";"0"
"9701";"71870";"9701";"51";"1";"1";"7";"4";"1";"0";"1";"2";"0"
"9702";"71874";"9702";"72";"2";"3";"2";"6";"1";"0";"1";"2";"0"
"9703";"71875";"9703";"71";"1";"1";"7";"6";"0";"1";"1";"1";"0"
"9704";"71875";"9704";"72";"1";"1";"7";"6";"1";"0";"1";"2";"0"
"9705";"71875";"9705";"72";"5";"1";"7";"6";"0";"1";"1";"1";"0"
"9706";"71877";"9706";"51";"3";"3";"2";"6";"1";"0";"2";"2";"0"
"9707";"71877";"9707";"51";"2";"1";"7";"4";"0";"1";"1";"1";"0"
"9708";"71878";"9708";"22";"1";"1";"7";"6";"1";"0";"1";"2";"0"
"9709";"71878";"9709";"72";"1";"1";"7";"6";"1";"0";"1";"2";"0"
"9710";"71884";"9710";"13";"1";"3";"1";"5";"0";"1";"0";"1";"0"
"9711";"71886";"9711";"72";"1";"1";"7";"6";"0";"1";"1";"1";"0"
"9712";"71886";"9712";"52";"1";"1";"1";"6";"0";"1";"2";"1";"0"
"9713";"71890";"9713";"51";"1";"1";"7";"4";"0";"1";"2";"1";"0"
"9714";"71890";"9714";"64";"2";"3";"1";"4";"0";"1";"1";"1";"0"
"9715";"71900";"9715";"72";"1";"1";"7";"6";"0";"1";"1";"1";"0"
"9716";"71900";"9716";"72";"1";"1";"7";"6";"1";"0";"1";"2";"0"
"9717";"71900";"9717";"72";"1";"1";"7";"6";"0";"1";"1";"1";"0"
"9718";"71900";"9718";"71";"1";"1";"7";"6";"0";"1";"1";"1";"0"
"9719";"71900";"9719";"71";"1";"3";"1";"6";"0";"1";"1";"1";"0"
"9720";"71911";"9720";"51";"1";"3";"1";"4";"0";"1";"1";"1";"0"
"9721";"71912";"9721";"64";"2";"1";"1";"6";"0";"1";"1";"1";"0"
"9722";"71930";"1110";"71";"1";"1";"7";"6";"0";"1";"1";"1";"0"
"9723";"71933";"9723";"52";"5";"1";"7";"0";"0";"1";"0";"1";"0"
"9724";"71933";"9724";"72";"1";"1";"7";"6";"0";"1";"1";"1";"0"
"9725";"71934";"9725";"52";"3";"1";"1";"6";"0";"3";"0";"1";"0"
"9726";"71941";"9726";"21";"1";"1";"7";"6";"0";"1";"2";"1";"0"
"9727";"71964";"5219";"72";"1";"1";"7";"6";"0";"1";"1";"1";"0"
"9728";"71966";"9728";"72";"2";"1";"7";"3";"0";"1";"1";"1";"0"
"9729";"71971";"9729";"24";"1";"1";"7";"1";"0";"1";"1";"1";"0"
"9730";"71974";"9730";"52";"1";"1";"7";"0";"0";"1";"0";"1";"0"
"9731";"71996";"9731";"25";"1";"1";"7";"6";"1";"1";"0";"2";"0"
"9732";"71996";"9732";"51";"1";"1";"7";"4";"0";"1";"1";"1";"0"
"9733";"71996";"9733";"52";"1";"1";"1";"0";"0";"1";"4";"1";"0"
"9734";"71996";"9734";"74";"1";"3";"1";"6";"0";"1";"1";"1";"0"
"9735";"71999";"9735";"72";"1";"1";"7";"6";"0";"1";"1";"1";"0"
"9736";"72004";"9736";"71";"1";"1";"7";"6";"1";"0";"1";"2";"0"
"9737";"72004";"9737";"52";"3";"4";"3";"6";"0";"1";"1";"1";"0"
"9738";"72005";"9738";"71";"1";"3";"2";"6";"1";"0";"1";"2";"0"
"9739";"72005";"9739";"75";"1";"1";"7";"6";"1";"0";"1";"2";"0"
"9740";"72006";"9740";"72";"1";"1";"7";"6";"0";"1";"1";"1";"0"
"9741";"72011";"9741";"81";"3";"6";"1";"6";"0";"1";"1";"1";"0"
"9742";"72012";"9742";"85";"5";"1";"7";"6";"0";"1";"1";"1";"0"
"9743";"72013";"9743";"24";"1";"1";"7";"2";"0";"1";"1";"1";"0"
"9744";"72013";"9744";"72";"1";"1";"7";"6";"1";"0";"1";"2";"0"
"9745";"72013";"9745";"72";"3";"1";"7";"6";"0";"0";"1";"3";"0"
"9746";"72015";"9746";"62";"1";"1";"7";"2";"0";"1";"1";"1";"0"
"9747";"72015";"9747";"72";"1";"1";"7";"5";"1";"1";"0";"2";"0"
"9748";"72017";"9748";"72";"2";"1";"7";"6";"0";"1";"1";"1";"0"
"9749";"72018";"9749";"52";"1";"1";"1";"0";"0";"1";"0";"1";"0"
"9750";"72019";"9750";"72";"1";"1";"7";"6";"0";"1";"1";"1";"0"
"9751";"72019";"9751";"71";"1";"1";"7";"6";"1";"0";"1";"2";"0"
"9752";"72020";"9752";"51";"1";"1";"7";"6";"0";"1";"1";"1";"0"
"9753";"72024";"9753";"81";"1";"1";"7";"4";"0";"1";"1";"1";"0"
"9754";"72027";"9754";"25";"3";"3";"2";"6";"0";"1";"1";"1";"0"
"9755";"72028";"9755";"18";"1";"1";"7";"3";"0";"1";"1";"1";"0"
"9756";"72034";"9756";"72";"1";"1";"7";"6";"0";"1";"1";"1";"0"
"9757";"72034";"9757";"25";"3";"1";"7";"6";"0";"1";"1";"1";"0"
"9758";"72042";"9758";"72";"1";"1";"1";"6";"0";"1";"1";"1";"0"
"9759";"72043";"9759";"67";"1";"1";"7";"6";"0";"1";"1";"1";"0"
"9760";"72043";"9760";"72";"3";"1";"7";"3";"0";"1";"1";"1";"0"
"9761";"72044";"9761";"72";"4";"1";"7";"6";"0";"1";"1";"1";"0"
"9762";"72044";"9762";"71";"1";"1";"7";"8";"1";"0";"1";"2";"0"
"9763";"72045";"9763";"21";"1";"1";"7";"6";"0";"2";"0";"1";"0"
"9764";"72050";"9764";"27";"1";"1";"7";"0";"1";"1";"0";"2";"0"
"9765";"72050";"9765";"52";"1";"3";"1";"6";"0";"2";"0";"1";"0"
"9766";"72058";"9766";"72";"1";"1";"7";"5";"1";"0";"1";"2";"0"
"9767";"72058";"9767";"72";"2";"1";"7";"6";"1";"0";"1";"2";"0"
"9768";"72058";"9768";"72";"1";"1";"7";"6";"0";"1";"1";"1";"0"
"9769";"72064";"9769";"71";"1";"1";"7";"4";"0";"1";"1";"1";"0"
"9770";"72065";"9770";"72";"1";"1";"7";"6";"0";"1";"1";"1";"0"
"9771";"72066";"9771";"61";"1";"1";"7";"3";"0";"1";"1";"1";"0"
"9772";"72067";"9772";"28";"2";"6";"7";"2";"1";"1";"0";"2";"0"
"9773";"72067";"9773";"71";"3";"1";"7";"6";"0";"1";"1";"1";"0"
"9774";"72068";"9774";"28";"1";"1";"7";"0";"0";"1";"0";"1";"0"
"9775";"72068";"9775";"72";"1";"1";"7";"6";"0";"1";"1";"1";"0"
"9776";"72068";"9776";"51";"1";"1";"7";"3";"0";"1";"1";"1";"0"
"9777";"72068";"9777";"72";"1";"1";"7";"6";"0";"1";"1";"1";"0"
"9778";"72069";"9778";"25";"3";"2";"2";"6";"0";"1";"1";"1";"0"
"9779";"72069";"9779";"26";"1";"1";"7";"2";"0";"1";"1";"1";"0"
"9780";"72069";"9780";"71";"1";"1";"7";"6";"0";"1";"1";"1";"0"
"9781";"72072";"9781";"22";"2";"1";"7";"6";"0";"1";"0";"1";"0"
"9782";"72082";"9782";"28";"4";"1";"7";"0";"0";"2";"0";"1";"0"
"9783";"72083";"9783";"24";"3";"1";"7";"6";"0";"1";"1";"1";"0"
"9784";"72083";"9784";"72";"1";"1";"7";"6";"0";"1";"1";"1";"0"
"9785";"72083";"9785";"81";"3";"1";"7";"6";"1";"0";"1";"2";"0"
"9786";"72084";"9786";"25";"1";"1";"7";"6";"0";"1";"1";"1";"0"
"9787";"72084";"9787";"71";"1";"1";"7";"6";"0";"1";"3";"1";"0"
"9788";"72084";"9788";"64";"1";"1";"7";"6";"0";"2";"0";"1";"0"
"9789";"72084";"9789";"36";"1";"1";"1";"6";"0";"1";"0";"1";"0"
"9790";"72085";"9790";"63";"1";"3";"1";"4";"0";"1";"1";"1";"0"
"9791";"72086";"9791";"52";"1";"4";"1";"6";"0";"1";"1";"1";"0"
"9792";"72086";"9792";"25";"3";"1";"7";"0";"1";"0";"0";"2";"0"
"9793";"72086";"9793";"61";"1";"1";"7";"3";"0";"1";"1";"1";"0"
"9794";"72086";"9794";"51";"3";"1";"7";"6";"0";"1";"1";"1";"0"
"9795";"72086";"9795";"72";"1";"1";"7";"6";"0";"1";"1";"1";"0"
"9796";"72086";"9796";"67";"1";"1";"7";"5";"0";"1";"1";"1";"0"
"9797";"72087";"9797";"72";"1";"4";"3";"6";"0";"1";"1";"1";"0"
"9798";"72088";"9798";"64";"1";"1";"7";"6";"0";"1";"1";"1";"0"
"9799";"72088";"9799";"86";"1";"1";"7";"6";"0";"0";"3";"3";"2"
"9800";"72088";"9800";"72";"1";"1";"7";"4";"0";"2";"0";"1";"0"
"9801";"72089";"9801";"71";"1";"1";"7";"6";"0";"1";"1";"1";"0"
"9802";"72089";"9802";"71";"1";"1";"7";"4";"0";"1";"1";"1";"0"
"9803";"72089";"9803";"71";"1";"3";"1";"6";"0";"1";"2";"1";"0"
"9804";"72090";"9804";"72";"1";"3";"1";"6";"0";"1";"1";"1";"0"
"9805";"72090";"9805";"71";"2";"7";"1";"6";"1";"0";"1";"2";"0"
"9806";"72090";"9806";"21";"3";"1";"1";"6";"0";"5";"0";"1";"0"
"9807";"72090";"9807";"81";"3";"1";"7";"6";"1";"0";"1";"2";"0"
"9808";"72090";"9808";"72";"1";"1";"7";"6";"0";"1";"1";"1";"0"
"9809";"72091";"9809";"71";"1";"1";"7";"6";"0";"1";"1";"1";"0"
"9810";"72092";"9810";"81";"1";"1";"7";"6";"0";"1";"1";"1";"0"
"9811";"72092";"9811";"51";"3";"1";"7";"6";"0";"1";"1";"1";"0"
"9812";"72096";"9812";"52";"2";"3";"2";"0";"0";"1";"0";"1";"0"
"9813";"72098";"9813";"72";"1";"3";"1";"6";"1";"0";"1";"2";"0"
"9814";"72099";"9814";"51";"1";"3";"1";"6";"0";"1";"1";"1";"0"
"9815";"72099";"9815";"16";"3";"1";"7";"3";"0";"2";"0";"1";"0"
"9816";"72099";"9816";"51";"3";"3";"1";"6";"0";"1";"1";"1";"0"
"9817";"72102";"8325";"71";"1";"1";"7";"6";"1";"0";"1";"2";"0"
"9818";"72103";"9818";"51";"2";"3";"2";"6";"0";"1";"1";"1";"0"
"9819";"72103";"9819";"71";"3";"2";"1";"6";"1";"0";"1";"2";"0"
"9820";"72105";"9820";"72";"1";"3";"2";"6";"0";"1";"1";"1";"0"
"9821";"72105";"9821";"64";"1";"1";"7";"6";"1";"0";"1";"2";"0"
"9822";"72108";"9822";"51";"1";"1";"7";"7";"0";"1";"1";"1";"0"
"9823";"72108";"9823";"64";"1";"1";"7";"5";"1";"0";"1";"2";"0"
"9824";"72114";"9824";"72";"1";"1";"7";"6";"0";"1";"1";"1";"0"
"9825";"72118";"7360";"72";"1";"1";"7";"6";"0";"1";"1";"1";"0"
"9826";"72118";"9826";"41";"1";"1";"7";"1";"1";"0";"1";"2";"0"
"9827";"72119";"9827";"41";"1";"1";"7";"6";"0";"1";"1";"1";"0"
"9828";"72120";"9828";"61";"1";"1";"7";"4";"0";"1";"1";"1";"0"
"9829";"72120";"9829";"63";"1";"1";"1";"6";"0";"1";"0";"1";"0"
"9830";"72121";"9830";"71";"1";"1";"7";"4";"1";"0";"1";"2";"0"
"9831";"72122";"9831";"72";"1";"1";"7";"6";"0";"1";"1";"1";"0"
"9832";"72123";"9832";"52";"3";"4";"4";"0";"0";"1";"1";"1";"0"
"9833";"72123";"9833";"64";"1";"1";"7";"4";"0";"1";"1";"1";"0"
"9834";"72123";"9834";"61";"1";"3";"2";"3";"0";"1";"1";"1";"0"
"9835";"72123";"9835";"41";"1";"1";"7";"6";"0";"1";"1";"1";"0"
"9836";"72123";"9836";"72";"1";"1";"7";"6";"0";"1";"1";"1";"0"
"9837";"72130";"9837";"72";"3";"1";"1";"6";"1";"0";"1";"2";"0"
"9838";"72130";"9838";"21";"1";"1";"7";"6";"0";"1";"1";"1";"0"
"9839";"72131";"9839";"14";"1";"1";"7";"3";"1";"0";"1";"2";"0"
"9840";"72131";"9840";"72";"1";"1";"7";"6";"1";"0";"1";"2";"0"
"9841";"72140";"9841";"71";"1";"1";"7";"6";"0";"1";"1";"1";"0"
"9842";"72146";"9842";"52";"3";"1";"7";"2";"1";"0";"1";"2";"0"
"9843";"72148";"9843";"27";"3";"1";"7";"0";"1";"0";"0";"2";"0"
"9844";"72148";"9844";"52";"1";"1";"7";"6";"0";"1";"1";"1";"0"
"9845";"72148";"9845";"72";"3";"1";"7";"6";"1";"0";"1";"2";"0"
"9846";"72148";"9846";"21";"1";"1";"7";"6";"0";"1";"1";"1";"0"
"9847";"72148";"9847";"21";"1";"1";"7";"7";"0";"1";"1";"1";"0"