"accident_id";"lieu_id";"date_id";"cause_id";"lum_id";"intemp_id";"etat_surface_id";"impliq_id";"nb_blesses_graves";"nb_blesses_legers";"nb_indemnes";"gravite";"nb_morts"
"10177";"72636";"10177";"64";"1";"1";"7";"6";"0";"1";"1";"1";"0"
"10178";"72636";"10178";"51";"2";"1";"7";"6";"1";"0";"2";"2";"0"
"10179";"72636";"10179";"71";"1";"1";"7";"6";"0";"1";"1";"1";"0"
"10180";"72636";"10180";"71";"1";"1";"7";"6";"0";"0";"1";"3";"0"
"10181";"72637";"10181";"23";"3";"3";"1";"6";"0";"1";"2";"1";"0"
"10182";"72638";"10182";"72";"1";"1";"7";"6";"1";"0";"1";"2";"0"
"10183";"72638";"10183";"61";"1";"1";"7";"4";"0";"2";"2";"1";"0"
"10184";"72640";"10184";"67";"1";"1";"7";"6";"0";"1";"1";"1";"0"
"10185";"72640";"10185";"61";"2";"1";"7";"3";"0";"1";"1";"1";"0"
"10186";"72640";"10186";"72";"1";"1";"7";"6";"1";"0";"1";"2";"0"
"10187";"72640";"10187";"72";"3";"1";"1";"6";"0";"1";"1";"1";"0"
"10188";"72640";"10188";"71";"1";"1";"7";"6";"0";"1";"1";"1";"0"
"10189";"72640";"10189";"71";"1";"1";"7";"6";"0";"1";"1";"1";"0"
"10190";"72641";"10190";"72";"1";"1";"2";"6";"0";"1";"1";"1";"0"
"10191";"72641";"10191";"71";"1";"1";"7";"6";"0";"1";"1";"1";"0"
"10192";"72641";"10192";"21";"1";"1";"7";"6";"0";"1";"1";"1";"0"
"10193";"72642";"10193";"52";"1";"1";"7";"6";"0";"1";"1";"1";"0"
"10194";"72644";"10194";"64";"1";"1";"1";"4";"0";"1";"1";"1";"0"
"10195";"72644";"10195";"17";"3";"2";"1";"1";"0";"1";"1";"1";"0"
"10196";"72645";"10196";"61";"1";"1";"7";"3";"0";"1";"1";"1";"0"
"10197";"72645";"10197";"65";"3";"1";"7";"4";"0";"1";"1";"1";"0"
"10198";"72645";"10198";"71";"3";"1";"7";"6";"1";"0";"1";"2";"0"
"10199";"72645";"10199";"71";"1";"1";"7";"6";"1";"0";"1";"2";"0"
"10200";"72645";"10200";"71";"3";"1";"7";"6";"1";"0";"1";"2";"0"
"10201";"72646";"10201";"72";"1";"1";"1";"6";"0";"1";"1";"1";"0"
"10202";"72646";"10202";"25";"1";"1";"7";"6";"0";"1";"1";"1";"0"
"10203";"72648";"10203";"64";"1";"1";"7";"6";"0";"2";"2";"1";"0"
"10204";"72648";"10204";"61";"1";"1";"7";"3";"0";"1";"1";"1";"0"
"10205";"72648";"10205";"21";"1";"1";"7";"8";"0";"1";"1";"1";"0"
"10206";"72649";"10206";"51";"3";"1";"1";"6";"1";"0";"0";"2";"0"
"10207";"72650";"10207";"21";"1";"3";"1";"6";"0";"1";"1";"1";"0"
"10208";"72651";"10208";"71";"1";"1";"7";"6";"0";"1";"1";"1";"0"
"10209";"72652";"10209";"23";"1";"1";"7";"6";"0";"1";"1";"1";"0"
"10210";"72652";"10210";"35";"1";"1";"7";"3";"0";"1";"1";"1";"0"
"10211";"72652";"10211";"71";"1";"2";"1";"5";"1";"0";"1";"2";"0"
"10212";"72652";"10212";"23";"3";"3";"1";"4";"0";"1";"1";"1";"0"
"10213";"72653";"10213";"51";"1";"1";"7";"6";"0";"2";"0";"1";"0"
"10214";"72654";"10214";"71";"3";"1";"1";"6";"0";"1";"1";"1";"0"
"10215";"72655";"10215";"67";"3";"1";"7";"4";"1";"0";"2";"2";"0"
"10216";"72655";"10216";"72";"1";"1";"7";"6";"1";"0";"1";"2";"0"
"10217";"72657";"10217";"64";"1";"1";"7";"3";"0";"1";"1";"1";"0"
"10218";"72658";"10218";"73";"1";"1";"7";"6";"0";"1";"1";"1";"0"
"10219";"72658";"10219";"64";"3";"3";"1";"4";"1";"1";"0";"2";"0"
"10220";"72659";"10220";"72";"1";"3";"2";"6";"0";"1";"1";"1";"0"
"10221";"72661";"10221";"21";"1";"1";"7";"6";"1";"0";"1";"2";"0"
"10222";"72667";"10222";"24";"1";"1";"7";"4";"0";"1";"1";"1";"0"
"10223";"72667";"10223";"72";"3";"1";"7";"6";"1";"0";"1";"2";"0"
"10224";"72669";"10224";"72";"1";"1";"7";"6";"0";"1";"1";"1";"0"
"10225";"72676";"10225";"64";"3";"1";"7";"6";"0";"1";"2";"1";"0"
"10226";"72676";"10226";"22";"1";"1";"7";"3";"1";"0";"1";"2";"0"
"10227";"72676";"10227";"36";"1";"3";"1";"6";"0";"1";"4";"1";"0"
"10228";"72678";"10228";"72";"1";"1";"7";"6";"0";"1";"1";"1";"0"
"10229";"72681";"10229";"25";"1";"1";"7";"0";"0";"2";"0";"1";"0"
"10230";"72681";"10230";"71";"1";"1";"7";"6";"1";"0";"1";"2";"0"
"10231";"72687";"10231";"12";"1";"1";"7";"2";"0";"1";"1";"1";"0"
"10232";"72687";"10232";"20";"1";"1";"2";"2";"0";"1";"1";"1";"0"
"10233";"72687";"10233";"26";"1";"1";"7";"2";"0";"1";"1";"1";"0"
"10234";"72687";"10234";"21";"1";"1";"1";"6";"0";"1";"1";"1";"0"
"10235";"72687";"10235";"71";"1";"1";"7";"6";"0";"1";"1";"1";"0"
"10236";"72691";"10236";"72";"1";"1";"7";"6";"0";"1";"1";"1";"0"
"10237";"72691";"10099";"72";"1";"1";"7";"6";"1";"0";"1";"2";"0"
"10238";"72695";"10238";"25";"3";"1";"7";"6";"0";"2";"0";"1";"0"
"10239";"72695";"10239";"51";"1";"1";"7";"6";"2";"0";"0";"2";"0"
"10240";"72695";"10240";"23";"2";"1";"7";"6";"0";"2";"1";"1";"0"
"10241";"72702";"10241";"72";"1";"1";"7";"6";"1";"0";"1";"2";"0"
"10242";"72704";"10242";"72";"1";"1";"7";"6";"0";"1";"1";"1";"0"
"10243";"72704";"10243";"72";"1";"1";"7";"6";"0";"1";"1";"1";"0"
"10244";"72707";"10244";"72";"3";"1";"1";"6";"0";"1";"1";"1";"0"
"10245";"72707";"10245";"71";"3";"1";"7";"6";"0";"1";"1";"1";"0"
"10246";"72707";"10246";"52";"1";"1";"7";"2";"3";"0";"1";"3";"2"
"10247";"72707";"10247";"52";"3";"6";"1";"0";"0";"1";"0";"1";"0"
"10248";"72707";"10248";"72";"1";"1";"1";"6";"0";"0";"1";"3";"0"
"10249";"72707";"10249";"71";"3";"3";"1";"6";"0";"1";"1";"1";"0"
"10250";"72709";"10250";"81";"3";"1";"7";"7";"0";"1";"1";"1";"0"
"10251";"72709";"10251";"71";"1";"3";"2";"6";"0";"0";"1";"3";"0"
"10252";"72709";"10252";"16";"1";"1";"7";"6";"0";"2";"1";"1";"0"
"10253";"72709";"10253";"22";"1";"1";"7";"4";"0";"1";"1";"1";"0"
"10254";"72709";"10254";"72";"1";"1";"7";"6";"0";"0";"1";"3";"0"
"10255";"72710";"10255";"64";"1";"1";"1";"6";"0";"1";"2";"1";"0"
"10256";"72712";"10256";"51";"1";"1";"7";"6";"0";"1";"1";"1";"0"
"10257";"72713";"10257";"52";"1";"1";"7";"0";"0";"2";"0";"1";"0"
"10258";"72714";"10258";"71";"1";"1";"7";"6";"0";"1";"1";"1";"0"
"10259";"72715";"5656";"51";"1";"1";"7";"4";"0";"1";"1";"1";"0"
"10260";"72715";"10260";"26";"1";"1";"7";"1";"0";"3";"0";"1";"0"
"10261";"72715";"10261";"26";"1";"1";"7";"2";"0";"1";"1";"1";"0"
"10262";"72717";"10262";"82";"1";"1";"7";"6";"0";"2";"0";"1";"0"
"10263";"72723";"10263";"26";"1";"1";"7";"2";"0";"1";"1";"1";"0"
"10264";"72725";"10264";"72";"1";"1";"1";"6";"0";"1";"1";"1";"0"
"10265";"72725";"10265";"21";"1";"1";"7";"6";"0";"1";"0";"1";"0"
"10266";"72727";"10266";"25";"3";"3";"1";"6";"0";"1";"1";"1";"0"
"10267";"72727";"10267";"71";"2";"1";"7";"6";"0";"1";"1";"1";"0"
"10268";"72728";"10268";"64";"1";"1";"7";"6";"0";"1";"1";"1";"0"
"10269";"72728";"10269";"63";"3";"3";"2";"5";"0";"1";"1";"1";"0"
"10270";"72728";"10270";"22";"1";"1";"7";"6";"0";"1";"1";"1";"0"
"10271";"72728";"10271";"72";"3";"1";"7";"6";"0";"1";"1";"1";"0"
"10272";"72728";"10272";"72";"1";"1";"1";"6";"0";"1";"1";"1";"0"
"10273";"72728";"10273";"72";"1";"1";"7";"6";"1";"1";"1";"2";"0"
"10274";"72729";"10274";"26";"1";"1";"7";"2";"0";"1";"1";"1";"0"
"10275";"72729";"10275";"72";"2";"1";"7";"6";"0";"1";"1";"1";"0"
"10276";"72729";"10276";"72";"1";"1";"7";"5";"0";"1";"1";"1";"0"
"10277";"72730";"10277";"72";"1";"1";"7";"6";"0";"1";"1";"1";"0"
"10278";"72731";"10278";"72";"1";"1";"7";"6";"0";"1";"1";"1";"0"
"10279";"72734";"10279";"74";"3";"1";"7";"6";"1";"0";"1";"2";"0"
"10280";"72734";"10280";"23";"1";"1";"7";"5";"0";"1";"2";"1";"0"
"10281";"72734";"10281";"63";"1";"1";"7";"4";"0";"1";"1";"1";"0"
"10282";"72735";"10282";"23";"1";"1";"7";"5";"0";"1";"3";"1";"0"
"10283";"72748";"10283";"72";"1";"1";"7";"6";"1";"0";"1";"2";"0"
"10284";"72748";"10284";"74";"1";"1";"7";"6";"1";"0";"1";"2";"0"
"10285";"72748";"10285";"72";"1";"1";"7";"5";"0";"1";"1";"3";"0"
"10286";"72749";"10286";"51";"1";"1";"1";"6";"0";"1";"2";"1";"0"
"10287";"72751";"10287";"72";"1";"1";"7";"6";"0";"1";"1";"1";"0"
"10288";"72755";"10288";"71";"1";"1";"7";"6";"0";"1";"1";"1";"0"
"10289";"72756";"10289";"63";"3";"1";"7";"4";"0";"1";"2";"1";"0"
"10290";"72756";"10290";"23";"1";"1";"7";"5";"1";"0";"1";"2";"0"
"10291";"72756";"10291";"23";"1";"1";"7";"4";"0";"1";"1";"1";"0"
"10292";"72763";"10292";"63";"1";"1";"7";"4";"0";"1";"1";"1";"0"
"10293";"72769";"10293";"72";"1";"1";"7";"4";"0";"1";"1";"1";"0"
"10294";"72769";"10294";"22";"1";"1";"7";"3";"1";"0";"1";"2";"0"
"10295";"72771";"10295";"81";"3";"1";"7";"0";"0";"2";"0";"1";"0"
"10296";"72780";"10296";"72";"1";"1";"5";"6";"0";"1";"1";"1";"0"
"10297";"72783";"10297";"41";"1";"1";"7";"2";"0";"1";"1";"1";"0"
"10298";"72784";"10298";"81";"3";"1";"7";"0";"0";"1";"0";"1";"0"
"10299";"72784";"10299";"72";"1";"3";"2";"6";"0";"1";"1";"1";"0"
"10300";"72784";"10300";"64";"1";"1";"7";"4";"0";"1";"1";"1";"0"
"10301";"72790";"10301";"72";"1";"1";"7";"6";"0";"1";"1";"1";"0"
"10302";"72790";"10302";"72";"1";"1";"7";"6";"0";"1";"1";"1";"0"
"10303";"72791";"10303";"71";"1";"1";"7";"6";"0";"1";"1";"1";"0"
"10304";"72806";"10304";"25";"3";"3";"1";"7";"1";"0";"1";"2";"0"
"10305";"72809";"10305";"71";"1";"1";"7";"6";"1";"0";"1";"2";"0"
"10306";"72809";"10306";"71";"1";"1";"7";"6";"0";"1";"1";"1";"0"
"10307";"72809";"10307";"61";"1";"1";"7";"3";"0";"1";"1";"1";"0"
"10308";"72819";"10308";"71";"1";"1";"7";"6";"0";"1";"1";"1";"0"
"10309";"72819";"10309";"61";"1";"1";"1";"4";"0";"1";"1";"1";"0"
"10310";"72819";"10310";"72";"1";"1";"7";"6";"0";"1";"1";"1";"0"
"10311";"72821";"10311";"26";"1";"3";"2";"2";"1";"0";"1";"2";"0"
"10312";"72822";"10312";"51";"1";"1";"7";"3";"0";"1";"1";"1";"0"
"10313";"72822";"10313";"72";"3";"1";"1";"6";"0";"1";"1";"1";"0"
"10314";"72822";"10314";"21";"3";"1";"1";"6";"0";"1";"1";"1";"0"
"10315";"72822";"10315";"71";"3";"1";"7";"6";"0";"1";"1";"1";"0"
"10316";"72823";"10316";"72";"3";"1";"7";"6";"0";"1";"1";"1";"0"
"10317";"72823";"10317";"71";"1";"1";"7";"6";"0";"1";"1";"1";"0"
"10318";"72825";"10318";"67";"1";"1";"1";"4";"0";"1";"1";"1";"0"
"10319";"72832";"10319";"72";"1";"1";"7";"4";"0";"1";"1";"1";"0"
"10320";"72841";"10320";"23";"1";"1";"7";"6";"1";"0";"1";"2";"0"
"10321";"72851";"10321";"71";"1";"1";"7";"6";"0";"1";"1";"1";"0"
"10322";"72853";"10322";"14";"1";"1";"7";"4";"0";"1";"1";"1";"0"
"10323";"72861";"10323";"72";"1";"1";"7";"6";"0";"1";"1";"1";"0"
"10324";"72863";"10324";"52";"3";"1";"7";"0";"0";"1";"0";"1";"0"
"10325";"72863";"10325";"52";"1";"1";"7";"6";"0";"1";"1";"1";"0"
"10326";"72863";"10326";"81";"3";"1";"7";"0";"1";"0";"0";"2";"0"
"10327";"72863";"10327";"52";"3";"3";"1";"0";"0";"1";"1";"1";"0"
"10328";"72876";"10328";"71";"1";"1";"7";"6";"0";"1";"1";"1";"0"
"10329";"72878";"10329";"72";"1";"1";"7";"6";"0";"1";"1";"1";"0"
"10330";"72879";"10330";"72";"1";"1";"7";"6";"1";"0";"1";"2";"0"
"10331";"72884";"10331";"72";"1";"1";"7";"6";"0";"1";"1";"1";"0"
"10332";"72891";"10332";"28";"1";"1";"7";"0";"0";"1";"0";"1";"0"
"10333";"72897";"10333";"72";"1";"1";"7";"6";"0";"1";"1";"1";"0"
"10334";"72897";"10334";"52";"1";"1";"7";"6";"0";"1";"1";"1";"0"
"10335";"72905";"10335";"61";"1";"1";"7";"2";"0";"1";"1";"1";"0"
"10336";"72911";"10336";"72";"1";"1";"7";"4";"0";"1";"1";"1";"0"
"10337";"72920";"10337";"25";"1";"4";"1";"6";"0";"1";"2";"1";"0"
"10338";"72924";"10338";"72";"1";"1";"7";"6";"0";"1";"1";"1";"0"
"10339";"72932";"10339";"20";"1";"1";"7";"2";"1";"0";"1";"2";"0"
"10340";"72933";"10340";"81";"1";"1";"7";"6";"0";"1";"2";"1";"0"
"10341";"72953";"10341";"21";"3";"1";"1";"6";"0";"1";"1";"1";"0"
"10342";"72953";"10342";"81";"3";"1";"7";"0";"2";"1";"0";"2";"0"
"10343";"72953";"10343";"81";"3";"6";"1";"0";"4";"0";"0";"3";"0"
"10344";"72953";"10344";"81";"1";"1";"7";"6";"1";"2";"0";"2";"0"
"10345";"72953";"10345";"81";"3";"1";"7";"6";"0";"1";"0";"1";"0"
"10346";"72953";"10346";"52";"1";"1";"7";"4";"0";"7";"1";"1";"0"
"10347";"72953";"10347";"21";"1";"1";"1";"6";"0";"3";"1";"1";"0"
"10348";"72954";"10348";"67";"3";"1";"7";"6";"0";"1";"1";"1";"0"
"10349";"72954";"10349";"51";"2";"4";"3";"7";"0";"1";"1";"1";"0"
"10350";"72955";"10350";"52";"1";"1";"7";"0";"1";"0";"0";"2";"0"
"10351";"72955";"10351";"52";"3";"4";"4";"0";"0";"1";"0";"1";"0"
"10352";"72955";"10352";"52";"1";"1";"1";"0";"0";"4";"0";"1";"0"
"10353";"72955";"10353";"52";"1";"1";"1";"0";"0";"1";"0";"1";"0"
"10354";"72955";"10354";"52";"1";"1";"7";"0";"1";"0";"0";"2";"0"
"10355";"72955";"10355";"64";"1";"1";"7";"6";"0";"1";"1";"1";"0"
"10356";"72955";"10356";"51";"1";"1";"7";"8";"0";"1";"1";"1";"0"
"10357";"72956";"10357";"52";"3";"1";"7";"0";"0";"2";"0";"1";"0"
"10358";"72956";"10358";"64";"1";"1";"7";"5";"1";"0";"1";"2";"0"
"10359";"72956";"10359";"64";"1";"1";"7";"5";"0";"1";"1";"1";"0"
"10360";"72956";"10360";"81";"1";"1";"7";"6";"0";"3";"1";"1";"0"
"10361";"72956";"10361";"51";"1";"1";"7";"3";"0";"1";"1";"1";"0"
"10362";"72956";"10362";"67";"1";"1";"7";"5";"1";"0";"2";"2";"0"
"10363";"72957";"10363";"71";"1";"1";"7";"6";"1";"0";"1";"2";"0"
"10364";"72962";"10364";"72";"1";"1";"7";"6";"0";"1";"1";"1";"0"
"10365";"72970";"10365";"28";"3";"1";"1";"0";"0";"2";"0";"1";"0"
"10366";"72970";"10366";"67";"3";"1";"7";"5";"0";"2";"1";"1";"0"
"10367";"72970";"10367";"81";"3";"1";"7";"6";"0";"1";"1";"1";"0"
"10368";"72970";"10368";"23";"1";"1";"7";"5";"0";"1";"1";"1";"0"
"10369";"72972";"10369";"74";"1";"3";"2";"6";"0";"1";"1";"1";"0"
"10370";"72972";"10370";"81";"3";"1";"1";"6";"0";"1";"1";"1";"0"
"10371";"72972";"10371";"72";"1";"3";"1";"6";"0";"1";"1";"1";"0"
"10372";"72974";"10372";"21";"1";"1";"7";"6";"1";"0";"1";"2";"0"
"10373";"72974";"10373";"72";"3";"1";"7";"6";"0";"1";"1";"1";"0"
"10374";"72974";"10374";"26";"1";"1";"1";"2";"1";"1";"0";"2";"0"
"10375";"72975";"10375";"85";"3";"1";"7";"6";"0";"2";"1";"1";"0"
"10376";"72975";"10376";"35";"1";"1";"7";"4";"0";"1";"1";"1";"0"
"10377";"72975";"10377";"61";"1";"1";"7";"4";"1";"0";"1";"2";"0"
"10378";"72975";"10378";"72";"1";"1";"7";"6";"1";"0";"1";"2";"0"
"10379";"72975";"10379";"64";"1";"1";"7";"6";"0";"1";"1";"1";"0"
"10380";"72975";"10380";"71";"1";"1";"7";"6";"0";"1";"1";"1";"0"
"10381";"72979";"7097";"64";"1";"1";"7";"6";"0";"1";"1";"1";"0"
"10382";"72984";"10382";"73";"1";"1";"7";"6";"0";"1";"1";"1";"0"
"10383";"72987";"10383";"71";"1";"3";"1";"6";"1";"0";"1";"2";"0"
"10384";"72988";"10384";"25";"1";"1";"1";"6";"0";"1";"1";"1";"0"
"10385";"72998";"10385";"71";"1";"1";"7";"6";"0";"1";"1";"1";"0"
"10386";"73001";"10386";"72";"1";"1";"7";"6";"1";"0";"1";"2";"0"
"10387";"73008";"10387";"52";"3";"1";"7";"6";"0";"1";"1";"1";"0"
"10388";"73008";"10388";"51";"1";"1";"7";"6";"0";"1";"1";"1";"0"
"10389";"73009";"10389";"82";"1";"3";"1";"6";"0";"1";"1";"1";"0"
"10390";"73025";"10390";"72";"1";"1";"7";"6";"0";"1";"1";"1";"0"
"10391";"73025";"10391";"71";"1";"1";"7";"6";"0";"1";"1";"1";"0"
"10392";"73027";"10392";"71";"1";"1";"7";"6";"0";"1";"1";"1";"0"
"10393";"73029";"10393";"21";"1";"1";"7";"6";"0";"1";"2";"1";"0"
"10394";"73029";"10394";"21";"1";"1";"7";"6";"0";"1";"1";"1";"0"
"10395";"73029";"10395";"72";"1";"1";"7";"8";"0";"1";"1";"1";"0"
"10396";"73029";"10396";"72";"1";"1";"7";"6";"0";"1";"4";"1";"0"
"10397";"73029";"10397";"72";"1";"1";"7";"6";"1";"0";"1";"2";"0"
"10398";"73030";"10398";"63";"1";"1";"7";"4";"0";"1";"1";"1";"0"
"10399";"73032";"10399";"67";"1";"1";"1";"6";"0";"1";"1";"1";"0"
"10400";"73032";"10400";"51";"1";"1";"7";"4";"0";"1";"1";"1";"0"
"10401";"73032";"10401";"26";"2";"1";"1";"2";"0";"1";"1";"1";"0"
"10402";"73032";"10402";"23";"1";"1";"7";"4";"0";"1";"1";"1";"0"
"10403";"73032";"10403";"51";"1";"1";"7";"6";"0";"1";"1";"1";"0"
"10404";"73034";"10404";"21";"1";"1";"7";"6";"0";"1";"1";"1";"0"
"10405";"73034";"10405";"25";"3";"3";"1";"6";"0";"1";"1";"1";"0"
"10406";"73035";"10406";"52";"1";"1";"7";"0";"1";"0";"0";"2";"0"
"10407";"73035";"10407";"81";"3";"3";"1";"6";"0";"2";"0";"1";"0"
"10408";"73043";"10408";"61";"1";"1";"7";"3";"0";"1";"1";"1";"0"
"10409";"73048";"10409";"71";"1";"1";"7";"6";"0";"1";"1";"1";"0"
"10410";"73050";"10410";"71";"3";"1";"7";"6";"0";"2";"0";"1";"0"
"10411";"73054";"10411";"25";"3";"1";"7";"6";"0";"1";"3";"1";"0"
"10412";"73054";"10412";"81";"3";"1";"1";"6";"1";"0";"0";"2";"0"
"10413";"73055";"10413";"85";"3";"1";"7";"7";"1";"1";"1";"2";"0"
"10414";"73055";"10414";"81";"1";"1";"7";"6";"0";"1";"1";"1";"0"
"10415";"73055";"10415";"51";"1";"1";"1";"6";"0";"2";"0";"1";"0"
"10416";"73056";"10416";"18";"1";"1";"7";"6";"0";"1";"1";"1";"0"
"10417";"73056";"10417";"65";"2";"2";"2";"4";"0";"1";"1";"1";"0"
"10418";"73056";"10418";"25";"3";"6";"1";"7";"0";"1";"1";"1";"0"
"10419";"73056";"10419";"26";"1";"1";"7";"1";"0";"1";"1";"1";"0"
"10420";"73056";"10420";"64";"1";"1";"7";"3";"0";"1";"1";"1";"0"
"10421";"73057";"10421";"52";"3";"1";"7";"0";"0";"1";"0";"1";"0"
"10422";"73057";"10422";"52";"1";"1";"7";"0";"1";"0";"0";"2";"0"
"10423";"73057";"10423";"52";"1";"1";"7";"0";"0";"1";"0";"1";"0"
"10424";"73057";"10424";"52";"3";"1";"7";"0";"0";"2";"0";"1";"0"
"10425";"73057";"10425";"51";"1";"3";"2";"6";"0";"1";"1";"1";"0"
"10426";"73057";"10426";"81";"3";"3";"1";"0";"0";"1";"0";"1";"0"
"10427";"73057";"10427";"52";"3";"1";"1";"0";"0";"1";"0";"1";"0"
"10428";"73057";"10428";"81";"3";"1";"7";"6";"0";"3";"0";"1";"0"
"10429";"73060";"10429";"65";"1";"1";"7";"4";"0";"1";"1";"1";"0"
"10430";"73073";"10430";"74";"1";"1";"7";"6";"0";"1";"1";"1";"0"
"10431";"73073";"10431";"67";"1";"1";"7";"6";"0";"1";"1";"1";"0"
"10432";"73078";"10432";"81";"3";"3";"2";"6";"0";"1";"1";"1";"0"
"10433";"73078";"10433";"52";"1";"3";"2";"6";"0";"2";"0";"1";"0"
"10434";"73078";"10434";"52";"1";"3";"2";"6";"0";"2";"0";"1";"0"
"10435";"73078";"10435";"21";"2";"2";"1";"6";"0";"2";"3";"1";"0"
"10436";"73078";"10436";"51";"3";"2";"1";"6";"0";"1";"2";"1";"0"
"10437";"73078";"10437";"52";"1";"1";"7";"6";"0";"3";"0";"1";"0"
"10438";"73078";"10438";"71";"2";"1";"1";"7";"1";"0";"1";"2";"0"
"10439";"73078";"10439";"52";"1";"1";"7";"6";"0";"2";"0";"1";"0"
"10440";"73078";"10440";"52";"1";"3";"1";"6";"0";"2";"1";"1";"0"
"10441";"73078";"10441";"51";"1";"3";"1";"3";"0";"1";"1";"1";"0"
"10442";"73078";"10442";"52";"3";"1";"7";"6";"1";"1";"0";"2";"0"
"10443";"73078";"10443";"52";"1";"3";"1";"6";"0";"2";"0";"1";"0"
"10444";"73078";"10444";"22";"1";"1";"7";"3";"0";"1";"1";"1";"0"
"10445";"73080";"10445";"21";"1";"1";"7";"4";"0";"1";"1";"1";"0"
"10446";"73081";"10446";"67";"1";"1";"7";"6";"0";"1";"1";"1";"0"
"10447";"73082";"10447";"72";"1";"1";"7";"6";"0";"1";"1";"1";"0"
"10448";"73083";"10448";"67";"3";"1";"7";"5";"0";"2";"0";"1";"0"
"10449";"73084";"10449";"72";"1";"1";"7";"6";"1";"0";"1";"2";"0"
"10450";"73084";"10450";"73";"1";"1";"7";"6";"1";"0";"1";"2";"0"
"10451";"73084";"10451";"51";"1";"1";"7";"4";"1";"1";"0";"2";"0"
"10452";"73096";"10452";"21";"3";"1";"1";"6";"0";"2";"1";"1";"0"
"10453";"73097";"10453";"71";"2";"1";"1";"6";"1";"0";"1";"2";"0"
"10454";"73099";"10454";"72";"4";"6";"1";"6";"0";"1";"1";"1";"0"
"10455";"73099";"10455";"20";"1";"1";"7";"1";"0";"2";"1";"1";"0"
"10456";"73099";"10456";"72";"3";"1";"7";"6";"0";"1";"1";"1";"0"
"10457";"73101";"10457";"21";"3";"3";"2";"6";"3";"0";"0";"2";"0"
"10458";"73103";"10458";"52";"3";"1";"7";"0";"0";"3";"0";"1";"0"
"10459";"73104";"10459";"51";"1";"1";"7";"3";"0";"1";"1";"1";"0"
"10460";"73104";"10460";"28";"1";"1";"7";"0";"0";"0";"0";"0";"0"
"10461";"73104";"10461";"21";"1";"1";"7";"4";"0";"2";"0";"1";"0"
"10462";"73104";"10462";"52";"3";"1";"7";"0";"1";"1";"0";"2";"0"
"10463";"73104";"10463";"52";"3";"3";"2";"0";"0";"1";"0";"1";"0"
"10464";"73104";"10464";"52";"3";"1";"7";"0";"1";"0";"0";"2";"0"
"10465";"73104";"10465";"81";"3";"1";"1";"0";"0";"2";"0";"1";"0"
"10466";"73104";"10466";"21";"3";"1";"1";"4";"0";"1";"0";"3";"0"
"10467";"73105";"10467";"23";"1";"1";"7";"4";"0";"1";"1";"1";"0"
"10468";"73105";"10468";"51";"1";"1";"7";"7";"0";"1";"1";"1";"0"
"10469";"73105";"10469";"81";"1";"1";"7";"9";"1";"0";"1";"2";"0"
"10470";"73106";"10470";"81";"1";"1";"7";"0";"0";"2";"0";"1";"0"
"10471";"73106";"10471";"51";"1";"1";"7";"6";"0";"1";"1";"1";"0"
"10472";"73108";"10472";"72";"1";"1";"7";"6";"0";"1";"1";"1";"0"
"10473";"73108";"10473";"52";"1";"1";"4";"6";"0";"1";"1";"1";"0"
"10474";"73120";"10474";"64";"1";"1";"7";"6";"0";"1";"1";"1";"0"
"10475";"73122";"10475";"27";"1";"1";"7";"0";"0";"1";"0";"1";"0"
"10476";"73129";"10476";"81";"1";"1";"7";"6";"0";"1";"1";"1";"0"
"10477";"73130";"10477";"74";"1";"1";"7";"6";"0";"1";"1";"1";"0"
"10478";"73131";"10478";"72";"1";"1";"7";"6";"0";"1";"1";"1";"0"
"10479";"73146";"10479";"72";"1";"1";"7";"6";"0";"1";"1";"1";"0"
"10480";"73151";"10480";"66";"1";"1";"7";"3";"0";"1";"1";"1";"0"
"10481";"73151";"10481";"41";"1";"1";"7";"6";"0";"1";"1";"1";"0"
"10482";"73152";"10482";"71";"1";"1";"7";"6";"0";"1";"1";"1";"0"
"10483";"73155";"10483";"64";"1";"1";"7";"6";"0";"1";"1";"1";"0"
"10484";"73156";"10484";"41";"1";"1";"7";"6";"0";"1";"1";"1";"0"
"10485";"73166";"3061";"72";"1";"1";"7";"6";"0";"1";"1";"1";"0"
"10486";"73168";"10486";"86";"1";"1";"1";"2";"0";"1";"1";"1";"0"
"10487";"73174";"10487";"52";"1";"3";"1";"2";"0";"1";"1";"1";"0"
"10488";"73175";"10488";"61";"1";"1";"7";"3";"0";"1";"1";"1";"0"
"10489";"73181";"10489";"81";"1";"1";"7";"1";"0";"1";"1";"1";"0"
"10490";"73183";"10490";"71";"1";"1";"7";"5";"0";"2";"1";"1";"0"
"10491";"73188";"10491";"26";"3";"1";"7";"1";"0";"1";"1";"1";"0"
"10492";"73191";"10492";"71";"1";"1";"1";"6";"0";"1";"1";"1";"0"
"10493";"73191";"10493";"71";"1";"3";"1";"6";"0";"1";"1";"1";"0"
"10494";"73191";"10494";"71";"1";"1";"7";"6";"0";"1";"1";"1";"0"
"10495";"73197";"10495";"71";"1";"1";"7";"3";"0";"1";"1";"1";"0"
"10496";"73197";"8881";"72";"1";"1";"7";"6";"0";"1";"1";"1";"0"
"10497";"73197";"10497";"72";"1";"1";"1";"6";"0";"1";"1";"1";"0"
"10498";"73199";"10498";"72";"1";"1";"7";"6";"0";"1";"0";"1";"0"
"10499";"73199";"10499";"67";"1";"1";"7";"4";"0";"1";"1";"1";"0"
"10500";"73202";"10500";"81";"3";"1";"7";"2";"0";"0";"1";"3";"0"
"10501";"73208";"10501";"72";"1";"1";"7";"6";"0";"1";"1";"1";"0"