"accident_id";"lieu_id";"date_id";"cause_id";"lum_id";"intemp_id";"etat_surface_id";"impliq_id";"nb_blesses_graves";"nb_blesses_legers";"nb_indemnes";"gravite";"nb_morts"
"10502";"73208";"10502";"26";"1";"1";"7";"2";"0";"1";"1";"1";"0"
"10503";"73208";"10503";"72";"1";"1";"7";"6";"0";"1";"1";"1";"0"
"10504";"73208";"10504";"52";"1";"1";"7";"5";"0";"1";"1";"1";"0"
"10505";"73209";"10505";"51";"2";"1";"7";"6";"0";"1";"1";"1";"0"
"10506";"73209";"10506";"26";"1";"1";"7";"2";"0";"1";"1";"1";"0"
"10507";"73209";"10507";"26";"1";"1";"7";"2";"0";"1";"1";"1";"0"
"10508";"73209";"10508";"52";"3";"1";"4";"0";"0";"1";"1";"1";"0"
"10509";"73209";"10509";"51";"1";"1";"7";"4";"0";"1";"1";"1";"0"
"10510";"73209";"10510";"71";"1";"1";"7";"4";"0";"1";"1";"1";"0"
"10511";"73209";"10511";"71";"1";"1";"7";"6";"0";"1";"1";"1";"0"
"10512";"73209";"10512";"73";"1";"1";"7";"7";"0";"1";"1";"1";"0"
"10513";"73209";"10513";"64";"1";"1";"7";"6";"0";"1";"1";"1";"0"
"10514";"73211";"10514";"51";"1";"2";"2";"6";"0";"1";"3";"1";"0"
"10515";"73212";"10515";"81";"1";"1";"7";"4";"0";"1";"1";"1";"0"
"10516";"73213";"7659";"71";"3";"1";"7";"6";"1";"0";"1";"2";"0"
"10517";"73213";"10517";"72";"1";"1";"7";"6";"0";"1";"1";"1";"0"
"10518";"73213";"10518";"72";"1";"1";"1";"6";"0";"2";"1";"1";"0"
"10519";"73213";"10519";"64";"1";"3";"2";"4";"0";"1";"1";"1";"0"
"10520";"73213";"10520";"72";"1";"1";"7";"6";"0";"1";"1";"1";"0"
"10521";"73214";"10521";"22";"2";"3";"2";"6";"0";"1";"1";"1";"0"
"10522";"73216";"10522";"72";"1";"1";"7";"6";"0";"1";"1";"1";"0"
"10523";"73217";"10523";"51";"1";"1";"7";"6";"0";"1";"2";"1";"0"
"10524";"73220";"10524";"21";"5";"1";"7";"3";"0";"1";"1";"1";"0"
"10525";"73225";"10525";"72";"1";"1";"7";"6";"0";"1";"1";"1";"0"
"10526";"73236";"10526";"72";"1";"1";"7";"6";"0";"1";"1";"1";"0"
"10527";"73236";"10527";"74";"3";"1";"7";"4";"1";"0";"1";"2";"0"
"10528";"73238";"10528";"72";"1";"1";"7";"6";"1";"0";"1";"2";"0"
"10529";"73238";"10529";"63";"1";"1";"7";"4";"0";"1";"1";"1";"0"
"10530";"73245";"10530";"25";"2";"1";"7";"6";"0";"2";"0";"1";"0"
"10531";"73247";"10531";"72";"1";"1";"7";"6";"1";"0";"1";"2";"0"
"10532";"73250";"10532";"21";"1";"1";"7";"6";"0";"1";"2";"1";"0"
"10533";"73253";"10533";"22";"3";"1";"7";"4";"0";"1";"1";"1";"0"
"10534";"73254";"10534";"71";"1";"1";"7";"6";"0";"1";"1";"1";"0"
"10535";"73258";"10535";"62";"1";"1";"7";"1";"0";"1";"1";"1";"0"
"10536";"73262";"10536";"81";"1";"1";"7";"0";"0";"1";"0";"1";"0"
"10537";"73263";"10537";"52";"3";"1";"7";"0";"0";"1";"0";"1";"0"
"10538";"73264";"10538";"71";"1";"1";"7";"6";"0";"1";"1";"1";"0"
"10539";"73264";"10539";"63";"3";"1";"2";"4";"0";"1";"1";"1";"0"
"10540";"73264";"10540";"71";"1";"1";"7";"6";"1";"0";"1";"2";"0"
"10541";"73264";"10541";"81";"3";"1";"7";"6";"0";"1";"0";"1";"0"
"10542";"73265";"10542";"51";"2";"1";"7";"0";"0";"1";"0";"1";"0"
"10543";"73265";"10543";"81";"3";"3";"2";"6";"0";"1";"1";"1";"0"
"10544";"73265";"10544";"71";"3";"1";"1";"6";"0";"1";"1";"1";"0"
"10545";"73266";"10545";"81";"3";"1";"7";"0";"0";"1";"0";"1";"0"
"10546";"73266";"10546";"28";"3";"1";"7";"0";"0";"1";"0";"1";"0"
"10547";"73266";"10547";"72";"1";"1";"7";"6";"0";"1";"1";"1";"0"
"10548";"73266";"10548";"72";"3";"3";"1";"6";"0";"1";"1";"1";"0"
"10549";"73266";"10549";"61";"1";"1";"7";"3";"0";"1";"1";"1";"0"
"10550";"73269";"10550";"72";"2";"1";"7";"4";"0";"2";"0";"1";"0"
"10551";"73269";"10551";"72";"1";"1";"7";"6";"0";"1";"1";"1";"0"
"10552";"73269";"10552";"63";"1";"1";"7";"6";"0";"1";"0";"1";"0"
"10553";"73269";"10553";"72";"1";"1";"7";"6";"0";"1";"1";"1";"0"
"10554";"73269";"10554";"71";"3";"1";"7";"6";"1";"0";"1";"2";"0"
"10555";"73269";"10555";"16";"1";"3";"1";"5";"0";"1";"1";"1";"0"
"10556";"73280";"10556";"72";"1";"1";"7";"6";"0";"1";"1";"1";"0"
"10557";"73282";"10557";"52";"1";"1";"7";"6";"0";"1";"1";"1";"0"
"10558";"73284";"10558";"27";"1";"1";"7";"3";"0";"1";"0";"1";"0"
"10559";"73288";"10559";"72";"1";"1";"7";"6";"0";"1";"1";"1";"0"
"10560";"73288";"10560";"72";"1";"3";"1";"6";"0";"1";"1";"1";"0"
"10561";"73289";"10561";"76";"1";"1";"7";"8";"1";"0";"1";"2";"0"
"10562";"73290";"10562";"25";"4";"1";"7";"6";"0";"1";"2";"1";"0"
"10563";"73291";"10563";"72";"1";"1";"7";"6";"0";"1";"1";"1";"0"
"10564";"73302";"10564";"52";"2";"3";"1";"6";"0";"2";"0";"1";"0"
"10565";"73302";"10565";"52";"1";"1";"7";"6";"1";"0";"1";"2";"0"
"10566";"73316";"10566";"25";"1";"1";"7";"6";"0";"1";"1";"1";"0"
"10567";"73318";"10567";"71";"1";"2";"1";"6";"0";"1";"1";"1";"0"
"10568";"73323";"10568";"26";"1";"1";"7";"2";"0";"1";"1";"1";"0"
"10569";"73323";"10569";"25";"3";"1";"7";"7";"0";"1";"1";"1";"0"
"10570";"73323";"10570";"72";"1";"1";"7";"6";"1";"0";"1";"2";"0"
"10571";"73323";"10571";"71";"1";"1";"7";"6";"0";"1";"1";"1";"0"
"10572";"73323";"10572";"25";"3";"1";"7";"6";"1";"0";"1";"2";"0"
"10573";"73325";"10573";"72";"3";"1";"7";"6";"0";"1";"1";"1";"0"
"10574";"73325";"10574";"23";"1";"1";"7";"6";"0";"1";"1";"1";"0"
"10575";"73325";"10575";"67";"1";"1";"7";"4";"0";"1";"1";"1";"0"
"10576";"73326";"10576";"71";"3";"1";"7";"6";"0";"0";"1";"3";"0"
"10577";"73326";"10577";"99";"1";"1";"7";"1";"1";"0";"1";"2";"0"
"10578";"73330";"10578";"53";"1";"1";"7";"8";"0";"1";"1";"1";"0"
"10579";"73330";"10579";"25";"2";"1";"7";"0";"0";"1";"0";"1";"0"
"10580";"73330";"10580";"72";"4";"1";"7";"6";"0";"0";"1";"3";"0"
"10581";"73331";"10581";"21";"1";"1";"7";"6";"0";"1";"1";"1";"0"
"10582";"73331";"10582";"71";"3";"1";"7";"6";"1";"0";"1";"2";"0"
"10583";"73332";"10583";"51";"3";"3";"1";"0";"0";"2";"0";"1";"0"
"10584";"73335";"10584";"52";"3";"3";"1";"0";"0";"1";"0";"1";"0"
"10585";"73336";"10585";"82";"3";"3";"1";"0";"0";"2";"0";"1";"0"
"10586";"73336";"10586";"52";"3";"1";"7";"6";"0";"1";"1";"1";"0"
"10587";"73336";"10587";"25";"3";"1";"1";"6";"0";"1";"1";"1";"0"
"10588";"73336";"10588";"25";"1";"1";"1";"6";"0";"3";"0";"1";"0"
"10589";"73336";"10589";"51";"1";"2";"2";"6";"0";"1";"1";"1";"0"
"10590";"73336";"10590";"81";"2";"1";"7";"6";"0";"1";"2";"1";"0"
"10591";"73336";"10591";"52";"1";"1";"7";"0";"0";"1";"0";"1";"0"
"10592";"73336";"10592";"52";"3";"3";"1";"0";"0";"1";"0";"1";"0"
"10593";"73336";"10593";"51";"1";"1";"1";"6";"0";"1";"1";"1";"0"
"10594";"73336";"10594";"52";"3";"1";"1";"0";"0";"1";"0";"1";"0"
"10595";"73337";"10595";"52";"3";"1";"7";"0";"1";"0";"0";"2";"0"
"10596";"73337";"10596";"25";"3";"1";"1";"7";"0";"1";"1";"1";"0"
"10597";"73337";"10597";"52";"1";"1";"1";"6";"0";"1";"1";"1";"0"
"10598";"73340";"10598";"25";"3";"1";"7";"7";"1";"0";"1";"2";"0"
"10599";"73340";"10599";"81";"3";"1";"7";"7";"0";"1";"1";"1";"0"
"10600";"73341";"10600";"71";"3";"1";"7";"6";"0";"1";"1";"1";"0"
"10601";"73356";"10601";"72";"1";"1";"7";"6";"1";"0";"1";"2";"0"
"10602";"73356";"10602";"67";"1";"1";"7";"4";"1";"0";"1";"2";"0"
"10603";"73356";"10603";"51";"1";"1";"7";"4";"0";"1";"1";"1";"0"
"10604";"73356";"10604";"81";"3";"1";"7";"6";"1";"1";"0";"2";"0"
"10605";"73357";"10605";"71";"1";"1";"7";"6";"0";"1";"1";"1";"0"
"10606";"73358";"10606";"72";"1";"1";"7";"6";"0";"1";"1";"1";"0"
"10607";"73358";"10607";"41";"1";"1";"7";"6";"0";"1";"2";"1";"0"
"10608";"73359";"10608";"71";"1";"1";"7";"6";"0";"1";"1";"1";"0"
"10609";"73359";"10609";"99";"3";"3";"2";"2";"1";"0";"1";"2";"0"
"10610";"73366";"10610";"51";"3";"1";"1";"6";"0";"1";"1";"1";"0"
"10611";"73367";"10611";"25";"3";"1";"7";"6";"2";"0";"2";"2";"0"
"10612";"73368";"10612";"64";"1";"1";"7";"4";"0";"1";"1";"1";"0"
"10613";"73373";"10613";"64";"1";"1";"7";"6";"0";"2";"0";"1";"0"
"10614";"73377";"10614";"72";"1";"1";"7";"6";"0";"1";"1";"1";"0"
"10615";"73386";"10615";"72";"1";"1";"7";"6";"0";"1";"1";"1";"0"
"10616";"73386";"10616";"72";"1";"1";"7";"6";"0";"1";"1";"1";"0"
"10617";"73386";"10617";"72";"1";"1";"7";"6";"0";"1";"1";"1";"0"
"10618";"73386";"10618";"72";"1";"1";"7";"6";"0";"1";"1";"1";"0"
"10619";"73386";"10619";"72";"1";"1";"7";"6";"0";"1";"1";"1";"0"
"10620";"73388";"10620";"52";"2";"3";"1";"6";"1";"0";"1";"2";"0"
"10621";"73390";"10621";"13";"1";"1";"7";"4";"1";"0";"1";"2";"0"
"10622";"73391";"10622";"72";"1";"1";"7";"6";"0";"1";"1";"1";"0"
"10623";"73398";"10623";"72";"1";"1";"7";"6";"0";"2";"1";"1";"0"
"10624";"73398";"10624";"52";"5";"4";"2";"6";"0";"0";"1";"3";"0"
"10625";"73399";"10625";"52";"1";"7";"7";"3";"0";"2";"0";"1";"0"
"10626";"73399";"10626";"72";"1";"1";"7";"6";"0";"1";"1";"1";"0"
"10627";"73402";"10627";"52";"3";"1";"7";"6";"0";"1";"1";"1";"0"
"10628";"73403";"10628";"71";"1";"1";"7";"6";"0";"1";"1";"1";"0"
"10629";"73407";"10629";"71";"1";"1";"7";"6";"0";"1";"1";"1";"0"
"10630";"73421";"10630";"72";"3";"1";"2";"6";"0";"1";"2";"1";"0"
"10631";"73448";"10631";"51";"1";"1";"7";"6";"0";"1";"1";"1";"0"
"10632";"73450";"10632";"81";"1";"1";"7";"4";"0";"1";"1";"1";"0"
"10633";"73451";"10633";"72";"1";"1";"7";"6";"1";"0";"1";"2";"0"
"10634";"73453";"10634";"52";"1";"1";"7";"0";"0";"0";"0";"0";"0"
"10635";"73453";"10635";"72";"3";"3";"2";"6";"0";"1";"1";"1";"0"
"10636";"73453";"10636";"26";"1";"1";"7";"1";"0";"1";"1";"1";"0"
"10637";"73453";"10637";"72";"2";"3";"1";"6";"0";"1";"1";"1";"0"
"10638";"73453";"10638";"72";"3";"3";"1";"6";"0";"1";"0";"1";"0"
"10639";"73453";"10639";"21";"3";"1";"7";"6";"0";"1";"1";"1";"0"
"10640";"73454";"10640";"71";"1";"1";"7";"6";"0";"1";"1";"1";"0"
"10641";"73455";"10641";"52";"3";"1";"7";"0";"0";"1";"0";"1";"0"
"10642";"73455";"10642";"72";"1";"1";"7";"3";"0";"1";"1";"1";"0"
"10643";"73455";"10643";"52";"3";"4";"4";"3";"0";"1";"1";"1";"0"
"10644";"73455";"10644";"81";"3";"3";"1";"6";"0";"1";"1";"1";"0"
"10645";"73455";"10645";"52";"3";"1";"7";"0";"0";"2";"0";"1";"0"
"10646";"73455";"10646";"52";"3";"1";"7";"6";"1";"3";"0";"2";"0"
"10647";"73456";"10647";"81";"3";"1";"7";"0";"0";"1";"0";"1";"0"
"10648";"73457";"6993";"81";"1";"1";"4";"0";"1";"0";"0";"2";"0"
"10649";"73462";"10649";"64";"1";"1";"7";"5";"0";"0";"1";"3";"0"
"10650";"73464";"10650";"72";"1";"1";"7";"5";"0";"2";"0";"1";"0"
"10651";"73464";"10651";"72";"3";"1";"7";"6";"0";"1";"1";"1";"0"
"10652";"73465";"10652";"67";"3";"1";"7";"6";"0";"2";"0";"1";"0"
"10653";"73465";"10653";"23";"1";"1";"7";"4";"0";"1";"1";"1";"0"
"10654";"73465";"10654";"27";"1";"1";"7";"0";"0";"1";"0";"1";"0"
"10655";"73465";"10655";"16";"1";"2";"2";"6";"0";"1";"1";"1";"0"
"10656";"73465";"10656";"21";"3";"3";"2";"6";"0";"2";"0";"1";"0"
"10657";"73465";"10657";"35";"1";"6";"1";"4";"0";"2";"1";"1";"0"
"10658";"73465";"10658";"25";"3";"2";"2";"6";"0";"1";"1";"1";"0"
"10659";"73465";"10659";"61";"3";"2";"2";"4";"0";"1";"1";"1";"0"
"10660";"73465";"10660";"71";"1";"1";"7";"6";"0";"1";"1";"1";"0"
"10661";"73465";"10661";"61";"2";"3";"1";"4";"0";"1";"1";"1";"0"
"10662";"73465";"10662";"67";"1";"3";"1";"6";"0";"4";"2";"1";"0"
"10663";"73466";"10663";"72";"3";"1";"7";"6";"0";"1";"1";"1";"0"
"10664";"73466";"10664";"67";"1";"1";"7";"5";"0";"2";"1";"1";"0"
"10665";"73466";"10665";"81";"3";"1";"7";"6";"0";"1";"0";"3";"0"
"10666";"73468";"10666";"51";"4";"1";"7";"6";"1";"0";"1";"2";"0"
"10667";"73472";"10667";"26";"1";"1";"7";"1";"0";"1";"1";"1";"0"
"10668";"73472";"10668";"62";"1";"1";"1";"4";"0";"1";"1";"1";"0"
"10669";"73476";"10669";"72";"1";"1";"7";"6";"0";"1";"1";"1";"0"
"10670";"73477";"10670";"72";"1";"3";"1";"6";"0";"1";"1";"1";"0"
"10671";"73478";"10671";"71";"1";"1";"7";"6";"1";"0";"1";"2";"0"
"10672";"73478";"10672";"71";"3";"1";"7";"6";"1";"0";"1";"2";"0"
"10673";"73479";"10673";"71";"1";"1";"1";"6";"1";"0";"1";"2";"0"
"10674";"73480";"10674";"51";"1";"1";"7";"6";"0";"1";"1";"1";"0"
"10675";"73482";"10675";"71";"1";"1";"2";"6";"1";"0";"1";"2";"0"
"10676";"73484";"10676";"99";"1";"1";"7";"3";"1";"1";"1";"2";"0"
"10677";"73493";"10677";"51";"1";"1";"7";"0";"0";"1";"0";"1";"0"
"10678";"73493";"10678";"71";"5";"1";"7";"6";"1";"0";"1";"2";"0"
"10679";"73493";"10679";"22";"1";"1";"7";"4";"0";"1";"1";"1";"0"
"10680";"73493";"10680";"72";"4";"1";"1";"6";"0";"0";"1";"3";"0"
"10681";"73493";"10681";"63";"1";"1";"1";"4";"0";"1";"1";"1";"0"
"10682";"73493";"10682";"21";"3";"1";"7";"6";"0";"3";"0";"1";"0"
"10683";"73494";"10683";"72";"3";"2";"2";"7";"0";"1";"1";"1";"0"
"10684";"73494";"10684";"81";"3";"1";"7";"5";"0";"1";"1";"1";"0"
"10685";"73494";"10685";"71";"1";"1";"7";"6";"0";"1";"1";"1";"0"
"10686";"73494";"10686";"81";"3";"1";"7";"6";"0";"5";"0";"1";"0"
"10687";"73494";"10687";"81";"3";"1";"7";"2";"1";"0";"1";"2";"0"
"10688";"73494";"10688";"72";"2";"3";"1";"6";"0";"1";"1";"1";"0"
"10689";"73494";"10689";"71";"1";"1";"7";"6";"0";"1";"1";"1";"0"
"10690";"73495";"10690";"11";"1";"1";"7";"6";"1";"0";"1";"2";"0"
"10691";"73495";"10691";"25";"1";"1";"7";"2";"0";"1";"1";"1";"0"
"10692";"73495";"10692";"72";"1";"1";"7";"6";"0";"1";"1";"1";"0"
"10693";"73495";"10693";"22";"1";"1";"7";"6";"0";"1";"1";"1";"0"
"10694";"73495";"10694";"18";"1";"1";"7";"3";"1";"0";"1";"2";"0"
"10695";"73496";"10695";"27";"1";"1";"7";"3";"0";"1";"1";"1";"0"
"10696";"73497";"10696";"72";"1";"1";"7";"6";"0";"1";"1";"1";"0"
"10697";"73497";"10697";"71";"1";"1";"7";"4";"0";"1";"1";"1";"0"
"10698";"73497";"10698";"72";"1";"1";"7";"6";"0";"1";"1";"1";"0"
"10699";"73497";"10699";"71";"1";"1";"7";"6";"0";"1";"1";"1";"0"
"10700";"73497";"10700";"72";"1";"1";"1";"4";"0";"1";"1";"1";"0"
"10701";"73498";"10701";"63";"1";"1";"7";"6";"0";"2";"0";"1";"0"
"10702";"73498";"10702";"72";"1";"1";"7";"6";"0";"2";"1";"1";"0"
"10703";"73499";"10703";"25";"3";"1";"7";"0";"0";"1";"0";"1";"0"
"10704";"73499";"10704";"25";"3";"1";"7";"0";"0";"1";"0";"1";"0"
"10705";"73499";"10705";"21";"3";"3";"2";"6";"0";"3";"0";"1";"0"
"10706";"73499";"10706";"61";"1";"1";"7";"3";"0";"1";"1";"1";"0"
"10707";"73499";"10707";"21";"3";"1";"7";"6";"0";"2";"3";"1";"0"
"10708";"73501";"10708";"52";"3";"1";"7";"6";"0";"1";"1";"1";"0"
"10709";"73501";"10709";"81";"3";"1";"1";"6";"0";"2";"2";"1";"0"
"10710";"73508";"10710";"20";"1";"1";"7";"2";"1";"0";"1";"2";"0"
"10711";"73508";"10711";"26";"1";"1";"7";"1";"0";"1";"1";"1";"0"
"10712";"73508";"10712";"72";"1";"1";"7";"6";"0";"1";"1";"1";"0"
"10713";"73508";"10713";"72";"1";"1";"7";"6";"0";"1";"1";"1";"0"
"10714";"73508";"10714";"71";"1";"1";"7";"6";"0";"1";"1";"1";"0"
"10715";"73511";"10715";"71";"1";"1";"7";"6";"1";"0";"1";"2";"0"
"10716";"73536";"10716";"72";"1";"1";"7";"6";"0";"1";"1";"1";"0"
"10717";"73563";"10717";"64";"1";"1";"7";"6";"0";"1";"1";"1";"0"
"10718";"73565";"10718";"64";"1";"1";"7";"6";"0";"1";"1";"1";"0"
"10719";"73567";"10719";"21";"1";"1";"7";"6";"1";"0";"1";"2";"0"
"10720";"73569";"10720";"72";"1";"1";"7";"6";"0";"1";"1";"1";"0"
"10721";"73582";"10721";"61";"1";"1";"7";"3";"0";"1";"1";"1";"0"
"10722";"73584";"10722";"71";"1";"1";"7";"6";"1";"0";"1";"2";"0"
"10723";"73586";"10723";"52";"1";"1";"1";"6";"0";"2";"1";"1";"0"
"10724";"73587";"10724";"22";"3";"1";"7";"5";"0";"1";"1";"1";"0"
"10725";"73588";"10725";"81";"3";"1";"7";"0";"0";"1";"0";"1";"0"
"10726";"73588";"10726";"51";"3";"3";"2";"3";"0";"1";"1";"1";"0"
"10727";"73588";"10727";"52";"1";"1";"7";"6";"0";"1";"1";"1";"0"
"10728";"73588";"10728";"32";"1";"1";"1";"6";"1";"0";"1";"2";"0"
"10729";"73590";"10729";"26";"1";"1";"7";"2";"0";"1";"1";"1";"0"
"10730";"73591";"10730";"51";"3";"4";"4";"6";"0";"2";"1";"1";"0"
"10731";"73592";"10731";"51";"1";"1";"7";"3";"0";"1";"1";"1";"0"
"10732";"73593";"10732";"72";"1";"1";"7";"6";"0";"1";"1";"1";"0"
"10733";"73593";"10733";"81";"3";"1";"7";"6";"0";"1";"1";"1";"0"
"10734";"73593";"10734";"72";"1";"1";"7";"6";"1";"0";"1";"2";"0"
"10735";"73596";"10735";"72";"1";"1";"7";"6";"1";"0";"1";"2";"0"
"10736";"73601";"10736";"21";"1";"1";"7";"6";"0";"1";"1";"1";"0"
"10737";"73604";"10737";"81";"1";"1";"7";"2";"0";"1";"1";"1";"0"
"10738";"73618";"10738";"72";"1";"1";"7";"6";"0";"1";"1";"1";"0"
"10739";"73618";"10739";"72";"1";"1";"7";"6";"0";"1";"1";"1";"0"
"10740";"73620";"10740";"64";"1";"1";"7";"2";"0";"1";"1";"1";"0"
"10741";"73650";"10741";"72";"5";"1";"7";"6";"0";"1";"1";"1";"0"
"10742";"73650";"10742";"71";"3";"1";"7";"6";"0";"1";"1";"1";"0"
"10743";"73656";"10743";"72";"1";"1";"7";"6";"0";"1";"1";"1";"0"
"10744";"73657";"10744";"52";"1";"1";"7";"6";"0";"1";"1";"1";"0"
"10745";"73657";"10745";"81";"5";"6";"1";"6";"0";"1";"1";"1";"0"
"10746";"73657";"10746";"81";"3";"1";"7";"6";"0";"3";"0";"1";"0"
"10747";"73657";"10747";"25";"2";"1";"7";"6";"0";"2";"0";"1";"0"
"10748";"73657";"10748";"72";"3";"3";"1";"6";"0";"1";"0";"1";"0"
"10749";"73658";"10749";"81";"3";"3";"1";"0";"0";"1";"0";"1";"0"
"10750";"73658";"10750";"21";"3";"1";"7";"8";"0";"1";"1";"1";"0"
"10751";"73658";"10751";"72";"1";"1";"1";"6";"0";"1";"1";"1";"0"
"10752";"73658";"10752";"72";"1";"1";"7";"6";"0";"1";"1";"1";"0"
"10753";"73658";"10753";"72";"1";"3";"2";"6";"1";"0";"1";"2";"0"
"10754";"73658";"10754";"52";"3";"1";"7";"6";"1";"0";"1";"2";"0"
"10755";"73659";"10755";"61";"3";"1";"7";"3";"0";"1";"1";"1";"0"
"10756";"73663";"10756";"72";"1";"1";"7";"6";"1";"1";"2";"2";"0"
"10757";"73672";"10757";"35";"1";"1";"7";"4";"0";"1";"1";"1";"0"
"10758";"73672";"10758";"52";"3";"1";"7";"6";"0";"1";"0";"1";"0"
"10759";"73678";"10759";"51";"1";"1";"7";"6";"1";"0";"1";"2";"0"
"10760";"73678";"10760";"24";"1";"1";"7";"4";"1";"0";"1";"2";"0"
"10761";"73681";"10761";"51";"1";"1";"7";"6";"0";"1";"1";"1";"0"
"10762";"73688";"10762";"71";"1";"1";"7";"6";"1";"0";"1";"2";"0"
"10763";"73690";"10763";"72";"1";"1";"7";"6";"1";"0";"1";"2";"0"
"10764";"73690";"10764";"23";"1";"1";"7";"2";"0";"1";"1";"1";"0"
"10765";"73696";"10765";"51";"3";"1";"7";"0";"0";"1";"0";"1";"0"
"10766";"73699";"10766";"25";"3";"1";"2";"6";"0";"1";"1";"1";"0"
"10767";"73700";"10767";"72";"1";"1";"7";"6";"0";"1";"1";"1";"0"
"10768";"73701";"10768";"32";"1";"1";"7";"3";"0";"2";"0";"1";"0"
"10769";"73701";"10769";"52";"3";"1";"7";"6";"0";"1";"1";"1";"0"
"10770";"73703";"10770";"22";"3";"1";"7";"6";"0";"1";"1";"1";"0"
"10771";"73706";"10771";"72";"3";"1";"7";"6";"0";"1";"1";"1";"0"
"10772";"73709";"10772";"72";"1";"1";"7";"6";"0";"1";"1";"1";"0"
"10773";"73709";"10773";"72";"1";"1";"7";"6";"0";"1";"1";"1";"0"
"10774";"73710";"10774";"51";"1";"1";"7";"1";"0";"1";"2";"1";"0"
"10775";"73711";"10775";"72";"1";"1";"1";"3";"0";"1";"1";"1";"0"
"10776";"73716";"10776";"72";"1";"2";"2";"6";"0";"1";"1";"1";"0"
"10777";"73716";"10777";"26";"1";"1";"7";"2";"1";"2";"0";"2";"0"
"10778";"73716";"10778";"66";"1";"1";"7";"2";"1";"0";"1";"2";"0"
"10779";"73716";"10779";"26";"1";"1";"7";"2";"0";"1";"1";"1";"0"
"10780";"73716";"10780";"32";"1";"1";"7";"6";"0";"1";"1";"1";"0"
"10781";"73716";"10781";"51";"1";"1";"7";"6";"0";"2";"1";"1";"0"
"10782";"73716";"10782";"23";"3";"1";"7";"6";"0";"1";"1";"1";"0"
"10783";"73716";"10783";"64";"1";"1";"7";"4";"0";"1";"1";"1";"0"
"10784";"73716";"10784";"72";"1";"1";"7";"6";"0";"1";"1";"1";"0"
"10785";"73716";"10785";"51";"1";"1";"7";"3";"0";"2";"0";"1";"0"
"10786";"73718";"10786";"72";"1";"1";"7";"6";"0";"1";"1";"1";"0"
"10787";"73723";"10787";"51";"3";"1";"7";"6";"0";"1";"1";"1";"0"
"10788";"73723";"10788";"72";"1";"1";"1";"6";"0";"1";"1";"1";"0"
"10789";"73724";"10789";"71";"1";"1";"7";"6";"1";"0";"1";"2";"0"
"10790";"73724";"10790";"51";"3";"1";"7";"6";"0";"1";"0";"1";"0"
"10791";"73724";"10791";"52";"1";"1";"7";"6";"0";"4";"0";"1";"0"
"10792";"73725";"10792";"72";"1";"3";"1";"6";"0";"1";"1";"1";"0"
"10793";"73727";"10793";"51";"1";"1";"1";"6";"0";"3";"0";"1";"0"
"10794";"73728";"10794";"51";"1";"1";"7";"6";"0";"4";"0";"1";"0"
"10795";"73728";"10795";"52";"3";"1";"7";"6";"0";"1";"1";"1";"0"
"10796";"73728";"10796";"25";"3";"7";"1";"6";"0";"1";"0";"1";"0"
"10797";"73729";"10797";"72";"1";"1";"7";"6";"0";"1";"1";"1";"0"
"10798";"73731";"10798";"41";"3";"1";"7";"6";"0";"4";"1";"1";"0"
"10799";"73731";"10799";"28";"1";"1";"7";"0";"1";"0";"0";"2";"0"
"10800";"73731";"10800";"81";"3";"1";"7";"6";"0";"1";"1";"1";"0"
"10801";"73731";"10801";"26";"1";"1";"7";"1";"0";"1";"1";"1";"0"
"10802";"73732";"10802";"72";"1";"1";"7";"6";"0";"1";"1";"1";"0"
"10803";"73732";"10803";"63";"1";"1";"7";"4";"0";"1";"2";"1";"0"
"10804";"73739";"1318";"52";"3";"1";"7";"6";"0";"1";"1";"1";"0"
"10805";"73739";"10805";"64";"1";"1";"7";"4";"1";"0";"1";"2";"0"
"10806";"73739";"10806";"63";"1";"1";"7";"5";"0";"1";"1";"1";"0"
"10807";"73740";"10807";"16";"3";"7";"7";"6";"0";"1";"1";"1";"0"
"10808";"73740";"10808";"81";"3";"1";"7";"6";"0";"2";"2";"1";"0"
"10809";"73741";"10809";"72";"1";"1";"6";"6";"1";"0";"1";"2";"0"
"10810";"73742";"10810";"81";"3";"1";"7";"6";"1";"5";"0";"2";"0"
"10811";"73743";"10811";"81";"1";"1";"7";"6";"0";"1";"1";"1";"0"
"10812";"73743";"10812";"28";"3";"1";"7";"0";"0";"2";"0";"1";"0"
"10813";"73743";"10813";"51";"3";"1";"7";"6";"0";"3";"0";"1";"0"
"10814";"73743";"10814";"65";"4";"2";"5";"6";"0";"1";"1";"1";"0"
"10815";"73743";"10815";"23";"1";"1";"7";"5";"1";"0";"1";"2";"0"
"10816";"73743";"10816";"64";"1";"1";"7";"6";"0";"1";"1";"1";"0"
"10817";"73743";"10817";"51";"3";"1";"7";"3";"1";"0";"1";"2";"0"
"10818";"73747";"10818";"52";"3";"1";"7";"0";"0";"1";"0";"1";"0"
"10819";"73748";"10819";"67";"1";"1";"7";"6";"0";"1";"3";"1";"0"
"10820";"73757";"10820";"52";"3";"3";"2";"0";"0";"1";"0";"1";"0"
"10821";"73757";"10821";"52";"1";"1";"7";"6";"0";"1";"1";"1";"0"
"10822";"73757";"10822";"52";"1";"1";"7";"6";"0";"1";"1";"1";"0"
"10823";"73767";"10823";"51";"1";"1";"7";"4";"0";"1";"1";"1";"0"
"10824";"73767";"10824";"51";"1";"3";"1";"6";"0";"1";"1";"1";"0"
"10825";"73803";"10825";"21";"3";"1";"1";"6";"0";"1";"1";"1";"0"