"accident_id";"lieu_id";"date_id";"cause_id";"lum_id";"intemp_id";"etat_surface_id";"impliq_id";"nb_blesses_graves";"nb_blesses_legers";"nb_indemnes";"gravite";"nb_morts"
"10826";"73828";"10826";"52";"3";"1";"7";"0";"0";"1";"0";"1";"0"
"10827";"73828";"10827";"35";"1";"1";"7";"4";"0";"1";"1";"1";"0"
"10828";"73829";"10828";"64";"1";"6";"1";"6";"0";"1";"1";"1";"0"
"10829";"73831";"10829";"81";"3";"1";"2";"9";"1";"0";"1";"2";"0"
"10830";"73832";"10830";"52";"1";"1";"7";"7";"0";"0";"1";"3";"0"
"10831";"73857";"10831";"22";"1";"1";"7";"4";"0";"1";"1";"1";"0"
"10832";"73863";"10832";"71";"1";"1";"7";"6";"0";"1";"1";"1";"0"
"10833";"73913";"10833";"72";"1";"1";"7";"6";"0";"1";"1";"1";"0"
"10834";"73932";"10834";"64";"1";"1";"7";"6";"0";"1";"1";"1";"0"
"10835";"73955";"10835";"72";"4";"1";"7";"6";"0";"1";"1";"1";"0"
"10836";"73961";"10836";"51";"1";"1";"7";"6";"0";"1";"6";"1";"0"
"10837";"73969";"10837";"82";"1";"1";"7";"7";"0";"1";"1";"1";"0"
"10838";"73971";"10838";"81";"3";"1";"7";"6";"0";"2";"1";"1";"0"
"10839";"73971";"10839";"64";"1";"2";"1";"6";"1";"0";"1";"2";"0"
"10840";"73972";"10840";"51";"2";"1";"7";"3";"1";"0";"1";"2";"0"
"10841";"73972";"10841";"51";"1";"1";"7";"6";"0";"1";"1";"1";"0"
"10842";"73972";"10842";"51";"1";"2";"1";"6";"0";"1";"3";"1";"0"
"10843";"73972";"10843";"51";"3";"3";"1";"6";"1";"0";"2";"2";"0"
"10844";"73972";"10844";"18";"1";"1";"7";"7";"0";"1";"1";"1";"0"
"10845";"73975";"10845";"27";"1";"1";"7";"4";"0";"2";"1";"1";"0"
"10846";"73975";"10846";"51";"1";"1";"7";"3";"0";"1";"1";"1";"0"
"10847";"73975";"10847";"67";"2";"1";"7";"4";"0";"1";"1";"1";"0"
"10848";"73977";"10848";"72";"1";"1";"7";"6";"0";"1";"1";"1";"0"
"10849";"73978";"10849";"26";"1";"1";"7";"1";"1";"0";"0";"2";"0"
"10850";"73991";"10850";"51";"1";"1";"7";"6";"0";"5";"0";"1";"0"
"10851";"73994";"10851";"72";"1";"1";"7";"4";"0";"1";"1";"1";"0"
"10852";"73997";"10852";"64";"1";"1";"7";"6";"0";"1";"1";"1";"0"
"10853";"73999";"10853";"71";"1";"1";"7";"6";"0";"1";"1";"1";"0"
"10854";"74000";"10854";"52";"3";"1";"7";"0";"1";"0";"0";"3";"0"
"10855";"74009";"10855";"71";"1";"1";"7";"6";"0";"1";"1";"1";"0"
"10856";"74018";"10856";"20";"1";"1";"7";"1";"1";"1";"1";"2";"0"
"10857";"74018";"10857";"14";"1";"1";"7";"5";"0";"1";"1";"1";"0"
"10858";"74018";"10858";"52";"3";"1";"7";"2";"0";"1";"1";"1";"0"
"10859";"74018";"10859";"64";"1";"1";"7";"6";"0";"1";"1";"1";"0"
"10860";"74023";"10860";"72";"1";"1";"7";"6";"0";"1";"1";"1";"0"
"10861";"74034";"10861";"71";"3";"1";"7";"8";"1";"0";"1";"2";"0"
"10862";"74037";"10862";"71";"1";"1";"7";"6";"1";"0";"1";"2";"0"
"10863";"74037";"10863";"11";"1";"1";"7";"4";"0";"2";"0";"1";"0"
"10864";"74046";"10864";"52";"1";"3";"1";"2";"0";"2";"1";"1";"0"
"10865";"74054";"10865";"72";"3";"1";"7";"6";"0";"1";"1";"1";"0"
"10866";"74054";"10866";"71";"1";"1";"7";"6";"0";"1";"1";"1";"0"
"10867";"74055";"10867";"63";"1";"1";"7";"4";"0";"1";"1";"1";"0"
"10868";"74057";"10868";"72";"1";"1";"1";"6";"0";"1";"1";"1";"0"
"10869";"74057";"10869";"82";"2";"1";"7";"6";"0";"0";"2";"3";"0"
"10870";"74057";"10870";"35";"1";"1";"7";"4";"0";"1";"1";"1";"0"
"10871";"74059";"10871";"72";"1";"1";"7";"7";"0";"1";"1";"1";"0"
"10872";"74059";"10872";"72";"1";"3";"1";"6";"0";"1";"1";"1";"0"
"10873";"74073";"10873";"32";"1";"1";"7";"6";"0";"1";"1";"1";"0"
"10874";"74073";"10874";"71";"1";"3";"2";"3";"0";"0";"1";"3";"0"
"10875";"74073";"10875";"72";"1";"1";"7";"4";"0";"2";"0";"1";"0"
"10876";"74073";"10876";"72";"1";"1";"1";"3";"0";"1";"1";"1";"0"
"10877";"74073";"10877";"24";"1";"1";"7";"2";"0";"1";"1";"1";"0"
"10878";"74078";"10878";"72";"1";"1";"7";"4";"0";"1";"1";"1";"0"
"10879";"74082";"10879";"67";"1";"1";"7";"6";"0";"1";"1";"1";"0"
"10880";"74087";"10880";"71";"1";"1";"7";"6";"1";"0";"1";"2";"0"
"10881";"74091";"10881";"72";"1";"2";"1";"6";"0";"1";"1";"1";"0"
"10882";"74092";"10882";"72";"1";"1";"7";"6";"0";"1";"1";"1";"0"
"10883";"74093";"10883";"72";"1";"1";"1";"6";"1";"0";"1";"2";"0"
"10884";"74095";"10884";"72";"1";"1";"7";"6";"0";"1";"1";"1";"0"
"10885";"74100";"10885";"72";"1";"1";"7";"6";"0";"1";"1";"1";"0"
"10886";"74106";"10886";"72";"1";"1";"2";"6";"0";"1";"1";"1";"0"
"10887";"74108";"10887";"72";"1";"1";"7";"6";"1";"0";"1";"2";"0"
"10888";"74114";"10888";"53";"1";"1";"7";"0";"0";"1";"0";"1";"0"
"10889";"74120";"10889";"64";"1";"1";"7";"4";"0";"1";"1";"1";"0"
"10890";"74120";"10890";"64";"3";"1";"7";"8";"0";"1";"1";"1";"0"
"10891";"74150";"10891";"63";"1";"1";"7";"3";"0";"1";"1";"1";"0"
"10892";"74150";"10892";"72";"1";"1";"7";"6";"0";"1";"1";"1";"0"
"10893";"74150";"10893";"72";"1";"1";"7";"6";"0";"1";"1";"1";"0"
"10894";"74151";"10894";"72";"3";"1";"7";"6";"1";"0";"1";"2";"0"
"10895";"74153";"10895";"52";"1";"1";"7";"0";"1";"0";"0";"2";"0"
"10896";"74557";"10896";"81";"3";"1";"7";"0";"1";"0";"1";"2";"0"
"10897";"74567";"10897";"12";"5";"3";"2";"9";"1";"1";"0";"3";"0"
"10898";"74567";"10898";"12";"5";"3";"2";"9";"0";"1";"2";"1";"0"
"10899";"74567";"10899";"81";"1";"3";"2";"6";"1";"1";"1";"2";"0"
"10900";"74583";"10900";"72";"2";"1";"7";"6";"0";"1";"1";"1";"0"
"10901";"74599";"10901";"81";"3";"1";"2";"7";"1";"0";"1";"2";"0"
"10902";"74599";"10902";"52";"1";"1";"7";"0";"0";"1";"4";"1";"0"
"10903";"75207";"10903";"72";"3";"1";"7";"6";"0";"1";"1";"1";"0"
"10904";"75227";"10904";"51";"5";"6";"7";"6";"0";"2";"1";"1";"0"
"10905";"75227";"10905";"51";"5";"3";"1";"2";"0";"2";"1";"1";"0"
"10906";"75227";"10906";"52";"1";"3";"1";"6";"0";"1";"0";"3";"0"
"10907";"75227";"10907";"64";"1";"1";"7";"6";"0";"1";"1";"1";"0"
"10908";"75227";"10908";"52";"1";"1";"1";"6";"0";"2";"0";"1";"0"
"10909";"75227";"10909";"52";"1";"2";"1";"6";"0";"1";"0";"3";"0"
"10910";"75232";"3024";"51";"1";"1";"7";"7";"1";"0";"0";"2";"0"
"10911";"75248";"10911";"21";"1";"1";"7";"6";"1";"1";"0";"2";"0"
"10912";"75285";"10912";"64";"1";"1";"7";"4";"1";"0";"1";"2";"0"
"10913";"75285";"10417";"71";"1";"3";"2";"6";"0";"1";"1";"1";"0"
"10914";"75286";"10914";"21";"1";"1";"7";"6";"1";"1";"0";"2";"0"
"10915";"75286";"10915";"16";"1";"1";"7";"6";"0";"3";"4";"1";"0"
"10916";"75286";"10916";"72";"1";"1";"7";"6";"0";"1";"1";"1";"0"
"10917";"75908";"10917";"52";"1";"1";"7";"0";"0";"1";"0";"1";"0"
"10918";"75911";"10918";"67";"1";"1";"7";"6";"1";"0";"1";"2";"0"
"10919";"75911";"10919";"12";"5";"1";"7";"0";"2";"1";"0";"2";"0"
"10920";"75913";"10920";"52";"3";"1";"7";"3";"1";"0";"1";"2";"0"
"10921";"75913";"10921";"52";"5";"3";"1";"6";"0";"2";"4";"1";"0"
"10922";"75928";"10922";"51";"1";"1";"7";"3";"0";"1";"1";"1";"0"
"10923";"75928";"10923";"51";"3";"1";"7";"6";"0";"2";"1";"1";"0"
"10924";"75928";"10924";"51";"3";"1";"7";"7";"0";"2";"3";"1";"0"
"10925";"75928";"10925";"52";"3";"1";"1";"0";"0";"0";"0";"3";"0"
"10926";"75936";"10926";"52";"1";"1";"4";"6";"1";"0";"1";"2";"0"
"10927";"75936";"10927";"52";"1";"7";"7";"0";"0";"2";"3";"1";"0"
"10928";"75936";"10928";"52";"3";"6";"7";"0";"1";"0";"1";"2";"0"
"10929";"75937";"10929";"51";"1";"1";"7";"4";"1";"0";"1";"2";"0"
"10930";"75939";"10930";"52";"1";"3";"1";"6";"0";"2";"2";"1";"0"
"10931";"75943";"10931";"52";"3";"3";"2";"6";"0";"5";"0";"1";"0"
"10932";"75946";"10932";"24";"1";"1";"7";"5";"1";"0";"1";"2";"0"
"10933";"75949";"10933";"22";"1";"1";"7";"6";"1";"0";"1";"2";"0"
"10934";"75950";"10934";"51";"1";"1";"7";"4";"0";"1";"1";"1";"0"
"10935";"75950";"10935";"52";"5";"1";"7";"0";"1";"1";"0";"2";"0"
"10936";"75963";"10936";"21";"1";"1";"7";"6";"0";"1";"1";"1";"0"
"10937";"75985";"10937";"52";"1";"1";"7";"6";"1";"0";"1";"2";"0"
"10938";"75993";"10938";"52";"5";"1";"7";"0";"0";"0";"0";"3";"0"
"10939";"75993";"10939";"52";"5";"1";"7";"0";"0";"0";"0";"3";"0"
"10940";"75993";"10940";"52";"1";"1";"7";"0";"1";"0";"0";"2";"0"
"10941";"75993";"10941";"81";"3";"1";"1";"2";"0";"1";"1";"1";"0"
"10942";"75993";"10942";"52";"1";"3";"1";"0";"0";"0";"0";"3";"0"
"10943";"75994";"10943";"51";"1";"1";"7";"6";"0";"0";"4";"3";"2"
"10944";"76017";"10944";"74";"1";"1";"7";"6";"0";"1";"1";"1";"0"
"10945";"76638";"10945";"52";"1";"1";"7";"0";"1";"0";"0";"2";"0"
"10946";"76655";"10946";"52";"1";"2";"1";"6";"0";"1";"0";"1";"0"
"10947";"76656";"10947";"52";"2";"1";"7";"0";"0";"2";"0";"1";"0"
"10948";"76656";"10948";"64";"1";"1";"7";"9";"0";"1";"1";"1";"0"
"10949";"76658";"10949";"35";"1";"1";"7";"4";"0";"1";"1";"1";"0"
"10950";"76658";"10950";"36";"1";"1";"7";"7";"0";"1";"1";"1";"0"
"10951";"76658";"10951";"52";"2";"1";"2";"6";"0";"1";"0";"3";"0"
"10952";"76658";"10952";"51";"1";"1";"7";"6";"0";"2";"2";"1";"0"
"10953";"76659";"10953";"52";"1";"6";"4";"0";"0";"1";"0";"1";"0"
"10954";"76662";"10954";"71";"1";"1";"5";"6";"1";"0";"1";"2";"0"
"10955";"76681";"7501";"72";"1";"3";"1";"6";"1";"0";"1";"2";"0"
"10956";"76681";"10956";"72";"1";"1";"7";"6";"0";"1";"1";"1";"0"
"10957";"76682";"10957";"52";"3";"1";"7";"6";"0";"1";"2";"1";"0"
"10958";"76682";"10958";"52";"3";"1";"7";"6";"0";"1";"2";"1";"0"
"10959";"76683";"10959";"72";"1";"1";"7";"6";"0";"1";"1";"1";"0"
"10960";"76683";"10960";"73";"1";"1";"7";"6";"1";"0";"1";"2";"0"
"10961";"76683";"10961";"26";"1";"1";"7";"2";"0";"1";"1";"1";"0"
"10962";"76685";"10962";"52";"1";"4";"4";"6";"0";"1";"1";"1";"0"
"10963";"76686";"10963";"71";"3";"1";"7";"6";"0";"1";"1";"1";"0"
"10964";"76696";"10964";"21";"1";"1";"7";"4";"1";"0";"1";"2";"0"
"10965";"76711";"10965";"22";"3";"1";"7";"6";"1";"2";"0";"2";"0"
"10966";"76723";"10966";"24";"1";"1";"7";"4";"0";"1";"1";"1";"0"
"10967";"76727";"10967";"25";"3";"1";"7";"0";"0";"1";"0";"1";"0"
"10968";"76727";"10968";"14";"3";"1";"7";"6";"0";"1";"3";"1";"0"
"10969";"76730";"10969";"52";"3";"1";"7";"0";"1";"2";"0";"2";"0"
"10970";"76736";"10970";"21";"1";"1";"7";"6";"0";"1";"0";"1";"0"
"10971";"76737";"10971";"52";"1";"1";"5";"6";"1";"0";"1";"2";"0"
"10972";"76739";"10972";"71";"1";"1";"7";"6";"0";"1";"1";"1";"0"
"10973";"76739";"10973";"52";"3";"1";"7";"0";"0";"1";"0";"1";"0"
"10974";"76739";"10974";"52";"1";"1";"7";"7";"0";"1";"1";"1";"0"
"10975";"76743";"10975";"12";"3";"1";"7";"9";"0";"0";"1";"3";"0"
"10976";"76746";"10976";"51";"5";"1";"1";"9";"1";"0";"0";"2";"0"
"10977";"76749";"10977";"51";"1";"1";"7";"3";"1";"0";"1";"2";"0"
"10978";"76749";"10978";"67";"1";"1";"7";"6";"0";"1";"1";"1";"0"
"10979";"76749";"10979";"51";"3";"3";"2";"6";"0";"2";"0";"1";"0"
"10980";"76750";"10980";"52";"3";"1";"7";"0";"0";"4";"1";"1";"0"
"10981";"76750";"10981";"51";"2";"1";"7";"6";"0";"1";"1";"1";"0"
"10982";"76751";"10982";"51";"5";"7";"7";"4";"0";"1";"1";"1";"0"
"10983";"76751";"10983";"64";"1";"1";"7";"6";"0";"1";"1";"1";"0"
"10984";"76751";"10984";"23";"1";"1";"7";"6";"0";"5";"0";"1";"0"
"10985";"76751";"10985";"51";"5";"6";"1";"7";"0";"1";"1";"1";"0"
"10986";"76751";"10986";"51";"5";"6";"7";"4";"1";"0";"0";"3";"0"
"10987";"76751";"10987";"52";"1";"1";"7";"0";"0";"1";"0";"1";"0"
"10988";"76751";"10988";"21";"5";"1";"7";"6";"0";"1";"1";"3";"0"
"10989";"76751";"10989";"23";"1";"1";"7";"6";"0";"1";"0";"1";"0"
"10990";"76751";"10990";"51";"1";"3";"2";"6";"0";"4";"0";"1";"0"
"10991";"76752";"10991";"26";"1";"2";"1";"2";"0";"1";"1";"1";"0"
"10992";"76753";"10992";"64";"1";"1";"7";"6";"1";"0";"1";"2";"0"
"10993";"76758";"10993";"72";"1";"1";"7";"6";"0";"1";"1";"1";"0"
"10994";"76759";"10994";"63";"1";"1";"1";"6";"0";"1";"1";"1";"0"
"10995";"76766";"10995";"74";"1";"1";"7";"6";"0";"1";"1";"1";"0"
"10996";"76772";"10996";"71";"1";"3";"2";"6";"0";"1";"2";"1";"0"
"10997";"76772";"10997";"36";"3";"4";"2";"6";"0";"1";"1";"1";"0"
"10998";"76773";"10998";"71";"1";"1";"7";"6";"0";"1";"1";"1";"0"
"10999";"76774";"10999";"81";"3";"1";"7";"7";"1";"0";"1";"2";"0"
"11000";"76774";"11000";"26";"1";"1";"7";"1";"0";"1";"1";"1";"0"
"11001";"76774";"11001";"26";"1";"6";"1";"1";"0";"1";"1";"1";"0"
"11002";"76774";"11002";"35";"1";"1";"1";"3";"0";"1";"1";"1";"0"
"11003";"76774";"11003";"72";"1";"1";"7";"6";"0";"1";"1";"1";"0"
"11004";"76774";"11004";"71";"1";"1";"7";"6";"0";"1";"2";"1";"0"
"11005";"76774";"11005";"67";"1";"1";"7";"5";"0";"1";"1";"1";"0"
"11006";"76774";"11006";"26";"3";"1";"7";"2";"1";"0";"1";"2";"0"
"11007";"76778";"11007";"52";"5";"4";"4";"0";"0";"1";"0";"1";"0"
"11008";"76778";"11008";"52";"5";"3";"1";"0";"0";"1";"0";"1";"0"
"11009";"76778";"11009";"36";"1";"1";"7";"6";"3";"0";"0";"2";"0"
"11010";"76778";"11010";"52";"5";"1";"7";"0";"0";"1";"0";"1";"0"
"11011";"76778";"11011";"52";"5";"1";"7";"0";"0";"0";"0";"3";"0"
"11012";"76778";"11012";"52";"5";"1";"7";"0";"1";"0";"0";"2";"0"
"11013";"76778";"11013";"52";"5";"1";"7";"0";"0";"0";"0";"3";"0"
"11014";"76780";"11014";"52";"5";"1";"7";"0";"0";"1";"0";"1";"0"
"11015";"76780";"11015";"35";"4";"3";"1";"7";"0";"3";"1";"1";"0"
"11016";"76780";"11016";"51";"1";"2";"1";"6";"1";"1";"0";"2";"0"
"11017";"76780";"11017";"51";"5";"6";"1";"6";"0";"2";"1";"1";"0"
"11018";"76780";"11018";"27";"5";"1";"7";"9";"0";"1";"0";"1";"0"
"11019";"76781";"11019";"52";"5";"1";"7";"0";"1";"0";"0";"3";"0"
"11020";"76781";"11020";"52";"1";"3";"1";"0";"1";"0";"0";"2";"0"
"11021";"76781";"11021";"21";"5";"1";"7";"3";"0";"0";"2";"3";"0"
"11022";"76781";"11022";"33";"1";"3";"1";"7";"0";"2";"3";"1";"0"
"11023";"76781";"11023";"52";"2";"1";"6";"0";"1";"0";"0";"2";"0"
"11024";"76782";"11024";"52";"5";"1";"7";"6";"0";"1";"1";"1";"0"
"11025";"76782";"11025";"36";"1";"1";"7";"3";"1";"1";"1";"2";"0"
"11026";"76783";"11026";"81";"5";"4";"4";"0";"0";"1";"0";"1";"0"
"11027";"76785";"11027";"21";"1";"1";"7";"6";"0";"1";"1";"1";"0"
"11028";"76799";"11028";"72";"1";"1";"7";"6";"0";"1";"1";"1";"0"
"11029";"76805";"11029";"52";"1";"1";"7";"0";"1";"0";"0";"2";"0"
"11030";"76809";"11030";"73";"1";"1";"7";"6";"0";"1";"1";"1";"0"
"11031";"76816";"11031";"51";"1";"1";"7";"6";"0";"1";"1";"1";"0"
"11032";"76818";"11032";"51";"1";"1";"7";"3";"0";"1";"1";"1";"0"
"11033";"76819";"11033";"36";"1";"1";"7";"3";"0";"1";"1";"1";"0"
"11034";"76820";"11034";"25";"3";"1";"7";"6";"0";"1";"0";"1";"0"
"11035";"76820";"11035";"52";"3";"1";"7";"6";"0";"1";"1";"1";"0"
"11036";"76822";"11036";"52";"3";"3";"2";"6";"0";"1";"2";"1";"0"
"11037";"76826";"11037";"52";"1";"1";"4";"7";"0";"2";"0";"1";"0"
"11038";"76831";"11038";"52";"5";"4";"3";"0";"1";"0";"0";"2";"0"
"11039";"76832";"11039";"72";"1";"1";"7";"6";"0";"1";"1";"1";"0"
"11040";"76834";"11040";"52";"3";"1";"7";"0";"0";"2";"0";"1";"0"
"11041";"76834";"11041";"52";"1";"7";"1";"0";"0";"1";"0";"1";"0"
"11042";"76836";"11042";"52";"3";"1";"7";"0";"0";"2";"0";"1";"0"
"11043";"76836";"11043";"52";"3";"1";"7";"0";"2";"0";"0";"2";"0"
"11044";"76836";"11044";"21";"1";"3";"1";"6";"1";"2";"0";"2";"0"
"11045";"76836";"11045";"52";"1";"1";"4";"6";"0";"2";"1";"3";"0"
"11046";"76836";"11046";"52";"1";"1";"1";"0";"0";"1";"0";"1";"0"
"11047";"76836";"11047";"21";"3";"3";"1";"6";"1";"1";"0";"2";"0"
"11048";"76836";"11048";"52";"3";"1";"1";"0";"2";"0";"0";"2";"0"
"11049";"76836";"11049";"52";"1";"2";"1";"0";"1";"2";"0";"2";"0"
"11050";"76836";"11050";"21";"1";"3";"1";"7";"0";"3";"0";"1";"0"
"11051";"76836";"11051";"52";"3";"1";"7";"0";"0";"1";"2";"1";"0"
"11052";"76846";"11052";"21";"5";"1";"7";"4";"0";"1";"0";"3";"0"
"11053";"76847";"11053";"52";"1";"1";"7";"0";"0";"2";"0";"1";"0"
"11054";"76879";"11054";"52";"5";"1";"7";"0";"0";"1";"0";"1";"0"
"11055";"76918";"11055";"72";"3";"1";"7";"6";"0";"1";"1";"1";"0"
"11056";"76919";"11056";"23";"1";"1";"1";"6";"1";"0";"1";"2";"0"
"11057";"76933";"11057";"52";"1";"3";"2";"6";"1";"1";"0";"2";"0"
"11058";"76957";"11058";"52";"1";"3";"2";"6";"0";"7";"0";"1";"0"
"11059";"76958";"11059";"72";"1";"1";"1";"6";"0";"1";"1";"1";"0"
"11060";"76958";"11060";"64";"1";"1";"1";"6";"0";"1";"1";"1";"0"
"11061";"76958";"11061";"71";"1";"1";"1";"6";"1";"0";"1";"2";"0"
"11062";"76964";"11062";"51";"5";"1";"7";"3";"0";"1";"1";"1";"0"
"11063";"76982";"11063";"52";"1";"6";"4";"6";"0";"1";"1";"1";"0"
"11064";"76983";"11064";"52";"3";"3";"1";"2";"1";"0";"1";"2";"0"
"11065";"76983";"11065";"21";"1";"1";"7";"5";"1";"0";"1";"2";"0"
"11066";"76986";"11066";"51";"1";"6";"2";"6";"0";"1";"3";"1";"0"
"11067";"76987";"11067";"35";"1";"1";"7";"3";"0";"1";"2";"1";"0"
"11068";"76987";"11068";"21";"1";"1";"7";"7";"0";"1";"1";"3";"0"
"11069";"76996";"11069";"25";"1";"1";"7";"0";"0";"1";"0";"1";"0"
"11070";"76996";"11070";"51";"1";"1";"7";"6";"0";"0";"1";"3";"0"
"11071";"76996";"11071";"72";"2";"1";"7";"6";"0";"0";"1";"3";"0"
"11072";"77555";"11072";"81";"5";"3";"2";"0";"0";"1";"2";"1";"0"
"11073";"77562";"11073";"52";"5";"3";"2";"6";"1";"1";"0";"2";"0"
"11074";"77562";"11074";"52";"5";"6";"1";"0";"1";"0";"0";"2";"0"
"11075";"77563";"11075";"52";"5";"4";"2";"0";"2";"0";"0";"2";"0"
"11076";"77563";"11076";"52";"5";"3";"1";"6";"2";"0";"0";"2";"0"
"11077";"77564";"11077";"52";"5";"1";"7";"6";"1";"0";"2";"2";"0"
"11078";"77564";"11078";"36";"5";"3";"1";"6";"2";"0";"1";"2";"0"
"11079";"77565";"11079";"81";"3";"1";"7";"6";"1";"0";"0";"3";"0"
"11080";"77599";"11080";"81";"2";"1";"7";"6";"4";"3";"0";"3";"1"
"11081";"78245";"11081";"51";"1";"3";"2";"4";"1";"0";"1";"2";"0"
"11082";"78255";"11082";"51";"1";"1";"7";"6";"0";"1";"1";"1";"0"
"11083";"78261";"11083";"34";"1";"1";"7";"4";"0";"1";"1";"1";"0"
"11084";"78264";"11084";"52";"1";"1";"7";"6";"0";"1";"0";"1";"0"
"11085";"78264";"11085";"25";"1";"1";"7";"6";"0";"2";"0";"1";"0"
"11086";"78265";"11086";"36";"1";"1";"7";"6";"0";"0";"2";"3";"0"
"11087";"78265";"11087";"64";"1";"1";"7";"6";"0";"1";"1";"1";"0"
"11088";"78268";"11088";"72";"1";"1";"7";"6";"0";"2";"1";"1";"0"
"11089";"78270";"11089";"25";"3";"1";"7";"6";"0";"2";"0";"1";"0"
"11090";"78278";"11090";"51";"1";"1";"7";"6";"0";"1";"2";"1";"0"
"11091";"78285";"11091";"25";"1";"1";"7";"7";"1";"0";"1";"2";"0"
"11092";"78285";"11092";"52";"3";"3";"5";"0";"1";"0";"0";"2";"0"
"11093";"78286";"11093";"52";"2";"1";"7";"0";"0";"1";"0";"1";"0"
"11094";"78287";"11094";"51";"1";"1";"7";"6";"1";"0";"1";"2";"0"
"11095";"78287";"11095";"22";"1";"1";"7";"7";"0";"0";"1";"0";"0"
"11096";"78287";"11096";"81";"5";"1";"7";"0";"1";"0";"0";"2";"0"
"11097";"78298";"11097";"67";"1";"1";"7";"4";"0";"2";"0";"1";"0"
"11098";"78302";"11098";"72";"2";"1";"1";"6";"0";"1";"1";"1";"0"
"11099";"78324";"11099";"71";"3";"2";"1";"6";"0";"1";"1";"1";"0"
"11100";"78325";"11100";"63";"1";"1";"7";"4";"0";"1";"1";"1";"0"
"11101";"78326";"11101";"81";"1";"1";"7";"6";"1";"0";"1";"2";"0"
"11102";"78327";"11102";"65";"1";"1";"7";"6";"0";"1";"1";"1";"0"
"11103";"78327";"11103";"52";"3";"1";"7";"6";"0";"2";"2";"1";"0"
"11104";"78327";"11104";"51";"1";"1";"7";"3";"0";"1";"1";"1";"0"
"11105";"78327";"11105";"52";"3";"1";"7";"0";"0";"1";"0";"1";"0"
"11106";"78328";"11106";"51";"1";"1";"7";"6";"0";"1";"1";"1";"0"
"11107";"78329";"11107";"71";"1";"1";"7";"6";"0";"1";"1";"1";"0"
"11108";"78351";"11108";"51";"1";"1";"7";"6";"0";"1";"1";"1";"0"
"11109";"78351";"11109";"52";"1";"1";"7";"6";"0";"1";"1";"1";"0"
"11110";"78352";"11110";"11";"1";"1";"7";"6";"0";"1";"1";"1";"0"
"11111";"78353";"11111";"52";"1";"1";"2";"0";"0";"3";"0";"1";"0"
"11112";"78353";"11112";"73";"1";"1";"2";"6";"1";"0";"1";"2";"0"
"11113";"78353";"11113";"51";"1";"3";"1";"6";"0";"3";"4";"1";"0"
"11114";"78353";"11114";"72";"3";"1";"1";"6";"0";"1";"1";"1";"0"
"11115";"78353";"11115";"51";"1";"1";"7";"6";"0";"1";"2";"1";"0"
"11116";"78353";"11116";"51";"3";"1";"7";"6";"0";"1";"1";"1";"0"
"11117";"78353";"11117";"51";"1";"3";"1";"6";"0";"1";"2";"1";"0"
"11118";"78353";"11118";"52";"1";"1";"7";"0";"0";"2";"0";"1";"0"
"11119";"78354";"11119";"72";"3";"1";"7";"6";"1";"0";"1";"2";"0"
"11120";"78354";"11120";"99";"3";"1";"2";"6";"1";"0";"1";"2";"0"
"11121";"78354";"11121";"62";"1";"2";"1";"6";"0";"1";"1";"1";"0"
"11122";"78354";"11122";"99";"3";"1";"7";"2";"0";"1";"0";"1";"0"
"11123";"78355";"11123";"51";"3";"1";"7";"6";"0";"2";"2";"1";"0"
"11124";"78355";"11124";"51";"3";"1";"4";"0";"1";"0";"0";"2";"0"
"11125";"78355";"11125";"51";"1";"1";"7";"6";"0";"1";"0";"1";"0"
"11126";"78355";"11126";"52";"1";"1";"7";"0";"0";"1";"0";"1";"0"
"11127";"78359";"11127";"51";"1";"1";"7";"3";"0";"2";"0";"1";"0"
"11128";"78368";"11128";"81";"4";"1";"7";"6";"0";"2";"0";"1";"0"
"11129";"78368";"11129";"67";"1";"1";"7";"4";"0";"1";"1";"1";"0"
"11130";"78373";"11130";"64";"3";"7";"7";"4";"0";"1";"1";"1";"0"
"11131";"78374";"11131";"64";"1";"1";"7";"6";"0";"1";"1";"1";"0"
"11132";"78375";"11132";"64";"1";"1";"7";"6";"0";"1";"1";"1";"0"
"11133";"78382";"11133";"72";"1";"3";"1";"6";"0";"1";"1";"1";"0"
"11134";"78389";"11134";"25";"1";"1";"7";"6";"0";"2";"1";"1";"0"
"11135";"78397";"11135";"21";"1";"1";"7";"6";"1";"1";"1";"2";"0"
"11136";"78397";"11136";"53";"1";"1";"7";"6";"0";"1";"0";"1";"0"
"11137";"78398";"11137";"21";"1";"1";"7";"6";"0";"2";"1";"1";"0"
"11138";"78398";"11138";"21";"1";"1";"7";"6";"0";"1";"1";"1";"0"
"11139";"78398";"11139";"21";"1";"1";"7";"6";"0";"1";"1";"1";"0"
"11140";"78425";"11140";"71";"1";"3";"2";"6";"0";"1";"1";"1";"0"
"11141";"78437";"11141";"64";"1";"1";"7";"4";"1";"0";"1";"2";"0"
"11142";"78437";"11142";"25";"3";"1";"7";"6";"0";"1";"0";"1";"0"
"11143";"78439";"11143";"99";"1";"1";"7";"8";"0";"1";"1";"1";"0"
"11144";"78440";"11144";"26";"3";"1";"7";"2";"0";"1";"1";"1";"0"
"11145";"78446";"11145";"67";"2";"1";"7";"4";"1";"0";"1";"2";"0"
"11146";"78446";"11146";"62";"3";"1";"7";"6";"0";"1";"1";"1";"0"
"11147";"78446";"11147";"25";"3";"1";"7";"6";"0";"1";"0";"1";"0"
"11148";"78446";"11148";"51";"1";"1";"7";"6";"0";"1";"1";"1";"0"
"11149";"78446";"11149";"64";"1";"1";"7";"3";"0";"1";"1";"1";"0"
"11150";"78447";"11150";"67";"1";"1";"7";"4";"0";"1";"1";"1";"0"