"accident_id";"lieu_id";"date_id";"cause_id";"lum_id";"intemp_id";"etat_surface_id";"impliq_id";"nb_blesses_graves";"nb_blesses_legers";"nb_indemnes";"gravite";"nb_morts"
"11151";"78447";"11151";"51";"1";"1";"7";"6";"1";"1";"0";"2";"0"
"11152";"78447";"11152";"21";"1";"1";"7";"6";"0";"2";"0";"1";"0"
"11153";"78447";"11153";"21";"3";"1";"4";"6";"0";"2";"0";"1";"0"
"11154";"78456";"11154";"71";"1";"3";"2";"6";"0";"1";"1";"1";"0"
"11155";"78456";"11155";"71";"1";"3";"2";"6";"0";"1";"1";"1";"0"
"11156";"78456";"11156";"67";"3";"3";"1";"4";"0";"1";"1";"1";"0"
"11157";"78457";"11157";"63";"3";"3";"1";"5";"0";"1";"1";"1";"0"
"11158";"78460";"11158";"72";"2";"1";"7";"6";"0";"1";"1";"1";"0"
"11159";"78467";"11159";"23";"1";"1";"7";"4";"0";"1";"1";"1";"0"
"11160";"78480";"11160";"52";"3";"1";"7";"0";"1";"0";"0";"2";"0"
"11161";"78485";"11161";"21";"1";"1";"7";"4";"0";"1";"1";"1";"0"
"11162";"78485";"11162";"25";"1";"1";"7";"6";"0";"1";"1";"1";"0"
"11163";"78491";"11163";"25";"3";"6";"2";"4";"0";"1";"1";"1";"0"
"11164";"78492";"11164";"72";"1";"1";"7";"6";"0";"1";"1";"1";"0"
"11165";"78494";"11165";"52";"2";"1";"7";"6";"1";"0";"1";"2";"0"
"11166";"78494";"11166";"64";"1";"1";"7";"6";"0";"1";"1";"1";"0"
"11167";"78494";"11167";"71";"1";"1";"7";"6";"0";"2";"0";"1";"0"
"11168";"78494";"11168";"25";"3";"1";"1";"6";"0";"1";"0";"1";"0"
"11169";"78497";"11169";"71";"1";"1";"7";"6";"1";"0";"1";"2";"0"
"11170";"78501";"11170";"21";"3";"1";"7";"6";"0";"1";"2";"1";"0"
"11171";"78506";"11171";"64";"1";"1";"7";"4";"0";"1";"1";"1";"0"
"11172";"78506";"11172";"71";"1";"1";"7";"6";"1";"0";"1";"2";"0"
"11173";"78506";"11173";"25";"3";"4";"4";"6";"0";"1";"3";"1";"0"
"11174";"78514";"11174";"51";"1";"1";"7";"0";"0";"1";"0";"1";"0"
"11175";"78518";"2078";"75";"1";"1";"7";"6";"0";"1";"1";"1";"0"
"11176";"78519";"11176";"21";"1";"1";"7";"6";"0";"1";"1";"1";"0"
"11177";"78519";"11177";"21";"3";"3";"2";"6";"0";"2";"0";"1";"0"
"11178";"78523";"11178";"72";"1";"1";"7";"6";"0";"1";"1";"1";"0"
"11179";"78524";"11179";"72";"3";"1";"7";"6";"0";"1";"1";"1";"0"
"11180";"78527";"11180";"63";"1";"1";"7";"6";"1";"0";"3";"2";"0"
"11181";"78528";"11181";"21";"1";"1";"7";"6";"0";"1";"1";"1";"0"
"11182";"78531";"11182";"52";"1";"1";"7";"6";"0";"1";"1";"1";"0"
"11183";"78535";"11183";"64";"1";"1";"7";"6";"0";"1";"1";"1";"0"
"11184";"78538";"11184";"71";"1";"1";"7";"9";"0";"1";"0";"1";"0"
"11185";"78538";"11185";"52";"1";"1";"4";"0";"0";"1";"0";"1";"0"
"11186";"78538";"11186";"52";"1";"1";"7";"0";"2";"0";"0";"2";"0"
"11187";"78538";"11187";"35";"1";"1";"7";"4";"0";"1";"1";"1";"0"
"11188";"78539";"11188";"63";"3";"3";"1";"4";"0";"1";"1";"1";"0"
"11189";"78543";"11189";"72";"1";"1";"7";"6";"0";"1";"1";"1";"0"
"11190";"78543";"11190";"18";"3";"2";"1";"6";"0";"1";"1";"1";"0"
"11191";"78543";"11191";"72";"1";"1";"7";"6";"0";"1";"1";"1";"0"
"11192";"78543";"11192";"72";"1";"1";"7";"6";"1";"0";"1";"2";"0"
"11193";"78544";"11193";"21";"1";"1";"7";"6";"0";"1";"1";"1";"0"
"11194";"78544";"11194";"52";"1";"1";"7";"4";"1";"0";"1";"2";"0"
"11195";"78547";"11195";"64";"3";"2";"2";"6";"0";"1";"1";"1";"0"
"11196";"78554";"11196";"52";"3";"1";"7";"0";"0";"1";"0";"1";"0"
"11197";"78556";"11197";"51";"1";"1";"7";"0";"0";"1";"0";"1";"0"
"11198";"78557";"11198";"63";"1";"1";"7";"4";"0";"2";"0";"1";"0"
"11199";"78579";"11199";"72";"2";"1";"7";"6";"0";"1";"1";"1";"0"
"11200";"78580";"11200";"72";"1";"1";"7";"6";"0";"1";"1";"1";"0"
"11201";"78580";"11201";"81";"3";"1";"7";"6";"0";"1";"1";"1";"0"
"11202";"78580";"11202";"71";"1";"3";"1";"6";"0";"1";"1";"1";"0"
"11203";"78599";"11203";"72";"1";"1";"7";"6";"0";"1";"1";"1";"0"
"11204";"78615";"11204";"71";"1";"1";"7";"6";"0";"1";"1";"1";"0"
"11205";"78620";"11205";"21";"1";"1";"7";"5";"0";"1";"2";"1";"0"
"11206";"78620";"11206";"52";"1";"3";"1";"0";"0";"1";"0";"1";"0"
"11207";"78631";"11207";"72";"1";"1";"7";"6";"1";"0";"1";"2";"0"
"11208";"78631";"11208";"72";"1";"1";"7";"6";"0";"1";"1";"1";"0"
"11209";"78637";"11209";"72";"1";"2";"2";"6";"0";"1";"1";"1";"0"
"11210";"78646";"11210";"26";"1";"1";"7";"1";"0";"1";"1";"1";"0"
"11211";"78646";"11211";"26";"1";"1";"7";"2";"0";"1";"1";"1";"0"
"11212";"78653";"11212";"22";"1";"1";"7";"6";"0";"1";"1";"1";"0"
"11213";"78657";"11213";"72";"3";"1";"7";"6";"0";"1";"1";"1";"0"
"11214";"78672";"11214";"35";"1";"1";"7";"5";"0";"1";"1";"1";"0"
"11215";"78672";"11215";"25";"3";"1";"1";"6";"0";"1";"0";"1";"0"
"11216";"78673";"11216";"18";"1";"1";"7";"6";"0";"1";"1";"1";"0"
"11217";"78674";"11217";"51";"1";"1";"7";"7";"0";"1";"1";"1";"0"
"11218";"78675";"11218";"21";"1";"1";"7";"4";"0";"2";"0";"1";"0"
"11219";"78675";"11219";"21";"1";"1";"7";"4";"0";"2";"0";"1";"0"
"11220";"78676";"11220";"25";"2";"6";"7";"6";"0";"1";"0";"1";"0"
"11221";"78683";"11221";"51";"3";"1";"1";"2";"0";"1";"0";"1";"0"
"11222";"78689";"11222";"14";"1";"1";"7";"6";"0";"1";"0";"1";"0"
"11223";"78689";"11223";"14";"1";"1";"7";"6";"0";"1";"5";"1";"0"
"11224";"78689";"11224";"14";"1";"1";"7";"6";"0";"1";"1";"1";"0"
"11225";"78689";"11225";"14";"1";"1";"7";"6";"0";"1";"1";"1";"0"
"11226";"78689";"11226";"66";"1";"1";"7";"2";"0";"1";"1";"1";"0"
"11227";"78696";"11227";"24";"1";"1";"7";"0";"0";"0";"0";"3";"0"
"11228";"78706";"11228";"67";"1";"1";"7";"6";"0";"1";"1";"1";"0"
"11229";"78707";"11229";"24";"1";"1";"7";"3";"0";"1";"1";"1";"0"
"11230";"78716";"11230";"72";"3";"1";"7";"6";"1";"0";"1";"2";"0"
"11231";"78716";"11231";"71";"1";"1";"7";"6";"1";"0";"1";"2";"0"
"11232";"78716";"11232";"71";"1";"1";"7";"6";"0";"1";"1";"1";"0"
"11233";"78718";"11233";"25";"3";"7";"1";"6";"0";"2";"0";"1";"0"
"11234";"78722";"11234";"81";"2";"2";"1";"6";"0";"1";"0";"3";"0"
"11235";"78725";"11235";"41";"1";"1";"7";"6";"0";"1";"1";"1";"0"
"11236";"78796";"11236";"21";"3";"1";"7";"6";"0";"2";"1";"1";"0"
"11237";"78800";"11237";"72";"1";"1";"7";"6";"0";"1";"1";"1";"0"
"11238";"78821";"11238";"51";"3";"1";"7";"0";"0";"2";"0";"3";"0"
"11239";"78823";"11239";"52";"1";"1";"7";"6";"0";"2";"0";"1";"0"
"11240";"78830";"11240";"21";"1";"3";"2";"6";"0";"3";"0";"1";"0"
"11241";"78830";"11241";"72";"2";"1";"7";"6";"0";"1";"1";"1";"0"
"11242";"78831";"11242";"51";"1";"1";"7";"6";"0";"1";"4";"1";"0"
"11243";"78833";"11243";"51";"1";"1";"7";"6";"0";"1";"3";"1";"0"
"11244";"78833";"11244";"22";"3";"1";"7";"5";"0";"1";"1";"1";"0"
"11245";"78833";"11245";"51";"1";"1";"7";"6";"0";"1";"1";"1";"0"
"11246";"78835";"11246";"74";"3";"4";"3";"6";"0";"2";"1";"1";"0"
"11247";"78836";"11247";"51";"3";"1";"7";"0";"0";"1";"0";"1";"0"
"11248";"78836";"11248";"51";"1";"1";"7";"0";"0";"0";"0";"0";"0"
"11249";"78837";"11249";"18";"1";"1";"7";"6";"0";"1";"1";"1";"0"
"11250";"78838";"11250";"51";"1";"1";"7";"0";"0";"1";"0";"1";"0"
"11251";"78840";"11251";"51";"3";"1";"7";"0";"0";"1";"3";"1";"0"
"11252";"78841";"11252";"51";"3";"1";"7";"0";"0";"2";"0";"1";"0"
"11253";"78841";"11253";"51";"1";"1";"1";"6";"0";"1";"1";"1";"0"
"11254";"78841";"11254";"51";"1";"1";"7";"6";"0";"1";"0";"1";"0"
"11255";"78841";"11255";"51";"3";"1";"7";"0";"0";"2";"0";"1";"0"
"11256";"78841";"11256";"51";"1";"4";"1";"6";"0";"1";"0";"1";"0"
"11257";"78841";"11257";"51";"3";"3";"1";"0";"0";"1";"1";"1";"0"
"11258";"78841";"11258";"51";"1";"1";"7";"7";"1";"0";"1";"2";"0"
"11259";"78841";"11259";"52";"3";"1";"7";"0";"0";"1";"0";"1";"0"
"11260";"78855";"11260";"51";"3";"1";"1";"0";"1";"0";"0";"3";"0"
"11261";"78857";"11261";"52";"1";"1";"7";"0";"0";"1";"0";"1";"0"
"11262";"78872";"11262";"52";"1";"3";"1";"6";"0";"1";"1";"1";"0"
"11263";"78872";"11263";"52";"1";"1";"7";"6";"0";"1";"1";"1";"0"
"11264";"78872";"11264";"52";"1";"3";"1";"6";"0";"1";"1";"1";"0"
"11265";"78872";"11265";"21";"1";"1";"1";"6";"0";"1";"1";"1";"0"
"11266";"78872";"11266";"52";"3";"1";"7";"0";"1";"1";"0";"2";"0"
"11267";"78886";"11267";"51";"3";"1";"7";"0";"0";"1";"0";"1";"0"
"11268";"78899";"11268";"51";"1";"1";"7";"6";"0";"1";"0";"1";"0"
"11269";"78905";"11269";"51";"1";"1";"7";"0";"0";"1";"0";"1";"0"
"11270";"78913";"11270";"20";"2";"1";"7";"2";"0";"1";"1";"1";"0"
"11271";"78913";"11271";"52";"3";"3";"4";"6";"0";"3";"1";"1";"0"
"11272";"78922";"11272";"51";"1";"1";"1";"0";"0";"1";"0";"1";"0"
"11273";"78922";"11273";"51";"1";"1";"7";"6";"0";"1";"1";"1";"0"
"11274";"78922";"11274";"51";"3";"1";"7";"0";"0";"1";"0";"3";"0"
"11275";"78922";"11275";"51";"1";"1";"7";"6";"0";"3";"1";"1";"0"
"11276";"78924";"11276";"51";"3";"1";"1";"0";"1";"0";"0";"2";"0"
"11277";"79407";"11277";"26";"3";"1";"7";"2";"1";"0";"1";"2";"0"
"11278";"79407";"11278";"85";"3";"2";"2";"6";"0";"1";"1";"1";"0"
"11279";"79425";"11279";"81";"3";"1";"7";"6";"3";"0";"2";"2";"0"
"11280";"79425";"11280";"26";"1";"1";"7";"1";"0";"1";"1";"1";"0"
"11281";"79426";"11281";"72";"1";"1";"7";"6";"1";"0";"1";"2";"0"
"11282";"79426";"11282";"51";"1";"1";"7";"6";"0";"1";"1";"1";"0"
"11283";"79429";"11283";"71";"1";"1";"7";"6";"0";"1";"1";"1";"0"
"11284";"79431";"11284";"51";"1";"1";"1";"6";"1";"0";"1";"2";"0"
"11285";"79431";"11285";"71";"1";"1";"7";"6";"0";"0";"1";"3";"0"
"11286";"79435";"11286";"52";"3";"1";"7";"0";"1";"4";"0";"2";"0"
"11287";"79442";"11287";"51";"1";"1";"7";"6";"1";"1";"0";"2";"0"
"11288";"79443";"11288";"16";"1";"1";"7";"5";"1";"0";"1";"2";"0"
"11289";"79445";"11289";"71";"2";"1";"7";"6";"0";"1";"1";"1";"0"
"11290";"79449";"11290";"26";"1";"1";"7";"1";"1";"0";"1";"2";"0"
"11291";"79449";"11291";"71";"1";"1";"7";"6";"1";"0";"1";"2";"0"
"11292";"79449";"11292";"26";"1";"1";"7";"2";"1";"0";"1";"2";"0"
"11293";"79449";"11293";"81";"3";"1";"7";"6";"0";"1";"1";"1";"0"
"11294";"79449";"11294";"51";"1";"1";"7";"6";"0";"1";"1";"1";"0"
"11295";"79450";"11295";"81";"1";"1";"7";"2";"1";"0";"1";"2";"0"
"11296";"79450";"11296";"81";"3";"1";"7";"6";"1";"0";"1";"2";"0"
"11297";"79451";"11297";"26";"1";"1";"7";"2";"1";"0";"1";"2";"0"
"11298";"79451";"11298";"22";"1";"1";"7";"6";"0";"1";"2";"1";"0"
"11299";"79453";"11299";"71";"3";"1";"7";"6";"1";"0";"1";"2";"0"
"11300";"79453";"11300";"71";"1";"1";"1";"6";"1";"0";"1";"2";"0"
"11301";"79453";"11301";"71";"1";"3";"2";"6";"0";"0";"1";"3";"0"
"11302";"79453";"11302";"20";"1";"1";"7";"1";"0";"1";"2";"3";"1"
"11303";"79453";"11303";"81";"1";"1";"7";"3";"0";"0";"1";"3";"0"
"11304";"79453";"11304";"63";"3";"1";"7";"5";"0";"1";"1";"1";"0"
"11305";"79454";"11305";"25";"3";"1";"7";"6";"3";"0";"0";"2";"0"
"11306";"79454";"11306";"26";"3";"1";"7";"2";"0";"1";"1";"1";"0"
"11307";"79454";"11307";"71";"2";"3";"2";"6";"1";"0";"1";"2";"0"
"11308";"79455";"11308";"72";"3";"2";"1";"6";"1";"0";"1";"2";"0"
"11309";"79455";"11309";"71";"3";"1";"7";"6";"1";"0";"1";"2";"0"
"11310";"79458";"11310";"71";"3";"1";"7";"6";"1";"0";"1";"2";"0"
"11311";"79477";"11311";"86";"3";"1";"7";"7";"0";"1";"1";"1";"0"
"11312";"79482";"11312";"71";"1";"1";"7";"6";"0";"1";"1";"1";"0"
"11313";"79493";"11313";"26";"1";"1";"7";"2";"1";"0";"1";"2";"0"
"11314";"79494";"11314";"35";"1";"1";"7";"4";"0";"1";"1";"1";"0"
"11315";"79494";"11315";"71";"1";"1";"7";"6";"1";"0";"1";"2";"0"
"11316";"79494";"11316";"26";"1";"1";"7";"2";"1";"1";"1";"2";"0"
"11317";"79496";"11317";"72";"1";"1";"7";"6";"0";"1";"1";"1";"0"
"11318";"79496";"11318";"72";"1";"1";"7";"6";"1";"0";"1";"2";"0"
"11319";"79496";"11319";"72";"1";"1";"7";"6";"1";"0";"1";"2";"0"
"11320";"79512";"11320";"63";"3";"1";"7";"5";"1";"0";"1";"2";"0"
"11321";"79512";"11321";"62";"1";"1";"7";"4";"1";"0";"1";"2";"0"
"11322";"79512";"11322";"72";"3";"1";"7";"4";"2";"0";"1";"2";"0"
"11323";"79517";"11323";"36";"1";"1";"7";"2";"0";"2";"0";"1";"0"
"11324";"79518";"11324";"26";"1";"3";"2";"1";"1";"0";"1";"2";"0"
"11325";"79518";"11325";"81";"1";"1";"7";"3";"0";"1";"1";"1";"0"
"11326";"79518";"11326";"23";"1";"1";"7";"4";"0";"2";"0";"1";"0"
"11327";"79543";"11327";"52";"3";"7";"7";"0";"0";"1";"0";"1";"0"
"11328";"79559";"11328";"51";"1";"3";"2";"6";"0";"1";"2";"1";"0"
"11329";"79585";"11329";"22";"1";"1";"7";"6";"0";"1";"1";"1";"0"
"11330";"79585";"11330";"21";"1";"1";"7";"6";"1";"0";"1";"2";"0"
"11331";"79591";"11331";"52";"1";"1";"7";"0";"0";"1";"0";"1";"0"
"11332";"79601";"11332";"52";"1";"1";"7";"0";"1";"0";"1";"2";"0"
"11333";"79616";"11333";"21";"2";"1";"7";"6";"0";"1";"1";"1";"0"
"11334";"79622";"11334";"51";"1";"1";"7";"4";"1";"1";"0";"2";"0"
"11335";"79629";"11335";"51";"1";"1";"7";"0";"0";"1";"0";"1";"0"
"11336";"79630";"11336";"36";"5";"3";"2";"6";"0";"2";"0";"1";"0"
"11337";"79630";"11337";"72";"1";"1";"7";"6";"0";"1";"1";"1";"0"
"11338";"79631";"11338";"51";"1";"1";"7";"0";"0";"2";"0";"1";"0"
"11339";"79641";"11339";"72";"3";"1";"7";"6";"0";"1";"1";"1";"0"
"11340";"79652";"11340";"76";"3";"6";"1";"6";"0";"1";"1";"1";"0"
"11341";"79658";"11341";"75";"3";"3";"1";"2";"1";"0";"0";"2";"0"
"11342";"79717";"11342";"21";"1";"3";"2";"6";"0";"3";"1";"1";"0"
"11343";"79718";"11343";"52";"1";"1";"1";"6";"1";"1";"0";"3";"0"
"11344";"79718";"11344";"52";"5";"1";"7";"0";"2";"0";"0";"2";"0"
"11345";"79718";"11345";"52";"1";"1";"7";"0";"0";"1";"0";"1";"0"
"11346";"79718";"11346";"81";"3";"3";"1";"0";"0";"1";"0";"1";"0"
"11347";"79719";"11347";"52";"1";"1";"7";"0";"1";"0";"0";"2";"0"
"11348";"79719";"11348";"52";"1";"3";"2";"0";"0";"2";"0";"1";"0"
"11349";"79720";"11349";"81";"1";"1";"7";"0";"4";"3";"0";"3";"1"
"11350";"79724";"11350";"72";"1";"1";"7";"6";"0";"1";"1";"1";"0"
"11351";"79727";"11351";"74";"1";"1";"7";"6";"0";"1";"1";"1";"0"
"11352";"79728";"11352";"71";"1";"1";"7";"6";"0";"1";"1";"1";"0"
"11353";"79730";"11353";"71";"3";"1";"7";"6";"1";"0";"1";"2";"0"
"11354";"79731";"11354";"81";"1";"1";"7";"2";"0";"1";"1";"1";"0"
"11355";"79744";"11355";"52";"1";"2";"2";"6";"1";"2";"0";"2";"0"
"11356";"79751";"11356";"63";"1";"1";"7";"2";"0";"1";"0";"1";"0"
"11357";"79790";"11357";"22";"3";"1";"7";"6";"1";"0";"1";"2";"0"
"11358";"79790";"11358";"41";"1";"1";"7";"6";"0";"1";"2";"1";"0"
"11359";"79817";"11359";"72";"1";"1";"7";"6";"0";"1";"1";"1";"0"
"11360";"79833";"11360";"21";"2";"1";"7";"3";"0";"1";"1";"1";"0"
"11361";"79840";"11361";"72";"1";"1";"7";"6";"1";"0";"1";"2";"0"
"11362";"79841";"11362";"52";"1";"7";"2";"7";"1";"0";"1";"3";"0"
"11363";"79841";"11363";"72";"1";"1";"7";"6";"0";"1";"1";"1";"0"
"11364";"80443";"11364";"63";"1";"1";"7";"4";"0";"1";"1";"1";"0"
"11365";"80445";"11365";"51";"1";"1";"7";"3";"0";"1";"0";"1";"0"
"11366";"80445";"11366";"67";"1";"3";"1";"4";"0";"1";"1";"1";"0"
"11367";"80450";"11367";"21";"1";"1";"7";"6";"1";"0";"1";"2";"0"
"11368";"80450";"11368";"25";"3";"1";"7";"6";"0";"1";"0";"1";"0"
"11369";"80450";"11369";"51";"3";"1";"7";"2";"0";"1";"1";"1";"0"
"11370";"80450";"11370";"67";"1";"1";"7";"4";"0";"1";"1";"1";"0"
"11371";"80453";"11371";"72";"1";"1";"7";"6";"0";"1";"1";"1";"0"
"11372";"80455";"11372";"52";"3";"1";"7";"6";"0";"1";"1";"1";"0"
"11373";"80456";"11373";"41";"3";"1";"7";"0";"0";"2";"0";"1";"0"
"11374";"80457";"11374";"25";"1";"1";"7";"6";"0";"1";"1";"1";"0"
"11375";"80457";"11375";"72";"1";"1";"7";"6";"0";"1";"1";"1";"0"
"11376";"80464";"11376";"72";"1";"1";"7";"6";"0";"1";"1";"1";"0"
"11377";"80466";"11377";"71";"1";"1";"7";"6";"0";"1";"1";"1";"0"
"11378";"80484";"11378";"72";"1";"1";"7";"6";"0";"1";"1";"1";"0"
"11379";"80489";"11379";"26";"3";"1";"7";"1";"0";"1";"1";"1";"0"
"11380";"80490";"11380";"72";"1";"1";"7";"6";"0";"1";"2";"1";"0"
"11381";"80491";"11381";"28";"2";"1";"7";"0";"0";"1";"0";"1";"0"
"11382";"80491";"11382";"51";"1";"1";"7";"0";"0";"1";"0";"1";"0"
"11383";"80491";"11383";"52";"1";"1";"7";"0";"0";"1";"0";"1";"0"
"11384";"80491";"11384";"26";"1";"3";"1";"2";"0";"1";"1";"1";"0"
"11385";"80491";"11385";"26";"1";"1";"7";"1";"0";"1";"1";"1";"0"
"11386";"80491";"11386";"51";"3";"1";"7";"6";"0";"1";"0";"1";"0"
"11387";"80491";"11387";"71";"1";"1";"7";"6";"0";"1";"1";"1";"0"
"11388";"80492";"11388";"72";"1";"1";"7";"6";"0";"1";"1";"1";"0"
"11389";"80493";"11389";"71";"3";"1";"7";"6";"0";"1";"1";"1";"0"
"11390";"80494";"11390";"51";"3";"1";"7";"6";"0";"1";"0";"1";"0"
"11391";"80498";"11391";"72";"1";"1";"7";"6";"0";"1";"1";"1";"0"
"11392";"80504";"11392";"67";"1";"1";"7";"4";"0";"1";"1";"1";"0"
"11393";"80506";"11393";"25";"3";"1";"7";"6";"0";"1";"0";"1";"0"
"11394";"80511";"11394";"72";"1";"1";"7";"6";"0";"1";"1";"1";"0"
"11395";"80519";"11395";"52";"3";"1";"1";"6";"1";"0";"1";"2";"0"
"11396";"80519";"11396";"61";"3";"3";"1";"3";"0";"0";"2";"3";"0"
"11397";"80547";"11397";"21";"1";"1";"7";"6";"0";"1";"1";"1";"0"
"11398";"80550";"11398";"25";"1";"4";"3";"6";"0";"1";"1";"1";"0"
"11399";"80581";"11399";"72";"1";"1";"1";"6";"0";"1";"1";"1";"0"
"11400";"80599";"11400";"26";"1";"1";"7";"1";"0";"1";"1";"1";"0"
"11401";"80613";"11401";"26";"1";"1";"7";"2";"1";"0";"1";"2";"0"
"11402";"80613";"11402";"64";"3";"3";"1";"4";"0";"1";"2";"1";"0"
"11403";"80614";"11403";"72";"1";"1";"7";"6";"0";"1";"1";"1";"0"
"11404";"80615";"11404";"23";"1";"1";"4";"2";"0";"1";"1";"1";"0"
"11405";"80645";"11405";"17";"1";"1";"7";"6";"0";"1";"1";"1";"0"
"11406";"80645";"11406";"67";"1";"1";"7";"4";"0";"1";"1";"1";"0"
"11407";"80646";"11407";"71";"3";"1";"1";"6";"0";"2";"1";"1";"0"
"11408";"80646";"11408";"26";"1";"1";"7";"2";"0";"1";"1";"1";"0"
"11409";"80647";"11409";"26";"1";"1";"7";"2";"0";"1";"1";"1";"0"
"11410";"80648";"11410";"72";"2";"3";"1";"6";"0";"1";"1";"1";"0"
"11411";"80648";"11411";"71";"3";"3";"1";"6";"0";"1";"1";"1";"0"
"11412";"80650";"11412";"81";"3";"1";"7";"6";"0";"2";"0";"1";"0"
"11413";"80650";"11413";"67";"1";"1";"7";"4";"1";"0";"1";"2";"0"
"11414";"80650";"11414";"82";"3";"1";"7";"0";"0";"1";"0";"1";"0"
"11415";"80650";"11415";"71";"1";"1";"1";"6";"0";"1";"1";"1";"0"
"11416";"80650";"11416";"52";"3";"1";"7";"0";"0";"5";"0";"1";"0"
"11417";"80650";"11417";"71";"3";"2";"1";"6";"1";"0";"1";"2";"0"
"11418";"80651";"11418";"21";"3";"2";"2";"6";"0";"2";"0";"1";"0"
"11419";"80651";"11419";"64";"3";"1";"7";"6";"1";"0";"1";"2";"0"
"11420";"80651";"11420";"72";"1";"1";"7";"6";"0";"1";"1";"1";"0"
"11421";"80652";"11421";"34";"1";"1";"7";"6";"0";"5";"0";"1";"0"
"11422";"80652";"11422";"23";"3";"1";"7";"4";"0";"2";"1";"1";"0"
"11423";"80652";"11423";"71";"1";"1";"7";"6";"0";"1";"1";"1";"0"
"11424";"80652";"11424";"26";"1";"3";"2";"2";"1";"0";"2";"2";"0"
"11425";"80652";"11425";"32";"3";"1";"7";"6";"1";"0";"0";"2";"0"
"11426";"80652";"11426";"22";"1";"1";"7";"4";"0";"1";"1";"1";"0"
"11427";"80652";"11427";"25";"1";"1";"7";"6";"0";"1";"1";"1";"0"
"11428";"80652";"11428";"26";"1";"1";"7";"2";"0";"1";"1";"1";"0"
"11429";"80652";"11429";"66";"1";"1";"1";"6";"0";"1";"0";"1";"0"
"11430";"80652";"11430";"61";"1";"1";"7";"2";"0";"1";"1";"1";"0"
"11431";"80652";"11431";"67";"1";"1";"7";"4";"0";"1";"1";"1";"0"
"11432";"80652";"11432";"51";"3";"1";"7";"6";"0";"1";"3";"1";"0"
"11433";"80654";"11433";"71";"1";"1";"7";"6";"0";"1";"1";"1";"0"
"11434";"80655";"11434";"51";"1";"1";"7";"6";"0";"2";"1";"1";"0"
"11435";"80655";"11435";"61";"3";"3";"2";"4";"0";"1";"1";"1";"0"
"11436";"80655";"11436";"71";"1";"3";"1";"7";"0";"0";"1";"3";"0"
"11437";"80655";"11437";"25";"3";"1";"7";"6";"0";"1";"1";"1";"0"
"11438";"80656";"11438";"72";"2";"6";"7";"6";"0";"1";"1";"1";"0"
"11439";"80657";"11439";"71";"1";"1";"1";"6";"0";"1";"1";"1";"0"
"11440";"80657";"11440";"77";"3";"1";"7";"8";"0";"1";"1";"1";"0"
"11441";"80659";"11441";"23";"3";"1";"7";"6";"0";"1";"1";"1";"0"
"11442";"80662";"11442";"71";"1";"4";"2";"6";"1";"0";"1";"2";"0"
"11443";"80672";"11443";"67";"1";"1";"7";"4";"0";"1";"1";"1";"0"
"11444";"80673";"11444";"72";"1";"1";"7";"6";"0";"1";"1";"1";"0"
"11445";"80673";"11445";"72";"1";"1";"7";"6";"0";"1";"1";"1";"0"
"11446";"80676";"11446";"26";"1";"1";"7";"2";"0";"1";"1";"1";"0"
"11447";"80679";"11447";"71";"1";"1";"7";"6";"0";"1";"1";"1";"0"
"11448";"80687";"11448";"21";"1";"1";"7";"6";"0";"1";"1";"1";"0"
"11449";"80707";"11449";"24";"1";"1";"7";"1";"0";"2";"1";"1";"0"
"11450";"80717";"11450";"72";"2";"1";"7";"6";"0";"1";"1";"1";"0"
"11451";"80736";"11451";"23";"3";"1";"7";"6";"0";"2";"0";"1";"0"
"11452";"80736";"11452";"64";"1";"1";"7";"5";"0";"2";"0";"1";"0"
"11453";"80736";"11453";"64";"3";"1";"7";"1";"0";"1";"1";"1";"0"
"11454";"80736";"11454";"64";"3";"1";"7";"4";"0";"1";"1";"1";"0"
"11455";"80736";"11455";"51";"1";"7";"1";"6";"0";"1";"1";"1";"0"
"11456";"80736";"11456";"67";"1";"1";"7";"6";"0";"1";"2";"1";"0"
"11457";"80736";"11457";"36";"1";"1";"7";"6";"0";"1";"5";"1";"0"
"11458";"80736";"11458";"64";"1";"1";"7";"6";"0";"1";"1";"1";"0"
"11459";"80736";"11459";"35";"1";"1";"7";"3";"1";"0";"1";"2";"0"
"11460";"80737";"11460";"51";"1";"3";"2";"6";"0";"1";"1";"1";"0"
"11461";"80737";"11461";"51";"1";"1";"7";"6";"0";"3";"0";"1";"0"
"11462";"80737";"11462";"23";"1";"1";"7";"4";"0";"1";"1";"1";"0"
"11463";"80737";"11463";"72";"3";"1";"7";"6";"0";"1";"1";"1";"0"
"11464";"80737";"11464";"52";"1";"1";"7";"6";"0";"1";"2";"1";"0"
"11465";"80755";"11465";"72";"1";"1";"7";"6";"0";"1";"1";"1";"0"
"11466";"80755";"11466";"72";"1";"1";"7";"6";"0";"1";"1";"1";"0"
"11467";"80771";"11467";"72";"1";"1";"7";"4";"0";"1";"0";"1";"0"
"11468";"80782";"11468";"64";"1";"1";"7";"6";"0";"1";"1";"1";"0"
"11469";"80784";"11469";"72";"3";"3";"1";"6";"0";"1";"1";"1";"0"
"11470";"80787";"11470";"51";"2";"3";"1";"6";"0";"1";"1";"1";"0"
"11471";"80787";"11471";"36";"1";"3";"1";"6";"0";"2";"1";"1";"0"
"11472";"80788";"11472";"63";"2";"3";"2";"4";"0";"1";"1";"1";"0"
"11473";"80803";"11473";"72";"1";"1";"7";"6";"1";"0";"1";"2";"0"
"11474";"80806";"11474";"25";"3";"3";"1";"6";"0";"1";"2";"1";"0"