"accident_id";"lieu_id";"date_id";"cause_id";"lum_id";"intemp_id";"etat_surface_id";"impliq_id";"nb_blesses_graves";"nb_blesses_legers";"nb_indemnes";"gravite";"nb_morts"
"11475";"80807";"11475";"72";"2";"3";"2";"6";"0";"1";"1";"1";"0"
"11476";"80812";"11476";"81";"3";"1";"7";"6";"0";"1";"0";"1";"0"
"11477";"80813";"11477";"63";"1";"1";"7";"6";"0";"1";"1";"1";"0"
"11478";"80818";"11478";"66";"1";"1";"7";"6";"1";"0";"1";"2";"0"
"11479";"80833";"11479";"72";"1";"1";"7";"6";"0";"1";"1";"1";"0"
"11480";"80849";"11480";"21";"1";"1";"7";"4";"0";"1";"1";"1";"0"
"11481";"80856";"11481";"52";"1";"1";"7";"2";"0";"1";"1";"1";"0"
"11482";"80857";"11482";"53";"1";"1";"7";"3";"0";"1";"1";"1";"0"
"11483";"80858";"11483";"51";"1";"4";"2";"3";"0";"1";"1";"1";"0"
"11484";"80862";"11484";"21";"3";"1";"7";"6";"1";"0";"1";"2";"0"
"11485";"80867";"11485";"36";"3";"1";"7";"4";"0";"1";"1";"1";"0"
"11486";"80868";"11486";"72";"3";"1";"7";"6";"1";"0";"1";"2";"0"
"11487";"80868";"11487";"72";"1";"1";"7";"6";"0";"2";"0";"1";"0"
"11488";"80868";"11488";"51";"1";"1";"7";"3";"1";"0";"2";"2";"0"
"11489";"80873";"11489";"21";"1";"1";"7";"6";"0";"3";"0";"1";"0"
"11490";"80874";"11490";"63";"1";"1";"7";"4";"0";"1";"1";"1";"0"
"11491";"80884";"11491";"52";"1";"1";"7";"0";"0";"2";"0";"1";"0"
"11492";"80885";"11492";"52";"1";"1";"7";"6";"0";"1";"1";"1";"0"
"11493";"80887";"11493";"72";"1";"1";"7";"6";"0";"1";"1";"1";"0"
"11494";"80890";"11494";"31";"3";"1";"7";"4";"0";"1";"1";"1";"0"
"11495";"80890";"11495";"71";"1";"3";"1";"6";"0";"1";"1";"1";"0"
"11496";"80898";"11496";"22";"1";"1";"1";"6";"0";"0";"1";"3";"0"
"11497";"80898";"11497";"72";"1";"1";"7";"6";"1";"0";"1";"2";"0"
"11498";"80902";"11498";"64";"1";"1";"7";"6";"0";"1";"1";"1";"0"
"11499";"80910";"11499";"21";"2";"1";"7";"6";"0";"2";"0";"1";"0"
"11500";"80913";"11500";"21";"2";"4";"3";"6";"0";"1";"1";"1";"0"
"11501";"80913";"11501";"71";"1";"1";"7";"6";"0";"1";"1";"1";"0"
"11502";"80914";"11502";"51";"2";"1";"7";"4";"0";"2";"1";"1";"0"
"11503";"80915";"11503";"72";"1";"1";"7";"6";"1";"0";"1";"2";"0"
"11504";"80923";"11504";"51";"1";"1";"7";"6";"0";"1";"1";"1";"0"
"11505";"80923";"11505";"52";"3";"3";"1";"6";"0";"1";"1";"1";"0"
"11506";"80938";"11506";"71";"3";"1";"7";"5";"1";"0";"1";"2";"0"
"11507";"80938";"11507";"51";"1";"1";"7";"6";"0";"1";"1";"1";"0"
"11508";"80940";"11508";"71";"1";"1";"7";"6";"0";"1";"1";"1";"0"
"11509";"80954";"11509";"21";"1";"1";"7";"6";"1";"0";"1";"2";"0"
"11510";"80954";"11510";"81";"3";"1";"7";"6";"0";"2";"2";"1";"0"
"11511";"80957";"11511";"36";"1";"1";"7";"3";"0";"1";"1";"1";"0"
"11512";"80957";"11512";"21";"1";"1";"7";"6";"0";"1";"1";"1";"0"
"11513";"80959";"11513";"72";"1";"1";"7";"6";"0";"1";"1";"1";"0"
"11514";"80959";"11514";"51";"3";"1";"1";"6";"0";"1";"1";"1";"0"
"11515";"80960";"11515";"72";"1";"1";"7";"6";"0";"1";"1";"1";"0"
"11516";"80963";"11516";"51";"1";"3";"2";"6";"1";"0";"1";"2";"0"
"11517";"80974";"11517";"23";"1";"1";"7";"4";"0";"1";"1";"1";"0"
"11518";"80975";"11518";"72";"3";"7";"1";"6";"0";"1";"1";"1";"0"
"11519";"80979";"11519";"81";"3";"1";"7";"4";"0";"1";"1";"1";"0"
"11520";"80980";"9432";"25";"3";"6";"2";"6";"1";"0";"1";"2";"0"
"11521";"80982";"11521";"64";"1";"1";"7";"6";"0";"2";"1";"1";"0"
"11522";"80982";"11522";"63";"1";"1";"7";"6";"0";"1";"1";"1";"0"
"11523";"80983";"11523";"72";"1";"1";"7";"4";"1";"0";"1";"2";"0"
"11524";"80984";"11524";"72";"1";"1";"7";"6";"0";"1";"1";"1";"0"
"11525";"80991";"11525";"64";"1";"1";"7";"5";"0";"1";"1";"1";"0"
"11526";"80996";"11526";"64";"1";"1";"7";"4";"0";"1";"1";"1";"0"
"11527";"80996";"11527";"24";"1";"1";"7";"6";"0";"1";"1";"1";"0"
"11528";"80997";"11528";"23";"1";"3";"1";"4";"0";"1";"1";"1";"0"
"11529";"80997";"11529";"61";"1";"1";"7";"3";"0";"1";"1";"1";"0"
"11530";"81002";"11530";"72";"1";"1";"1";"6";"0";"1";"1";"1";"0"
"11531";"81002";"11531";"72";"1";"1";"7";"6";"0";"1";"1";"1";"0"
"11532";"81003";"11532";"25";"3";"1";"7";"6";"0";"1";"1";"1";"0"
"11533";"81016";"11533";"21";"3";"1";"7";"6";"0";"1";"1";"1";"0"
"11534";"81016";"11534";"64";"1";"1";"7";"6";"0";"1";"1";"1";"0"
"11535";"81017";"11535";"71";"3";"1";"1";"6";"0";"1";"2";"1";"0"
"11536";"81017";"11536";"21";"3";"3";"1";"6";"0";"1";"2";"1";"0"
"11537";"81018";"11537";"26";"1";"1";"7";"2";"1";"0";"1";"2";"0"
"11538";"81018";"11538";"71";"3";"1";"1";"6";"0";"1";"1";"1";"0"
"11539";"81018";"11539";"71";"1";"1";"7";"6";"0";"0";"1";"0";"0"
"11540";"81018";"11540";"71";"1";"1";"7";"6";"0";"2";"0";"1";"0"
"11541";"81018";"11541";"51";"1";"1";"7";"6";"0";"1";"1";"1";"0"
"11542";"81020";"11542";"51";"1";"1";"7";"7";"1";"0";"1";"2";"0"
"11543";"81042";"11543";"72";"1";"2";"1";"6";"0";"1";"1";"1";"0"
"11544";"81043";"11544";"51";"3";"1";"7";"0";"0";"1";"0";"1";"0"
"11545";"81045";"11545";"25";"1";"1";"7";"6";"0";"1";"2";"1";"0"
"11546";"81045";"11546";"23";"3";"2";"1";"4";"0";"1";"1";"1";"0"
"11547";"81045";"11547";"25";"3";"1";"7";"6";"0";"1";"1";"1";"0"
"11548";"81045";"11548";"64";"1";"1";"7";"5";"0";"1";"1";"1";"0"
"11549";"81045";"11549";"71";"1";"1";"7";"6";"0";"1";"1";"1";"0"
"11550";"81045";"11550";"64";"1";"1";"7";"6";"0";"1";"1";"1";"0"
"11551";"81047";"11551";"26";"3";"1";"7";"2";"1";"0";"1";"2";"0"
"11552";"81047";"11552";"26";"3";"1";"7";"1";"0";"1";"1";"1";"0"
"11553";"81047";"11553";"71";"3";"1";"7";"6";"0";"1";"1";"1";"0"
"11554";"81048";"11554";"71";"3";"1";"1";"6";"1";"0";"1";"2";"0"
"11555";"81049";"11555";"71";"1";"1";"7";"6";"1";"0";"0";"2";"0"
"11556";"81053";"11556";"71";"1";"1";"7";"6";"0";"1";"1";"1";"0"
"11557";"81054";"11557";"26";"3";"1";"7";"2";"0";"1";"1";"1";"0"
"11558";"81057";"11558";"81";"1";"1";"7";"0";"0";"3";"0";"1";"0"
"11559";"81057";"11559";"64";"1";"1";"7";"6";"0";"2";"1";"1";"0"
"11560";"81057";"11560";"21";"1";"1";"7";"6";"0";"2";"0";"1";"0"
"11561";"81058";"11561";"52";"3";"1";"7";"0";"1";"0";"0";"2";"0"
"11562";"81059";"11562";"21";"1";"3";"2";"6";"0";"1";"1";"1";"0"
"11563";"81075";"11563";"21";"1";"1";"7";"4";"1";"0";"1";"2";"0"
"11564";"81075";"11564";"51";"1";"1";"7";"3";"0";"2";"0";"1";"0"
"11565";"81075";"11565";"25";"3";"7";"1";"6";"0";"1";"0";"1";"0"
"11566";"81087";"11566";"72";"1";"1";"1";"6";"0";"1";"1";"1";"0"
"11567";"81094";"11567";"52";"1";"1";"4";"0";"0";"3";"0";"1";"0"
"11568";"81095";"11568";"72";"1";"3";"1";"6";"0";"1";"1";"1";"0"
"11569";"81095";"11569";"81";"1";"1";"7";"6";"1";"0";"0";"2";"0"
"11570";"81095";"11570";"72";"2";"6";"1";"6";"0";"1";"1";"1";"0"
"11571";"81095";"11571";"52";"1";"1";"4";"0";"0";"1";"0";"1";"0"
"11572";"81097";"11572";"52";"3";"1";"7";"7";"0";"2";"1";"1";"0"
"11573";"81097";"11573";"52";"1";"1";"7";"0";"0";"2";"0";"1";"0"
"11574";"81097";"11574";"51";"3";"4";"3";"6";"0";"3";"3";"1";"0"
"11575";"81098";"11575";"52";"1";"4";"5";"7";"1";"0";"0";"2";"0"
"11576";"81098";"11576";"52";"1";"1";"7";"6";"0";"2";"0";"1";"0"
"11577";"81099";"11577";"21";"1";"1";"7";"6";"1";"1";"0";"2";"0"
"11578";"81099";"11578";"18";"1";"1";"7";"5";"0";"1";"1";"1";"0"
"11579";"81105";"11579";"71";"1";"1";"7";"4";"0";"1";"1";"1";"0"
"11580";"81105";"11580";"61";"1";"1";"7";"4";"0";"1";"1";"1";"0"
"11581";"81110";"11581";"64";"1";"1";"7";"6";"0";"1";"1";"1";"0"
"11582";"81111";"11582";"64";"1";"1";"7";"6";"0";"2";"0";"1";"0"
"11583";"81113";"11583";"64";"1";"1";"7";"6";"0";"1";"1";"1";"0"
"11584";"81115";"11584";"52";"1";"2";"2";"0";"1";"0";"0";"2";"0"
"11585";"81115";"11585";"18";"1";"1";"7";"6";"0";"1";"1";"1";"0"
"11586";"81115";"11586";"71";"1";"3";"1";"6";"0";"0";"1";"3";"0"
"11587";"81115";"11587";"51";"1";"1";"7";"7";"0";"2";"1";"1";"0"
"11588";"81115";"11588";"71";"3";"1";"7";"6";"0";"1";"1";"1";"0"
"11589";"81118";"11589";"72";"1";"1";"7";"6";"0";"1";"1";"1";"0"
"11590";"81118";"11590";"71";"2";"2";"2";"6";"1";"0";"1";"2";"0"
"11591";"81118";"11516";"51";"1";"2";"2";"6";"0";"1";"1";"1";"0"
"11592";"81118";"11592";"26";"3";"1";"1";"2";"0";"2";"0";"1";"0"
"11593";"81118";"11593";"23";"1";"1";"7";"4";"0";"1";"1";"1";"0"
"11594";"81118";"11594";"26";"3";"1";"7";"2";"1";"0";"1";"2";"0"
"11595";"81118";"11595";"26";"1";"1";"7";"2";"0";"2";"0";"1";"0"
"11596";"81118";"11596";"51";"1";"2";"1";"0";"0";"0";"0";"3";"0"
"11597";"81118";"11597";"71";"1";"3";"1";"6";"0";"1";"1";"1";"0"
"11598";"81118";"11598";"81";"1";"1";"7";"6";"1";"0";"1";"2";"0"
"11599";"81118";"11599";"26";"3";"1";"1";"2";"1";"1";"1";"2";"0"
"11600";"81122";"11600";"52";"3";"7";"1";"6";"0";"1";"1";"1";"0"
"11601";"81125";"11601";"72";"1";"1";"7";"6";"0";"1";"1";"1";"0"
"11602";"81126";"11602";"51";"3";"1";"7";"0";"0";"1";"0";"1";"0"
"11603";"81126";"7232";"26";"1";"2";"1";"1";"0";"1";"1";"1";"0"
"11604";"81126";"11604";"52";"3";"1";"4";"6";"0";"5";"1";"1";"0"
"11605";"81126";"11605";"22";"1";"1";"7";"6";"0";"1";"1";"1";"0"
"11606";"81126";"11606";"51";"3";"1";"7";"3";"0";"1";"0";"1";"0"
"11607";"81135";"11607";"21";"5";"1";"7";"6";"1";"0";"1";"2";"0"
"11608";"81135";"11608";"51";"1";"1";"7";"9";"0";"2";"0";"1";"0"
"11609";"81135";"11609";"12";"1";"1";"7";"9";"0";"1";"0";"3";"0"
"11610";"81135";"11610";"64";"1";"1";"7";"6";"0";"1";"1";"1";"0"
"11611";"81136";"11611";"25";"1";"1";"7";"6";"0";"1";"1";"1";"0"
"11612";"81136";"11612";"25";"4";"1";"7";"6";"0";"1";"1";"1";"0"
"11613";"81136";"11613";"72";"1";"1";"7";"6";"0";"1";"1";"1";"0"
"11614";"81136";"11614";"51";"1";"1";"7";"3";"0";"1";"0";"1";"0"
"11615";"81142";"11615";"41";"3";"1";"7";"6";"0";"1";"1";"1";"0"
"11616";"81152";"11616";"71";"1";"1";"7";"6";"0";"1";"1";"1";"0"
"11617";"81165";"11617";"72";"1";"1";"7";"6";"0";"1";"0";"1";"0"
"11618";"81167";"11618";"52";"1";"1";"7";"0";"1";"0";"0";"2";"0"
"11619";"81168";"11619";"51";"3";"1";"7";"0";"0";"1";"0";"1";"0"
"11620";"81173";"11620";"72";"1";"1";"7";"3";"0";"1";"1";"1";"0"
"11621";"81173";"11621";"52";"2";"3";"1";"2";"0";"1";"1";"1";"0"
"11622";"81182";"11622";"52";"3";"1";"7";"0";"0";"1";"0";"1";"0"
"11623";"81183";"11623";"21";"3";"1";"7";"6";"0";"3";"0";"1";"0"
"11624";"81184";"11624";"72";"1";"1";"7";"6";"0";"1";"1";"1";"0"
"11625";"81195";"11625";"72";"1";"1";"7";"6";"0";"1";"1";"1";"0"
"11626";"81195";"11626";"52";"1";"3";"1";"6";"0";"1";"1";"1";"0"
"11627";"81195";"11627";"52";"3";"1";"7";"0";"0";"3";"0";"1";"0"
"11628";"81196";"11628";"21";"1";"1";"7";"6";"0";"1";"1";"1";"0"
"11629";"81196";"11629";"64";"1";"1";"7";"6";"0";"2";"1";"1";"0"
"11630";"81198";"11630";"72";"1";"1";"7";"6";"1";"0";"1";"2";"0"
"11631";"81200";"11631";"76";"2";"1";"4";"6";"0";"1";"1";"1";"0"
"11632";"81201";"11632";"23";"2";"2";"2";"6";"0";"1";"0";"1";"0"
"11633";"81202";"11633";"51";"1";"1";"7";"7";"0";"1";"1";"1";"0"
"11634";"81202";"11634";"21";"1";"1";"1";"5";"0";"1";"2";"1";"0"
"11635";"81202";"11635";"26";"2";"1";"7";"2";"0";"1";"1";"1";"0"
"11636";"81202";"11636";"67";"3";"1";"7";"3";"0";"1";"1";"1";"0"
"11637";"81216";"11637";"72";"1";"1";"7";"6";"1";"0";"1";"2";"0"
"11638";"81223";"11638";"67";"3";"1";"7";"4";"0";"1";"1";"1";"0"
"11639";"81225";"11639";"25";"3";"1";"7";"0";"1";"0";"0";"2";"0"
"11640";"81227";"11640";"21";"1";"1";"7";"6";"1";"0";"1";"2";"0"
"11641";"81228";"11641";"72";"1";"1";"7";"6";"0";"1";"1";"1";"0"
"11642";"81231";"11642";"52";"3";"1";"7";"0";"1";"1";"0";"2";"0"
"11643";"81232";"11643";"21";"3";"3";"2";"6";"0";"1";"1";"1";"0"
"11644";"81233";"11644";"85";"5";"1";"2";"6";"0";"1";"1";"1";"0"
"11645";"81233";"11645";"25";"1";"1";"7";"6";"0";"1";"1";"1";"0"
"11646";"81233";"11646";"25";"1";"4";"2";"6";"0";"1";"1";"1";"0"
"11647";"81233";"11647";"36";"1";"1";"7";"7";"0";"1";"2";"1";"0"
"11648";"81233";"11648";"61";"1";"3";"1";"3";"0";"1";"1";"1";"0"
"11649";"81233";"11649";"27";"1";"1";"7";"4";"0";"1";"0";"1";"0"
"11650";"81233";"11650";"51";"1";"1";"7";"6";"0";"1";"1";"1";"0"
"11651";"81234";"11651";"51";"1";"1";"7";"6";"0";"1";"1";"1";"0"
"11652";"81237";"11652";"32";"1";"1";"7";"4";"0";"1";"0";"1";"0"
"11653";"81240";"11653";"72";"1";"1";"7";"6";"0";"1";"1";"1";"0"
"11654";"81240";"11654";"51";"3";"1";"7";"4";"0";"1";"1";"1";"0"
"11655";"81241";"11655";"52";"1";"7";"7";"6";"0";"1";"1";"1";"0"
"11656";"81243";"11656";"64";"1";"1";"7";"6";"0";"1";"1";"1";"0"
"11657";"81243";"11657";"67";"1";"1";"7";"4";"0";"1";"1";"1";"0"
"11658";"81243";"11658";"35";"1";"1";"7";"3";"0";"1";"1";"1";"0"
"11659";"81244";"11659";"52";"3";"1";"7";"6";"2";"1";"0";"2";"0"
"11660";"81244";"11660";"25";"3";"3";"1";"6";"0";"1";"0";"1";"0"
"11661";"81251";"11661";"51";"3";"1";"7";"0";"0";"3";"2";"1";"0"
"11662";"81254";"11662";"52";"3";"3";"1";"0";"0";"2";"0";"1";"0"
"11663";"81255";"11663";"51";"1";"3";"1";"0";"0";"2";"0";"1";"0"
"11664";"81257";"11664";"82";"1";"1";"7";"2";"0";"1";"0";"3";"0"
"11665";"81258";"11665";"72";"1";"1";"7";"6";"1";"0";"1";"2";"0"
"11666";"81258";"11666";"81";"3";"1";"7";"2";"0";"1";"1";"1";"0"
"11667";"81258";"11667";"51";"1";"1";"7";"4";"0";"1";"0";"1";"0"
"11668";"81262";"11668";"72";"1";"3";"1";"6";"0";"1";"1";"1";"0"
"11669";"81271";"11669";"26";"3";"1";"1";"2";"0";"1";"1";"1";"0"
"11670";"81271";"11670";"73";"1";"1";"7";"6";"0";"1";"1";"1";"0"
"11671";"81279";"11671";"72";"1";"1";"7";"6";"1";"0";"1";"2";"0"
"11672";"81281";"11672";"15";"1";"1";"7";"6";"0";"1";"1";"1";"0"
"11673";"81283";"11673";"25";"3";"1";"7";"6";"1";"0";"1";"2";"0"
"11674";"81283";"11674";"52";"3";"2";"1";"6";"0";"1";"2";"1";"0"
"11675";"81293";"11675";"71";"1";"1";"7";"6";"0";"1";"1";"1";"0"
"11676";"81295";"11676";"51";"1";"1";"7";"6";"0";"1";"1";"1";"0"
"11677";"81295";"11677";"51";"3";"3";"1";"4";"0";"1";"1";"1";"0"
"11678";"81295";"11678";"52";"3";"3";"2";"6";"0";"1";"0";"1";"0"
"11679";"81298";"1228";"71";"1";"1";"7";"6";"0";"1";"1";"1";"0"
"11680";"81299";"11680";"71";"1";"1";"7";"6";"1";"0";"1";"2";"0"
"11681";"81300";"11681";"23";"1";"1";"7";"4";"0";"2";"0";"1";"0"
"11682";"81302";"11682";"51";"1";"1";"7";"3";"0";"1";"1";"1";"0"
"11683";"81302";"11683";"21";"3";"3";"1";"6";"0";"1";"0";"1";"0"
"11684";"81302";"11684";"64";"3";"1";"7";"6";"0";"1";"1";"1";"0"
"11685";"81303";"11685";"23";"3";"1";"7";"0";"0";"1";"0";"1";"0"
"11686";"81303";"11686";"71";"1";"1";"7";"6";"0";"1";"1";"1";"0"
"11687";"81303";"11687";"22";"3";"1";"1";"6";"0";"1";"1";"1";"0"
"11688";"81303";"11688";"61";"1";"1";"7";"3";"0";"1";"1";"1";"0"
"11689";"81304";"11689";"36";"3";"1";"7";"6";"0";"1";"2";"1";"0"
"11690";"81304";"11690";"51";"1";"1";"7";"6";"0";"2";"1";"1";"0"
"11691";"81305";"11691";"72";"1";"1";"7";"6";"1";"0";"1";"2";"0"
"11692";"81328";"11692";"21";"1";"1";"1";"6";"0";"1";"1";"1";"0"
"11693";"81333";"11693";"52";"1";"1";"7";"0";"0";"1";"0";"1";"0"
"11694";"81341";"11694";"71";"1";"1";"7";"6";"1";"0";"1";"2";"0"
"11695";"81349";"11695";"25";"3";"1";"7";"6";"0";"1";"0";"1";"0"
"11696";"81351";"11696";"67";"3";"1";"7";"4";"0";"1";"1";"1";"0"
"11697";"81351";"11697";"26";"1";"1";"7";"2";"0";"1";"1";"1";"0"
"11698";"81351";"11698";"35";"1";"1";"7";"3";"0";"1";"1";"1";"0"
"11699";"81359";"11699";"21";"3";"1";"7";"4";"0";"1";"1";"1";"0"
"11700";"81360";"11700";"72";"1";"1";"7";"6";"1";"0";"1";"2";"0"
"11701";"81361";"11701";"41";"1";"1";"7";"1";"1";"0";"1";"2";"0"
"11702";"81361";"11702";"72";"3";"1";"7";"6";"0";"1";"0";"1";"0"
"11703";"81369";"11703";"52";"1";"1";"7";"6";"0";"1";"1";"1";"0"
"11704";"81370";"11704";"72";"3";"1";"7";"6";"0";"1";"1";"1";"0"
"11705";"81371";"11705";"52";"1";"1";"7";"0";"0";"2";"0";"1";"0"
"11706";"81378";"11706";"72";"3";"3";"1";"6";"0";"1";"1";"1";"0"
"11707";"81378";"11707";"72";"1";"1";"7";"8";"0";"1";"0";"1";"0"
"11708";"81379";"11708";"81";"2";"1";"7";"6";"0";"1";"0";"1";"0"
"11709";"81379";"11709";"72";"1";"1";"7";"6";"0";"1";"1";"1";"0"
"11710";"81379";"11710";"71";"1";"1";"7";"6";"1";"0";"1";"2";"0"
"11711";"81379";"11711";"61";"1";"3";"1";"3";"0";"1";"1";"1";"0"
"11712";"81386";"11712";"72";"1";"1";"7";"6";"1";"0";"1";"2";"0"
"11713";"81386";"11713";"64";"1";"1";"7";"6";"0";"1";"1";"1";"0"
"11714";"81387";"11714";"64";"1";"1";"7";"4";"0";"2";"0";"1";"0"
"11715";"81387";"11715";"20";"1";"3";"1";"6";"0";"1";"1";"1";"0"
"11716";"81404";"11716";"72";"1";"1";"7";"6";"1";"0";"1";"2";"0"
"11717";"81410";"11717";"71";"3";"1";"7";"6";"0";"1";"1";"1";"0"
"11718";"81411";"11718";"21";"1";"1";"7";"5";"0";"2";"1";"1";"0"
"11719";"81411";"11719";"72";"1";"1";"7";"6";"0";"1";"1";"1";"0"
"11720";"81412";"11720";"21";"1";"1";"7";"6";"0";"1";"0";"1";"0"
"11721";"81426";"11721";"71";"1";"1";"7";"4";"0";"1";"1";"1";"0"
"11722";"81444";"11722";"52";"3";"1";"7";"6";"0";"1";"0";"1";"0"
"11723";"81448";"11723";"67";"1";"1";"7";"2";"0";"1";"2";"1";"0"
"11724";"81452";"11724";"23";"1";"1";"7";"5";"0";"1";"1";"1";"0"
"11725";"81468";"11725";"71";"2";"1";"7";"6";"0";"1";"0";"1";"0"
"11726";"81468";"11726";"52";"3";"1";"7";"0";"0";"1";"0";"1";"0"
"11727";"81476";"11727";"36";"1";"1";"7";"3";"0";"1";"0";"1";"0"
"11728";"81477";"11728";"25";"3";"1";"1";"6";"0";"1";"1";"1";"0"
"11729";"81477";"11729";"51";"3";"3";"2";"6";"0";"1";"1";"1";"0"
"11730";"81477";"11730";"71";"1";"1";"7";"6";"1";"0";"1";"3";"0"
"11731";"81477";"3561";"72";"1";"1";"7";"6";"0";"1";"1";"1";"0"
"11732";"81479";"11732";"64";"1";"1";"7";"6";"0";"1";"1";"1";"0"
"11733";"81479";"11733";"72";"1";"1";"7";"8";"0";"1";"0";"1";"0"
"11734";"81480";"11734";"52";"1";"1";"7";"6";"0";"1";"1";"1";"0"
"11735";"81490";"11735";"26";"1";"1";"7";"1";"0";"1";"1";"1";"0"
"11736";"81492";"11736";"26";"3";"1";"7";"1";"0";"1";"1";"1";"0"
"11737";"81496";"11737";"73";"1";"1";"7";"6";"0";"1";"1";"1";"0"
"11738";"81504";"11738";"21";"1";"1";"7";"7";"1";"0";"1";"2";"0"
"11739";"81514";"11739";"72";"1";"1";"7";"6";"0";"1";"1";"1";"0"
"11740";"81516";"11740";"52";"3";"1";"1";"6";"0";"1";"0";"1";"0"
"11741";"81516";"11741";"72";"1";"1";"7";"6";"0";"1";"1";"1";"0"
"11742";"81518";"11742";"51";"1";"1";"7";"3";"1";"0";"1";"2";"0"
"11743";"81518";"11743";"22";"1";"1";"7";"6";"0";"1";"1";"1";"0"
"11744";"81520";"11744";"65";"1";"1";"7";"4";"0";"2";"1";"1";"0"
"11745";"81521";"11745";"67";"1";"1";"7";"6";"0";"1";"0";"1";"0"
"11746";"81522";"11746";"85";"3";"3";"1";"4";"0";"2";"0";"1";"0"
"11747";"81522";"11747";"36";"3";"3";"1";"6";"0";"1";"1";"1";"0"
"11748";"81523";"11748";"21";"1";"1";"7";"2";"0";"1";"1";"1";"0"
"11749";"81547";"11749";"25";"3";"1";"7";"6";"0";"1";"0";"1";"0"
"11750";"81552";"11750";"25";"3";"1";"1";"7";"0";"1";"0";"1";"0"
"11751";"81552";"11751";"52";"3";"2";"1";"6";"0";"1";"1";"1";"0"
"11752";"81553";"11752";"25";"3";"1";"7";"7";"0";"0";"1";"3";"0"
"11753";"81553";"11753";"25";"3";"1";"7";"6";"0";"1";"1";"1";"0"
"11754";"81554";"11754";"51";"3";"1";"7";"6";"0";"1";"1";"1";"0"
"11755";"81554";"11755";"52";"1";"1";"7";"6";"0";"1";"0";"1";"0"
"11756";"81554";"11756";"71";"1";"1";"7";"4";"0";"1";"1";"1";"0"
"11757";"81557";"11757";"72";"1";"1";"7";"7";"0";"1";"2";"1";"0"
"11758";"81558";"11758";"71";"1";"1";"7";"6";"0";"1";"1";"1";"0"
"11759";"81565";"11759";"51";"3";"1";"7";"0";"0";"3";"0";"1";"0"
"11760";"81580";"11760";"67";"1";"1";"7";"6";"0";"1";"1";"1";"0"
"11761";"81588";"11761";"25";"3";"1";"7";"6";"0";"2";"1";"1";"0"
"11762";"81589";"11762";"51";"3";"3";"1";"6";"0";"1";"1";"1";"0"
"11763";"81590";"11763";"21";"3";"3";"1";"6";"0";"1";"1";"1";"0"
"11764";"81592";"11764";"81";"1";"1";"7";"6";"0";"1";"2";"1";"0"
"11765";"81593";"11765";"64";"1";"1";"1";"6";"0";"1";"1";"1";"0"
"11766";"81601";"11766";"51";"1";"1";"7";"6";"0";"1";"3";"1";"0"
"11767";"81601";"11767";"72";"1";"1";"7";"6";"0";"1";"1";"1";"0"
"11768";"81602";"11768";"72";"1";"1";"7";"6";"1";"0";"1";"2";"0"
"11769";"81602";"11769";"52";"1";"1";"7";"0";"1";"0";"0";"2";"0"
"11770";"81602";"11770";"72";"1";"1";"7";"6";"0";"1";"1";"1";"0"
"11771";"81603";"1400";"21";"2";"3";"1";"6";"0";"4";"0";"1";"0"
"11772";"81606";"11772";"21";"1";"3";"1";"6";"0";"1";"0";"1";"0"
"11773";"81606";"11773";"72";"1";"1";"7";"6";"0";"1";"1";"1";"0"
"11774";"81606";"11774";"52";"1";"1";"7";"0";"0";"2";"0";"1";"0"
"11775";"81606";"11775";"71";"1";"1";"7";"6";"0";"1";"1";"1";"0"
"11776";"81607";"11776";"63";"1";"1";"7";"6";"0";"2";"0";"1";"0"
"11777";"81608";"11777";"51";"3";"2";"2";"4";"0";"1";"1";"1";"0"
"11778";"81608";"11778";"51";"3";"2";"1";"6";"0";"1";"1";"1";"0"
"11779";"81610";"11779";"72";"1";"3";"1";"6";"0";"1";"1";"1";"0"
"11780";"81610";"11780";"71";"1";"1";"7";"6";"1";"0";"1";"2";"0"
"11781";"81610";"11781";"26";"1";"3";"1";"1";"0";"1";"1";"1";"0"
"11782";"81610";"11782";"26";"1";"1";"7";"1";"0";"1";"1";"1";"0"
"11783";"81610";"11783";"26";"1";"1";"7";"1";"0";"2";"1";"1";"0"
"11784";"81610";"11784";"63";"1";"1";"7";"3";"0";"1";"1";"1";"0"
"11785";"81610";"11785";"71";"1";"1";"7";"6";"0";"1";"1";"1";"0"
"11786";"81610";"11786";"51";"3";"1";"7";"3";"0";"1";"0";"1";"0"
"11787";"81612";"11787";"52";"3";"1";"7";"0";"0";"1";"0";"1";"0"
"11788";"81620";"11788";"21";"1";"1";"7";"6";"1";"0";"1";"2";"0"
"11789";"81623";"11789";"64";"1";"1";"7";"6";"0";"1";"2";"1";"0"
"11790";"81623";"11790";"21";"1";"1";"7";"6";"0";"1";"1";"1";"0"
"11791";"81669";"11791";"21";"1";"1";"7";"6";"0";"1";"1";"1";"0"
"11792";"81669";"11792";"26";"3";"2";"1";"4";"0";"1";"2";"1";"0"
"11793";"81670";"11793";"21";"1";"1";"7";"6";"0";"1";"0";"1";"0"
"11794";"81670";"11794";"52";"1";"1";"1";"6";"0";"1";"4";"1";"0"
"11795";"81681";"11795";"73";"4";"1";"7";"6";"0";"0";"1";"3";"0"
"11796";"81687";"11796";"52";"1";"4";"3";"2";"0";"1";"0";"1";"0"
"11797";"81701";"11797";"52";"1";"1";"7";"6";"0";"1";"0";"1";"0"
"11798";"81701";"11798";"23";"1";"1";"7";"4";"0";"1";"1";"1";"0"