"accident_id";"lieu_id";"date_id";"cause_id";"lum_id";"intemp_id";"etat_surface_id";"impliq_id";"nb_blesses_graves";"nb_blesses_legers";"nb_indemnes";"gravite";"nb_morts"
"11799";"81702";"11799";"67";"1";"1";"7";"5";"0";"1";"1";"1";"0"
"11800";"81749";"11800";"21";"1";"1";"7";"6";"1";"1";"0";"3";"0"
"11801";"81749";"11801";"81";"3";"1";"7";"4";"0";"1";"1";"1";"0"
"11802";"81755";"11802";"72";"1";"1";"7";"6";"0";"1";"1";"1";"0"
"11803";"81823";"11803";"72";"1";"1";"7";"6";"0";"1";"1";"1";"0"
"11804";"81824";"11804";"99";"1";"1";"7";"6";"0";"2";"0";"1";"0"
"11805";"81824";"11805";"52";"3";"1";"7";"0";"0";"3";"2";"1";"0"
"11806";"81828";"11806";"21";"1";"1";"7";"6";"0";"1";"1";"1";"0"
"11807";"81836";"11807";"72";"3";"1";"1";"6";"0";"1";"1";"1";"0"
"11808";"81838";"11808";"25";"2";"1";"7";"6";"0";"2";"0";"1";"0"
"11809";"81838";"11809";"21";"1";"1";"7";"6";"0";"2";"0";"1";"0"
"11810";"81838";"11810";"52";"1";"1";"1";"2";"0";"1";"1";"1";"0"
"11811";"81839";"11811";"51";"1";"3";"1";"6";"0";"1";"1";"1";"0"
"11812";"81840";"11812";"52";"1";"1";"7";"0";"0";"0";"0";"3";"0"
"11813";"81872";"11813";"21";"3";"1";"7";"6";"1";"2";"0";"2";"0"
"11814";"81872";"11814";"99";"1";"1";"7";"2";"0";"1";"1";"1";"0"
"11815";"81876";"11815";"72";"1";"1";"7";"6";"0";"1";"1";"1";"0"
"11816";"81878";"11816";"72";"1";"1";"7";"6";"0";"1";"1";"1";"0"
"11817";"81878";"11817";"74";"1";"1";"7";"6";"0";"1";"1";"1";"0"
"11818";"81884";"11818";"71";"1";"1";"7";"6";"0";"1";"1";"1";"0"
"11819";"81884";"11819";"23";"1";"1";"7";"5";"0";"1";"1";"1";"0"
"11820";"81884";"11820";"71";"3";"3";"1";"4";"0";"2";"0";"1";"0"
"11821";"81890";"11821";"72";"1";"1";"7";"6";"0";"1";"1";"1";"0"
"11822";"81891";"11822";"72";"1";"1";"7";"6";"0";"1";"1";"1";"0"
"11823";"81891";"11823";"72";"1";"1";"7";"6";"0";"1";"1";"1";"0"
"11824";"81903";"11824";"63";"1";"1";"7";"4";"0";"1";"1";"1";"0"
"11825";"81903";"11825";"51";"1";"1";"7";"6";"0";"1";"1";"1";"0"
"11826";"81904";"11826";"64";"1";"1";"7";"6";"0";"1";"1";"1";"0"
"11827";"81910";"11827";"26";"1";"1";"7";"2";"0";"1";"1";"1";"0"
"11828";"81910";"11828";"26";"1";"1";"7";"2";"0";"1";"1";"1";"0"
"11829";"81921";"11829";"72";"1";"1";"7";"6";"0";"1";"1";"1";"0"
"11830";"81928";"11830";"51";"1";"1";"7";"2";"0";"1";"0";"1";"0"
"11831";"81933";"11831";"51";"1";"1";"7";"6";"0";"1";"1";"1";"0"
"11832";"81963";"11832";"25";"1";"1";"7";"6";"0";"1";"1";"1";"0"
"11833";"81969";"11833";"72";"1";"1";"7";"4";"0";"1";"1";"1";"0"
"11834";"81978";"11834";"71";"1";"1";"7";"6";"0";"1";"1";"1";"0"
"11835";"81978";"11835";"71";"3";"1";"7";"6";"0";"1";"1";"1";"0"
"11836";"81979";"11836";"71";"1";"1";"7";"6";"0";"2";"1";"1";"0"
"11837";"81982";"8156";"52";"1";"1";"7";"6";"0";"2";"0";"1";"0"
"11838";"81983";"11838";"17";"1";"1";"7";"2";"0";"0";"1";"3";"0"
"11839";"81983";"11839";"72";"2";"3";"1";"6";"0";"1";"1";"1";"0"
"11840";"81985";"11840";"64";"1";"1";"7";"4";"0";"1";"1";"1";"0"
"11841";"81997";"11841";"25";"1";"1";"7";"7";"0";"1";"1";"1";"0"
"11842";"81997";"11842";"21";"3";"1";"7";"6";"0";"2";"1";"1";"0"
"11843";"81999";"11843";"25";"1";"1";"7";"7";"0";"1";"0";"1";"0"
"11844";"82422";"11844";"25";"1";"1";"7";"6";"1";"0";"2";"2";"0"
"11845";"82428";"11845";"71";"1";"1";"2";"6";"1";"0";"1";"2";"0"
"11846";"82432";"11846";"52";"5";"6";"4";"0";"0";"1";"0";"1";"0"
"11847";"82433";"11847";"52";"2";"3";"1";"6";"3";"2";"0";"2";"0"
"11848";"82433";"11848";"81";"5";"3";"1";"3";"0";"2";"0";"3";"0"
"11849";"82433";"11849";"67";"1";"1";"1";"6";"0";"2";"1";"1";"0"
"11850";"82433";"11850";"81";"5";"1";"1";"6";"1";"1";"0";"2";"0"
"11851";"82434";"11851";"21";"1";"1";"7";"6";"0";"2";"0";"1";"0"
"11852";"82434";"11852";"52";"5";"1";"7";"0";"0";"0";"1";"3";"0"
"11853";"82435";"11853";"52";"1";"1";"7";"0";"0";"0";"0";"3";"0"
"11854";"82449";"11854";"52";"1";"4";"3";"0";"0";"1";"0";"3";"0"
"11855";"82486";"11855";"52";"1";"1";"4";"6";"0";"1";"1";"1";"0"
"11856";"82487";"11856";"51";"3";"1";"7";"6";"0";"3";"0";"1";"0"
"11857";"82492";"11857";"21";"1";"1";"7";"6";"1";"0";"1";"2";"0"
"11858";"82493";"11858";"27";"1";"3";"1";"9";"0";"1";"1";"1";"0"
"11859";"82495";"11859";"81";"5";"1";"7";"6";"1";"1";"0";"2";"0"
"11860";"82497";"11860";"51";"1";"1";"7";"7";"1";"1";"1";"2";"0"
"11861";"82497";"11861";"16";"1";"3";"2";"6";"1";"0";"2";"3";"2"
"11862";"82520";"11862";"81";"1";"3";"2";"0";"1";"2";"1";"2";"0"
"11863";"82520";"11863";"21";"3";"1";"7";"6";"1";"0";"2";"2";"0"
"11864";"82547";"11864";"81";"5";"3";"1";"0";"0";"1";"0";"1";"0"
"11865";"82547";"11865";"51";"1";"1";"7";"5";"1";"0";"1";"2";"0"
"11866";"82548";"7215";"21";"5";"1";"7";"6";"1";"1";"0";"2";"0"
"11867";"82548";"11867";"52";"5";"1";"4";"6";"0";"2";"1";"1";"0"
"11868";"82548";"11868";"52";"1";"1";"7";"7";"1";"1";"0";"2";"0"
"11869";"82549";"11869";"81";"5";"1";"1";"7";"0";"1";"1";"1";"0"
"11870";"82551";"11870";"72";"1";"1";"7";"6";"1";"0";"2";"2";"0"
"11871";"82560";"11871";"72";"1";"1";"7";"6";"0";"1";"1";"1";"0"
"11872";"82572";"11872";"74";"1";"1";"7";"6";"1";"0";"1";"2";"0"
"11873";"82577";"11873";"52";"5";"1";"1";"6";"3";"0";"0";"3";"2"
"11874";"82610";"2814";"51";"1";"1";"7";"5";"1";"0";"1";"2";"0"
"11875";"82628";"11875";"11";"1";"1";"7";"2";"1";"0";"1";"2";"0"
"11876";"82629";"11876";"51";"3";"3";"2";"3";"1";"0";"1";"2";"0"
"11877";"82629";"11877";"22";"1";"1";"7";"6";"0";"1";"1";"1";"0"
"11878";"82629";"11878";"21";"1";"1";"7";"4";"1";"0";"1";"2";"0"
"11879";"82629";"11879";"71";"1";"1";"7";"6";"1";"0";"1";"2";"0"
"11880";"82630";"11880";"72";"5";"1";"7";"6";"1";"0";"1";"2";"0"
"11881";"82631";"11881";"64";"1";"1";"7";"4";"1";"0";"2";"2";"0"
"11882";"82664";"11882";"72";"1";"1";"7";"6";"1";"0";"1";"2";"0"
"11883";"82684";"11883";"52";"5";"1";"7";"0";"1";"0";"2";"3";"2"
"11884";"82685";"11884";"52";"1";"7";"2";"3";"1";"0";"1";"2";"0"
"11885";"82791";"11885";"81";"1";"1";"7";"6";"0";"3";"1";"1";"0"
"11886";"82791";"11886";"52";"5";"1";"7";"6";"1";"1";"1";"2";"0"
"11887";"82791";"11887";"21";"1";"1";"7";"6";"3";"2";"0";"2";"0"
"11888";"82791";"11888";"52";"1";"1";"7";"6";"0";"2";"0";"1";"0"
"11889";"82791";"11889";"21";"1";"1";"1";"4";"1";"1";"0";"2";"0"
"11890";"82791";"11890";"81";"2";"1";"7";"0";"0";"2";"0";"1";"0"
"11891";"83392";"11891";"72";"3";"1";"7";"6";"0";"0";"1";"3";"0"
"11892";"83394";"11892";"22";"2";"1";"7";"3";"0";"1";"1";"1";"0"
"11893";"83394";"11893";"52";"1";"2";"2";"6";"1";"2";"0";"2";"0"
"11894";"83394";"11894";"67";"1";"1";"1";"5";"1";"1";"0";"2";"0"
"11895";"83394";"11895";"13";"1";"1";"7";"5";"0";"1";"1";"1";"0"
"11896";"83414";"11896";"52";"3";"3";"2";"6";"0";"4";"0";"1";"0"
"11897";"83414";"11897";"86";"1";"1";"7";"6";"0";"1";"0";"1";"0"
"11898";"83414";"11898";"52";"3";"4";"4";"6";"0";"1";"1";"1";"0"
"11899";"83414";"11899";"32";"2";"1";"7";"6";"1";"0";"1";"2";"0"
"11900";"83415";"11900";"67";"1";"3";"1";"6";"0";"2";"0";"1";"0"
"11901";"83415";"11901";"51";"1";"1";"7";"6";"0";"1";"1";"1";"0"
"11902";"83415";"11902";"63";"1";"1";"7";"4";"0";"2";"0";"1";"0"
"11903";"83415";"11903";"72";"1";"1";"7";"6";"0";"1";"1";"1";"0"
"11904";"83415";"11904";"41";"1";"3";"1";"1";"1";"0";"1";"2";"0"
"11905";"83418";"11905";"52";"1";"1";"7";"6";"0";"1";"1";"1";"0"
"11906";"83420";"11906";"52";"1";"7";"1";"6";"0";"1";"1";"1";"0"
"11907";"83421";"11907";"52";"3";"3";"1";"0";"0";"4";"0";"1";"0"
"11908";"83422";"11908";"21";"1";"1";"7";"6";"0";"3";"1";"1";"0"
"11909";"83422";"11909";"22";"1";"3";"1";"7";"1";"0";"0";"2";"0"
"11910";"83422";"11910";"74";"3";"3";"1";"6";"1";"0";"1";"2";"0"
"11911";"83422";"11911";"81";"1";"1";"7";"6";"0";"2";"0";"1";"0"
"11912";"83436";"11912";"36";"1";"1";"7";"6";"0";"1";"1";"1";"0"
"11913";"83437";"11913";"64";"1";"1";"1";"3";"0";"1";"1";"1";"0"
"11914";"83439";"11914";"25";"1";"1";"7";"0";"0";"1";"0";"1";"0"
"11915";"83456";"11915";"22";"1";"1";"7";"3";"0";"4";"1";"1";"0"
"11916";"83459";"11916";"52";"3";"3";"2";"0";"0";"1";"0";"1";"0"
"11917";"83459";"11917";"52";"3";"1";"4";"0";"1";"0";"0";"2";"0"
"11918";"83459";"11918";"52";"1";"1";"7";"7";"1";"0";"1";"2";"0"
"11919";"83459";"11919";"52";"1";"1";"7";"6";"0";"1";"1";"1";"0"
"11920";"83459";"11920";"64";"1";"3";"1";"6";"0";"1";"2";"1";"0"
"11921";"83459";"11921";"81";"3";"3";"1";"6";"2";"0";"1";"2";"0"
"11922";"83459";"11922";"27";"1";"1";"1";"9";"0";"1";"0";"1";"0"
"11923";"83461";"11923";"81";"5";"1";"7";"6";"0";"1";"1";"1";"0"
"11924";"83462";"11924";"67";"1";"1";"7";"6";"0";"2";"0";"1";"0"
"11925";"83464";"11925";"21";"3";"1";"1";"6";"1";"1";"0";"2";"0"
"11926";"83472";"11926";"22";"1";"1";"7";"6";"0";"2";"1";"1";"0"
"11927";"83474";"11927";"73";"1";"1";"7";"7";"0";"0";"1";"3";"0"
"11928";"83479";"11928";"81";"3";"3";"2";"6";"0";"2";"0";"1";"0"
"11929";"83479";"11929";"28";"3";"3";"2";"0";"0";"1";"0";"1";"0"
"11930";"83482";"11930";"72";"3";"1";"1";"6";"2";"0";"1";"2";"0"
"11931";"83483";"11931";"52";"1";"1";"7";"0";"0";"1";"0";"1";"0"
"11932";"83493";"11932";"71";"1";"1";"7";"6";"0";"1";"1";"1";"0"
"11933";"83516";"11933";"72";"1";"1";"7";"6";"1";"0";"1";"2";"0"
"11934";"83550";"11934";"71";"1";"3";"2";"6";"0";"1";"1";"1";"0"
"11935";"83550";"11935";"64";"1";"3";"2";"6";"0";"1";"1";"1";"0"
"11936";"83564";"11936";"52";"1";"1";"7";"0";"2";"0";"0";"2";"0"
"11937";"83571";"11937";"82";"4";"6";"1";"6";"1";"0";"1";"2";"0"
"11938";"84165";"11938";"25";"3";"1";"7";"6";"1";"0";"1";"2";"0"
"11939";"84168";"11939";"21";"5";"1";"7";"7";"0";"3";"2";"1";"0"
"11940";"84168";"11940";"53";"5";"1";"7";"6";"1";"0";"2";"2";"0"
"11941";"84178";"11941";"52";"1";"1";"7";"0";"1";"0";"0";"2";"0"
"11942";"84190";"11942";"52";"3";"1";"7";"0";"1";"1";"0";"2";"0"
"11943";"84190";"11943";"52";"5";"3";"2";"6";"1";"0";"1";"2";"0"
"11944";"84803";"11944";"26";"1";"1";"7";"2";"0";"1";"1";"1";"0"
"11945";"84819";"11945";"52";"1";"1";"7";"0";"1";"0";"0";"2";"0"
"11946";"84834";"11946";"81";"3";"1";"7";"2";"0";"2";"1";"1";"0"
"11947";"84835";"11947";"52";"1";"1";"7";"7";"0";"1";"0";"1";"0"
"11948";"84835";"11948";"81";"1";"1";"7";"6";"0";"2";"1";"1";"0"
"11949";"84836";"11949";"21";"1";"1";"7";"6";"0";"2";"1";"1";"0"
"11950";"84859";"11950";"51";"1";"1";"7";"0";"0";"1";"0";"1";"0"
"11951";"84859";"11951";"21";"3";"1";"7";"6";"0";"1";"3";"1";"0"
"11952";"84859";"11952";"21";"1";"1";"7";"6";"0";"1";"1";"1";"0"
"11953";"84859";"11953";"51";"3";"1";"7";"3";"1";"0";"1";"2";"0"
"11954";"84882";"11954";"81";"3";"1";"7";"6";"1";"1";"4";"2";"0"
"11955";"84882";"11955";"72";"1";"1";"7";"6";"0";"1";"1";"1";"0"
"11956";"84892";"11956";"81";"3";"1";"1";"6";"1";"0";"1";"2";"0"
"11957";"84894";"11957";"52";"3";"1";"7";"0";"0";"1";"1";"1";"0"
"11958";"84894";"11958";"52";"1";"1";"1";"0";"1";"2";"0";"2";"0"
"11959";"84895";"11959";"52";"1";"1";"7";"0";"0";"1";"0";"1";"0"
"11960";"84895";"11960";"52";"5";"1";"7";"0";"0";"2";"2";"1";"0"
"11961";"84896";"11961";"52";"1";"1";"7";"0";"1";"0";"0";"2";"0"
"11962";"84955";"11962";"21";"1";"1";"7";"6";"1";"0";"1";"2";"0"
"11963";"85552";"11963";"21";"1";"1";"7";"4";"0";"1";"1";"1";"0"
"11964";"85612";"11964";"81";"5";"3";"1";"6";"1";"0";"2";"2";"0"
"11965";"90005";"11454";"71";"3";"1";"7";"6";"0";"1";"1";"1";"0"
"11966";"90009";"11966";"51";"1";"3";"2";"6";"0";"2";"1";"1";"0"
"11967";"90009";"11967";"81";"5";"1";"7";"6";"1";"0";"0";"2";"0"
"11968";"90012";"11968";"21";"5";"2";"2";"6";"0";"2";"0";"1";"0"
"11969";"90012";"11969";"52";"5";"4";"3";"6";"4";"0";"1";"2";"0"
"11970";"90012";"11970";"52";"1";"3";"1";"6";"0";"1";"2";"1";"0"
"11971";"90013";"11971";"21";"1";"1";"7";"6";"3";"1";"0";"2";"0"
"11972";"90013";"11972";"52";"5";"4";"3";"6";"1";"2";"4";"2";"0"
"11973";"90013";"11973";"74";"5";"1";"7";"4";"1";"0";"1";"2";"0"
"11974";"90017";"11974";"51";"1";"1";"1";"6";"1";"0";"2";"2";"0"
"11975";"90036";"11975";"61";"2";"1";"7";"3";"1";"0";"1";"2";"0"
"11976";"90037";"11976";"25";"1";"1";"7";"6";"0";"1";"1";"1";"0"
"11977";"90040";"11977";"81";"3";"1";"7";"6";"0";"3";"0";"1";"0"
"11978";"90041";"11978";"72";"3";"6";"1";"6";"0";"0";"2";"3";"0"
"11979";"90042";"11979";"52";"3";"1";"7";"0";"1";"0";"0";"2";"0"
"11980";"90048";"11980";"74";"5";"1";"7";"6";"1";"0";"1";"2";"0"
"11981";"90049";"11981";"81";"1";"1";"7";"0";"1";"0";"0";"2";"0"
"11982";"90050";"11982";"52";"1";"1";"7";"4";"0";"1";"1";"1";"0"
"11983";"90051";"11983";"51";"3";"1";"7";"6";"0";"1";"1";"1";"0"
"11984";"90051";"11984";"51";"3";"1";"7";"9";"0";"1";"0";"3";"0"
"11985";"90062";"11985";"21";"1";"1";"7";"4";"2";"1";"0";"2";"0"
"11986";"90064";"11986";"81";"3";"3";"2";"6";"1";"0";"2";"2";"0"
"11987";"90066";"11987";"51";"3";"1";"1";"7";"1";"0";"1";"2";"0"
"11988";"90068";"11988";"23";"2";"1";"7";"5";"1";"0";"1";"2";"0"
"11989";"90069";"11989";"51";"1";"6";"1";"6";"0";"2";"0";"1";"0"
"11990";"90069";"11990";"81";"5";"3";"1";"0";"1";"5";"0";"2";"0"
"11991";"90084";"11991";"64";"1";"3";"1";"6";"1";"1";"0";"2";"0"
"11992";"90086";"11992";"52";"1";"3";"2";"0";"1";"0";"0";"2";"0"
"11993";"90086";"11993";"52";"3";"6";"4";"0";"1";"2";"1";"2";"0"
"11994";"90087";"11994";"52";"5";"1";"7";"0";"0";"0";"0";"3";"0"
"11995";"90087";"11995";"81";"3";"1";"1";"0";"1";"0";"0";"3";"0"
"11996";"90087";"11996";"52";"1";"1";"7";"0";"1";"0";"0";"2";"0"
"11997";"90088";"11997";"52";"1";"1";"7";"7";"0";"1";"1";"1";"0"
"11998";"90089";"11998";"52";"5";"1";"4";"7";"2";"0";"0";"2";"0"
"11999";"90089";"11999";"81";"5";"1";"7";"6";"1";"0";"0";"3";"0"
"12000";"90096";"12000";"51";"1";"1";"7";"7";"0";"1";"3";"1";"0"
"12001";"90096";"12001";"36";"5";"3";"2";"6";"0";"3";"0";"1";"0"
"12002";"90100";"12002";"52";"5";"1";"7";"6";"0";"1";"1";"1";"0"
"12003";"90100";"12003";"81";"5";"3";"1";"0";"0";"1";"0";"1";"0"
"12004";"90101";"12004";"52";"1";"1";"7";"0";"1";"0";"3";"2";"0"
"12005";"90101";"12005";"21";"2";"1";"7";"6";"1";"2";"0";"2";"0"
"12006";"90101";"12006";"52";"1";"1";"7";"0";"1";"0";"0";"2";"0"
"12007";"90101";"12007";"52";"1";"1";"7";"0";"1";"0";"0";"2";"0"
"12008";"90101";"12008";"21";"1";"1";"7";"6";"0";"2";"0";"1";"0"
"12009";"90101";"12009";"52";"1";"1";"5";"0";"0";"5";"1";"1";"0"
"12010";"90101";"12010";"52";"1";"1";"1";"6";"0";"2";"0";"1";"0"
"12011";"90106";"12011";"52";"1";"2";"1";"6";"1";"1";"0";"2";"0"
"12012";"90108";"12012";"25";"2";"1";"7";"6";"0";"1";"0";"1";"0"
"12013";"90111";"12013";"71";"1";"3";"1";"4";"1";"0";"1";"2";"0"
"12014";"90112";"12014";"52";"3";"1";"7";"0";"0";"1";"0";"1";"0"
"12015";"90112";"12015";"23";"1";"1";"7";"4";"0";"1";"1";"1";"0"
"12016";"90121";"12016";"16";"2";"1";"7";"4";"0";"1";"1";"1";"0"
"12017";"90122";"12017";"26";"2";"1";"5";"2";"0";"1";"1";"1";"0"
"12018";"90134";"12018";"52";"1";"1";"7";"6";"0";"3";"1";"1";"0"
"12019";"90137";"12019";"25";"3";"1";"7";"6";"0";"1";"1";"1";"0"
"12020";"90141";"12020";"52";"3";"4";"4";"3";"0";"1";"1";"1";"0"
"12021";"90142";"12021";"53";"1";"1";"7";"6";"0";"1";"3";"1";"0"
"12022";"90142";"12022";"81";"1";"1";"7";"0";"0";"1";"0";"1";"0"
"12023";"90142";"12023";"71";"1";"1";"7";"6";"0";"1";"1";"1";"0"
"12024";"90142";"12024";"82";"3";"1";"7";"6";"0";"1";"1";"1";"0"
"12025";"90143";"12025";"72";"3";"1";"7";"6";"1";"0";"1";"2";"0"
"12026";"90143";"12026";"52";"1";"4";"3";"6";"3";"0";"0";"2";"0"
"12027";"90143";"12027";"81";"3";"1";"7";"0";"0";"1";"0";"3";"0"
"12028";"90155";"478";"52";"1";"1";"7";"0";"0";"1";"0";"1";"0"
"12029";"90155";"12029";"52";"3";"4";"4";"0";"1";"1";"1";"2";"0"
"12030";"90155";"12030";"52";"1";"3";"2";"6";"0";"1";"1";"1";"0"
"12031";"90156";"12031";"66";"1";"1";"7";"2";"1";"0";"1";"2";"0"
"12032";"90157";"12032";"35";"1";"1";"7";"4";"0";"1";"0";"1";"0"
"12033";"90159";"12033";"25";"1";"1";"7";"6";"0";"1";"1";"1";"0"
"12034";"90162";"12034";"64";"1";"1";"7";"7";"1";"0";"1";"2";"0"
"12035";"90162";"12035";"35";"1";"1";"7";"4";"0";"1";"1";"1";"0"
"12036";"90162";"7044";"21";"1";"3";"1";"6";"0";"2";"0";"1";"0"
"12037";"90162";"12037";"72";"1";"1";"7";"6";"0";"1";"1";"1";"0"
"12038";"90162";"12038";"86";"2";"1";"7";"6";"1";"2";"1";"2";"0"
"12039";"90165";"12039";"81";"1";"1";"7";"0";"0";"1";"0";"3";"0"
"12040";"90176";"12040";"72";"1";"1";"7";"6";"1";"1";"1";"2";"0"
"12041";"90187";"12041";"81";"5";"1";"7";"0";"0";"2";"0";"1";"0"
"12042";"90187";"12042";"22";"1";"1";"7";"6";"0";"0";"1";"3";"0"
"12043";"90187";"12043";"99";"1";"1";"7";"6";"1";"0";"1";"2";"0"
"12044";"90188";"12044";"21";"1";"1";"7";"6";"0";"1";"1";"1";"0"
"12045";"90191";"12045";"36";"1";"1";"7";"4";"0";"1";"2";"1";"0"
"12046";"90192";"12046";"25";"3";"1";"7";"6";"1";"0";"1";"2";"0"
"12047";"90204";"12047";"72";"1";"1";"7";"6";"0";"1";"1";"1";"0"
"12048";"90204";"12048";"81";"3";"1";"1";"0";"0";"1";"0";"1";"0"
"12049";"90204";"12049";"62";"1";"1";"7";"5";"0";"1";"1";"1";"0"
"12050";"90206";"12050";"72";"3";"3";"1";"6";"1";"0";"1";"2";"0"
"12051";"90207";"12051";"81";"1";"1";"7";"6";"0";"1";"2";"1";"0"
"12052";"90207";"12052";"64";"1";"1";"7";"4";"1";"0";"1";"2";"0"
"12053";"90207";"12053";"51";"3";"1";"7";"6";"0";"3";"0";"1";"0"
"12054";"90208";"12054";"25";"1";"1";"7";"6";"0";"1";"1";"1";"0"
"12055";"90208";"12055";"52";"1";"1";"5";"0";"0";"1";"0";"1";"0"
"12056";"90208";"12056";"64";"3";"3";"2";"6";"0";"1";"1";"1";"0"
"12057";"90208";"12057";"22";"1";"1";"7";"4";"0";"1";"1";"1";"0"
"12058";"90208";"12058";"71";"1";"3";"1";"6";"0";"1";"1";"1";"0"
"12059";"90208";"12059";"23";"3";"1";"7";"4";"0";"1";"1";"1";"0"
"12060";"90208";"12060";"73";"1";"1";"7";"6";"0";"1";"0";"1";"0"
"12061";"90208";"12061";"71";"1";"3";"1";"6";"0";"1";"1";"1";"0"
"12062";"90210";"12062";"52";"3";"1";"7";"0";"0";"1";"0";"1";"0"
"12063";"90211";"12063";"71";"1";"1";"7";"6";"0";"1";"1";"1";"0"
"12064";"90211";"12064";"67";"3";"1";"7";"5";"2";"2";"0";"2";"0"
"12065";"90212";"12065";"25";"1";"1";"7";"6";"0";"1";"2";"1";"0"
"12066";"90212";"12066";"71";"1";"1";"7";"4";"0";"1";"0";"1";"0"
"12067";"90212";"12067";"61";"1";"3";"1";"4";"0";"1";"1";"1";"0"
"12068";"90212";"12068";"23";"1";"1";"7";"4";"0";"1";"1";"1";"0"
"12069";"90215";"12069";"71";"1";"1";"7";"6";"0";"1";"1";"1";"0"
"12070";"90216";"12070";"52";"5";"1";"7";"0";"2";"0";"0";"2";"0"
"12071";"90221";"12071";"72";"5";"1";"7";"6";"1";"0";"1";"2";"0"
"12072";"90222";"12072";"81";"1";"1";"1";"6";"0";"1";"1";"1";"0"
"12073";"90223";"12073";"81";"3";"5";"4";"9";"0";"2";"0";"1";"0"
"12074";"90238";"12074";"41";"1";"1";"7";"4";"0";"1";"1";"1";"0"
"12075";"90240";"12075";"86";"1";"4";"3";"7";"0";"1";"1";"1";"0"
"12076";"90242";"12076";"63";"1";"3";"2";"5";"0";"1";"1";"1";"0"
"12077";"90242";"12077";"36";"1";"1";"7";"3";"0";"1";"1";"1";"0"
"12078";"90244";"12078";"52";"1";"3";"1";"8";"1";"0";"1";"2";"0"
"12079";"90244";"12079";"72";"3";"2";"1";"6";"1";"0";"1";"2";"0"
"12080";"90249";"12080";"81";"2";"1";"7";"7";"0";"0";"1";"3";"0"
"12081";"90251";"11065";"18";"1";"1";"7";"3";"0";"1";"1";"1";"0"
"12082";"90252";"12082";"71";"3";"1";"7";"6";"0";"1";"0";"1";"0"
"12083";"90253";"12083";"52";"3";"1";"7";"0";"0";"1";"0";"1";"0"
"12084";"90253";"12084";"71";"1";"1";"7";"6";"0";"1";"1";"1";"0"
"12085";"90260";"12085";"81";"1";"1";"7";"6";"0";"1";"1";"1";"0"
"12086";"90260";"12086";"72";"1";"1";"7";"6";"1";"0";"1";"2";"0"
"12087";"90263";"12087";"51";"1";"1";"2";"6";"0";"3";"1";"1";"0"
"12088";"90263";"12088";"64";"1";"4";"2";"3";"0";"1";"1";"1";"0"
"12089";"90263";"12089";"63";"1";"1";"7";"4";"0";"1";"1";"1";"0"
"12090";"90263";"12090";"36";"1";"1";"7";"2";"0";"2";"0";"1";"0"
"12091";"90263";"12091";"26";"1";"3";"1";"2";"0";"1";"1";"1";"0"
"12092";"90263";"12092";"51";"1";"1";"7";"6";"0";"1";"1";"1";"0"
"12093";"90264";"12093";"26";"1";"1";"7";"2";"1";"0";"1";"2";"0"
"12094";"90264";"12094";"26";"1";"1";"7";"2";"0";"1";"1";"1";"0"
"12095";"90264";"12095";"23";"1";"1";"7";"4";"0";"1";"1";"1";"0"
"12096";"90264";"12096";"61";"1";"1";"7";"3";"0";"1";"1";"1";"0"
"12097";"90269";"12097";"71";"3";"1";"2";"6";"0";"1";"1";"1";"0"
"12098";"90271";"12098";"53";"1";"1";"7";"6";"0";"1";"3";"1";"0"
"12099";"90271";"12099";"67";"3";"2";"2";"4";"0";"1";"1";"1";"0"
"12100";"90271";"12100";"52";"3";"1";"7";"0";"0";"1";"0";"1";"0"
"12101";"90271";"12101";"51";"3";"1";"7";"6";"1";"1";"3";"2";"0"
"12102";"90272";"12102";"63";"1";"1";"7";"5";"0";"1";"1";"1";"0"
"12103";"90273";"12103";"26";"1";"1";"7";"2";"0";"1";"2";"1";"0"
"12104";"90273";"12104";"71";"4";"1";"7";"6";"0";"1";"1";"1";"0"
"12105";"90273";"12105";"26";"5";"2";"1";"2";"0";"1";"1";"1";"0"
"12106";"90273";"12106";"26";"3";"1";"1";"2";"0";"1";"1";"1";"0"
"12107";"90273";"12107";"71";"3";"3";"1";"6";"0";"1";"1";"1";"0"
"12108";"90273";"12108";"26";"1";"3";"1";"2";"0";"1";"1";"1";"0"
"12109";"90273";"12109";"64";"1";"1";"7";"4";"0";"1";"1";"1";"0"
"12110";"90273";"12110";"67";"2";"1";"7";"4";"0";"1";"1";"1";"0"
"12111";"90277";"12111";"22";"1";"1";"7";"6";"0";"1";"1";"1";"0"
"12112";"90277";"12112";"52";"1";"3";"2";"6";"0";"1";"2";"1";"0"
"12113";"90277";"12113";"81";"3";"3";"2";"0";"0";"1";"0";"1";"0"
"12114";"90277";"12114";"81";"5";"1";"7";"0";"0";"2";"0";"1";"0"
"12115";"90277";"12115";"52";"3";"3";"1";"2";"0";"1";"1";"1";"0"
"12116";"90278";"12116";"63";"3";"1";"7";"6";"0";"4";"0";"1";"0"
"12117";"90279";"12117";"81";"3";"2";"2";"2";"0";"1";"1";"1";"0"
"12118";"90280";"12118";"72";"1";"1";"7";"6";"0";"1";"1";"1";"0"
"12119";"90280";"12119";"51";"1";"1";"7";"8";"0";"1";"2";"1";"0"
"12120";"90280";"12120";"52";"3";"3";"1";"0";"0";"1";"0";"1";"0"
"12121";"90280";"12121";"71";"1";"1";"7";"6";"0";"1";"1";"1";"0"
"12122";"90281";"12122";"71";"3";"1";"7";"6";"0";"1";"1";"1";"0"
"12123";"90281";"12123";"26";"1";"1";"7";"2";"0";"1";"1";"1";"0"