"accident_id";"lieu_id";"date_id";"cause_id";"lum_id";"intemp_id";"etat_surface_id";"impliq_id";"nb_blesses_graves";"nb_blesses_legers";"nb_indemnes";"gravite";"nb_morts"
"12124";"90281";"12124";"71";"1";"1";"7";"6";"0";"1";"1";"1";"0"
"12125";"90286";"12125";"51";"1";"1";"7";"6";"0";"3";"0";"1";"0"
"12126";"90290";"12126";"51";"1";"1";"7";"6";"0";"2";"1";"1";"0"
"12127";"90290";"12127";"26";"1";"1";"7";"2";"1";"1";"0";"2";"0"
"12128";"90291";"12128";"21";"3";"1";"7";"6";"1";"0";"0";"3";"0"
"12129";"90291";"12129";"51";"3";"1";"1";"6";"1";"0";"1";"2";"0"
"12130";"90291";"12130";"67";"3";"1";"7";"5";"0";"2";"1";"1";"0"
"12131";"90291";"12131";"51";"1";"1";"7";"6";"0";"1";"2";"1";"0"
"12132";"90293";"12132";"72";"3";"1";"7";"6";"1";"0";"1";"2";"0"
"12133";"90296";"12133";"81";"3";"1";"7";"0";"0";"1";"0";"1";"0"
"12134";"90296";"12134";"21";"1";"3";"2";"6";"0";"4";"1";"1";"0"
"12135";"90297";"12135";"52";"5";"1";"4";"0";"2";"1";"0";"2";"0"
"12136";"90297";"12136";"51";"1";"1";"7";"2";"0";"0";"1";"3";"0"
"12137";"90297";"12137";"21";"1";"1";"1";"6";"0";"2";"2";"1";"0"
"12138";"90297";"12138";"52";"1";"3";"2";"0";"0";"2";"1";"1";"0"
"12139";"90297";"12139";"52";"5";"3";"2";"6";"0";"2";"0";"1";"0"
"12140";"90301";"12140";"52";"1";"1";"7";"6";"1";"0";"0";"2";"0"
"12141";"90303";"12141";"51";"1";"1";"7";"6";"0";"1";"0";"1";"0"
"12142";"90304";"12142";"72";"1";"1";"7";"6";"1";"0";"1";"2";"0"
"12143";"90305";"12143";"18";"1";"1";"7";"6";"1";"0";"1";"2";"0"
"12144";"90305";"12144";"64";"1";"1";"7";"5";"0";"1";"1";"1";"0"
"12145";"90306";"12145";"72";"3";"1";"7";"6";"1";"0";"1";"2";"0"
"12146";"90306";"12146";"23";"3";"1";"7";"6";"0";"1";"1";"1";"0"
"12147";"90307";"12147";"35";"1";"1";"7";"3";"0";"2";"1";"1";"0"
"12148";"90308";"12148";"36";"1";"1";"7";"4";"0";"1";"1";"1";"0"
"12149";"90308";"12149";"71";"1";"1";"7";"6";"0";"0";"1";"3";"0"
"12150";"90308";"12150";"71";"3";"3";"2";"6";"1";"0";"1";"2";"0"
"12151";"90308";"12151";"51";"3";"1";"1";"6";"1";"2";"0";"2";"0"
"12152";"90308";"12152";"72";"1";"1";"7";"6";"0";"0";"1";"3";"0"
"12153";"90309";"12153";"72";"1";"1";"7";"6";"1";"0";"1";"2";"0"
"12154";"90309";"12154";"64";"3";"1";"7";"6";"0";"1";"1";"1";"0"
"12155";"90309";"12155";"52";"3";"1";"2";"6";"0";"1";"1";"1";"0"
"12156";"90309";"12156";"36";"3";"1";"7";"6";"0";"1";"1";"1";"0"
"12157";"90309";"12157";"25";"3";"1";"7";"6";"0";"1";"0";"1";"0"
"12158";"90309";"12158";"71";"2";"1";"7";"6";"1";"0";"1";"2";"0"
"12159";"90310";"8258";"71";"3";"3";"2";"6";"1";"0";"1";"2";"0"
"12160";"90316";"724";"52";"1";"1";"1";"0";"0";"1";"0";"1";"0"
"12161";"90316";"12161";"74";"4";"1";"7";"6";"1";"0";"1";"2";"0"
"12162";"90316";"12162";"51";"1";"1";"7";"4";"0";"1";"1";"1";"0"
"12163";"90318";"12163";"52";"5";"3";"2";"0";"1";"0";"0";"2";"0"
"12164";"90318";"12164";"67";"1";"1";"7";"6";"1";"1";"0";"2";"0"
"12165";"90318";"12165";"52";"5";"1";"7";"0";"0";"2";"0";"1";"0"
"12166";"90318";"12166";"52";"1";"1";"7";"6";"0";"3";"0";"1";"0"
"12167";"90318";"12167";"53";"1";"1";"7";"6";"0";"1";"1";"1";"0"
"12168";"90319";"12133";"99";"5";"1";"7";"3";"1";"0";"0";"2";"0"
"12169";"90327";"12169";"52";"1";"1";"4";"6";"0";"1";"1";"1";"0"
"12170";"90328";"12170";"22";"1";"1";"7";"6";"0";"1";"1";"1";"0"
"12171";"90328";"12171";"82";"1";"1";"7";"6";"0";"1";"1";"1";"0"
"12172";"90329";"12172";"81";"3";"1";"7";"6";"0";"1";"2";"1";"0"
"12173";"90331";"12173";"51";"3";"1";"7";"4";"0";"1";"1";"1";"0"
"12174";"90332";"12174";"51";"3";"2";"2";"4";"0";"1";"1";"1";"0"
"12175";"90332";"12175";"71";"1";"3";"2";"6";"0";"1";"1";"1";"0"
"12176";"90332";"12176";"21";"1";"1";"7";"6";"1";"0";"1";"2";"0"
"12177";"90332";"12177";"32";"1";"1";"7";"6";"0";"1";"1";"1";"0"
"12178";"90332";"12178";"22";"1";"1";"7";"4";"0";"2";"0";"1";"0"
"12179";"90332";"12179";"23";"3";"1";"7";"6";"1";"2";"0";"2";"0"
"12180";"90332";"12180";"71";"3";"4";"3";"6";"1";"0";"1";"2";"0"
"12181";"90332";"12181";"52";"1";"1";"7";"6";"0";"2";"1";"1";"0"
"12182";"90332";"12182";"51";"1";"1";"7";"6";"0";"1";"2";"1";"0"
"12183";"90332";"12183";"36";"3";"1";"7";"2";"1";"0";"1";"2";"0"
"12184";"90332";"12184";"64";"3";"1";"7";"6";"0";"4";"0";"1";"0"
"12185";"90332";"12185";"81";"3";"1";"7";"6";"0";"0";"1";"3";"0"
"12186";"90332";"12186";"71";"3";"2";"1";"6";"0";"0";"1";"3";"0"
"12187";"90332";"12187";"51";"1";"1";"7";"6";"0";"1";"1";"1";"0"
"12188";"90332";"12188";"64";"1";"1";"7";"4";"0";"1";"1";"1";"0"
"12189";"90332";"12189";"71";"1";"1";"7";"6";"0";"0";"1";"3";"0"
"12190";"90332";"12190";"64";"1";"1";"7";"6";"0";"1";"1";"1";"0"
"12191";"90332";"12191";"72";"3";"1";"7";"6";"1";"0";"1";"2";"0"
"12192";"90333";"12192";"72";"1";"3";"2";"6";"0";"1";"1";"1";"0"
"12193";"90333";"12193";"64";"1";"1";"7";"5";"1";"0";"1";"2";"0"
"12194";"90333";"12194";"81";"3";"1";"7";"6";"1";"2";"0";"2";"0"
"12195";"90333";"12195";"20";"1";"1";"7";"6";"1";"0";"1";"2";"0"
"12196";"90333";"12196";"85";"3";"3";"2";"6";"0";"1";"1";"1";"0"
"12197";"90333";"12197";"18";"3";"3";"1";"6";"0";"2";"0";"1";"0"
"12198";"90333";"12198";"51";"3";"1";"7";"6";"0";"1";"1";"1";"0"
"12199";"90333";"12199";"72";"1";"1";"7";"6";"0";"1";"1";"1";"0"
"12200";"90333";"12200";"67";"1";"1";"7";"6";"0";"1";"1";"1";"0"
"12201";"90333";"12201";"51";"1";"1";"7";"6";"0";"1";"1";"1";"0"
"12202";"90334";"12202";"26";"3";"1";"7";"2";"1";"0";"1";"2";"0"
"12203";"90334";"12203";"51";"3";"1";"7";"6";"0";"1";"1";"1";"0"
"12204";"90334";"12204";"81";"3";"1";"7";"7";"0";"1";"1";"1";"0"
"12205";"90334";"12205";"51";"3";"1";"7";"3";"0";"1";"1";"1";"0"
"12206";"90335";"12206";"23";"1";"1";"7";"5";"1";"1";"1";"2";"0"
"12207";"90335";"12207";"71";"3";"1";"7";"6";"0";"1";"1";"1";"0"
"12208";"90335";"12208";"72";"1";"1";"7";"6";"0";"1";"1";"1";"0"
"12209";"90335";"12209";"71";"1";"1";"7";"6";"0";"1";"1";"1";"0"
"12210";"90336";"12210";"52";"1";"1";"7";"0";"0";"1";"0";"1";"0"
"12211";"90342";"12211";"32";"2";"3";"1";"6";"0";"1";"1";"1";"0"
"12212";"90345";"12212";"67";"1";"3";"2";"5";"1";"0";"1";"2";"0"
"12213";"90349";"12213";"52";"1";"1";"2";"6";"0";"1";"0";"1";"0"
"12214";"90354";"12214";"23";"1";"3";"1";"6";"0";"2";"0";"1";"0"
"12215";"90354";"12215";"73";"1";"1";"7";"8";"1";"0";"1";"2";"0"
"12216";"90361";"12216";"21";"3";"1";"7";"6";"1";"0";"1";"2";"0"
"12217";"90362";"12217";"81";"3";"1";"7";"4";"0";"1";"1";"1";"0"
"12218";"90362";"12218";"72";"1";"1";"7";"6";"0";"1";"1";"1";"0"
"12219";"90362";"12219";"81";"3";"1";"7";"0";"1";"0";"0";"2";"0"
"12220";"90363";"12220";"72";"1";"1";"7";"6";"0";"1";"1";"1";"0"
"12221";"90364";"12221";"72";"3";"1";"7";"6";"0";"1";"1";"1";"0"
"12222";"90365";"12222";"52";"2";"1";"7";"6";"0";"1";"1";"1";"0"
"12223";"90368";"12223";"52";"3";"1";"7";"7";"1";"0";"1";"2";"0"
"12224";"90382";"12224";"81";"3";"3";"1";"6";"0";"2";"0";"1";"0"
"12225";"90385";"12225";"72";"1";"1";"7";"6";"0";"1";"1";"1";"0"
"12226";"90385";"12226";"67";"1";"3";"1";"6";"0";"3";"2";"1";"0"
"12227";"90385";"12227";"67";"3";"1";"7";"4";"0";"1";"1";"1";"0"
"12228";"90387";"12228";"26";"3";"1";"7";"4";"1";"0";"1";"2";"0"
"12229";"90387";"12229";"36";"1";"1";"7";"4";"1";"0";"1";"2";"0"
"12230";"90388";"12230";"81";"3";"3";"1";"6";"1";"1";"1";"2";"0"
"12231";"90392";"12231";"51";"1";"3";"1";"6";"0";"1";"2";"1";"0"
"12232";"90392";"12232";"51";"1";"3";"2";"6";"0";"1";"2";"1";"0"
"12233";"90402";"12233";"72";"1";"1";"7";"6";"0";"1";"1";"1";"0"
"12234";"90416";"12234";"21";"1";"3";"1";"6";"0";"1";"2";"1";"0"
"12235";"90419";"12235";"21";"1";"4";"4";"6";"1";"1";"2";"2";"0"
"12236";"90420";"12236";"31";"1";"3";"2";"6";"0";"1";"0";"1";"0"
"12237";"90424";"12237";"25";"1";"1";"7";"6";"0";"1";"1";"1";"0"
"12238";"90424";"12238";"81";"1";"1";"7";"6";"0";"3";"0";"1";"0"
"12239";"90434";"12239";"32";"1";"1";"7";"6";"0";"1";"1";"1";"0"
"12240";"90434";"12240";"51";"3";"1";"7";"3";"0";"1";"0";"1";"0"
"12241";"90434";"12241";"51";"1";"1";"7";"3";"1";"0";"1";"2";"0"
"12242";"90434";"12242";"71";"1";"1";"1";"6";"0";"1";"1";"1";"0"
"12243";"90434";"12243";"64";"1";"1";"2";"6";"0";"1";"1";"1";"0"
"12244";"90434";"12244";"64";"3";"3";"2";"6";"0";"1";"4";"1";"0"
"12245";"90437";"12245";"51";"1";"1";"7";"6";"0";"1";"1";"1";"0"
"12246";"90437";"12246";"52";"3";"1";"2";"0";"0";"2";"0";"1";"0"
"12247";"90437";"12247";"63";"1";"1";"7";"6";"0";"2";"0";"1";"0"
"12248";"90437";"12248";"64";"3";"1";"7";"2";"0";"1";"1";"1";"0"
"12249";"90437";"12249";"51";"1";"1";"7";"6";"0";"1";"3";"1";"0"
"12250";"90437";"12250";"26";"1";"1";"7";"4";"0";"1";"1";"1";"0"
"12251";"90439";"12251";"64";"1";"3";"1";"6";"0";"1";"1";"1";"0"
"12252";"90439";"12252";"72";"1";"1";"1";"6";"0";"1";"1";"1";"0"
"12253";"90439";"12253";"52";"3";"1";"7";"6";"2";"1";"0";"2";"0"
"12254";"90439";"12254";"23";"3";"2";"1";"6";"0";"1";"3";"1";"0"
"12255";"90439";"12255";"64";"1";"1";"7";"6";"0";"1";"1";"1";"0"
"12256";"90447";"12256";"52";"5";"7";"4";"0";"0";"1";"0";"1";"0"
"12257";"90449";"12257";"36";"4";"2";"2";"4";"0";"1";"1";"1";"0"
"12258";"90450";"12258";"52";"2";"1";"4";"6";"0";"2";"0";"1";"0"
"12259";"90450";"12259";"52";"3";"1";"1";"0";"1";"0";"0";"2";"0"
"12260";"90451";"12260";"52";"4";"1";"1";"0";"0";"1";"0";"1";"0"
"12261";"90451";"12261";"67";"1";"1";"7";"5";"0";"1";"1";"1";"0"
"12262";"90463";"12262";"21";"1";"1";"7";"6";"0";"1";"1";"1";"0"
"12263";"90464";"12263";"72";"2";"3";"1";"6";"0";"1";"1";"1";"0"
"12264";"90470";"12264";"52";"3";"1";"7";"6";"0";"1";"1";"1";"0"
"12265";"90472";"12265";"71";"1";"1";"7";"6";"0";"1";"1";"1";"0"
"12266";"90473";"12266";"72";"1";"1";"7";"6";"0";"1";"1";"1";"0"
"12267";"90473";"12267";"64";"1";"1";"7";"3";"0";"1";"1";"1";"0"
"12268";"90473";"12268";"71";"3";"1";"7";"6";"0";"1";"1";"1";"0"
"12269";"90476";"12269";"52";"3";"1";"7";"6";"0";"1";"0";"1";"0"
"12270";"90476";"12270";"81";"3";"6";"7";"6";"1";"0";"0";"2";"0"
"12271";"90478";"12271";"74";"3";"3";"2";"6";"1";"0";"1";"2";"0"
"12272";"90478";"12272";"61";"1";"1";"7";"4";"0";"1";"1";"1";"0"
"12273";"90478";"12273";"72";"1";"3";"2";"6";"0";"1";"1";"1";"0"
"12274";"90479";"12274";"71";"3";"3";"2";"6";"0";"0";"1";"3";"0"
"12275";"90479";"12275";"71";"1";"1";"7";"6";"0";"1";"1";"1";"0"
"12276";"90480";"12276";"27";"1";"1";"7";"2";"1";"0";"1";"2";"0"
"12277";"90482";"12277";"81";"1";"1";"7";"1";"0";"1";"1";"1";"0"
"12278";"90482";"12278";"72";"1";"1";"7";"6";"0";"2";"1";"1";"0"
"12279";"90482";"12279";"72";"5";"1";"7";"6";"0";"1";"1";"1";"0"
"12280";"90484";"12280";"23";"1";"1";"7";"5";"1";"0";"1";"2";"0"
"12281";"90484";"12281";"25";"1";"1";"7";"6";"0";"1";"0";"1";"0"
"12282";"90485";"12282";"51";"1";"1";"7";"2";"0";"2";"0";"1";"0"
"12283";"90499";"12283";"51";"1";"1";"7";"4";"2";"0";"0";"2";"0"
"12284";"90499";"12284";"52";"1";"4";"4";"0";"0";"2";"0";"1";"0"
"12285";"90500";"12285";"81";"1";"1";"7";"6";"0";"3";"1";"1";"0"
"12286";"90500";"12286";"64";"1";"3";"2";"6";"0";"1";"1";"1";"0"
"12287";"90509";"12287";"24";"1";"1";"1";"2";"0";"1";"1";"1";"0"
"12288";"90518";"12288";"52";"3";"3";"2";"6";"0";"1";"1";"1";"0"
"12289";"90519";"12289";"21";"1";"1";"2";"6";"1";"0";"1";"2";"0"
"12290";"90520";"12290";"52";"1";"1";"7";"7";"0";"1";"2";"1";"0"
"12291";"90529";"12291";"67";"3";"1";"7";"4";"0";"1";"1";"1";"0"
"12292";"90538";"12292";"67";"3";"1";"7";"5";"0";"2";"0";"1";"0"
"12293";"90542";"12293";"16";"2";"1";"7";"5";"0";"1";"1";"1";"0"
"12294";"90548";"12294";"72";"2";"1";"7";"6";"0";"1";"1";"1";"0"
"12295";"90549";"12295";"64";"1";"2";"2";"5";"0";"1";"1";"1";"0"
"12296";"90549";"12296";"52";"3";"1";"7";"0";"0";"2";"0";"1";"0"
"12297";"90549";"12297";"64";"1";"1";"7";"6";"0";"1";"1";"1";"0"
"12298";"90549";"12298";"26";"1";"5";"2";"2";"1";"0";"1";"2";"0"
"12299";"90549";"12299";"64";"1";"1";"7";"6";"0";"1";"1";"1";"0"
"12300";"90554";"12300";"72";"1";"3";"2";"6";"1";"0";"1";"2";"0"
"12301";"90562";"12301";"61";"1";"1";"7";"3";"0";"1";"1";"1";"0"
"12302";"90572";"12302";"71";"1";"1";"7";"6";"0";"1";"1";"1";"0"
"12303";"90573";"12303";"64";"1";"1";"7";"6";"0";"1";"1";"1";"0"
"12304";"90575";"12304";"52";"3";"1";"7";"0";"0";"1";"0";"1";"0"
"12305";"90575";"12305";"35";"1";"1";"7";"5";"0";"1";"1";"1";"0"
"12306";"90575";"12306";"35";"3";"6";"1";"4";"0";"1";"1";"1";"0"
"12307";"90586";"12307";"53";"1";"1";"7";"0";"0";"3";"0";"1";"0"
"12308";"90591";"12308";"52";"1";"1";"7";"2";"2";"0";"3";"2";"0"
"12309";"90610";"12309";"52";"1";"1";"7";"0";"0";"1";"0";"1";"0"
"12310";"90610";"12310";"71";"1";"1";"7";"6";"0";"1";"1";"1";"0"
"12311";"90610";"12311";"81";"3";"1";"7";"2";"1";"0";"3";"2";"0"
"12312";"90610";"12312";"63";"1";"1";"7";"5";"0";"1";"1";"1";"0"
"12313";"90610";"12313";"52";"3";"3";"1";"0";"0";"1";"0";"1";"0"
"12314";"90611";"12314";"72";"1";"1";"7";"6";"0";"1";"1";"1";"0"
"12315";"90614";"12315";"52";"1";"1";"7";"6";"1";"0";"0";"2";"0"
"12316";"90616";"12316";"21";"3";"1";"7";"4";"0";"1";"1";"1";"0"
"12317";"90617";"12317";"67";"3";"1";"7";"6";"0";"1";"1";"1";"0"
"12318";"90618";"12318";"72";"1";"1";"7";"6";"1";"0";"1";"2";"0"
"12319";"90618";"12319";"26";"1";"3";"2";"2";"0";"1";"0";"1";"0"
"12320";"90619";"12320";"51";"1";"1";"7";"6";"0";"1";"1";"1";"0"
"12321";"90620";"12321";"23";"1";"1";"7";"4";"0";"1";"1";"1";"0"
"12322";"90620";"12322";"21";"3";"1";"7";"6";"0";"1";"0";"1";"0"
"12323";"90620";"12323";"72";"1";"1";"7";"6";"0";"1";"1";"1";"0"
"12324";"90625";"12324";"52";"2";"1";"7";"0";"0";"1";"0";"1";"0"
"12325";"90626";"12325";"52";"3";"1";"1";"6";"0";"1";"2";"1";"0"
"12326";"90631";"12326";"72";"1";"1";"7";"6";"0";"1";"1";"1";"0"
"12327";"90631";"12327";"51";"1";"1";"7";"6";"0";"1";"1";"1";"0"
"12328";"90631";"12328";"61";"1";"1";"7";"3";"0";"1";"1";"1";"0"
"12329";"90631";"12329";"21";"1";"1";"7";"7";"1";"0";"1";"2";"0"
"12330";"90650";"12330";"72";"1";"1";"7";"6";"0";"1";"1";"1";"0"
"12331";"90650";"12331";"71";"3";"1";"7";"6";"0";"1";"1";"1";"0"
"12332";"90650";"12332";"72";"3";"1";"7";"6";"0";"1";"1";"1";"0"
"12333";"90655";"12333";"63";"1";"1";"7";"3";"0";"1";"1";"1";"0"
"12334";"90659";"12334";"51";"1";"1";"7";"3";"1";"0";"1";"2";"0"
"12335";"90659";"12335";"52";"1";"1";"7";"6";"0";"1";"1";"1";"0"
"12336";"90660";"12336";"74";"5";"7";"2";"6";"0";"0";"1";"3";"0"
"12337";"90662";"12337";"52";"1";"1";"7";"6";"0";"1";"3";"1";"0"
"12338";"90665";"12338";"51";"3";"6";"1";"3";"1";"0";"0";"2";"0"
"12339";"90673";"12339";"72";"1";"1";"1";"6";"0";"1";"1";"1";"0"
"12340";"90679";"12340";"72";"1";"3";"2";"4";"0";"2";"0";"1";"0"
"12341";"90692";"12341";"25";"3";"1";"1";"7";"1";"0";"1";"2";"0"
"12342";"90695";"12342";"61";"1";"1";"7";"3";"1";"0";"1";"2";"0"
"12343";"90696";"12343";"21";"1";"1";"7";"6";"0";"1";"1";"1";"0"
"12344";"90696";"12344";"32";"1";"1";"7";"6";"0";"1";"1";"1";"0"
"12345";"90698";"12345";"52";"1";"1";"7";"6";"0";"1";"2";"1";"0"
"12346";"90699";"12346";"52";"3";"3";"1";"0";"0";"1";"0";"1";"0"
"12347";"90699";"12347";"81";"3";"1";"7";"6";"0";"1";"0";"1";"0"
"12348";"90699";"12348";"21";"1";"1";"1";"6";"0";"2";"1";"1";"0"
"12349";"90700";"12349";"81";"3";"6";"1";"6";"2";"2";"0";"2";"0"
"12350";"90706";"12350";"71";"1";"1";"7";"6";"1";"0";"1";"2";"0"
"12351";"90709";"12351";"63";"1";"3";"1";"5";"0";"1";"0";"1";"0"
"12352";"90712";"12352";"25";"3";"1";"7";"6";"0";"1";"1";"1";"0"
"12353";"90725";"12353";"72";"1";"1";"7";"6";"0";"1";"0";"1";"0"
"12354";"90726";"12354";"72";"1";"3";"1";"6";"0";"1";"1";"1";"0"
"12355";"90727";"12355";"73";"1";"1";"7";"6";"1";"0";"1";"2";"0"
"12356";"90737";"12356";"62";"1";"1";"7";"2";"0";"1";"1";"1";"0"
"12357";"90737";"12357";"71";"3";"1";"7";"6";"0";"1";"1";"1";"0"
"12358";"90740";"12358";"61";"1";"1";"7";"3";"0";"1";"2";"1";"0"
"12359";"90743";"12359";"63";"1";"3";"1";"4";"0";"1";"1";"1";"0"
"12360";"90743";"12360";"81";"1";"1";"7";"2";"0";"1";"1";"1";"0"
"12361";"90744";"12361";"32";"3";"1";"7";"4";"0";"1";"1";"1";"0"
"12362";"90745";"12362";"35";"3";"1";"7";"3";"0";"1";"1";"1";"0"
"12363";"90770";"12363";"72";"1";"1";"7";"6";"0";"1";"1";"1";"0"
"12364";"90770";"12364";"63";"3";"3";"2";"5";"0";"1";"1";"1";"0"
"12365";"90770";"12365";"26";"1";"1";"7";"2";"0";"1";"1";"1";"0"
"12366";"90770";"12366";"81";"1";"3";"1";"6";"0";"1";"2";"1";"0"
"12367";"90770";"12367";"23";"5";"1";"7";"5";"1";"0";"1";"2";"0"
"12368";"90770";"12368";"81";"1";"1";"7";"2";"0";"1";"2";"1";"0"
"12369";"90770";"12369";"26";"1";"1";"1";"2";"0";"1";"1";"1";"0"
"12370";"90770";"12370";"71";"1";"1";"7";"6";"0";"1";"1";"1";"0"
"12371";"90770";"12371";"64";"2";"1";"7";"4";"0";"1";"1";"1";"0"
"12372";"90770";"12372";"52";"1";"3";"2";"6";"0";"2";"1";"1";"0"
"12373";"90770";"12373";"52";"3";"1";"7";"0";"1";"0";"0";"2";"0"
"12374";"90772";"12374";"81";"3";"1";"7";"0";"1";"0";"0";"2";"0"
"12375";"90772";"12375";"71";"3";"2";"2";"6";"0";"1";"1";"1";"0"
"12376";"90773";"12376";"28";"1";"1";"7";"0";"0";"1";"0";"1";"0"
"12377";"90774";"12377";"71";"1";"1";"7";"6";"1";"0";"1";"2";"0"
"12378";"90778";"12378";"72";"3";"1";"7";"6";"0";"1";"1";"1";"0"
"12379";"90779";"12379";"36";"1";"1";"7";"6";"0";"1";"0";"1";"0"
"12380";"90780";"12380";"51";"1";"1";"7";"6";"1";"0";"2";"2";"0"
"12381";"90780";"12381";"52";"3";"1";"7";"0";"0";"3";"0";"1";"0"
"12382";"90782";"12382";"51";"2";"1";"7";"3";"0";"1";"1";"1";"0"
"12383";"90782";"12383";"51";"1";"7";"7";"6";"0";"1";"1";"1";"0"
"12384";"90783";"12384";"21";"1";"1";"7";"6";"0";"2";"0";"1";"0"
"12385";"90785";"12385";"99";"1";"1";"7";"6";"0";"3";"4";"1";"0"
"12386";"90786";"12386";"21";"1";"1";"7";"6";"0";"2";"2";"1";"0"
"12387";"90786";"12387";"71";"1";"1";"7";"6";"0";"1";"1";"1";"0"
"12388";"90786";"12388";"25";"1";"1";"7";"6";"0";"1";"0";"1";"0"
"12389";"90791";"12389";"36";"1";"3";"2";"6";"0";"1";"1";"1";"0"
"12390";"90791";"10582";"51";"3";"1";"7";"6";"0";"2";"2";"1";"0"
"12391";"90792";"12391";"71";"1";"1";"7";"6";"0";"1";"1";"1";"0"
"12392";"90792";"12392";"52";"1";"1";"1";"0";"0";"1";"2";"1";"0"
"12393";"90794";"12393";"51";"3";"1";"7";"6";"3";"6";"0";"2";"0"
"12394";"90801";"12394";"23";"1";"1";"7";"4";"1";"0";"1";"2";"0"
"12395";"90801";"12395";"18";"2";"3";"1";"3";"0";"1";"1";"1";"0"
"12396";"90802";"12396";"72";"1";"1";"7";"6";"0";"1";"1";"1";"0"
"12397";"90802";"12397";"72";"3";"1";"7";"6";"0";"1";"1";"1";"0"
"12398";"90806";"12398";"81";"3";"1";"7";"6";"0";"1";"1";"1";"0"
"12399";"90806";"12399";"71";"1";"1";"7";"6";"0";"1";"1";"1";"0"
"12400";"90810";"12400";"52";"5";"4";"3";"6";"3";"0";"0";"2";"0"
"12401";"90810";"12401";"52";"1";"1";"4";"6";"0";"2";"2";"3";"1"
"12402";"90810";"12402";"36";"1";"1";"7";"6";"2";"1";"0";"2";"0"
"12403";"90810";"12403";"52";"3";"1";"7";"6";"1";"0";"1";"2";"0"
"12404";"90810";"12404";"21";"5";"6";"7";"6";"0";"0";"1";"3";"0"
"12405";"90810";"12405";"81";"5";"1";"7";"0";"0";"0";"0";"3";"0"
"12406";"90810";"12406";"81";"5";"1";"1";"0";"0";"0";"0";"3";"0"
"12407";"90812";"12407";"23";"5";"7";"7";"6";"1";"5";"1";"3";"1"
"12408";"90823";"12408";"81";"1";"1";"7";"0";"0";"0";"0";"3";"0"
"12409";"90824";"12409";"52";"3";"1";"7";"0";"1";"0";"0";"2";"0"
"12410";"90825";"12410";"32";"1";"1";"7";"6";"0";"1";"0";"1";"0"
"12411";"90827";"12411";"72";"1";"1";"7";"6";"0";"1";"1";"1";"0"
"12412";"90827";"12412";"28";"4";"4";"2";"0";"0";"1";"0";"1";"0"
"12413";"90828";"12413";"72";"1";"1";"7";"6";"0";"1";"1";"1";"0"
"12414";"90829";"12414";"51";"1";"1";"7";"1";"0";"1";"1";"1";"0"
"12415";"90834";"12415";"52";"1";"1";"4";"6";"0";"1";"0";"3";"0"
"12416";"90838";"12416";"72";"1";"1";"2";"6";"0";"1";"1";"1";"0"
"12417";"90838";"12417";"71";"1";"3";"1";"6";"0";"1";"1";"1";"0"
"12418";"90838";"12418";"71";"1";"1";"7";"6";"0";"2";"1";"1";"0"
"12419";"90839";"12419";"32";"1";"1";"7";"7";"0";"1";"1";"1";"0"
"12420";"90840";"12420";"52";"1";"3";"1";"6";"0";"1";"0";"1";"0"
"12421";"90845";"12421";"52";"1";"3";"2";"0";"3";"1";"0";"2";"0"
"12422";"90846";"12422";"85";"2";"1";"7";"5";"0";"2";"0";"1";"0"
"12423";"90846";"12423";"52";"1";"1";"7";"6";"0";"4";"0";"1";"0"
"12424";"90848";"12424";"81";"5";"1";"7";"0";"1";"0";"1";"2";"0"
"12425";"90850";"12425";"72";"1";"1";"7";"6";"0";"1";"1";"1";"0"
"12426";"90853";"12426";"81";"5";"3";"1";"0";"0";"1";"0";"1";"0"
"12427";"90856";"12427";"81";"5";"1";"7";"9";"0";"0";"1";"3";"0"
"12428";"90861";"12428";"63";"1";"1";"7";"6";"0";"1";"1";"1";"0"
"12429";"90861";"12429";"52";"1";"1";"7";"0";"0";"0";"0";"3";"0"
"12430";"90861";"12430";"52";"1";"1";"7";"6";"0";"1";"1";"1";"0"
"12431";"90861";"12431";"64";"1";"1";"1";"3";"0";"1";"1";"1";"0"
"12432";"90864";"12432";"26";"2";"1";"7";"2";"1";"0";"1";"2";"0"
"12433";"90870";"12433";"32";"1";"1";"1";"6";"0";"1";"1";"1";"0"
"12434";"90874";"12434";"52";"1";"1";"7";"0";"0";"1";"0";"1";"0"
"12435";"90880";"12435";"11";"1";"1";"7";"5";"0";"2";"1";"1";"0"
"12436";"90882";"12436";"52";"1";"1";"7";"0";"1";"2";"1";"2";"0"
"12437";"90882";"12437";"52";"1";"1";"7";"6";"1";"2";"0";"2";"0"
"12438";"90882";"12438";"52";"1";"3";"2";"4";"3";"0";"1";"2";"0"
"12439";"90882";"12439";"35";"1";"1";"7";"4";"0";"1";"1";"1";"0"
"12440";"66667304";"12440";"31";"1";"1";"7";"6";"0";"1";"1";"1";"0"
"12441";"67642304";"12441";"17";"1";"1";"7";"2";"1";"0";"4";"2";"0"
"12442";"67642304";"12442";"71";"2";"6";"1";"6";"1";"0";"1";"2";"0"
"12443";"67642401";"12443";"16";"1";"1";"7";"6";"0";"1";"1";"1";"0"
"12444";"67642401";"12444";"16";"1";"1";"7";"6";"0";"1";"1";"1";"0"
"12445";"67642401";"12445";"19";"3";"1";"2";"6";"1";"0";"1";"2";"0"
"12446";"67642401";"12446";"17";"1";"1";"7";"2";"1";"0";"1";"2";"0"
"12447";"67642401";"12447";"11";"1";"1";"7";"6";"0";"1";"1";"1";"0"