"accident_id";"lieu_id";"date_id";"cause_id";"lum_id";"intemp_id";"etat_surface_id";"impliq_id";"nb_blesses_graves";"nb_blesses_legers";"nb_indemnes";"gravite";"nb_morts"
"12758";"70827401";"12758";"13";"4";"1";"7";"6";"1";"0";"1";"2";"0"
"12759";"70827401";"12759";"16";"1";"1";"7";"4";"0";"1";"1";"1";"0"
"12760";"70827401";"12760";"13";"1";"3";"1";"6";"0";"2";"1";"1";"0"
"12761";"70827401";"12761";"17";"3";"1";"7";"2";"0";"1";"1";"1";"0"
"12762";"70827401";"12762";"17";"1";"1";"7";"2";"0";"0";"1";"3";"0"
"12763";"70827401";"12763";"81";"3";"1";"7";"6";"0";"2";"0";"1";"0"
"12764";"70827401";"12764";"13";"1";"1";"7";"4";"0";"1";"1";"1";"0"
"12765";"70827401";"12765";"17";"1";"1";"7";"2";"0";"1";"1";"1";"0"
"12766";"70827403";"12766";"19";"1";"1";"7";"5";"1";"0";"1";"2";"0"
"12767";"70827404";"12767";"21";"3";"1";"7";"3";"0";"1";"1";"1";"0"
"12768";"70827405";"12768";"13";"3";"1";"7";"6";"0";"1";"1";"1";"0"
"12769";"70836102";"12769";"14";"1";"1";"7";"5";"0";"1";"1";"1";"0"
"12770";"71686404";"12770";"13";"1";"1";"7";"6";"1";"0";"1";"2";"0"
"12771";"71693306";"12771";"16";"1";"1";"7";"6";"2";"0";"0";"2";"0"
"12772";"71693306";"12772";"16";"1";"1";"7";"5";"1";"0";"2";"2";"0"
"12773";"71695104";"12773";"21";"1";"1";"7";"7";"0";"1";"1";"1";"0"
"12774";"71695104";"12774";"86";"1";"1";"1";"9";"0";"1";"3";"1";"0"
"12775";"71695105";"12775";"13";"1";"1";"7";"8";"1";"0";"1";"2";"0"
"12776";"71695105";"12776";"13";"1";"1";"7";"4";"0";"1";"1";"1";"0"
"12777";"71703401";"12777";"11";"3";"1";"7";"2";"0";"0";"1";"3";"0"
"12778";"71703401";"12778";"15";"1";"1";"7";"6";"1";"0";"2";"2";"0"
"12779";"71704402";"12779";"51";"1";"1";"7";"2";"0";"2";"1";"1";"0"
"12780";"71706404";"12780";"21";"2";"1";"7";"6";"0";"1";"1";"1";"0"
"12781";"71785503";"12781";"14";"5";"1";"2";"6";"2";"4";"0";"2";"0"
"12782";"71785503";"12782";"52";"1";"1";"7";"0";"1";"0";"1";"2";"0"
"12783";"71785503";"12783";"14";"1";"3";"2";"6";"0";"2";"1";"1";"0"
"12784";"71796104";"12784";"16";"1";"1";"7";"6";"1";"0";"1";"2";"0"
"12785";"71797204";"12785";"19";"1";"1";"7";"6";"3";"1";"0";"2";"0"
"12786";"71797213";"12786";"19";"1";"1";"7";"6";"1";"0";"3";"2";"0"
"12787";"71797213";"12787";"51";"1";"1";"7";"6";"0";"1";"1";"1";"0"
"12788";"71797403";"12788";"13";"1";"1";"1";"6";"0";"2";"0";"1";"0"
"12789";"71797403";"12789";"13";"3";"1";"7";"6";"0";"3";"0";"1";"0"
"12790";"71803303";"12790";"71";"1";"1";"7";"6";"0";"1";"1";"1";"0"
"12791";"71804302";"12791";"14";"1";"3";"2";"6";"0";"1";"3";"1";"0"
"12792";"71805406";"12792";"72";"1";"1";"7";"6";"0";"1";"1";"1";"0"
"12793";"71805408";"12793";"16";"1";"1";"7";"6";"1";"0";"1";"2";"0"
"12794";"71805408";"12794";"72";"1";"1";"7";"6";"1";"0";"1";"2";"0"
"12795";"71806402";"12795";"17";"1";"1";"7";"4";"1";"0";"1";"2";"0"
"12796";"71806404";"12796";"13";"1";"3";"2";"6";"1";"0";"2";"2";"0"
"12797";"71806404";"10475";"13";"1";"1";"7";"6";"0";"1";"1";"1";"0"
"12798";"71806404";"12798";"17";"1";"1";"7";"4";"0";"1";"1";"1";"0"
"12799";"71806404";"12799";"81";"3";"1";"7";"2";"0";"1";"1";"1";"0"
"12800";"71806404";"12800";"17";"1";"3";"1";"2";"0";"1";"1";"1";"0"
"12801";"71806404";"12801";"17";"1";"1";"7";"4";"1";"0";"1";"2";"0"
"12802";"71806405";"12802";"42";"1";"4";"4";"6";"0";"1";"2";"1";"0"
"12803";"71807306";"12803";"64";"1";"1";"7";"6";"1";"0";"1";"2";"0"
"12804";"71811404";"12804";"14";"1";"3";"2";"6";"0";"1";"1";"1";"0"
"12805";"71811404";"12805";"81";"3";"1";"7";"6";"0";"1";"2";"1";"0"
"12806";"71811404";"12806";"14";"1";"6";"1";"4";"0";"1";"1";"1";"0"
"12807";"71811404";"12807";"16";"1";"1";"7";"6";"0";"1";"1";"1";"0"
"12808";"71811408";"12808";"51";"1";"1";"7";"3";"0";"1";"1";"1";"0"
"12809";"71811410";"12809";"71";"1";"1";"7";"6";"1";"0";"1";"2";"0"
"12810";"71811410";"12810";"17";"1";"3";"2";"2";"1";"0";"1";"2";"0"
"12811";"71811410";"12811";"13";"1";"1";"7";"4";"0";"1";"1";"1";"0"
"12812";"71811410";"12812";"81";"3";"1";"7";"2";"0";"1";"1";"1";"0"
"12813";"71811410";"12813";"71";"3";"1";"7";"6";"0";"1";"1";"1";"0"
"12814";"71811410";"12814";"73";"3";"1";"7";"6";"0";"1";"1";"1";"0"
"12815";"71811504";"12815";"71";"1";"3";"2";"6";"0";"1";"1";"1";"0"
"12816";"71811504";"12816";"21";"1";"1";"7";"6";"0";"1";"1";"1";"0"
"12817";"71811504";"12817";"17";"1";"1";"7";"2";"1";"0";"1";"2";"0"
"12818";"71811505";"12818";"51";"1";"1";"7";"6";"0";"2";"2";"1";"0"
"12819";"71811508";"12819";"31";"1";"1";"7";"6";"0";"1";"1";"1";"0"
"12820";"71811508";"12820";"71";"1";"1";"7";"6";"1";"0";"1";"2";"0"
"12821";"71811508";"12821";"14";"1";"1";"7";"6";"1";"0";"2";"2";"0"
"12822";"71811508";"12822";"63";"1";"1";"7";"4";"0";"0";"2";"0";"0"
"12823";"71812204";"12823";"16";"3";"3";"2";"4";"1";"0";"1";"2";"0"
"12824";"71812406";"12824";"16";"1";"1";"7";"4";"0";"1";"1";"1";"0"
"12825";"71812409";"12825";"21";"3";"3";"2";"6";"1";"0";"1";"2";"0"
"12826";"71812410";"12826";"17";"1";"1";"7";"2";"1";"0";"1";"2";"0"
"12827";"71812410";"12827";"17";"1";"3";"1";"2";"0";"1";"1";"1";"0"
"12828";"71812410";"12828";"52";"3";"1";"7";"6";"1";"1";"1";"2";"0"
"12829";"71812502";"12829";"17";"1";"1";"7";"2";"1";"0";"1";"2";"0"
"12830";"71812502";"12830";"71";"1";"1";"7";"6";"0";"1";"1";"1";"0"
"12831";"71812503";"12831";"72";"1";"1";"7";"6";"1";"0";"1";"2";"0"
"12832";"71812505";"12832";"19";"1";"1";"7";"4";"1";"0";"1";"2";"0"
"12833";"71813207";"12833";"51";"1";"1";"7";"4";"0";"1";"1";"1";"0"
"12834";"71813305";"12834";"20";"1";"1";"7";"3";"0";"1";"2";"1";"0"
"12835";"71813305";"12835";"19";"1";"3";"1";"6";"1";"0";"1";"2";"0"
"12836";"71813305";"12836";"20";"1";"1";"7";"2";"0";"1";"1";"1";"0"
"12837";"71813305";"12837";"17";"1";"1";"7";"4";"1";"1";"1";"2";"0"
"12838";"71813305";"12838";"16";"1";"1";"7";"5";"0";"2";"0";"1";"0"
"12839";"71813401";"12839";"19";"1";"1";"7";"5";"0";"1";"1";"1";"0"
"12840";"71813402";"12840";"17";"3";"1";"7";"2";"1";"0";"1";"2";"0"
"12841";"71813406";"12841";"18";"3";"1";"7";"6";"0";"4";"2";"1";"0"
"12842";"71813406";"12842";"14";"1";"3";"2";"6";"0";"1";"5";"1";"0"
"12843";"71813406";"12843";"14";"1";"1";"7";"4";"1";"0";"1";"2";"0"
"12844";"71813406";"12844";"19";"2";"1";"7";"6";"0";"1";"1";"1";"0"
"12845";"71813406";"12845";"19";"1";"1";"7";"4";"1";"0";"1";"2";"0"
"12846";"71813406";"12846";"19";"1";"1";"7";"6";"0";"1";"1";"1";"0"
"12847";"71813406";"12847";"19";"1";"1";"7";"4";"1";"0";"1";"2";"0"
"12848";"71813406";"12848";"19";"1";"1";"7";"4";"0";"1";"1";"1";"0"
"12849";"71813406";"390";"51";"1";"1";"7";"6";"0";"1";"2";"1";"0"
"12850";"71813406";"12850";"81";"3";"1";"7";"2";"1";"0";"1";"2";"0"
"12851";"71813406";"12851";"19";"1";"1";"7";"4";"1";"0";"1";"2";"0"
"12852";"71813406";"12852";"19";"1";"1";"7";"4";"1";"0";"1";"2";"0"
"12853";"71813406";"12853";"19";"1";"1";"7";"3";"0";"1";"1";"1";"0"
"12854";"71813406";"3430";"19";"2";"1";"7";"4";"0";"1";"1";"1";"0"
"12855";"71813406";"12855";"19";"3";"1";"7";"4";"0";"1";"1";"1";"0"
"12856";"71813406";"12856";"19";"1";"1";"7";"3";"0";"1";"1";"1";"0"
"12857";"71813406";"12857";"19";"3";"1";"7";"6";"0";"1";"0";"1";"0"
"12858";"71813501";"12858";"14";"1";"1";"7";"4";"0";"1";"1";"1";"0"
"12859";"71814104";"12859";"52";"2";"1";"7";"0";"3";"0";"0";"2";"0"
"12860";"71814104";"12860";"17";"1";"1";"7";"2";"0";"1";"1";"1";"0"
"12861";"71814104";"12861";"52";"1";"6";"2";"4";"1";"4";"0";"2";"0"
"12862";"71814104";"12862";"51";"1";"1";"7";"6";"0";"1";"2";"1";"0"
"12863";"71814104";"12863";"17";"1";"1";"7";"2";"1";"0";"1";"2";"0"
"12864";"71814104";"12864";"11";"3";"1";"7";"6";"0";"1";"1";"1";"0"
"12865";"71814501";"12865";"17";"1";"1";"7";"2";"0";"1";"1";"1";"0"
"12866";"71814501";"6190";"17";"1";"1";"2";"1";"2";"0";"1";"2";"0"
"12867";"71814501";"12867";"17";"1";"1";"7";"1";"1";"0";"1";"2";"0"
"12868";"71814506";"12868";"19";"1";"1";"7";"6";"1";"0";"1";"2";"0"
"12869";"71814509";"12869";"25";"3";"1";"7";"0";"1";"0";"0";"2";"0"
"12870";"71814509";"12870";"52";"3";"1";"7";"0";"1";"4";"0";"2";"0"
"12871";"71814510";"12871";"71";"3";"2";"2";"6";"0";"1";"1";"1";"0"
"12872";"71814510";"12872";"52";"3";"3";"2";"3";"1";"0";"1";"2";"0"
"12873";"71814510";"12873";"71";"1";"1";"7";"6";"0";"1";"1";"1";"0"
"12874";"71814510";"12874";"16";"3";"3";"2";"6";"1";"0";"1";"2";"0"
"12875";"71814510";"12875";"52";"3";"1";"7";"0";"0";"1";"0";"1";"0"
"12876";"71814510";"12876";"17";"3";"1";"7";"2";"0";"1";"1";"1";"0"
"12877";"71814510";"12877";"17";"3";"3";"2";"2";"0";"2";"1";"1";"0"
"12878";"71814510";"12878";"17";"1";"1";"7";"2";"1";"0";"1";"2";"0"
"12879";"71816503";"12879";"14";"1";"3";"1";"3";"0";"1";"1";"1";"0"
"12880";"71816504";"12880";"72";"1";"1";"7";"6";"1";"0";"1";"2";"0"
"12881";"71817505";"12881";"32";"1";"1";"7";"6";"0";"1";"1";"1";"0"
"12882";"71821104";"12882";"16";"1";"3";"2";"4";"0";"1";"1";"1";"0"
"12883";"71821104";"12883";"71";"3";"3";"2";"6";"1";"0";"1";"2";"0"
"12884";"71821104";"12884";"14";"1";"2";"2";"6";"0";"1";"1";"1";"0"
"12885";"71821104";"12885";"51";"1";"7";"7";"6";"0";"1";"1";"1";"0"
"12886";"71821104";"12886";"71";"1";"1";"7";"6";"1";"0";"1";"2";"0"
"12887";"71821106";"12887";"16";"1";"1";"7";"4";"0";"1";"1";"1";"0"
"12888";"71821106";"12888";"12";"1";"1";"7";"6";"0";"1";"2";"1";"0"
"12889";"71821106";"12889";"14";"1";"3";"2";"3";"0";"1";"1";"1";"0"
"12890";"71821106";"12890";"17";"1";"1";"7";"2";"0";"2";"1";"1";"0"
"12891";"71821106";"12891";"17";"1";"1";"7";"2";"0";"1";"1";"1";"0"
"12892";"71821106";"12892";"24";"3";"2";"2";"3";"1";"0";"1";"2";"0"
"12893";"71821106";"12893";"16";"3";"1";"7";"4";"1";"0";"1";"2";"0"
"12894";"71821106";"12894";"17";"1";"1";"7";"2";"0";"1";"1";"1";"0"
"12895";"71821106";"12895";"71";"3";"2";"1";"6";"1";"0";"1";"2";"0"
"12896";"71821106";"12896";"11";"1";"1";"7";"3";"0";"1";"1";"1";"0"
"12897";"71821106";"12897";"11";"3";"1";"1";"2";"1";"0";"1";"2";"0"
"12898";"71821107";"12898";"17";"1";"3";"7";"2";"0";"1";"1";"1";"0"
"12899";"71821107";"12899";"14";"1";"1";"2";"6";"0";"1";"1";"1";"0"
"12900";"71821107";"12900";"17";"1";"1";"7";"2";"0";"1";"1";"1";"0"
"12901";"71821109";"12901";"17";"1";"1";"1";"2";"0";"0";"1";"3";"0"
"12902";"71821110";"12902";"72";"1";"1";"7";"6";"1";"0";"1";"2";"0"
"12903";"71821201";"12903";"17";"3";"1";"7";"2";"1";"0";"1";"2";"0"
"12904";"71821201";"12904";"61";"1";"1";"7";"3";"0";"1";"1";"1";"0"
"12905";"71821201";"12905";"17";"1";"1";"7";"1";"1";"0";"1";"2";"0"
"12906";"71821201";"12906";"17";"1";"3";"1";"2";"0";"1";"1";"1";"0"
"12907";"71821203";"12907";"11";"1";"1";"7";"2";"1";"0";"1";"2";"0"
"12908";"71821203";"12908";"52";"3";"1";"7";"6";"1";"0";"1";"2";"0"
"12909";"71821207";"12909";"25";"1";"1";"7";"6";"0";"1";"1";"1";"0"
"12910";"71821208";"12910";"51";"1";"1";"7";"3";"1";"0";"1";"2";"0"
"12911";"71821208";"12911";"16";"3";"1";"7";"6";"1";"0";"1";"2";"0"
"12912";"71821208";"12912";"11";"3";"1";"7";"6";"0";"1";"3";"1";"0"
"12913";"71821208";"12913";"17";"1";"1";"7";"2";"1";"1";"1";"2";"0"
"12914";"71821208";"12914";"16";"3";"1";"7";"6";"1";"0";"1";"2";"0"
"12915";"71821208";"12915";"17";"1";"6";"7";"2";"1";"0";"1";"2";"0"
"12916";"71821208";"12916";"11";"1";"1";"7";"6";"0";"2";"0";"1";"0"
"12917";"71821302";"12917";"72";"1";"1";"7";"6";"0";"1";"1";"1";"0"
"12918";"71821401";"12918";"14";"3";"1";"7";"6";"0";"2";"2";"1";"0"
"12919";"71821401";"12919";"31";"2";"1";"7";"6";"1";"0";"1";"2";"0"
"12920";"71821401";"12920";"16";"1";"1";"7";"3";"0";"1";"1";"1";"0"
"12921";"71821401";"12921";"16";"3";"1";"7";"4";"1";"0";"1";"2";"0"
"12922";"71822101";"12922";"81";"3";"1";"7";"4";"0";"1";"1";"1";"0"
"12923";"71822101";"12923";"16";"3";"1";"7";"5";"1";"0";"1";"2";"0"
"12924";"71822101";"12924";"19";"3";"3";"1";"4";"0";"1";"1";"1";"0"
"12925";"71822107";"12925";"17";"1";"1";"7";"1";"0";"1";"1";"1";"0"
"12926";"71822107";"12926";"19";"1";"1";"7";"3";"1";"0";"1";"2";"0"
"12927";"71822107";"12927";"17";"1";"1";"7";"2";"0";"1";"1";"1";"0"
"12928";"71822107";"12928";"17";"1";"1";"7";"2";"0";"1";"1";"1";"0"
"12929";"71822107";"12929";"17";"3";"1";"7";"2";"0";"1";"2";"1";"0"
"12930";"71822111";"12930";"52";"1";"1";"7";"0";"1";"0";"0";"2";"0"
"12931";"71822111";"12931";"19";"1";"1";"7";"3";"0";"1";"1";"1";"0"
"12932";"71822211";"12932";"24";"1";"1";"7";"2";"1";"0";"1";"2";"0"
"12933";"71822408";"12933";"64";"3";"1";"7";"4";"1";"0";"1";"2";"0"
"12934";"71822415";"12934";"14";"1";"1";"7";"7";"1";"0";"1";"2";"0"
"12935";"71823104";"12935";"51";"1";"1";"7";"2";"1";"0";"1";"2";"0"
"12936";"71823104";"12936";"16";"1";"1";"7";"3";"0";"1";"1";"1";"0"
"12937";"71823206";"12937";"51";"1";"1";"7";"6";"0";"1";"4";"1";"0"
"12938";"71823206";"12938";"17";"3";"1";"7";"1";"1";"0";"1";"2";"0"
"12939";"71823402";"12939";"13";"1";"1";"7";"3";"0";"1";"1";"1";"0"
"12940";"71823402";"12940";"13";"1";"1";"7";"4";"0";"1";"1";"1";"0"
"12941";"71823402";"12941";"13";"1";"1";"7";"6";"0";"3";"3";"1";"0"
"12942";"71823402";"12942";"81";"1";"7";"2";"7";"0";"0";"1";"3";"0"
"12943";"71823407";"12943";"72";"1";"1";"7";"6";"1";"0";"1";"2";"0"
"12944";"71823418";"12944";"17";"3";"1";"7";"2";"0";"0";"1";"3";"0"
"12945";"71823418";"12945";"13";"1";"1";"7";"4";"1";"0";"1";"2";"0"
"12946";"71823418";"12946";"17";"1";"1";"7";"2";"1";"0";"1";"2";"0"
"12947";"71823419";"12947";"17";"1";"1";"7";"2";"0";"1";"1";"1";"0"
"12948";"71823419";"12948";"17";"1";"1";"7";"2";"0";"1";"1";"1";"0"
"12949";"71823419";"12949";"81";"3";"1";"7";"0";"0";"1";"0";"1";"0"
"12950";"71823420";"12950";"13";"1";"1";"7";"5";"2";"1";"2";"2";"0"
"12951";"71823420";"12951";"13";"1";"1";"7";"4";"0";"1";"2";"1";"0"
"12952";"71823420";"12952";"16";"1";"1";"7";"3";"0";"1";"2";"1";"0"
"12953";"71823420";"12953";"13";"1";"1";"7";"4";"1";"0";"1";"2";"0"
"12954";"71823503";"12954";"13";"1";"1";"7";"4";"1";"1";"1";"2";"0"
"12955";"71824211";"4324";"31";"1";"1";"7";"6";"0";"1";"1";"1";"0"
"12956";"71824212";"12956";"17";"1";"1";"7";"2";"0";"1";"1";"1";"0"
"12957";"71824212";"12957";"17";"2";"2";"2";"2";"0";"1";"1";"1";"0"
"12958";"71824212";"12958";"17";"3";"1";"7";"2";"1";"0";"1";"2";"0"
"12959";"71824215";"12959";"14";"1";"1";"7";"6";"0";"4";"1";"1";"0"
"12960";"71824215";"12960";"51";"1";"1";"7";"3";"0";"1";"1";"1";"0"
"12961";"71824215";"12961";"33";"1";"1";"7";"6";"0";"1";"1";"1";"0"
"12962";"71824303";"12962";"13";"1";"1";"7";"4";"1";"0";"1";"2";"0"
"12963";"71824303";"12963";"14";"1";"1";"7";"6";"1";"1";"1";"2";"0"
"12964";"71824303";"12964";"14";"1";"1";"7";"6";"0";"1";"1";"1";"0"
"12965";"71824303";"12965";"31";"1";"1";"7";"4";"0";"1";"1";"1";"0"
"12966";"71824303";"12966";"13";"1";"1";"7";"4";"0";"1";"1";"1";"0"
"12967";"71824303";"12967";"17";"3";"2";"1";"2";"0";"1";"1";"3";"0"
"12968";"71824303";"12968";"19";"1";"1";"7";"4";"1";"0";"1";"2";"0"
"12969";"71824401";"12969";"62";"1";"1";"7";"4";"0";"1";"1";"1";"0"
"12970";"71824405";"12970";"31";"1";"1";"7";"3";"0";"1";"1";"1";"0"
"12971";"71825101";"12971";"14";"1";"1";"7";"6";"0";"1";"1";"1";"0"
"12972";"71825101";"12972";"21";"1";"1";"7";"6";"0";"1";"2";"1";"0"
"12973";"71825101";"12973";"13";"1";"1";"7";"4";"0";"1";"1";"1";"0"
"12974";"71825104";"12974";"72";"1";"1";"7";"6";"0";"1";"1";"1";"0"
"12975";"71825104";"12975";"13";"1";"1";"7";"5";"0";"1";"1";"1";"0"
"12976";"71825107";"12976";"31";"1";"1";"7";"3";"0";"1";"1";"1";"0"
"12977";"71825108";"12977";"51";"1";"2";"2";"7";"1";"0";"1";"2";"0"
"12978";"71825108";"12978";"17";"3";"1";"7";"2";"0";"1";"1";"1";"0"
"12979";"71825108";"12979";"81";"3";"1";"7";"2";"1";"0";"1";"3";"0"
"12980";"71825108";"12980";"13";"1";"1";"7";"4";"0";"1";"1";"1";"0"
"12981";"71825108";"12981";"81";"1";"1";"7";"5";"1";"1";"1";"2";"0"
"12982";"71825108";"12982";"71";"3";"1";"7";"6";"0";"1";"1";"1";"0"
"12983";"71825108";"12983";"17";"3";"2";"1";"2";"1";"0";"1";"2";"0"
"12984";"71825108";"12984";"81";"3";"1";"7";"6";"1";"1";"0";"2";"0"
"12985";"71825110";"12985";"81";"3";"3";"1";"4";"1";"1";"2";"2";"0"
"12986";"71825111";"12986";"14";"3";"1";"7";"6";"1";"0";"2";"2";"0"
"12987";"71825111";"12987";"13";"1";"1";"2";"6";"0";"2";"0";"1";"0"
"12988";"71825111";"12988";"13";"1";"1";"7";"6";"0";"1";"0";"1";"0"
"12989";"71826106";"12989";"17";"1";"1";"7";"2";"0";"2";"2";"1";"0"
"12990";"71826106";"12990";"71";"3";"1";"7";"6";"0";"1";"1";"1";"0"
"12991";"71826106";"12991";"17";"1";"1";"7";"2";"1";"0";"1";"2";"0"
"12992";"71826107";"12992";"72";"1";"1";"7";"6";"0";"1";"1";"1";"0"
"12993";"71826107";"12993";"14";"1";"1";"7";"6";"0";"2";"1";"1";"0"
"12994";"71826107";"12994";"14";"1";"1";"7";"6";"0";"1";"2";"1";"0"
"12995";"71826107";"12995";"51";"3";"1";"7";"3";"0";"2";"0";"1";"0"
"12996";"71826107";"12996";"14";"3";"4";"3";"6";"0";"1";"5";"1";"0"
"12997";"71826107";"12997";"13";"1";"3";"1";"6";"2";"0";"0";"2";"0"
"12998";"71826107";"12998";"81";"3";"1";"7";"6";"1";"1";"0";"2";"0"
"12999";"71826110";"12999";"71";"1";"1";"7";"6";"1";"0";"1";"2";"0"
"13000";"71827102";"13000";"51";"1";"1";"7";"3";"1";"0";"1";"2";"0"
"13001";"71827103";"13001";"71";"1";"1";"7";"6";"0";"1";"1";"1";"0"
"13002";"71827104";"13002";"67";"2";"3";"1";"4";"1";"0";"1";"2";"0"
"13003";"71827203";"13003";"14";"1";"1";"7";"3";"0";"1";"1";"1";"0"
"13004";"71827203";"13004";"51";"1";"1";"7";"3";"0";"1";"1";"1";"0"
"13005";"71827203";"13005";"85";"3";"1";"7";"6";"1";"0";"1";"2";"0"
"13006";"71827205";"13006";"32";"1";"1";"7";"4";"1";"0";"1";"2";"0"
"13007";"71827208";"13007";"72";"1";"1";"7";"6";"1";"0";"1";"2";"0"
"13008";"71831105";"13008";"13";"3";"1";"7";"3";"0";"1";"1";"1";"0"
"13009";"71831105";"13009";"13";"1";"1";"7";"6";"1";"0";"0";"2";"0"
"13010";"71832202";"13010";"19";"1";"1";"7";"5";"1";"0";"1";"2";"0"
"13011";"71832204";"13011";"52";"3";"1";"7";"0";"0";"2";"6";"1";"0"
"13012";"71832204";"13012";"72";"1";"1";"7";"6";"1";"0";"1";"2";"0"
"13013";"71832302";"13013";"31";"3";"1";"7";"6";"1";"0";"2";"2";"0"
"13014";"71832306";"13014";"52";"1";"1";"7";"6";"1";"2";"0";"2";"0"
"13015";"71833104";"13015";"24";"1";"1";"7";"3";"0";"1";"1";"1";"0"
"13016";"71833106";"13016";"16";"3";"1";"7";"6";"0";"1";"3";"1";"0"
"13017";"71833106";"13017";"81";"1";"1";"7";"6";"0";"1";"1";"1";"0"
"13018";"71833106";"13018";"11";"1";"1";"7";"6";"0";"5";"1";"1";"0"
"13019";"71833106";"13019";"11";"1";"1";"7";"6";"0";"1";"1";"1";"0"
"13020";"71833106";"13020";"11";"1";"1";"7";"6";"0";"1";"1";"1";"0"
"13021";"71833106";"13021";"11";"1";"7";"1";"6";"0";"1";"1";"1";"0"
"13022";"71833106";"13022";"17";"1";"6";"7";"2";"0";"1";"1";"1";"0"
"13023";"71833106";"4099";"11";"1";"1";"7";"6";"0";"1";"1";"1";"0"
"13024";"71833106";"13024";"11";"1";"3";"1";"6";"0";"1";"1";"1";"0"
"13025";"71833106";"13025";"11";"1";"1";"7";"6";"0";"3";"0";"1";"0"
"13026";"71833106";"13026";"64";"1";"1";"7";"6";"1";"0";"1";"2";"0"
"13027";"71833106";"13027";"17";"1";"1";"1";"2";"0";"1";"1";"1";"0"
"13028";"71833212";"13028";"31";"1";"1";"7";"4";"1";"0";"0";"3";"0"
"13029";"71833212";"13029";"13";"1";"1";"7";"6";"1";"0";"1";"2";"0"
"13030";"71833212";"13030";"81";"3";"1";"7";"6";"1";"2";"1";"2";"0"
"13031";"71833212";"13031";"71";"1";"1";"7";"6";"0";"1";"1";"1";"0"
"13032";"71833212";"13032";"13";"1";"1";"7";"6";"1";"2";"0";"2";"0"
"13033";"71833212";"13033";"13";"2";"1";"7";"6";"0";"1";"1";"1";"0"
"13034";"71833212";"13034";"35";"3";"2";"1";"3";"1";"0";"1";"2";"0"
"13035";"71835102";"13035";"16";"1";"7";"7";"6";"0";"2";"1";"1";"0"
"13036";"71835102";"13036";"23";"1";"1";"7";"6";"1";"0";"1";"2";"0"
"13037";"71835102";"13037";"14";"1";"1";"7";"3";"0";"1";"1";"1";"0"
"13038";"71842101";"13038";"17";"1";"1";"7";"1";"0";"1";"2";"1";"0"
"13039";"71842101";"13039";"82";"1";"1";"7";"0";"0";"1";"0";"3";"0"
"13040";"71842107";"13040";"71";"2";"1";"7";"6";"0";"1";"1";"1";"0"
"13041";"71842111";"13041";"21";"1";"1";"7";"6";"0";"1";"1";"1";"0"
"13042";"71842111";"13042";"61";"3";"1";"7";"0";"1";"0";"1";"2";"0"
"13043";"71842111";"13043";"14";"3";"1";"7";"6";"0";"1";"0";"1";"0"
"13044";"71842111";"13044";"81";"3";"1";"7";"6";"0";"1";"1";"1";"0"
"13045";"71842203";"13045";"73";"1";"1";"7";"6";"0";"1";"1";"1";"0"
"13046";"71842203";"13046";"17";"1";"1";"7";"2";"1";"0";"1";"2";"0"
"13047";"72674404";"13047";"31";"3";"1";"7";"6";"0";"1";"1";"1";"0"
"13048";"72674404";"13048";"13";"1";"1";"7";"6";"0";"1";"1";"1";"0"
"13049";"72674404";"13049";"71";"2";"1";"7";"8";"0";"1";"1";"1";"0"
"13050";"72681203";"13050";"17";"2";"1";"7";"1";"0";"1";"1";"1";"0"
"13051";"72681205";"13051";"16";"1";"1";"7";"6";"1";"0";"1";"2";"0"
"13052";"72682104";"13052";"13";"1";"3";"2";"6";"0";"0";"1";"3";"0"
"13053";"72682106";"13053";"51";"1";"1";"7";"6";"0";"1";"2";"1";"0"
"13054";"72683104";"13054";"71";"3";"1";"7";"6";"0";"1";"1";"1";"0"
"13055";"72683104";"13055";"17";"2";"1";"7";"2";"0";"1";"1";"1";"0"
"13056";"72702406";"13056";"21";"1";"6";"1";"6";"1";"1";"0";"2";"0"
"13057";"72703405";"13057";"19";"2";"1";"7";"7";"0";"1";"2";"1";"0"
"13058";"72703405";"13058";"51";"1";"1";"7";"6";"1";"1";"0";"2";"0"
"13059";"72705402";"13059";"13";"5";"3";"1";"6";"0";"3";"0";"1";"0"
"13060";"72705504";"13060";"19";"1";"1";"7";"6";"0";"0";"1";"3";"0"
"13061";"72744305";"13061";"13";"1";"1";"7";"4";"0";"1";"1";"1";"0"
"13062";"72744305";"13062";"13";"3";"1";"7";"6";"0";"2";"2";"1";"0"
"13063";"72791405";"13063";"81";"3";"1";"7";"6";"1";"1";"0";"2";"0"
"13064";"72791405";"13064";"52";"3";"1";"4";"6";"0";"2";"0";"1";"0"
"13065";"72791405";"13065";"13";"1";"3";"1";"6";"1";"0";"1";"2";"0"
"13066";"72791405";"13066";"21";"2";"1";"7";"3";"0";"1";"1";"1";"0"
"13067";"72802104";"11581";"52";"1";"1";"7";"0";"0";"1";"0";"1";"0"