"accident_id";"lieu_id";"date_id";"cause_id";"lum_id";"intemp_id";"etat_surface_id";"impliq_id";"nb_blesses_graves";"nb_blesses_legers";"nb_indemnes";"gravite";"nb_morts"
"13068";"72802109";"13068";"72";"3";"1";"7";"6";"1";"0";"1";"2";"0"
"13069";"72802205";"13069";"16";"2";"1";"7";"4";"1";"0";"1";"2";"0"
"13070";"72802207";"13070";"11";"1";"3";"2";"6";"1";"0";"1";"2";"0"
"13071";"72802214";"13071";"17";"3";"1";"7";"2";"0";"1";"1";"1";"0"
"13072";"72802214";"13072";"52";"1";"1";"7";"2";"0";"1";"1";"1";"0"
"13073";"72802214";"13073";"32";"1";"3";"1";"7";"1";"0";"1";"2";"0"
"13074";"72803209";"13074";"52";"3";"1";"1";"0";"0";"1";"0";"1";"0"
"13075";"72803302";"13075";"51";"1";"1";"7";"6";"0";"2";"0";"1";"0"
"13076";"72817503";"13076";"81";"1";"1";"7";"6";"0";"1";"1";"1";"0"
"13077";"72817503";"13077";"18";"1";"1";"7";"6";"1";"0";"1";"2";"0"
"13078";"72821106";"13078";"14";"1";"1";"7";"6";"0";"1";"1";"1";"0"
"13079";"72821201";"13079";"81";"3";"1";"7";"0";"0";"2";"0";"1";"0"
"13080";"72821201";"13080";"81";"1";"1";"1";"6";"1";"0";"1";"2";"0"
"13081";"72821210";"13081";"31";"1";"1";"7";"6";"1";"0";"1";"2";"0"
"13082";"72821307";"13082";"51";"3";"3";"2";"0";"0";"1";"0";"1";"0"
"13083";"72821307";"13083";"13";"3";"1";"7";"4";"1";"0";"1";"2";"0"
"13084";"72822310";"13084";"35";"3";"1";"7";"4";"0";"1";"1";"1";"0"
"13085";"72822310";"13085";"17";"3";"2";"2";"2";"1";"0";"1";"2";"0"
"13086";"72822310";"13086";"16";"1";"1";"7";"6";"1";"1";"1";"2";"0"
"13087";"72822317";"13087";"81";"3";"1";"7";"6";"0";"4";"1";"1";"0"
"13088";"72822317";"13088";"27";"1";"1";"7";"9";"0";"1";"0";"1";"0"
"13089";"72822318";"13089";"71";"1";"1";"7";"6";"0";"1";"1";"1";"0"
"13090";"72822318";"13090";"27";"1";"1";"7";"9";"0";"1";"0";"1";"0"
"13091";"72822318";"13091";"16";"3";"1";"7";"5";"1";"0";"1";"2";"0"
"13092";"72822319";"13092";"81";"3";"3";"2";"0";"0";"1";"1";"1";"0"
"13093";"72822320";"13093";"81";"1";"1";"7";"6";"0";"2";"2";"1";"0"
"13094";"72822320";"13094";"13";"1";"1";"7";"3";"0";"1";"1";"1";"0"
"13095";"72823307";"13095";"17";"3";"1";"1";"2";"1";"0";"1";"2";"0"
"13096";"72823307";"13096";"71";"1";"1";"7";"6";"1";"0";"1";"2";"0"
"13097";"72823307";"13097";"71";"3";"1";"7";"6";"1";"0";"1";"2";"0"
"13098";"72823309";"13098";"13";"1";"1";"7";"3";"1";"0";"1";"2";"0"
"13099";"72823312";"13099";"51";"1";"1";"7";"6";"0";"1";"1";"1";"0"
"13100";"72823312";"13100";"13";"1";"1";"7";"4";"0";"1";"1";"1";"0"
"13101";"72823317";"13101";"81";"3";"1";"7";"0";"2";"0";"0";"2";"0"
"13102";"72823317";"13102";"17";"3";"3";"1";"2";"1";"1";"1";"2";"0"
"13103";"72825305";"13103";"52";"3";"1";"7";"6";"0";"1";"3";"1";"0"
"13104";"72825305";"13104";"71";"1";"1";"7";"6";"0";"1";"1";"1";"0"
"13105";"72825401";"13105";"35";"1";"1";"7";"3";"1";"0";"1";"2";"0"
"13106";"72825404";"13106";"81";"1";"1";"7";"6";"0";"0";"2";"0";"0"
"13107";"72825504";"13107";"21";"1";"1";"7";"6";"0";"1";"1";"1";"0"
"13108";"72825504";"13108";"35";"1";"1";"7";"3";"0";"1";"1";"1";"0"
"13109";"72825505";"13109";"52";"1";"1";"7";"0";"1";"0";"0";"2";"0"
"13110";"72825505";"13110";"52";"1";"1";"7";"6";"0";"3";"2";"1";"0"
"13111";"72825505";"13111";"52";"3";"1";"7";"0";"2";"0";"0";"3";"0"
"13112";"72827501";"13112";"86";"3";"2";"2";"6";"0";"1";"1";"1";"0"
"13113";"72835109";"13113";"81";"3";"1";"2";"6";"1";"0";"1";"2";"0"
"13114";"72835109";"13114";"17";"1";"1";"7";"1";"1";"0";"1";"2";"0"
"13115";"72836107";"13115";"17";"3";"2";"1";"1";"1";"0";"1";"2";"0"
"13116";"72836202";"13116";"17";"1";"1";"7";"2";"1";"0";"2";"2";"0"
"13117";"72836202";"11208";"17";"2";"3";"1";"2";"0";"2";"0";"1";"0"
"13118";"72836202";"13118";"51";"1";"1";"7";"3";"0";"1";"1";"1";"0"
"13119";"72836202";"13119";"71";"1";"1";"7";"6";"1";"0";"1";"2";"0"
"13120";"72836202";"13120";"17";"1";"1";"7";"1";"0";"1";"1";"1";"0"
"13121";"72836203";"13121";"31";"1";"1";"7";"6";"0";"1";"1";"1";"0"
"13122";"72836203";"13122";"13";"1";"1";"7";"6";"1";"3";"1";"2";"0"
"13123";"73684205";"13123";"16";"1";"1";"7";"8";"0";"1";"2";"1";"0"
"13124";"73684309";"13124";"71";"1";"1";"7";"6";"0";"1";"2";"1";"0"
"13125";"73684309";"13125";"71";"1";"1";"7";"6";"1";"0";"1";"2";"0"
"13126";"73685202";"13126";"14";"1";"1";"7";"6";"0";"0";"1";"3";"0"
"13127";"73695106";"13127";"52";"1";"1";"7";"6";"0";"3";"0";"1";"0"
"13128";"73695106";"13128";"71";"3";"1";"7";"6";"0";"1";"1";"1";"0"
"13129";"73696209";"13129";"13";"2";"1";"7";"4";"0";"1";"1";"1";"0"
"13130";"73697204";"13130";"16";"3";"1";"7";"4";"1";"0";"1";"2";"0"
"13131";"73697204";"13131";"71";"1";"1";"7";"6";"1";"0";"1";"2";"0"
"13132";"73697204";"13132";"73";"1";"1";"7";"4";"0";"1";"1";"1";"0"
"13133";"73697204";"13133";"11";"1";"1";"7";"6";"0";"1";"1";"1";"0"
"13134";"73697409";"13134";"13";"3";"1";"1";"4";"1";"0";"1";"2";"0"
"13135";"73713504";"13135";"51";"1";"1";"7";"3";"0";"0";"1";"3";"0"
"13136";"73714301";"13136";"51";"1";"1";"7";"6";"1";"0";"3";"2";"0"
"13137";"73714301";"13137";"52";"1";"3";"2";"0";"1";"0";"0";"2";"0"
"13138";"73714301";"13138";"81";"3";"1";"7";"6";"0";"3";"0";"1";"0"
"13139";"73714301";"13139";"51";"1";"2";"1";"6";"1";"0";"1";"2";"0"
"13140";"73714304";"13140";"51";"1";"1";"7";"6";"1";"0";"1";"2";"0"
"13141";"73743304";"13141";"51";"1";"7";"7";"3";"1";"0";"1";"2";"0"
"13142";"73743304";"13142";"81";"5";"1";"7";"6";"0";"1";"1";"1";"0"
"13143";"73782302";"13143";"22";"1";"1";"7";"6";"1";"0";"3";"2";"0"
"13144";"73782302";"13144";"36";"1";"1";"7";"4";"1";"1";"0";"2";"0"
"13145";"73786404";"2303";"14";"1";"1";"7";"6";"0";"2";"0";"1";"0"
"13146";"73791401";"13146";"51";"1";"1";"7";"6";"0";"2";"1";"1";"0"
"13147";"73791401";"13147";"51";"2";"3";"1";"6";"0";"1";"2";"1";"0"
"13148";"73791401";"13148";"71";"1";"3";"1";"6";"0";"0";"1";"3";"0"
"13149";"73791401";"13149";"17";"1";"1";"1";"4";"1";"0";"1";"2";"0"
"13150";"73791401";"13150";"63";"1";"1";"7";"6";"1";"0";"1";"2";"0"
"13151";"73791401";"13151";"51";"3";"1";"7";"6";"4";"0";"0";"3";"1"
"13152";"73794104";"13152";"13";"3";"1";"7";"6";"2";"2";"1";"2";"0"
"13153";"73794104";"13153";"13";"1";"1";"7";"4";"0";"1";"1";"1";"0"
"13154";"73794104";"13154";"13";"3";"3";"2";"6";"1";"0";"1";"2";"0"
"13155";"73794104";"13155";"17";"5";"1";"7";"2";"1";"0";"1";"2";"0"
"13156";"73794104";"13156";"23";"3";"1";"7";"4";"0";"1";"1";"1";"0"
"13157";"73794104";"13157";"13";"3";"3";"2";"6";"2";"2";"0";"3";"1"
"13158";"73794104";"13158";"13";"3";"1";"7";"6";"0";"3";"0";"1";"0"
"13159";"73794104";"13159";"16";"1";"3";"1";"6";"0";"1";"2";"1";"0"
"13160";"73794104";"13160";"13";"1";"1";"7";"6";"0";"2";"1";"1";"0"
"13161";"73794104";"13161";"81";"3";"1";"7";"6";"3";"1";"0";"2";"0"
"13162";"73794104";"13162";"71";"1";"1";"1";"7";"1";"0";"1";"2";"0"
"13163";"73794104";"13163";"81";"3";"3";"1";"6";"0";"5";"2";"1";"0"
"13164";"73821203";"13164";"11";"1";"1";"7";"6";"0";"1";"1";"1";"0"
"13165";"73821203";"13165";"16";"2";"1";"2";"4";"1";"0";"5";"2";"0"
"13166";"73821203";"13166";"14";"1";"7";"7";"6";"2";"1";"2";"2";"0"
"13167";"73821203";"13167";"16";"3";"3";"1";"6";"0";"1";"1";"1";"0"
"13168";"73821403";"8735";"13";"3";"1";"2";"6";"0";"3";"1";"1";"0"
"13169";"73823101";"13169";"14";"1";"1";"7";"3";"1";"0";"2";"2";"0"
"13170";"73823101";"13170";"14";"1";"1";"7";"3";"1";"0";"1";"2";"0"
"13171";"73833201";"13171";"31";"3";"1";"7";"6";"0";"1";"1";"1";"0"
"13172";"73843203";"13172";"13";"2";"1";"7";"6";"1";"2";"0";"2";"0"
"13173";"73847502";"13173";"27";"1";"1";"7";"6";"0";"1";"2";"1";"0"
"13174";"73855107";"13174";"14";"1";"1";"7";"6";"0";"1";"1";"1";"0"
"13175";"73855107";"13175";"14";"3";"1";"7";"6";"0";"1";"1";"1";"0"
"13176";"74691103";"13176";"17";"1";"1";"7";"1";"0";"1";"1";"1";"0"
"13177";"74691409";"13177";"81";"1";"1";"7";"6";"0";"1";"1";"1";"0"
"13178";"74692304";"13178";"17";"1";"1";"7";"2";"1";"0";"1";"2";"0"
"13179";"74692408";"13179";"17";"3";"3";"2";"2";"1";"0";"2";"2";"0"
"13180";"74694106";"13180";"13";"3";"1";"1";"5";"0";"1";"1";"1";"0"
"13181";"74694202";"13181";"17";"3";"1";"7";"1";"0";"1";"1";"1";"0"
"13182";"74694202";"13182";"71";"1";"1";"7";"6";"1";"0";"1";"2";"0"
"13183";"74697201";"13183";"13";"2";"1";"7";"6";"1";"0";"1";"2";"0"
"13184";"74721203";"13184";"13";"5";"1";"7";"5";"1";"0";"1";"2";"0"
"13185";"74721203";"13185";"13";"1";"7";"7";"6";"0";"1";"1";"1";"0"
"13186";"74721203";"13186";"13";"3";"3";"1";"6";"0";"1";"1";"1";"0"
"13187";"74721203";"13187";"13";"1";"1";"7";"7";"1";"0";"1";"2";"0"
"13188";"74721203";"13188";"13";"3";"1";"7";"6";"0";"3";"2";"1";"0"
"13189";"74721203";"13189";"13";"1";"3";"1";"6";"0";"1";"0";"3";"0"
"13190";"74721203";"13190";"13";"3";"1";"1";"6";"0";"1";"9";"1";"0"
"13191";"74726201";"13191";"21";"1";"7";"7";"6";"0";"1";"1";"1";"0"
"13192";"74733104";"13192";"19";"1";"1";"7";"6";"2";"0";"2";"2";"0"
"13193";"74733104";"13193";"19";"5";"1";"7";"7";"0";"0";"1";"3";"0"
"13194";"74733104";"13194";"16";"1";"1";"7";"6";"0";"1";"2";"1";"0"
"13195";"74733104";"13195";"19";"5";"1";"7";"6";"0";"2";"1";"1";"0"
"13196";"74733104";"13196";"19";"5";"1";"7";"6";"1";"1";"0";"2";"0"
"13197";"74733104";"13197";"81";"3";"1";"7";"6";"1";"0";"2";"3";"2"
"13198";"74734101";"13198";"11";"3";"1";"2";"6";"1";"0";"1";"2";"0"
"13199";"74734101";"13199";"52";"1";"1";"7";"0";"0";"1";"0";"1";"0"
"13200";"74734101";"13200";"11";"1";"1";"7";"6";"1";"0";"1";"2";"0"
"13201";"74734101";"13201";"19";"1";"1";"1";"6";"1";"1";"0";"2";"0"
"13202";"74734101";"13202";"82";"1";"1";"7";"0";"1";"0";"0";"2";"0"
"13203";"74735203";"13203";"13";"1";"1";"7";"4";"0";"1";"1";"1";"0"
"13204";"74735203";"13204";"52";"1";"4";"3";"6";"0";"1";"2";"1";"0"
"13205";"74735203";"13205";"13";"5";"3";"2";"7";"0";"0";"1";"3";"0"
"13206";"74735203";"13206";"16";"1";"1";"7";"6";"0";"1";"1";"3";"0"
"13207";"74735203";"13207";"13";"1";"1";"7";"7";"0";"2";"1";"1";"0"
"13208";"74735203";"13208";"13";"1";"1";"7";"4";"0";"1";"1";"1";"0"
"13209";"74735203";"13209";"13";"1";"1";"7";"6";"1";"0";"1";"2";"0"
"13210";"74737303";"13210";"19";"1";"3";"2";"6";"1";"0";"1";"2";"0"
"13211";"74737303";"13211";"52";"5";"1";"7";"0";"0";"0";"0";"3";"0"
"13212";"74737303";"13212";"81";"3";"1";"7";"7";"0";"2";"0";"1";"0"
"13213";"74746102";"13213";"19";"3";"2";"2";"6";"1";"1";"0";"2";"0"
"13214";"74746102";"13214";"81";"1";"2";"2";"6";"0";"1";"1";"1";"0"
"13215";"74746102";"13215";"21";"3";"1";"7";"6";"0";"3";"1";"1";"0"
"13216";"74746102";"13216";"31";"1";"1";"7";"6";"1";"0";"1";"2";"0"
"13217";"74746102";"13217";"13";"1";"1";"7";"7";"1";"0";"4";"2";"0"
"13218";"74746102";"13218";"13";"1";"1";"7";"7";"0";"1";"1";"1";"0"
"13219";"74747101";"13219";"16";"1";"1";"7";"4";"1";"0";"1";"2";"0"
"13220";"74757204";"13220";"16";"1";"1";"7";"4";"1";"0";"1";"2";"0"
"13221";"74757204";"13221";"51";"3";"1";"7";"7";"0";"0";"1";"3";"0"
"13222";"74757213";"13222";"13";"1";"1";"7";"5";"0";"2";"1";"1";"0"
"13223";"74761303";"13223";"52";"1";"1";"7";"0";"1";"0";"0";"2";"0"
"13224";"74762213";"13224";"31";"1";"1";"7";"3";"0";"1";"1";"1";"0"
"13225";"74783104";"13225";"13";"1";"1";"7";"6";"0";"2";"4";"1";"0"
"13226";"74783104";"13226";"13";"1";"3";"1";"8";"1";"1";"1";"2";"0"
"13227";"74873208";"13227";"16";"1";"1";"7";"6";"1";"1";"1";"2";"0"
"13228";"74873208";"13228";"13";"1";"2";"1";"6";"0";"2";"2";"1";"0"
"13229";"74874302";"13229";"13";"1";"1";"7";"6";"1";"0";"1";"2";"0"
"13230";"74877503";"13230";"13";"1";"1";"7";"3";"0";"3";"2";"1";"0"
"13231";"74877503";"13231";"13";"1";"1";"7";"6";"1";"0";"1";"2";"0"
"13232";"74877503";"13232";"13";"1";"1";"7";"6";"1";"4";"1";"2";"0"
"13233";"74877503";"13233";"13";"1";"1";"7";"6";"2";"1";"2";"2";"0"
"13234";"74877503";"13234";"16";"5";"2";"1";"6";"0";"2";"2";"1";"0"
"13235";"74877503";"13235";"13";"1";"3";"1";"6";"1";"0";"1";"2";"0"
"13236";"74877503";"13236";"13";"1";"3";"1";"7";"0";"0";"1";"3";"0"
"13237";"74877503";"13237";"16";"1";"1";"1";"6";"0";"1";"1";"1";"0"
"13238";"74877503";"13238";"13";"1";"1";"7";"6";"1";"1";"2";"2";"0"
"13239";"74885503";"13239";"13";"2";"1";"7";"5";"0";"2";"3";"1";"0"
"13240";"75695101";"13240";"52";"5";"1";"1";"7";"1";"0";"1";"2";"0"
"13241";"75704503";"13241";"52";"2";"1";"7";"2";"0";"1";"0";"3";"0"
"13242";"75711402";"13242";"17";"1";"1";"7";"2";"1";"0";"1";"2";"0"
"13243";"75712402";"13243";"52";"3";"1";"4";"6";"1";"1";"0";"2";"0"
"13244";"75713207";"13244";"14";"1";"1";"7";"3";"1";"0";"1";"2";"0"
"13245";"75722505";"13245";"13";"1";"1";"7";"7";"1";"0";"1";"2";"0"
"13246";"75722505";"13246";"13";"1";"1";"7";"6";"2";"1";"0";"2";"0"
"13247";"75722505";"13247";"13";"1";"1";"7";"7";"1";"0";"1";"2";"0"
"13248";"75722505";"13248";"13";"1";"1";"7";"4";"0";"1";"1";"1";"0"
"13249";"75722505";"13249";"13";"1";"1";"7";"6";"0";"2";"2";"1";"0"
"13250";"75722505";"13250";"13";"1";"1";"7";"6";"0";"2";"1";"1";"0"
"13251";"75722505";"13251";"13";"1";"1";"1";"6";"1";"1";"0";"2";"0"
"13252";"75731504";"13252";"21";"2";"1";"7";"6";"0";"1";"1";"1";"0"
"13253";"75733403";"13253";"17";"1";"3";"2";"2";"1";"0";"1";"2";"0"
"13254";"75733503";"13254";"17";"1";"1";"7";"2";"0";"0";"1";"3";"0"
"13255";"75734404";"13255";"13";"1";"1";"7";"6";"0";"1";"1";"1";"0"
"13256";"75734404";"13256";"14";"1";"1";"7";"6";"1";"0";"2";"2";"0"
"13257";"75734404";"13257";"32";"1";"1";"7";"6";"0";"1";"1";"1";"0"
"13258";"75734404";"13258";"14";"1";"1";"7";"6";"1";"2";"0";"2";"0"
"13259";"75734404";"13259";"18";"1";"3";"1";"6";"0";"1";"1";"1";"0"
"13260";"75734406";"13260";"16";"1";"3";"1";"6";"0";"3";"1";"1";"0"
"13261";"75735417";"13261";"14";"1";"1";"7";"3";"0";"2";"0";"1";"0"
"13262";"75735501";"13262";"13";"1";"1";"7";"8";"0";"1";"1";"1";"0"
"13263";"75735501";"13263";"82";"1";"3";"1";"6";"0";"1";"1";"1";"0"
"13264";"75736403";"13264";"17";"1";"1";"7";"2";"0";"1";"1";"1";"0"
"13265";"75736501";"13265";"36";"1";"3";"2";"6";"0";"1";"1";"1";"0"
"13266";"75736501";"13266";"42";"1";"1";"7";"5";"0";"1";"1";"1";"0"
"13267";"75736502";"13267";"14";"1";"1";"7";"7";"0";"1";"1";"1";"0"
"13268";"75736502";"13268";"14";"1";"3";"1";"6";"0";"1";"1";"1";"0"
"13269";"75736502";"13269";"14";"1";"1";"7";"6";"0";"1";"1";"1";"0"
"13270";"75736502";"13270";"14";"1";"1";"7";"6";"1";"0";"1";"2";"0"
"13271";"75736505";"13271";"13";"1";"1";"7";"6";"0";"2";"2";"1";"0"
"13272";"75736505";"13272";"13";"3";"3";"1";"6";"0";"1";"2";"1";"0"
"13273";"75736505";"13273";"99";"1";"1";"7";"7";"0";"1";"1";"1";"0"
"13274";"75737403";"13274";"16";"1";"1";"7";"6";"0";"1";"1";"1";"0"
"13275";"75737403";"13275";"18";"1";"1";"7";"6";"0";"1";"1";"1";"0"
"13276";"75737403";"13276";"16";"1";"1";"7";"6";"0";"4";"0";"1";"0"
"13277";"75737407";"13277";"17";"1";"1";"7";"2";"1";"0";"1";"2";"0"
"13278";"75737501";"13278";"11";"1";"1";"7";"1";"0";"1";"1";"1";"0"
"13279";"75737501";"13279";"11";"1";"1";"7";"5";"0";"2";"0";"1";"0"
"13280";"75737501";"13280";"11";"1";"1";"7";"2";"0";"3";"1";"1";"0"
"13281";"75741102";"13281";"14";"3";"2";"1";"6";"0";"1";"1";"1";"0"
"13282";"75743303";"13282";"13";"2";"1";"7";"6";"1";"1";"2";"2";"0"
"13283";"75743303";"13283";"13";"1";"1";"7";"6";"0";"1";"1";"1";"0"
"13284";"75743303";"13284";"17";"1";"1";"1";"2";"1";"0";"1";"2";"0"
"13285";"75743303";"13285";"16";"1";"1";"7";"6";"1";"0";"1";"2";"0"
"13286";"75743303";"13286";"17";"3";"2";"1";"2";"0";"1";"2";"1";"0"
"13287";"75744104";"13287";"13";"1";"1";"7";"4";"1";"0";"2";"2";"0"
"13288";"75745102";"13288";"18";"1";"1";"7";"7";"1";"0";"1";"2";"0"
"13289";"75745109";"13289";"16";"1";"3";"1";"4";"0";"1";"1";"1";"0"
"13290";"75746204";"13290";"72";"1";"1";"7";"6";"0";"1";"1";"1";"0"
"13291";"75747107";"13291";"13";"1";"1";"7";"3";"0";"1";"1";"1";"0"
"13292";"75747201";"13292";"17";"1";"1";"7";"1";"0";"1";"1";"1";"0"
"13293";"75747201";"13293";"23";"3";"3";"2";"6";"0";"1";"0";"1";"0"
"13294";"75747304";"13294";"31";"1";"1";"7";"6";"0";"1";"1";"1";"0"
"13295";"75747304";"7127";"31";"1";"1";"7";"6";"0";"2";"0";"1";"0"
"13296";"75747304";"2593";"51";"3";"1";"7";"6";"0";"2";"1";"1";"0"
"13297";"75747304";"13297";"51";"3";"1";"7";"3";"1";"0";"0";"2";"0"
"13298";"75751411";"13298";"11";"5";"3";"2";"6";"0";"1";"2";"1";"0"
"13299";"75753508";"13299";"18";"1";"3";"1";"4";"1";"0";"1";"2";"0"
"13300";"75754407";"13300";"67";"1";"3";"1";"6";"0";"1";"2";"1";"0"
"13301";"75764405";"13301";"13";"1";"1";"7";"6";"0";"1";"1";"1";"0"
"13302";"75764405";"13302";"13";"5";"1";"7";"6";"1";"1";"0";"2";"0"
"13303";"75764405";"13303";"13";"5";"1";"7";"4";"0";"1";"1";"1";"0"
"13304";"75764405";"13304";"13";"5";"1";"7";"7";"0";"2";"0";"3";"0"
"13305";"75764405";"13305";"13";"5";"1";"7";"7";"0";"1";"1";"1";"0"
"13306";"75764405";"13306";"13";"1";"1";"7";"6";"0";"2";"0";"1";"0"
"13307";"75764405";"13307";"13";"1";"1";"7";"6";"0";"1";"1";"1";"0"
"13308";"75764405";"13308";"13";"5";"3";"2";"6";"0";"1";"1";"1";"0"
"13309";"75764414";"13309";"13";"1";"1";"7";"6";"0";"1";"1";"1";"0"
"13310";"75764414";"13310";"13";"1";"1";"7";"6";"0";"2";"0";"1";"0"
"13311";"75764507";"13311";"31";"3";"3";"2";"4";"0";"1";"1";"1";"0"
"13312";"75764507";"13312";"51";"1";"1";"7";"6";"0";"1";"2";"1";"0"
"13313";"75765302";"13313";"13";"1";"1";"7";"4";"0";"1";"1";"1";"0"
"13314";"75765307";"13314";"51";"1";"3";"2";"6";"0";"2";"1";"1";"0"
"13315";"75766507";"13315";"41";"1";"1";"7";"6";"0";"1";"1";"1";"0"
"13316";"75767402";"13316";"14";"1";"1";"7";"5";"0";"1";"1";"1";"0"
"13317";"75773307";"13317";"16";"1";"1";"7";"6";"1";"0";"3";"2";"0"
"13318";"75773307";"13318";"16";"1";"3";"1";"4";"0";"1";"1";"1";"0"
"13319";"75775103";"13319";"13";"1";"3";"1";"4";"1";"0";"1";"2";"0"
"13320";"75775103";"13320";"13";"3";"1";"7";"6";"0";"1";"0";"1";"0"
"13321";"75776303";"13321";"16";"1";"1";"7";"6";"0";"1";"1";"1";"0"
"13322";"75776303";"13322";"11";"1";"1";"7";"6";"0";"1";"1";"1";"0"
"13323";"75776303";"13323";"16";"1";"1";"7";"6";"0";"1";"1";"1";"0"
"13324";"75776303";"13324";"16";"1";"1";"7";"6";"0";"1";"1";"1";"0"
"13325";"75776303";"13325";"17";"3";"3";"2";"2";"0";"1";"1";"1";"0"
"13326";"75776303";"13326";"11";"1";"1";"7";"6";"0";"1";"1";"1";"0"
"13327";"75776303";"13327";"16";"1";"1";"7";"4";"0";"1";"1";"1";"0"
"13328";"75776303";"13328";"11";"3";"1";"7";"4";"0";"1";"0";"1";"0"
"13329";"75776303";"13329";"17";"1";"1";"7";"2";"0";"1";"1";"1";"0"
"13330";"75776303";"13330";"16";"1";"1";"7";"6";"0";"1";"1";"1";"0"
"13331";"75776303";"1723";"17";"1";"1";"7";"2";"1";"0";"1";"2";"0"
"13332";"75776303";"13332";"16";"3";"3";"1";"6";"0";"1";"2";"1";"0"
"13333";"75776303";"13333";"16";"1";"1";"7";"6";"0";"2";"1";"1";"0"
"13334";"75776303";"13334";"16";"1";"1";"7";"6";"0";"2";"1";"1";"0"
"13335";"75776303";"13335";"16";"1";"1";"7";"6";"0";"2";"0";"1";"0"
"13336";"75776404";"13336";"13";"1";"1";"7";"6";"0";"1";"1";"1";"0"
"13337";"75776404";"10486";"13";"1";"1";"7";"6";"0";"3";"0";"1";"0"
"13338";"75776404";"13338";"35";"3";"1";"7";"6";"0";"1";"0";"1";"0"
"13339";"75776404";"13339";"13";"3";"3";"1";"6";"0";"1";"0";"1";"0"
"13340";"75776404";"13340";"13";"1";"1";"7";"6";"0";"1";"1";"1";"0"
"13341";"75776404";"10253";"13";"1";"1";"7";"6";"0";"2";"1";"1";"0"
"13342";"75776404";"13342";"16";"2";"2";"2";"6";"0";"3";"0";"1";"0"
"13343";"75776404";"13343";"72";"3";"1";"7";"6";"0";"0";"1";"3";"0"
"13344";"75776404";"13344";"13";"1";"2";"1";"6";"0";"2";"0";"1";"0"
"13345";"75776404";"13345";"13";"1";"1";"7";"6";"0";"1";"1";"1";"0"
"13346";"75776404";"13346";"13";"1";"2";"1";"6";"0";"1";"1";"1";"0"
"13347";"75776502";"13347";"13";"1";"1";"7";"7";"0";"1";"1";"1";"0"
"13348";"75776508";"13348";"13";"1";"1";"7";"5";"1";"0";"1";"2";"0"
"13349";"75776508";"13349";"13";"1";"1";"7";"6";"0";"1";"1";"1";"0"
"13350";"75777301";"13350";"71";"1";"1";"7";"6";"0";"1";"1";"1";"0"
"13351";"75777406";"13351";"14";"1";"1";"7";"6";"0";"1";"1";"1";"0"
"13352";"75786201";"13352";"71";"3";"1";"7";"6";"1";"0";"1";"2";"0"
"13353";"75786201";"13353";"15";"1";"1";"7";"6";"0";"1";"1";"1";"0"
"13354";"75786201";"13354";"11";"1";"1";"7";"6";"0";"1";"1";"1";"0"
"13355";"75786201";"13355";"16";"1";"1";"7";"4";"1";"0";"1";"2";"0"
"13356";"75786203";"13356";"16";"1";"1";"7";"6";"1";"0";"1";"2";"0"
"13357";"75786203";"13357";"13";"1";"1";"7";"6";"0";"2";"1";"1";"0"
"13358";"75786203";"13358";"13";"3";"1";"7";"6";"0";"1";"0";"1";"0"
"13359";"75786203";"13359";"13";"1";"1";"7";"6";"0";"1";"4";"1";"0"
"13360";"75786203";"13360";"13";"3";"3";"1";"6";"0";"2";"0";"1";"0"
"13361";"75786203";"13361";"13";"2";"3";"2";"6";"0";"2";"1";"1";"0"
"13362";"75787501";"13362";"21";"1";"1";"7";"7";"1";"1";"1";"3";"1"
"13363";"75792302";"13363";"13";"3";"1";"7";"6";"1";"0";"2";"2";"0"
"13364";"75792508";"10449";"14";"1";"1";"7";"6";"0";"1";"1";"1";"0"
"13365";"75792508";"13365";"14";"1";"1";"7";"6";"0";"1";"1";"1";"0"
"13366";"75792508";"13366";"14";"3";"1";"7";"6";"0";"1";"0";"1";"0"
"13367";"75792508";"13367";"14";"1";"1";"7";"6";"0";"2";"2";"1";"0"
"13368";"75793407";"13368";"31";"3";"1";"7";"6";"1";"1";"0";"2";"0"
"13369";"75794506";"13369";"72";"1";"1";"7";"6";"0";"1";"1";"1";"0"
"13370";"75794511";"13370";"71";"1";"1";"7";"6";"0";"1";"1";"1";"0"
"13371";"75794511";"13371";"18";"1";"1";"7";"4";"0";"1";"1";"1";"0"
"13372";"75796401";"13372";"14";"1";"3";"2";"6";"0";"1";"1";"1";"0"
"13373";"75796401";"13373";"53";"1";"1";"7";"3";"2";"1";"1";"2";"0"
"13374";"75796501";"13374";"14";"1";"1";"7";"6";"0";"1";"1";"1";"0"
"13375";"75796501";"13375";"14";"3";"1";"7";"6";"1";"0";"1";"2";"0"
"13376";"75796502";"13376";"16";"3";"1";"7";"4";"0";"1";"1";"1";"0"
"13377";"75796502";"13377";"16";"1";"1";"7";"4";"0";"1";"1";"1";"0"