"accident_id";"lieu_id";"date_id";"cause_id";"lum_id";"intemp_id";"etat_surface_id";"impliq_id";"nb_blesses_graves";"nb_blesses_legers";"nb_indemnes";"gravite";"nb_morts"
"13378";"75796502";"13378";"31";"3";"3";"2";"6";"0";"1";"1";"1";"0"
"13379";"75796502";"13379";"51";"1";"1";"7";"6";"0";"2";"1";"1";"0"
"13380";"75796502";"13380";"31";"1";"1";"7";"7";"0";"1";"1";"1";"0"
"13381";"75796505";"13381";"17";"1";"1";"7";"2";"1";"0";"1";"2";"0"
"13382";"75797201";"13382";"19";"1";"1";"7";"6";"0";"4";"0";"1";"0"
"13383";"75797401";"13383";"14";"3";"3";"2";"6";"0";"1";"1";"1";"0"
"13384";"75797401";"13384";"16";"1";"1";"7";"6";"0";"1";"1";"1";"0"
"13385";"75797401";"13385";"81";"3";"3";"1";"6";"1";"5";"0";"2";"0"
"13386";"75797401";"13386";"19";"1";"1";"7";"4";"0";"1";"1";"1";"0"
"13387";"75797410";"13387";"13";"1";"1";"7";"6";"0";"1";"2";"1";"0"
"13388";"75797410";"13388";"13";"1";"3";"1";"6";"0";"1";"0";"1";"0"
"13389";"75797410";"13389";"19";"3";"1";"7";"6";"0";"4";"0";"1";"0"
"13390";"75797410";"13390";"13";"3";"3";"2";"6";"0";"1";"1";"1";"0"
"13391";"75797412";"13391";"14";"1";"1";"7";"6";"0";"2";"0";"1";"0"
"13392";"75797412";"13392";"19";"1";"1";"7";"8";"0";"1";"1";"1";"0"
"13393";"75797412";"13393";"19";"1";"2";"1";"6";"0";"2";"1";"1";"0"
"13394";"75797412";"13394";"19";"1";"1";"7";"6";"0";"1";"1";"1";"0"
"13395";"75797412";"13395";"19";"1";"3";"1";"6";"0";"1";"2";"1";"0"
"13396";"75797412";"13396";"19";"3";"3";"2";"6";"0";"1";"1";"1";"0"
"13397";"75797412";"13397";"19";"1";"1";"7";"6";"0";"1";"3";"1";"0"
"13398";"75797412";"13398";"19";"1";"1";"7";"6";"0";"4";"1";"1";"0"
"13399";"75797412";"13399";"19";"1";"6";"2";"6";"0";"5";"0";"1";"0"
"13400";"75797412";"13400";"19";"3";"3";"2";"6";"0";"1";"1";"1";"0"
"13401";"75797412";"13401";"19";"3";"1";"7";"6";"0";"2";"1";"1";"0"
"13402";"75803105";"13402";"14";"3";"3";"2";"6";"0";"2";"0";"1";"0"
"13403";"75803205";"13403";"21";"1";"1";"7";"6";"0";"2";"2";"1";"0"
"13404";"75803501";"13404";"72";"1";"1";"7";"6";"0";"1";"1";"1";"0"
"13405";"75805204";"13405";"52";"3";"1";"7";"6";"0";"2";"1";"1";"0"
"13406";"75805301";"13406";"16";"1";"1";"7";"4";"0";"1";"1";"1";"0"
"13407";"75805301";"13407";"16";"1";"1";"7";"3";"0";"1";"1";"1";"0"
"13408";"75805301";"13408";"13";"1";"1";"7";"4";"0";"1";"1";"1";"0"
"13409";"75805301";"13409";"17";"1";"1";"7";"2";"0";"1";"2";"1";"0"
"13410";"75806101";"13410";"17";"2";"3";"2";"2";"0";"1";"1";"1";"0"
"13411";"75806101";"13411";"17";"1";"1";"2";"2";"1";"0";"1";"2";"0"
"13412";"75806102";"13412";"67";"1";"1";"7";"4";"0";"1";"1";"1";"0"
"13413";"75806102";"13413";"52";"3";"1";"7";"0";"0";"1";"0";"1";"0"
"13414";"75806102";"13414";"14";"1";"1";"7";"6";"0";"1";"1";"1";"0"
"13415";"75806104";"13415";"11";"1";"1";"7";"8";"0";"1";"1";"1";"0"
"13416";"75806206";"13416";"36";"1";"1";"7";"6";"0";"1";"1";"1";"0"
"13417";"75806206";"13417";"16";"3";"3";"2";"5";"1";"0";"1";"2";"0"
"13418";"75806315";"13418";"21";"1";"1";"7";"4";"0";"1";"1";"1";"0"
"13419";"75806315";"13419";"14";"1";"1";"7";"6";"0";"1";"1";"1";"0"
"13420";"75806411";"13420";"52";"1";"3";"2";"0";"0";"1";"0";"1";"0"
"13421";"75807206";"13421";"71";"1";"1";"7";"6";"0";"1";"1";"1";"0"
"13422";"75807206";"13387";"17";"1";"1";"7";"1";"0";"1";"1";"1";"0"
"13423";"75807208";"13423";"71";"1";"1";"7";"6";"0";"1";"2";"1";"0"
"13424";"75811302";"13424";"16";"1";"1";"7";"5";"0";"1";"1";"1";"0"
"13425";"75812203";"13425";"14";"1";"1";"7";"6";"0";"1";"1";"1";"0"
"13426";"75812203";"13426";"13";"1";"1";"7";"6";"0";"1";"1";"1";"0"
"13427";"75812203";"13427";"13";"1";"1";"7";"6";"0";"3";"0";"1";"0"
"13428";"75812203";"13428";"16";"1";"1";"7";"6";"0";"1";"1";"1";"0"
"13429";"75812203";"13429";"16";"1";"1";"2";"4";"0";"1";"1";"1";"0"
"13430";"75812203";"13430";"31";"1";"1";"7";"4";"0";"1";"1";"1";"0"
"13431";"75815102";"13431";"14";"1";"3";"1";"6";"1";"1";"1";"2";"0"
"13432";"75837204";"13432";"14";"1";"1";"1";"4";"0";"1";"3";"1";"0"
"13433";"75837204";"13433";"14";"1";"1";"7";"6";"1";"0";"1";"2";"0"
"13434";"75837204";"13434";"14";"1";"1";"7";"7";"1";"0";"0";"2";"0"
"13435";"75856303";"13435";"13";"1";"1";"7";"6";"0";"0";"1";"3";"0"
"13436";"76693305";"13436";"52";"3";"1";"1";"6";"0";"3";"5";"1";"0"
"13437";"76697407";"13437";"16";"1";"1";"7";"4";"0";"1";"1";"1";"0"
"13438";"76697407";"13438";"16";"1";"1";"7";"4";"0";"1";"1";"1";"0"
"13439";"76705307";"13439";"14";"1";"1";"7";"7";"0";"1";"1";"1";"0"
"13440";"76721302";"13440";"19";"1";"1";"7";"6";"0";"2";"2";"1";"0"
"13441";"76721302";"13441";"19";"1";"1";"7";"6";"0";"0";"1";"3";"0"
"13442";"76721306";"13442";"19";"2";"1";"7";"6";"0";"1";"2";"1";"0"
"13443";"76721306";"13443";"16";"1";"1";"7";"6";"0";"3";"1";"1";"0"
"13444";"76723405";"13444";"85";"3";"2";"1";"6";"0";"1";"1";"1";"0"
"13445";"76724206";"13445";"19";"1";"1";"7";"4";"1";"0";"1";"2";"0"
"13446";"76724206";"13446";"19";"1";"1";"7";"6";"0";"2";"0";"1";"0"
"13447";"76724206";"13447";"19";"1";"1";"7";"6";"0";"3";"0";"1";"0"
"13448";"76724206";"13448";"17";"1";"1";"7";"2";"0";"1";"1";"1";"0"
"13449";"76724206";"13449";"19";"1";"3";"2";"6";"0";"2";"0";"1";"0"
"13450";"76724206";"13450";"41";"1";"1";"7";"6";"0";"1";"1";"1";"0"
"13451";"76724206";"13451";"19";"1";"3";"1";"6";"0";"1";"1";"1";"0"
"13452";"76724206";"13452";"32";"1";"1";"7";"7";"0";"1";"1";"1";"0"
"13453";"76724206";"13453";"19";"1";"1";"7";"6";"0";"1";"1";"1";"0"
"13454";"76724206";"13454";"19";"1";"1";"7";"6";"0";"1";"1";"1";"0"
"13455";"76725201";"13455";"81";"1";"1";"7";"6";"0";"1";"1";"1";"0"
"13456";"76726501";"13456";"32";"1";"1";"7";"6";"0";"1";"1";"1";"0"
"13457";"76726501";"13457";"72";"1";"1";"7";"6";"0";"1";"1";"1";"0"
"13458";"76726504";"13458";"71";"1";"1";"7";"6";"0";"1";"1";"1";"0"
"13459";"76727320";"13459";"19";"2";"3";"1";"6";"1";"0";"1";"2";"0"
"13460";"76727503";"13460";"41";"3";"1";"7";"6";"0";"1";"1";"1";"0"
"13461";"76727507";"13461";"21";"1";"1";"7";"6";"0";"2";"2";"1";"0"
"13462";"76731205";"13462";"72";"3";"1";"7";"6";"0";"1";"1";"1";"0"
"13463";"76731405";"13463";"15";"1";"2";"2";"6";"0";"1";"2";"1";"0"
"13464";"76731405";"13464";"17";"3";"1";"1";"2";"0";"1";"1";"1";"0"
"13465";"76731405";"13465";"51";"3";"1";"7";"6";"1";"0";"1";"2";"0"
"13466";"76731405";"13466";"81";"3";"1";"7";"0";"0";"1";"0";"1";"0"
"13467";"76731405";"13467";"52";"2";"1";"7";"0";"0";"1";"1";"1";"0"
"13468";"76731405";"13468";"16";"1";"3";"1";"3";"0";"1";"1";"1";"0"
"13469";"76731405";"13469";"51";"1";"1";"7";"3";"0";"1";"1";"1";"0"
"13470";"76731405";"13470";"35";"1";"1";"7";"3";"0";"1";"1";"1";"0"
"13471";"76731405";"13471";"11";"3";"3";"1";"6";"1";"1";"1";"2";"0"
"13472";"76731405";"13472";"11";"1";"1";"7";"6";"0";"2";"2";"1";"0"
"13473";"76731415";"13473";"16";"1";"1";"7";"6";"0";"2";"0";"1";"0"
"13474";"76732209";"13474";"13";"1";"3";"1";"6";"0";"1";"1";"1";"0"
"13475";"76732209";"13475";"13";"3";"3";"1";"6";"0";"1";"1";"1";"0"
"13476";"76732209";"13476";"13";"2";"1";"7";"6";"0";"1";"1";"1";"0"
"13477";"76732310";"13477";"17";"1";"1";"7";"2";"1";"0";"1";"2";"0"
"13478";"76732401";"13478";"11";"1";"1";"7";"6";"0";"1";"1";"1";"0"
"13479";"76732410";"13479";"17";"1";"1";"7";"2";"0";"1";"0";"1";"0"
"13480";"76732410";"13480";"11";"1";"1";"7";"6";"0";"1";"1";"1";"0"
"13481";"76732410";"13481";"16";"1";"1";"7";"3";"1";"0";"1";"2";"0"
"13482";"76732410";"13482";"11";"1";"1";"7";"6";"0";"1";"1";"1";"0"
"13483";"76732410";"13483";"11";"3";"3";"1";"2";"0";"1";"0";"3";"0"
"13484";"76732410";"13484";"11";"1";"1";"7";"6";"0";"1";"1";"1";"0"
"13485";"76733207";"13485";"32";"1";"1";"7";"7";"0";"1";"1";"1";"0"
"13486";"76733303";"13486";"13";"1";"1";"7";"3";"0";"1";"1";"1";"0"
"13487";"76733303";"13487";"13";"1";"1";"7";"6";"0";"1";"1";"1";"0"
"13488";"76733303";"13488";"16";"2";"1";"7";"4";"0";"1";"3";"1";"0"
"13489";"76733303";"13489";"13";"1";"1";"7";"6";"0";"2";"1";"1";"0"
"13490";"76733308";"13490";"72";"1";"1";"7";"4";"0";"1";"1";"1";"0"
"13491";"76733418";"13491";"16";"3";"1";"7";"4";"0";"1";"0";"1";"0"
"13492";"76733507";"13492";"72";"1";"1";"7";"6";"0";"1";"0";"1";"0"
"13493";"76733509";"13493";"21";"1";"1";"7";"6";"0";"2";"0";"1";"0"
"13494";"76733509";"13494";"17";"1";"1";"7";"1";"0";"1";"1";"1";"0"
"13495";"76734212";"13495";"13";"1";"1";"7";"4";"0";"1";"1";"1";"0"
"13496";"76734212";"13496";"22";"3";"1";"7";"6";"0";"1";"1";"1";"0"
"13497";"76734212";"13497";"16";"3";"1";"7";"5";"0";"1";"0";"1";"0"
"13498";"76734212";"13498";"61";"1";"1";"7";"3";"0";"1";"1";"1";"0"
"13499";"76734309";"13499";"13";"1";"1";"7";"7";"0";"1";"1";"1";"0"
"13500";"76734309";"13500";"13";"1";"1";"7";"6";"1";"0";"0";"2";"0"
"13501";"76734309";"13501";"13";"1";"1";"7";"5";"1";"1";"0";"2";"0"
"13502";"76734309";"13502";"51";"1";"1";"7";"6";"0";"1";"1";"1";"0"
"13503";"76734403";"13503";"85";"3";"1";"7";"6";"0";"1";"1";"1";"0"
"13504";"76734403";"13504";"63";"1";"1";"7";"4";"0";"1";"1";"1";"0"
"13505";"76734502";"13505";"11";"3";"1";"7";"6";"0";"3";"0";"1";"0"
"13506";"76734502";"13506";"11";"1";"1";"7";"4";"0";"1";"1";"1";"0"
"13507";"76734502";"13507";"81";"1";"1";"7";"6";"0";"2";"1";"1";"0"
"13508";"76734502";"13508";"11";"1";"3";"1";"6";"0";"1";"1";"1";"0"
"13509";"76734502";"13509";"64";"1";"1";"7";"6";"0";"1";"1";"1";"0"
"13510";"76734502";"13510";"71";"3";"1";"7";"5";"0";"3";"0";"1";"0"
"13511";"76734503";"13511";"16";"1";"1";"7";"4";"0";"1";"1";"1";"0"
"13512";"76734503";"13512";"18";"1";"1";"7";"6";"0";"1";"1";"1";"0"
"13513";"76735102";"13513";"16";"1";"1";"7";"4";"0";"1";"1";"1";"0"
"13514";"76735103";"13514";"16";"1";"1";"7";"4";"1";"0";"1";"2";"0"
"13515";"76735303";"13515";"51";"1";"1";"7";"6";"0";"1";"1";"1";"0"
"13516";"76736307";"13516";"65";"1";"1";"7";"6";"0";"1";"1";"1";"0"
"13517";"76736403";"13517";"72";"1";"1";"7";"6";"0";"1";"1";"1";"0"
"13518";"76736510";"13518";"51";"2";"1";"7";"6";"1";"0";"1";"2";"0"
"13519";"76736510";"13519";"11";"1";"1";"7";"6";"1";"0";"1";"2";"0"
"13520";"76736510";"13520";"11";"3";"1";"7";"6";"0";"1";"1";"1";"0"
"13521";"76736510";"13521";"21";"1";"1";"7";"6";"0";"1";"1";"1";"0"
"13522";"76736510";"13522";"11";"3";"3";"2";"5";"0";"3";"0";"1";"0"
"13523";"76737401";"13523";"18";"1";"1";"7";"6";"0";"2";"1";"1";"0"
"13524";"76737501";"13524";"72";"1";"1";"7";"6";"0";"1";"1";"1";"0"
"13525";"76737504";"13525";"17";"1";"1";"7";"2";"0";"1";"0";"1";"0"
"13526";"76737508";"13526";"51";"2";"3";"1";"6";"0";"2";"3";"1";"0"
"13527";"76737508";"13527";"17";"1";"1";"7";"2";"0";"1";"1";"1";"0"
"13528";"76737515";"13528";"13";"1";"1";"7";"6";"0";"2";"0";"1";"0"
"13529";"76741209";"13529";"14";"2";"1";"7";"6";"0";"1";"1";"1";"0"
"13530";"76741209";"13530";"31";"1";"1";"7";"6";"0";"1";"1";"1";"0"
"13531";"76746404";"13531";"51";"1";"1";"7";"6";"0";"1";"1";"1";"0"
"13532";"76746404";"13532";"51";"1";"3";"2";"7";"0";"1";"2";"1";"0"
"13533";"76746404";"13533";"14";"1";"1";"7";"3";"0";"1";"1";"1";"0"
"13534";"76746404";"13534";"16";"3";"3";"1";"5";"0";"1";"1";"1";"0"
"13535";"76746404";"13535";"13";"1";"1";"7";"6";"0";"2";"1";"1";"0"
"13536";"76746404";"13536";"13";"1";"1";"7";"5";"0";"1";"1";"1";"0"
"13537";"76746404";"13537";"71";"1";"1";"7";"6";"1";"0";"1";"2";"0"
"13538";"76747303";"13538";"13";"1";"2";"2";"6";"0";"1";"1";"1";"0"
"13539";"76747401";"13539";"13";"3";"1";"7";"6";"0";"1";"1";"1";"0"
"13540";"76747401";"1422";"13";"1";"1";"7";"6";"0";"1";"1";"1";"0"
"13541";"76752103";"13541";"52";"3";"1";"7";"0";"0";"1";"0";"1";"0"
"13542";"76752103";"13542";"52";"1";"2";"2";"6";"0";"2";"0";"1";"0"
"13543";"76752103";"13543";"14";"1";"1";"7";"6";"0";"1";"1";"1";"0"
"13544";"76752110";"13544";"52";"2";"1";"7";"6";"0";"1";"1";"1";"0"
"13545";"76752407";"13545";"21";"1";"1";"7";"6";"1";"0";"1";"2";"0"
"13546";"76753110";"13546";"17";"2";"1";"7";"2";"0";"1";"1";"1";"0"
"13547";"76753202";"13547";"13";"1";"1";"7";"6";"0";"4";"0";"1";"0"
"13548";"76753202";"13548";"16";"1";"1";"7";"4";"0";"1";"1";"1";"0"
"13549";"76753203";"13549";"16";"3";"1";"7";"4";"0";"1";"1";"1";"0"
"13550";"76753203";"13550";"17";"2";"2";"1";"2";"1";"0";"1";"2";"0"
"13551";"76753203";"13551";"17";"3";"3";"1";"2";"0";"1";"1";"1";"0"
"13552";"76753301";"13552";"13";"1";"2";"1";"6";"0";"1";"1";"1";"0"
"13553";"76753301";"13553";"71";"1";"1";"7";"6";"0";"1";"2";"1";"0"
"13554";"76753306";"13554";"52";"5";"1";"4";"0";"0";"1";"0";"1";"0"
"13555";"76754111";"13555";"13";"1";"1";"7";"6";"1";"1";"0";"2";"0"
"13556";"76754111";"13556";"41";"3";"1";"7";"6";"0";"5";"0";"1";"0"
"13557";"76754402";"13557";"16";"1";"1";"7";"4";"0";"1";"1";"1";"0"
"13558";"76754508";"13558";"16";"1";"1";"7";"6";"0";"2";"0";"3";"0"
"13559";"76754508";"13559";"16";"3";"1";"7";"4";"0";"1";"1";"1";"0"
"13560";"76755104";"3677";"52";"3";"1";"2";"0";"0";"3";"0";"1";"0"
"13561";"76756404";"13561";"31";"1";"1";"7";"6";"0";"1";"1";"1";"0"
"13562";"76757401";"13562";"14";"1";"1";"7";"6";"0";"2";"1";"1";"0"
"13563";"76761101";"13563";"53";"3";"3";"1";"0";"0";"1";"0";"1";"0"
"13564";"76761501";"13564";"13";"1";"1";"7";"6";"0";"1";"1";"1";"0"
"13565";"76762102";"13565";"13";"1";"1";"7";"6";"0";"1";"1";"1";"0"
"13566";"76762102";"13566";"13";"1";"1";"7";"6";"1";"2";"0";"2";"0"
"13567";"76763101";"13567";"11";"3";"1";"7";"6";"0";"2";"1";"1";"0"
"13568";"76763101";"13568";"31";"1";"1";"7";"4";"0";"1";"1";"1";"0"
"13569";"76764509";"13569";"52";"1";"1";"7";"0";"0";"0";"0";"3";"0"
"13570";"76765202";"13570";"13";"1";"1";"7";"4";"0";"2";"0";"1";"0"
"13571";"76765202";"13571";"13";"1";"1";"7";"6";"0";"2";"0";"1";"0"
"13572";"76765202";"13572";"21";"3";"1";"7";"6";"0";"1";"1";"1";"0"
"13573";"76765202";"13573";"41";"2";"1";"7";"6";"0";"1";"0";"1";"0"
"13574";"76765202";"13574";"11";"3";"3";"1";"5";"0";"1";"1";"1";"0"
"13575";"76765307";"13575";"52";"3";"1";"7";"0";"1";"0";"0";"2";"0"
"13576";"76765311";"13576";"13";"1";"4";"1";"6";"1";"0";"1";"2";"0"
"13577";"76765312";"13577";"13";"3";"1";"4";"6";"0";"1";"1";"1";"0"
"13578";"76765312";"13578";"31";"1";"1";"7";"3";"0";"1";"1";"1";"0"
"13579";"76765315";"13579";"18";"1";"1";"7";"6";"0";"1";"1";"1";"0"
"13580";"76765315";"13580";"16";"3";"1";"7";"6";"0";"2";"0";"1";"0"
"13581";"76765316";"13581";"14";"1";"1";"7";"6";"0";"1";"1";"1";"0"
"13582";"76765316";"13582";"14";"1";"1";"7";"3";"0";"1";"1";"1";"0"
"13583";"76765503";"13583";"31";"3";"1";"7";"6";"0";"1";"1";"1";"0"
"13584";"76765503";"13584";"16";"1";"1";"7";"6";"0";"1";"1";"1";"0"
"13585";"76765503";"13585";"31";"1";"1";"7";"6";"0";"1";"1";"1";"0"
"13586";"76766504";"13586";"14";"1";"1";"7";"6";"0";"1";"1";"1";"0"
"13587";"76766507";"13587";"81";"2";"1";"7";"6";"0";"2";"1";"1";"0"
"13588";"76771107";"13588";"31";"1";"1";"7";"4";"1";"0";"1";"2";"0"
"13589";"76771107";"13589";"13";"1";"1";"7";"6";"0";"3";"1";"1";"0"
"13590";"76771205";"13590";"52";"3";"3";"2";"0";"0";"1";"0";"1";"0"
"13591";"76771307";"13591";"17";"3";"1";"2";"1";"0";"1";"1";"1";"0"
"13592";"76771310";"13592";"64";"1";"1";"7";"5";"0";"1";"1";"1";"0"
"13593";"76771310";"13593";"15";"3";"1";"7";"6";"0";"1";"2";"1";"0"
"13594";"76771310";"13594";"16";"2";"1";"7";"4";"1";"0";"1";"2";"0"
"13595";"76771310";"13595";"31";"1";"1";"7";"6";"0";"1";"1";"1";"0"
"13596";"76771506";"13596";"11";"1";"1";"7";"6";"1";"0";"1";"2";"0"
"13597";"76771506";"13597";"19";"1";"1";"7";"6";"0";"3";"0";"1";"0"
"13598";"76771506";"13598";"11";"2";"1";"7";"6";"0";"1";"1";"1";"0"
"13599";"76771506";"13599";"11";"1";"1";"7";"6";"0";"1";"0";"1";"0"
"13600";"76772205";"13600";"13";"3";"1";"7";"6";"0";"5";"0";"1";"0"
"13601";"76772205";"13601";"13";"1";"1";"7";"6";"0";"2";"0";"1";"0"
"13602";"76772205";"13602";"18";"1";"1";"7";"6";"0";"1";"1";"1";"0"
"13603";"76772205";"13603";"19";"1";"1";"7";"6";"0";"1";"1";"1";"0"
"13604";"76772205";"13604";"19";"1";"1";"7";"6";"0";"3";"0";"1";"0"
"13605";"76772205";"13605";"19";"1";"1";"7";"6";"0";"2";"0";"1";"0"
"13606";"76772205";"13606";"19";"1";"1";"7";"6";"0";"6";"0";"1";"0"
"13607";"76772205";"13607";"19";"1";"1";"7";"6";"0";"2";"0";"1";"0"
"13608";"76772205";"13608";"19";"1";"1";"7";"6";"0";"1";"1";"1";"0"
"13609";"76772205";"13609";"19";"1";"2";"2";"6";"0";"2";"0";"1";"0"
"13610";"76772205";"13610";"19";"1";"1";"7";"6";"0";"1";"2";"1";"0"
"13611";"76772205";"13611";"19";"1";"3";"2";"6";"0";"2";"1";"1";"0"
"13612";"76772205";"13612";"13";"1";"1";"7";"6";"0";"1";"1";"1";"0"
"13613";"76772402";"13613";"14";"1";"1";"7";"6";"0";"1";"1";"1";"0"
"13614";"76773404";"13614";"13";"3";"1";"7";"6";"0";"1";"1";"1";"0"
"13615";"76773407";"13615";"17";"1";"1";"7";"2";"0";"1";"1";"1";"0"
"13616";"76773407";"13616";"17";"2";"1";"2";"2";"0";"1";"1";"1";"0"
"13617";"76773408";"13617";"17";"3";"3";"2";"2";"0";"1";"1";"1";"0"
"13618";"76773408";"13618";"23";"1";"1";"7";"4";"1";"0";"1";"2";"0"
"13619";"76773503";"13619";"52";"1";"1";"7";"0";"1";"0";"0";"2";"0"
"13620";"76773507";"13620";"52";"1";"1";"7";"2";"0";"1";"1";"1";"0"
"13621";"76774108";"13621";"14";"1";"1";"7";"3";"0";"0";"1";"3";"0"
"13622";"76774304";"13622";"13";"1";"1";"7";"4";"0";"1";"2";"1";"0"
"13623";"76774307";"13623";"71";"1";"1";"7";"6";"0";"1";"1";"1";"0"
"13624";"76774307";"13624";"64";"1";"1";"7";"6";"0";"1";"1";"1";"0"
"13625";"76774310";"13625";"31";"1";"1";"7";"6";"0";"1";"1";"1";"0"
"13626";"76774310";"13626";"31";"3";"1";"7";"6";"0";"1";"0";"1";"0"
"13627";"76774401";"13627";"13";"3";"3";"2";"6";"0";"1";"1";"1";"0"
"13628";"76774401";"13628";"16";"1";"1";"7";"4";"0";"1";"1";"1";"0"
"13629";"76774402";"13629";"11";"1";"2";"2";"4";"0";"2";"0";"1";"0"
"13630";"76774402";"13630";"11";"1";"1";"7";"6";"0";"1";"2";"1";"0"
"13631";"76774402";"13631";"11";"1";"1";"7";"6";"0";"1";"1";"1";"0"
"13632";"76774405";"13632";"17";"1";"3";"2";"2";"0";"1";"1";"1";"0"
"13633";"76774405";"13633";"17";"3";"1";"7";"2";"0";"1";"1";"1";"0"
"13634";"76774405";"13634";"11";"1";"1";"7";"6";"0";"1";"2";"1";"0"
"13635";"76774405";"13635";"11";"1";"1";"7";"6";"0";"1";"1";"1";"0"
"13636";"76774405";"13636";"11";"3";"1";"7";"6";"0";"1";"1";"1";"0"
"13637";"76774405";"13637";"16";"3";"1";"7";"4";"0";"1";"1";"1";"0"
"13638";"76774405";"13638";"71";"3";"1";"7";"6";"0";"1";"0";"1";"0"
"13639";"76774405";"13639";"18";"3";"3";"1";"4";"0";"1";"1";"1";"0"
"13640";"76774405";"13640";"32";"1";"1";"7";"6";"0";"1";"1";"1";"0"
"13641";"76774405";"13641";"51";"4";"3";"1";"6";"0";"1";"1";"1";"0"
"13642";"76774405";"13642";"51";"1";"1";"7";"7";"0";"1";"1";"1";"0"
"13643";"76774405";"13643";"17";"2";"1";"7";"2";"0";"1";"1";"1";"0"
"13644";"76774409";"13644";"16";"3";"1";"7";"4";"0";"1";"1";"1";"0"
"13645";"76774409";"13645";"16";"1";"1";"7";"6";"0";"1";"1";"1";"0"
"13646";"76774409";"13646";"17";"1";"1";"7";"2";"0";"1";"1";"1";"0"
"13647";"76774409";"13647";"64";"1";"1";"7";"6";"0";"2";"1";"1";"0"
"13648";"76774506";"13648";"71";"1";"2";"1";"6";"0";"1";"1";"1";"0"
"13649";"76774511";"13649";"13";"1";"1";"7";"6";"0";"2";"0";"1";"0"
"13650";"76774511";"13650";"17";"1";"3";"2";"1";"0";"2";"1";"1";"0"
"13651";"76774511";"13651";"13";"1";"1";"7";"4";"0";"1";"1";"1";"0"
"13652";"76774511";"13652";"13";"1";"1";"7";"4";"0";"1";"1";"1";"0"
"13653";"76774511";"13653";"13";"1";"1";"7";"4";"0";"1";"1";"1";"0"
"13654";"76774511";"13654";"13";"1";"1";"7";"3";"0";"1";"1";"1";"0"
"13655";"76775102";"13655";"13";"1";"1";"7";"5";"0";"2";"1";"1";"0"
"13656";"76775102";"13656";"72";"1";"1";"7";"6";"1";"0";"1";"2";"0"
"13657";"76775404";"13657";"16";"2";"3";"2";"5";"0";"1";"1";"1";"0"
"13658";"76775404";"13658";"17";"1";"1";"7";"2";"1";"0";"1";"2";"0"
"13659";"76775406";"13659";"16";"3";"1";"7";"6";"0";"1";"1";"1";"0"
"13660";"76775406";"13660";"51";"2";"1";"7";"6";"0";"7";"1";"1";"0"
"13661";"76775406";"13661";"32";"1";"1";"7";"6";"0";"1";"1";"1";"0"
"13662";"76776105";"13662";"14";"1";"1";"7";"4";"0";"1";"1";"1";"0"
"13663";"76776209";"13663";"41";"1";"1";"7";"4";"0";"1";"1";"1";"0"
"13664";"76776303";"13664";"13";"1";"1";"7";"6";"0";"1";"1";"1";"0"
"13665";"76776311";"13665";"14";"1";"1";"7";"6";"0";"1";"1";"1";"0"
"13666";"76776311";"13666";"72";"1";"1";"7";"6";"0";"1";"1";"1";"0"
"13667";"76776406";"13667";"11";"1";"1";"7";"6";"1";"0";"1";"2";"0"
"13668";"76776406";"13668";"11";"1";"3";"1";"6";"0";"2";"0";"1";"0"
"13669";"76776406";"13669";"11";"1";"1";"1";"6";"0";"1";"1";"1";"0"
"13670";"76777104";"13670";"13";"1";"1";"7";"5";"0";"1";"1";"1";"0"
"13671";"76777104";"13671";"13";"1";"1";"7";"4";"0";"1";"1";"1";"0"
"13672";"76777104";"13672";"13";"1";"1";"7";"6";"0";"1";"1";"1";"0"
"13673";"76777104";"13673";"13";"1";"1";"7";"5";"0";"1";"1";"1";"0"
"13674";"76777104";"13674";"13";"3";"3";"2";"6";"1";"1";"0";"2";"0"
"13675";"76777204";"13675";"21";"3";"1";"7";"3";"0";"1";"1";"1";"0"
"13676";"76777204";"13676";"51";"1";"1";"7";"6";"0";"1";"1";"1";"0"
"13677";"76777407";"13677";"13";"3";"1";"7";"6";"0";"2";"0";"1";"0"
"13678";"76782111";"13678";"11";"1";"1";"7";"6";"0";"1";"2";"1";"0"
"13679";"76782111";"13679";"11";"1";"3";"1";"6";"0";"1";"1";"1";"0"
"13680";"76783106";"13680";"41";"1";"1";"7";"6";"0";"1";"1";"1";"0"
"13681";"76783114";"13681";"11";"1";"1";"7";"6";"0";"2";"1";"1";"0"
"13682";"76783114";"13682";"19";"1";"3";"2";"6";"0";"2";"0";"1";"0"
"13683";"76787104";"12317";"41";"3";"1";"7";"6";"0";"1";"1";"1";"0"
"13684";"76791402";"13684";"21";"5";"3";"2";"6";"0";"2";"2";"1";"0"
"13685";"76791406";"13685";"13";"1";"1";"7";"6";"0";"1";"1";"1";"0"
"13686";"76803401";"13686";"14";"1";"1";"7";"6";"0";"0";"1";"3";"0"
"13687";"76803401";"13687";"14";"1";"1";"1";"6";"0";"1";"2";"1";"0"