"accident_id";"lieu_id";"date_id";"cause_id";"lum_id";"intemp_id";"etat_surface_id";"impliq_id";"nb_blesses_graves";"nb_blesses_legers";"nb_indemnes";"gravite";"nb_morts"
"13688";"76817304";"13688";"17";"2";"1";"7";"1";"1";"0";"0";"2";"0"
"13689";"76817304";"13689";"52";"1";"1";"7";"0";"1";"0";"0";"2";"0"
"13690";"76822502";"5218";"13";"1";"1";"7";"5";"1";"1";"1";"2";"0"
"13691";"76847502";"13691";"31";"3";"1";"7";"4";"0";"1";"2";"1";"0"
"13692";"76847502";"7630";"17";"1";"3";"1";"2";"0";"1";"1";"1";"0"
"13693";"76847502";"13693";"16";"3";"3";"1";"4";"1";"0";"1";"2";"0"
"13694";"76847502";"13694";"71";"3";"3";"2";"6";"0";"0";"1";"3";"0"
"13695";"76857107";"13695";"13";"1";"1";"7";"5";"1";"0";"4";"2";"0"
"13696";"76857304";"13696";"14";"2";"1";"7";"6";"1";"0";"0";"2";"0"
"13697";"76857502";"13697";"21";"1";"1";"7";"6";"0";"1";"2";"1";"0"
"13698";"76862103";"13698";"13";"1";"1";"7";"6";"1";"0";"0";"3";"0"
"13699";"76892203";"13699";"19";"1";"1";"7";"6";"0";"1";"1";"1";"0"
"13700";"76894504";"13700";"13";"3";"1";"7";"6";"0";"3";"0";"1";"0"
"13701";"76896104";"13701";"52";"3";"1";"6";"0";"0";"1";"0";"1";"0"
"13702";"76906204";"13702";"16";"2";"1";"1";"4";"0";"1";"1";"1";"0"
"13703";"76906204";"13703";"51";"1";"1";"7";"6";"0";"1";"1";"1";"0"
"13704";"76906204";"13704";"51";"1";"3";"2";"5";"0";"2";"1";"1";"0"
"13705";"76906204";"13705";"51";"3";"1";"7";"6";"0";"1";"1";"1";"0"
"13706";"76906204";"13706";"16";"1";"1";"7";"6";"0";"1";"1";"1";"0"
"13707";"76907303";"13707";"72";"1";"1";"7";"6";"1";"0";"1";"2";"0"
"13708";"76907303";"13708";"14";"1";"3";"2";"6";"0";"1";"1";"1";"0"
"13709";"76907304";"13709";"63";"1";"1";"7";"6";"0";"1";"1";"1";"0"
"13710";"76907304";"13710";"16";"3";"1";"7";"6";"0";"5";"0";"1";"0"
"13711";"77667202";"13711";"16";"3";"4";"2";"4";"1";"0";"1";"2";"0"
"13712";"77667202";"13712";"16";"3";"1";"7";"6";"1";"0";"1";"2";"0"
"13713";"77667202";"13713";"41";"1";"3";"1";"6";"1";"0";"1";"2";"0"
"13714";"77676502";"13714";"81";"5";"1";"7";"0";"0";"3";"3";"1";"0"
"13715";"77683203";"13715";"81";"3";"1";"7";"6";"0";"1";"1";"1";"0"
"13716";"77683203";"13716";"51";"1";"1";"7";"6";"0";"4";"1";"1";"0"
"13717";"77683203";"13717";"11";"3";"1";"7";"6";"0";"2";"2";"1";"0"
"13718";"77683203";"13718";"16";"1";"1";"7";"5";"1";"0";"1";"2";"0"
"13719";"77683203";"13719";"14";"1";"1";"7";"6";"0";"1";"1";"1";"0"
"13720";"77691203";"13720";"81";"5";"1";"7";"0";"1";"0";"0";"2";"0"
"13721";"77691203";"13721";"16";"3";"1";"7";"6";"1";"0";"1";"2";"0"
"13722";"77696519";"13722";"52";"1";"1";"7";"6";"1";"0";"1";"2";"0"
"13723";"77696519";"13723";"14";"1";"2";"1";"6";"0";"1";"3";"1";"0"
"13724";"77706405";"13724";"13";"1";"2";"2";"6";"0";"4";"1";"1";"0"
"13725";"77713411";"13725";"16";"3";"1";"1";"4";"1";"0";"1";"2";"0"
"13726";"77714202";"13726";"52";"1";"1";"7";"0";"0";"2";"3";"1";"0"
"13727";"77714303";"13727";"16";"1";"6";"7";"3";"0";"1";"1";"1";"0"
"13728";"77715402";"13728";"51";"1";"1";"7";"6";"0";"1";"1";"1";"0"
"13729";"77715402";"13729";"13";"1";"1";"7";"6";"0";"1";"1";"1";"0"
"13730";"77715402";"13730";"13";"1";"1";"7";"6";"0";"1";"1";"1";"0"
"13731";"77715402";"13731";"51";"1";"3";"2";"6";"0";"2";"3";"1";"0"
"13732";"77715402";"13732";"13";"1";"1";"7";"4";"0";"1";"4";"1";"0"
"13733";"77715415";"1992";"52";"1";"2";"2";"0";"0";"1";"0";"1";"0"
"13734";"77721201";"13734";"41";"1";"1";"7";"6";"0";"1";"1";"1";"0"
"13735";"77721208";"13735";"16";"1";"1";"7";"4";"0";"1";"1";"1";"0"
"13736";"77721208";"13736";"16";"1";"1";"7";"4";"0";"1";"1";"1";"0"
"13737";"77721208";"13737";"16";"1";"1";"7";"6";"0";"1";"0";"1";"0"
"13738";"77721208";"13738";"16";"1";"1";"7";"6";"0";"2";"1";"1";"0"
"13739";"77721208";"13739";"16";"1";"1";"7";"5";"1";"1";"0";"2";"0"
"13740";"77721208";"13740";"16";"1";"1";"7";"7";"0";"1";"1";"1";"0"
"13741";"77721208";"13741";"16";"1";"1";"7";"3";"1";"0";"1";"2";"0"
"13742";"77721208";"13742";"31";"1";"1";"7";"3";"0";"1";"1";"1";"0"
"13743";"77721208";"13743";"16";"1";"1";"7";"3";"0";"1";"1";"1";"0"
"13744";"77721304";"13744";"31";"1";"1";"7";"3";"0";"1";"1";"1";"0"
"13745";"77721402";"13745";"14";"1";"3";"2";"3";"0";"1";"1";"1";"0"
"13746";"77721502";"13746";"19";"1";"1";"7";"6";"0";"1";"1";"1";"0"
"13747";"77721502";"13747";"19";"1";"1";"7";"6";"0";"2";"0";"1";"0"
"13748";"77721502";"13748";"19";"3";"1";"7";"5";"0";"1";"1";"1";"0"
"13749";"77721502";"4732";"19";"1";"1";"7";"6";"0";"1";"1";"1";"0"
"13750";"77721502";"13750";"19";"3";"1";"1";"5";"0";"0";"1";"3";"0"
"13751";"77721502";"13751";"19";"1";"1";"7";"6";"0";"1";"2";"1";"0"
"13752";"77721502";"13752";"19";"1";"1";"7";"6";"0";"1";"1";"1";"0"
"13753";"77721502";"13753";"19";"4";"1";"7";"6";"0";"1";"0";"1";"0"
"13754";"77721502";"13754";"19";"1";"1";"7";"6";"0";"3";"1";"1";"0"
"13755";"77721502";"13755";"19";"1";"1";"7";"7";"0";"1";"1";"1";"0"
"13756";"77721502";"13756";"19";"1";"1";"7";"6";"0";"2";"3";"1";"0"
"13757";"77721502";"13757";"19";"1";"1";"7";"6";"0";"3";"0";"1";"0"
"13758";"77721502";"13758";"19";"1";"1";"7";"6";"0";"1";"1";"1";"0"
"13759";"77721502";"13759";"19";"1";"1";"7";"6";"0";"2";"1";"1";"0"
"13760";"77721502";"13760";"19";"2";"1";"7";"4";"0";"1";"1";"1";"0"
"13761";"77721502";"13761";"81";"1";"1";"7";"6";"0";"2";"1";"1";"0"
"13762";"77721502";"13762";"19";"3";"1";"2";"6";"0";"1";"1";"1";"0"
"13763";"77722109";"13763";"14";"1";"1";"7";"6";"0";"2";"2";"1";"0"
"13764";"77723101";"13764";"14";"3";"3";"2";"6";"0";"1";"1";"1";"0"
"13765";"77723107";"13765";"51";"1";"3";"2";"6";"0";"2";"0";"1";"0"
"13766";"77723107";"13766";"11";"1";"1";"7";"6";"0";"2";"1";"1";"0"
"13767";"77723107";"13767";"12";"3";"1";"7";"6";"0";"1";"1";"1";"0"
"13768";"77723107";"13768";"16";"1";"3";"1";"6";"0";"2";"1";"1";"0"
"13769";"77723107";"13769";"11";"3";"1";"7";"6";"0";"1";"2";"1";"0"
"13770";"77723107";"13770";"19";"1";"2";"1";"6";"0";"1";"1";"1";"0"
"13771";"77723107";"13771";"17";"1";"1";"7";"4";"0";"1";"1";"1";"0"
"13772";"77723301";"13772";"19";"1";"1";"7";"6";"0";"1";"1";"1";"0"
"13773";"77723301";"13773";"19";"1";"1";"7";"6";"0";"1";"1";"1";"0"
"13774";"77723301";"5887";"16";"1";"1";"7";"5";"0";"1";"1";"1";"0"
"13775";"77723301";"13775";"19";"1";"1";"7";"6";"0";"1";"1";"1";"0"
"13776";"77723301";"13776";"11";"1";"1";"7";"6";"0";"2";"0";"1";"0"
"13777";"77723301";"13777";"16";"1";"1";"7";"6";"0";"1";"1";"1";"0"
"13778";"77723301";"13778";"11";"1";"1";"7";"6";"0";"1";"1";"1";"0"
"13779";"77723301";"13779";"11";"1";"1";"7";"6";"0";"3";"2";"1";"0"
"13780";"77723301";"13780";"16";"1";"1";"7";"6";"0";"1";"2";"1";"0"
"13781";"77723301";"13781";"16";"1";"1";"7";"6";"0";"2";"0";"1";"0"
"13782";"77723301";"13782";"81";"3";"2";"1";"6";"1";"3";"0";"3";"1"
"13783";"77724304";"13783";"51";"1";"1";"7";"6";"0";"3";"1";"1";"0"
"13784";"77724304";"13784";"16";"1";"1";"7";"6";"0";"3";"0";"1";"0"
"13785";"77724304";"13785";"23";"1";"1";"7";"6";"0";"1";"1";"1";"0"
"13786";"77724304";"13786";"52";"3";"1";"7";"0";"0";"6";"0";"1";"0"
"13787";"77724304";"13787";"16";"3";"1";"7";"5";"0";"1";"1";"1";"0"
"13788";"77726504";"13788";"41";"1";"1";"7";"4";"0";"1";"1";"1";"0"
"13789";"77731411";"13789";"31";"1";"3";"1";"6";"0";"1";"1";"1";"0"
"13790";"77731503";"13790";"13";"2";"4";"4";"3";"0";"1";"1";"1";"0"
"13791";"77731503";"13791";"20";"3";"1";"7";"2";"0";"1";"0";"1";"0"
"13792";"77731503";"13792";"17";"1";"1";"7";"2";"0";"1";"1";"1";"0"
"13793";"77731512";"13793";"11";"1";"1";"7";"6";"0";"1";"1";"1";"0"
"13794";"77731512";"13794";"81";"2";"3";"2";"6";"1";"0";"1";"2";"0"
"13795";"77731512";"13795";"16";"1";"1";"7";"6";"0";"2";"0";"1";"0"
"13796";"77732201";"13796";"51";"1";"1";"7";"7";"0";"1";"1";"1";"0"
"13797";"77732201";"13797";"52";"1";"1";"7";"0";"0";"1";"1";"1";"0"
"13798";"77732501";"13798";"16";"1";"1";"7";"6";"0";"1";"1";"1";"0"
"13799";"77732501";"13799";"18";"3";"1";"7";"6";"0";"1";"1";"1";"0"
"13800";"77732501";"13800";"72";"1";"1";"7";"6";"0";"1";"1";"1";"0"
"13801";"77732501";"13801";"16";"1";"1";"7";"6";"0";"1";"1";"1";"0"
"13802";"77732501";"13802";"16";"1";"1";"7";"6";"0";"1";"1";"1";"0"
"13803";"77732501";"13803";"16";"2";"1";"7";"6";"0";"1";"2";"1";"0"
"13804";"77732501";"13804";"16";"1";"1";"7";"4";"0";"1";"1";"1";"0"
"13805";"77732501";"13805";"81";"3";"1";"7";"6";"0";"1";"2";"1";"0"
"13806";"77732501";"13806";"17";"1";"1";"7";"2";"0";"1";"1";"1";"0"
"13807";"77732501";"13807";"51";"1";"1";"7";"6";"0";"2";"1";"1";"0"
"13808";"77732501";"13808";"16";"1";"1";"7";"6";"0";"1";"1";"1";"0"
"13809";"77732501";"13809";"11";"1";"1";"7";"6";"0";"2";"1";"1";"0"
"13810";"77733307";"13810";"16";"1";"1";"7";"8";"0";"1";"1";"1";"0"
"13811";"77734102";"13811";"14";"3";"3";"2";"6";"0";"2";"0";"1";"0"
"13812";"77734507";"13812";"52";"1";"1";"7";"0";"0";"2";"0";"1";"0"
"13813";"77734509";"13813";"51";"1";"1";"7";"6";"0";"1";"1";"1";"0"
"13814";"77734514";"13814";"71";"1";"3";"2";"6";"0";"1";"1";"1";"0"
"13815";"77735105";"13815";"52";"1";"1";"7";"4";"0";"1";"1";"1";"0"
"13816";"77735110";"13816";"22";"1";"1";"7";"4";"0";"1";"1";"1";"0"
"13817";"77735110";"13817";"71";"1";"1";"7";"6";"0";"1";"1";"1";"0"
"13818";"77735302";"13818";"21";"1";"1";"7";"6";"0";"1";"1";"1";"0"
"13819";"77735411";"13819";"13";"3";"3";"2";"4";"0";"1";"1";"1";"0"
"13820";"77735411";"13820";"13";"1";"1";"7";"6";"0";"1";"1";"1";"0"
"13821";"77735411";"13821";"51";"3";"1";"7";"6";"0";"2";"0";"1";"0"
"13822";"77735411";"13822";"13";"1";"1";"7";"6";"0";"2";"0";"1";"0"
"13823";"77735411";"13823";"13";"1";"1";"7";"4";"0";"1";"1";"1";"0"
"13824";"77735411";"13824";"21";"1";"1";"7";"4";"0";"1";"1";"1";"0"
"13825";"77735411";"13825";"13";"3";"1";"7";"6";"1";"0";"1";"2";"0"
"13826";"77735411";"13826";"13";"1";"4";"3";"6";"0";"1";"1";"1";"0"
"13827";"77735513";"13827";"13";"1";"1";"7";"6";"0";"1";"1";"1";"0"
"13828";"77735513";"13828";"42";"1";"1";"7";"5";"0";"2";"1";"3";"1"
"13829";"77736117";"13829";"31";"1";"1";"7";"3";"0";"1";"1";"1";"0"
"13830";"77736117";"13830";"11";"1";"2";"2";"6";"0";"5";"0";"1";"0"
"13831";"77736117";"13831";"14";"3";"1";"7";"6";"0";"3";"0";"1";"0"
"13832";"77736117";"13832";"16";"3";"1";"7";"6";"0";"3";"0";"1";"0"
"13833";"77736117";"13833";"16";"3";"1";"7";"6";"0";"2";"0";"1";"0"
"13834";"77736117";"13834";"15";"5";"1";"7";"6";"0";"2";"1";"1";"0"
"13835";"77736117";"13835";"11";"1";"1";"7";"6";"1";"0";"1";"2";"0"
"13836";"77736117";"13836";"72";"1";"1";"7";"5";"0";"1";"1";"1";"0"
"13837";"77736117";"13837";"15";"3";"1";"2";"6";"0";"1";"1";"1";"0"
"13838";"77736209";"13838";"11";"1";"1";"7";"6";"1";"0";"1";"2";"0"
"13839";"77736209";"13839";"11";"3";"1";"7";"3";"0";"1";"1";"1";"0"
"13840";"77736209";"13840";"14";"1";"1";"7";"6";"0";"2";"2";"1";"0"
"13841";"77736318";"13841";"51";"1";"3";"2";"6";"0";"1";"1";"1";"0"
"13842";"77736402";"13842";"17";"3";"1";"7";"2";"0";"1";"1";"1";"0"
"13843";"77736402";"13843";"16";"1";"1";"7";"3";"0";"1";"1";"1";"0"
"13844";"77736407";"13844";"17";"1";"1";"7";"2";"0";"1";"1";"1";"0"
"13845";"77736407";"13845";"52";"1";"3";"2";"2";"0";"1";"1";"1";"0"
"13846";"77736407";"13846";"52";"3";"1";"7";"0";"3";"0";"0";"3";"0"
"13847";"77736407";"13847";"71";"1";"1";"7";"6";"0";"1";"1";"1";"0"
"13848";"77736407";"13848";"17";"1";"1";"7";"2";"1";"0";"1";"2";"0"
"13849";"77736502";"13849";"52";"3";"1";"7";"0";"0";"1";"0";"1";"0"
"13850";"77737101";"13850";"16";"2";"1";"7";"5";"1";"0";"1";"2";"0"
"13851";"77737206";"13851";"11";"1";"1";"7";"6";"0";"1";"1";"1";"0"
"13852";"77737206";"13852";"16";"1";"1";"7";"6";"0";"1";"2";"1";"0"
"13853";"77737207";"13853";"81";"1";"2";"1";"6";"0";"1";"7";"1";"0"
"13854";"77737211";"13854";"11";"1";"1";"7";"6";"0";"2";"0";"1";"0"
"13855";"77737211";"13855";"16";"1";"1";"7";"5";"1";"0";"1";"2";"0"
"13856";"77737211";"13856";"16";"2";"1";"7";"4";"1";"0";"1";"2";"0"
"13857";"77737211";"13857";"16";"1";"1";"7";"4";"0";"1";"1";"1";"0"
"13858";"77737301";"13858";"11";"1";"1";"7";"6";"1";"0";"1";"2";"0"
"13859";"77737301";"13859";"51";"1";"1";"7";"6";"0";"4";"1";"1";"0"
"13860";"77737301";"3430";"14";"2";"1";"1";"6";"0";"1";"1";"1";"0"
"13861";"77737301";"13861";"16";"2";"1";"7";"3";"0";"1";"1";"1";"0"
"13862";"77737301";"13862";"17";"1";"1";"7";"2";"0";"1";"1";"1";"0"
"13863";"77737301";"13863";"11";"1";"1";"7";"6";"0";"3";"0";"1";"0"
"13864";"77737301";"13864";"11";"1";"1";"7";"5";"0";"0";"1";"3";"0"
"13865";"77737301";"13865";"11";"1";"1";"7";"6";"1";"0";"1";"2";"0"
"13866";"77737308";"13866";"53";"1";"1";"7";"6";"0";"1";"2";"1";"0"
"13867";"77737308";"13867";"16";"1";"1";"7";"4";"0";"1";"1";"1";"0"
"13868";"77737308";"13868";"11";"3";"1";"7";"6";"0";"2";"1";"1";"0"
"13869";"77737308";"13869";"21";"3";"1";"1";"6";"0";"2";"1";"1";"0"
"13870";"77737308";"13870";"11";"1";"1";"7";"6";"0";"1";"1";"1";"0"
"13871";"77737308";"13871";"11";"3";"1";"7";"8";"3";"2";"1";"2";"0"
"13872";"77737308";"13872";"11";"1";"1";"7";"6";"0";"2";"0";"1";"0"
"13873";"77737308";"13873";"25";"1";"1";"7";"0";"1";"0";"0";"2";"0"
"13874";"77737308";"13874";"11";"1";"1";"7";"6";"0";"2";"0";"1";"0"
"13875";"77737308";"13875";"32";"1";"1";"7";"7";"0";"0";"1";"3";"0"
"13876";"77737308";"13876";"99";"1";"1";"7";"6";"0";"2";"0";"1";"0"
"13877";"77737308";"13877";"18";"1";"1";"7";"6";"0";"2";"1";"1";"0"
"13878";"77737308";"13878";"11";"2";"7";"1";"6";"0";"3";"0";"1";"0"
"13879";"77737308";"4216";"12";"3";"3";"1";"6";"0";"2";"2";"1";"0"
"13880";"77737308";"13880";"81";"3";"1";"7";"6";"0";"2";"0";"1";"0"
"13881";"77737308";"13881";"11";"1";"3";"2";"4";"1";"1";"2";"2";"0"
"13882";"77737308";"13882";"11";"1";"3";"2";"6";"0";"1";"1";"1";"0"
"13883";"77737308";"13883";"11";"1";"3";"2";"6";"0";"1";"1";"1";"0"
"13884";"77737505";"13884";"21";"1";"1";"7";"6";"0";"2";"1";"1";"0"
"13885";"77742209";"13885";"51";"1";"1";"7";"6";"0";"1";"1";"1";"0"
"13886";"77742209";"13886";"51";"1";"1";"7";"6";"0";"1";"3";"1";"0"
"13887";"77742209";"13887";"24";"1";"2";"2";"6";"0";"3";"2";"1";"0"
"13888";"77743102";"13888";"23";"1";"1";"7";"6";"0";"2";"2";"1";"0"
"13889";"77743102";"13889";"81";"3";"1";"7";"6";"0";"1";"1";"1";"0"
"13890";"77743102";"13890";"52";"3";"1";"7";"0";"0";"1";"0";"1";"0"
"13891";"77743102";"13891";"16";"1";"1";"7";"6";"0";"1";"1";"1";"0"
"13892";"77743102";"13892";"16";"1";"1";"7";"3";"0";"1";"1";"1";"0"
"13893";"77743102";"13893";"16";"3";"1";"7";"5";"0";"1";"1";"1";"0"
"13894";"77743102";"13894";"16";"1";"3";"2";"6";"0";"1";"1";"1";"0"
"13895";"77743102";"13895";"23";"2";"1";"7";"4";"0";"1";"1";"1";"0"
"13896";"77743102";"13896";"31";"1";"1";"7";"6";"0";"1";"1";"1";"0"
"13897";"77743102";"13897";"11";"1";"1";"7";"6";"1";"0";"1";"2";"0"
"13898";"77743102";"13898";"51";"1";"1";"7";"6";"0";"3";"2";"1";"0"
"13899";"77743102";"13899";"17";"3";"1";"7";"2";"1";"1";"1";"2";"0"
"13900";"77743104";"13900";"71";"1";"1";"7";"6";"0";"1";"1";"1";"0"
"13901";"77743104";"13071";"51";"3";"1";"7";"6";"0";"1";"1";"1";"0"
"13902";"77743104";"13902";"99";"1";"1";"7";"6";"0";"1";"1";"1";"0"
"13903";"77743104";"13903";"11";"1";"1";"7";"6";"0";"1";"1";"1";"0"
"13904";"77744102";"13904";"51";"2";"3";"2";"6";"0";"1";"2";"1";"0"
"13905";"77744102";"13905";"17";"1";"1";"7";"1";"0";"1";"1";"1";"0"
"13906";"77744106";"13906";"13";"1";"1";"7";"4";"0";"1";"1";"1";"0"
"13907";"77744106";"13907";"63";"1";"1";"1";"7";"0";"1";"1";"1";"0"
"13908";"77744210";"13908";"71";"1";"1";"7";"6";"1";"0";"1";"2";"0"
"13909";"77744210";"13909";"52";"1";"1";"7";"6";"0";"1";"2";"1";"0"
"13910";"77744210";"13910";"71";"3";"6";"1";"6";"0";"1";"1";"1";"0"
"13911";"77744404";"13911";"12";"1";"1";"7";"2";"0";"1";"1";"1";"0"
"13912";"77744506";"13912";"81";"1";"1";"7";"6";"1";"0";"1";"2";"0"
"13913";"77745103";"13913";"21";"3";"3";"2";"6";"0";"1";"2";"1";"0"
"13914";"77745103";"13914";"19";"1";"1";"7";"3";"1";"0";"1";"2";"0"
"13915";"77745103";"13915";"19";"1";"1";"7";"4";"0";"1";"1";"1";"0"
"13916";"77745103";"13916";"33";"1";"1";"7";"3";"0";"1";"1";"1";"0"
"13917";"77745103";"13917";"17";"1";"1";"2";"2";"0";"1";"1";"1";"0"
"13918";"77745103";"13918";"72";"3";"3";"2";"6";"0";"1";"1";"1";"0"
"13919";"77745103";"13919";"32";"1";"1";"7";"6";"0";"1";"1";"1";"0"
"13920";"77745103";"13920";"16";"3";"1";"7";"3";"0";"1";"1";"1";"0"
"13921";"77745103";"13921";"17";"1";"1";"7";"2";"1";"0";"1";"2";"0"
"13922";"77745103";"13922";"52";"3";"1";"7";"0";"0";"1";"0";"1";"0"
"13923";"77745106";"13923";"81";"4";"1";"7";"4";"0";"0";"1";"3";"0"
"13924";"77745106";"13924";"17";"4";"1";"2";"2";"1";"0";"1";"2";"0"
"13925";"77745106";"13925";"13";"1";"1";"7";"6";"0";"2";"1";"1";"0"
"13926";"77745106";"13926";"12";"3";"1";"7";"9";"0";"1";"0";"1";"0"
"13927";"77745106";"13927";"13";"1";"1";"7";"6";"0";"2";"0";"1";"0"
"13928";"77745106";"13928";"13";"1";"1";"7";"4";"0";"1";"1";"1";"0"
"13929";"77745107";"13929";"11";"1";"3";"2";"6";"0";"1";"1";"1";"0"
"13930";"77745107";"13930";"16";"3";"1";"7";"4";"0";"1";"1";"1";"0"
"13931";"77745107";"13931";"11";"2";"3";"2";"4";"0";"2";"0";"1";"0"
"13932";"77745107";"13932";"18";"1";"1";"7";"5";"0";"1";"1";"1";"0"
"13933";"77745107";"13933";"71";"1";"1";"7";"6";"0";"1";"1";"1";"0"
"13934";"77745107";"13934";"11";"1";"1";"7";"6";"0";"1";"1";"1";"0"
"13935";"77745204";"2934";"17";"1";"1";"7";"2";"0";"1";"1";"1";"0"
"13936";"77745204";"13936";"13";"3";"1";"7";"6";"0";"4";"0";"1";"0"
"13937";"77745204";"13937";"13";"1";"1";"7";"6";"0";"1";"1";"1";"0"
"13938";"77745204";"13938";"13";"1";"1";"7";"4";"0";"1";"2";"1";"0"
"13939";"77745204";"13939";"17";"1";"1";"7";"2";"0";"1";"0";"1";"0"
"13940";"77745204";"13940";"13";"1";"1";"7";"6";"0";"2";"1";"1";"0"
"13941";"77745204";"13941";"12";"1";"1";"7";"6";"0";"1";"3";"1";"0"
"13942";"77745206";"13942";"13";"1";"1";"7";"4";"0";"1";"1";"1";"0"
"13943";"77746101";"13943";"31";"1";"1";"7";"6";"0";"1";"1";"1";"0"
"13944";"77746108";"13944";"19";"1";"1";"7";"5";"0";"1";"2";"1";"0"
"13945";"77746209";"13945";"11";"1";"1";"7";"6";"0";"1";"1";"1";"0"
"13946";"77746209";"13946";"17";"3";"1";"7";"2";"0";"1";"1";"1";"0"
"13947";"77746209";"13947";"11";"4";"1";"7";"6";"0";"1";"1";"1";"0"
"13948";"77746210";"13948";"51";"1";"1";"7";"6";"0";"1";"2";"1";"0"
"13949";"77746210";"13949";"22";"3";"3";"1";"6";"0";"1";"1";"1";"0"
"13950";"77746306";"13950";"13";"1";"1";"7";"6";"0";"1";"1";"1";"0"
"13951";"77747101";"13951";"19";"1";"1";"7";"6";"1";"2";"1";"2";"0"
"13952";"77747101";"13952";"19";"1";"1";"2";"6";"0";"2";"1";"1";"0"
"13953";"77747110";"13953";"14";"1";"1";"7";"6";"0";"3";"0";"1";"0"
"13954";"77747110";"13954";"14";"3";"3";"2";"6";"0";"2";"0";"1";"0"
"13955";"77747110";"13955";"14";"1";"1";"7";"6";"0";"1";"1";"1";"0"
"13956";"77747114";"13956";"71";"1";"1";"7";"6";"0";"1";"1";"1";"0"
"13957";"77747114";"13957";"13";"3";"1";"7";"6";"0";"1";"2";"1";"0"
"13958";"77747114";"13958";"13";"2";"1";"7";"4";"0";"1";"1";"1";"0"
"13959";"77747205";"13959";"11";"1";"1";"7";"6";"0";"4";"1";"1";"0"
"13960";"77747205";"13960";"51";"3";"1";"7";"6";"1";"0";"1";"2";"0"
"13961";"77747205";"13961";"11";"3";"1";"7";"8";"0";"0";"2";"0";"0"
"13962";"77747205";"13962";"17";"1";"1";"7";"2";"0";"1";"1";"1";"0"
"13963";"77747205";"13963";"17";"2";"1";"7";"2";"0";"1";"1";"1";"0"
"13964";"77747205";"13964";"11";"1";"3";"2";"6";"0";"1";"1";"1";"0"
"13965";"77747205";"13965";"17";"1";"1";"7";"2";"0";"1";"1";"1";"0"
"13966";"77747205";"13966";"71";"1";"1";"7";"6";"0";"1";"1";"1";"0"
"13967";"77747205";"13967";"17";"1";"1";"7";"2";"0";"1";"1";"1";"0"
"13968";"77747205";"13968";"11";"1";"1";"7";"6";"0";"1";"0";"1";"0"
"13969";"77747309";"13969";"71";"1";"1";"7";"6";"1";"0";"1";"2";"0"
"13970";"77747409";"12829";"17";"1";"1";"7";"1";"0";"1";"0";"1";"0"
"13971";"77747414";"13971";"16";"1";"1";"7";"6";"0";"1";"1";"1";"0"
"13972";"77751501";"13972";"18";"3";"1";"7";"5";"0";"1";"1";"1";"0"
"13973";"77751501";"13973";"16";"3";"1";"7";"6";"0";"3";"0";"1";"0"
"13974";"77752502";"13974";"51";"2";"3";"2";"6";"0";"2";"0";"1";"0"
"13975";"77752502";"13975";"71";"1";"6";"7";"6";"0";"1";"1";"1";"0"
"13976";"77752502";"13976";"13";"1";"1";"7";"6";"0";"1";"2";"1";"0"
"13977";"77752503";"13977";"63";"1";"1";"7";"3";"1";"0";"1";"2";"0"
"13978";"77752505";"13978";"14";"1";"1";"7";"4";"0";"1";"1";"1";"0"
"13979";"77752507";"13979";"13";"1";"1";"7";"6";"0";"1";"0";"1";"0"
"13980";"77752507";"13980";"13";"1";"1";"7";"6";"2";"0";"1";"2";"0"
"13981";"77752507";"13308";"13";"3";"3";"2";"6";"0";"2";"1";"1";"0"
"13982";"77752507";"13982";"71";"1";"1";"7";"6";"0";"1";"1";"1";"0"
"13983";"77752507";"13983";"13";"5";"1";"7";"6";"1";"1";"1";"2";"0"
"13984";"77752507";"13984";"81";"1";"1";"7";"5";"0";"1";"1";"1";"0"
"13985";"77753501";"13985";"13";"1";"1";"6";"4";"0";"1";"1";"1";"0"
"13986";"77754501";"13986";"31";"1";"1";"7";"4";"0";"1";"1";"1";"0"
"13987";"77754508";"13987";"31";"1";"1";"7";"3";"0";"1";"1";"1";"0"
"13988";"77754508";"13988";"17";"1";"1";"7";"2";"0";"1";"0";"1";"0"
"13989";"77755402";"13989";"14";"1";"1";"7";"6";"0";"1";"1";"1";"0"
"13990";"77755402";"13990";"14";"1";"1";"7";"6";"2";"0";"1";"2";"0"
"13991";"77755402";"13991";"16";"1";"1";"7";"6";"0";"2";"0";"1";"0"
"13992";"77755405";"13992";"16";"1";"1";"7";"6";"0";"1";"2";"1";"0"
"13993";"77755501";"13993";"17";"1";"1";"7";"1";"0";"1";"1";"1";"0"
"13994";"77755501";"13994";"16";"2";"1";"7";"5";"0";"1";"1";"1";"0"
"13995";"77755501";"13995";"81";"3";"1";"7";"2";"0";"1";"1";"1";"0"
"13996";"77755501";"13996";"71";"1";"1";"7";"5";"1";"2";"0";"2";"0"
"13997";"77755505";"13997";"13";"1";"1";"7";"6";"0";"1";"1";"1";"0"