"accident_id";"lieu_id";"date_id";"cause_id";"lum_id";"intemp_id";"etat_surface_id";"impliq_id";"nb_blesses_graves";"nb_blesses_legers";"nb_indemnes";"gravite";"nb_morts"
"14308";"77815202";"14308";"13";"1";"1";"7";"6";"0";"1";"1";"1";"0"
"14309";"77815202";"14309";"31";"1";"1";"7";"3";"0";"1";"1";"1";"0"
"14310";"77815202";"14310";"51";"1";"1";"7";"6";"0";"3";"3";"1";"0"
"14311";"77815204";"14311";"13";"2";"1";"7";"6";"2";"0";"0";"2";"0"
"14312";"77836304";"14312";"52";"1";"2";"1";"0";"0";"1";"0";"1";"0"
"14313";"77842504";"14313";"16";"3";"1";"7";"4";"0";"1";"1";"1";"0"
"14314";"77851101";"14314";"17";"1";"1";"7";"2";"0";"1";"1";"1";"0"
"14315";"77851101";"14315";"14";"3";"3";"2";"6";"2";"0";"0";"2";"0"
"14316";"77851101";"14316";"81";"1";"1";"7";"6";"1";"0";"2";"2";"0"
"14317";"77851105";"14317";"14";"1";"1";"7";"4";"0";"1";"1";"1";"0"
"14318";"77851105";"14318";"14";"1";"1";"7";"5";"0";"1";"1";"1";"0"
"14319";"77851105";"14319";"81";"1";"1";"7";"6";"1";"2";"1";"2";"0"
"14320";"77851105";"14320";"14";"3";"3";"2";"4";"1";"0";"1";"2";"0"
"14321";"77851108";"14321";"52";"1";"1";"7";"1";"0";"1";"1";"1";"0"
"14322";"77875504";"14322";"81";"1";"3";"2";"6";"1";"3";"0";"2";"0"
"14323";"77877302";"14323";"16";"1";"1";"7";"6";"1";"1";"0";"2";"0"
"14324";"77877401";"14324";"17";"1";"1";"7";"1";"1";"0";"1";"2";"0"
"14325";"77877401";"14325";"51";"1";"3";"1";"6";"0";"2";"0";"1";"0"
"14326";"77884101";"14326";"52";"3";"6";"1";"0";"1";"0";"0";"2";"0"
"14327";"77885201";"14327";"72";"1";"1";"7";"6";"0";"1";"1";"1";"0"
"14328";"77893209";"14328";"52";"1";"1";"7";"0";"0";"1";"0";"1";"0"
"14329";"77893502";"14329";"13";"1";"1";"7";"6";"0";"1";"1";"1";"0"
"14330";"77893502";"14330";"16";"1";"1";"7";"6";"0";"1";"1";"1";"0"
"14331";"77893503";"14331";"81";"1";"1";"7";"1";"1";"0";"1";"2";"0"
"14332";"77894502";"14332";"14";"1";"3";"2";"6";"0";"1";"1";"1";"0"
"14333";"77894502";"14333";"14";"1";"1";"7";"6";"0";"1";"1";"1";"0"
"14334";"77895510";"14334";"17";"1";"1";"7";"1";"0";"1";"1";"1";"0"
"14335";"77901202";"14335";"72";"1";"1";"7";"6";"0";"1";"1";"1";"0"
"14336";"77901408";"14336";"16";"3";"1";"7";"4";"0";"1";"1";"1";"0"
"14337";"77901408";"14337";"17";"1";"1";"7";"2";"0";"1";"1";"1";"0"
"14338";"77901408";"14338";"75";"2";"1";"1";"7";"0";"1";"1";"1";"0"
"14339";"77901408";"14339";"61";"1";"1";"7";"3";"0";"1";"1";"1";"0"
"14340";"77901408";"14340";"71";"1";"1";"7";"6";"0";"1";"1";"1";"0"
"14341";"77902107";"14341";"13";"1";"6";"7";"3";"0";"1";"1";"1";"0"
"14342";"77902203";"14342";"21";"1";"1";"7";"6";"0";"1";"1";"1";"0"
"14343";"77902304";"14343";"51";"1";"1";"7";"2";"0";"1";"1";"1";"0"
"14344";"77902304";"14344";"81";"3";"1";"7";"0";"3";"0";"0";"2";"0"
"14345";"77902402";"14345";"23";"1";"1";"7";"6";"0";"1";"1";"1";"0"
"14346";"77902501";"14346";"14";"1";"1";"1";"6";"0";"1";"1";"1";"0"
"14347";"77902509";"14347";"16";"1";"1";"7";"4";"0";"1";"1";"1";"0"
"14348";"77902509";"14348";"16";"1";"1";"7";"7";"0";"1";"1";"1";"0"
"14349";"77902509";"14349";"16";"1";"3";"2";"4";"0";"1";"1";"1";"0"
"14350";"77902509";"14350";"17";"1";"1";"7";"2";"0";"1";"1";"1";"0"
"14351";"77902509";"14351";"17";"1";"1";"7";"2";"1";"0";"1";"2";"0"
"14352";"77902509";"14352";"81";"3";"1";"1";"2";"1";"0";"2";"2";"0"
"14353";"77902509";"14353";"13";"1";"1";"7";"5";"0";"1";"1";"1";"0"
"14354";"77902509";"14354";"16";"1";"3";"1";"3";"0";"1";"1";"1";"0"
"14355";"77902509";"14355";"17";"1";"1";"7";"2";"0";"1";"1";"1";"0"
"14356";"77902509";"14356";"17";"3";"1";"7";"2";"1";"0";"1";"2";"0"
"14357";"77902509";"14357";"13";"1";"1";"7";"4";"1";"0";"1";"2";"0"
"14358";"77902509";"14358";"13";"1";"1";"7";"6";"0";"1";"1";"1";"0"
"14359";"77902514";"14359";"52";"3";"6";"1";"6";"0";"1";"1";"1";"0"
"14360";"77903203";"14360";"13";"3";"3";"1";"6";"0";"1";"0";"1";"0"
"14361";"77903209";"14361";"86";"1";"1";"7";"3";"0";"0";"1";"3";"0"
"14362";"77903209";"14362";"13";"1";"1";"7";"6";"0";"1";"1";"1";"0"
"14363";"77903209";"14363";"16";"1";"1";"7";"5";"0";"2";"1";"1";"0"
"14364";"77903302";"14364";"72";"1";"1";"7";"6";"0";"1";"1";"1";"0"
"14365";"77903302";"14365";"16";"1";"1";"7";"6";"0";"2";"0";"1";"0"
"14366";"77903306";"14366";"17";"1";"1";"7";"2";"0";"1";"1";"1";"0"
"14367";"77903306";"14367";"15";"1";"1";"7";"7";"0";"1";"1";"1";"0"
"14368";"77903306";"14368";"52";"1";"1";"7";"1";"0";"4";"1";"1";"0"
"14369";"77903306";"14369";"15";"1";"1";"7";"6";"0";"1";"1";"1";"0"
"14370";"77903306";"14370";"17";"1";"1";"7";"1";"0";"2";"1";"1";"0"
"14371";"77903306";"14371";"14";"3";"1";"7";"3";"0";"1";"1";"1";"0"
"14372";"77903306";"14372";"19";"3";"1";"1";"6";"0";"2";"0";"1";"0"
"14373";"77903306";"14373";"13";"1";"1";"7";"7";"0";"1";"0";"1";"0"
"14374";"77903504";"14374";"13";"1";"1";"7";"4";"0";"1";"1";"1";"0"
"14375";"77903504";"14375";"13";"1";"1";"7";"7";"0";"1";"1";"1";"0"
"14376";"77903504";"14376";"71";"1";"1";"1";"6";"0";"1";"1";"1";"0"
"14377";"77903504";"14377";"52";"3";"3";"1";"0";"0";"1";"0";"1";"0"
"14378";"77903504";"14378";"17";"3";"1";"7";"2";"1";"0";"1";"2";"0"
"14379";"77903506";"14379";"13";"1";"1";"7";"4";"0";"1";"1";"1";"0"
"14380";"77903506";"14380";"67";"1";"1";"7";"4";"0";"1";"1";"1";"0"
"14381";"77903506";"14381";"13";"1";"1";"7";"4";"0";"1";"1";"1";"0"
"14382";"77903508";"14382";"21";"3";"1";"7";"6";"0";"1";"1";"1";"0"
"14383";"77903508";"14383";"21";"1";"1";"7";"3";"0";"1";"1";"1";"0"
"14384";"77903508";"14384";"21";"1";"1";"7";"6";"0";"3";"0";"1";"0"
"14385";"77903508";"14385";"17";"1";"1";"7";"2";"0";"1";"1";"1";"0"
"14386";"77903508";"14386";"17";"1";"1";"7";"2";"0";"1";"1";"1";"0"
"14387";"77903508";"14387";"17";"3";"3";"1";"2";"0";"1";"1";"1";"0"
"14388";"77903513";"14388";"17";"1";"1";"7";"2";"0";"2";"1";"1";"0"
"14389";"77904211";"14389";"14";"1";"1";"7";"6";"1";"1";"1";"2";"0"
"14390";"77904211";"14390";"14";"1";"1";"7";"6";"0";"2";"0";"1";"0"
"14391";"77904211";"14391";"14";"3";"1";"7";"6";"0";"2";"0";"1";"0"
"14392";"77904306";"14392";"16";"1";"1";"7";"6";"0";"1";"1";"1";"0"
"14393";"77904407";"14393";"71";"1";"1";"7";"6";"1";"0";"1";"2";"0"
"14394";"77904408";"14394";"17";"1";"1";"7";"1";"0";"1";"1";"1";"0"
"14395";"77904408";"14395";"16";"3";"1";"7";"4";"0";"1";"1";"1";"0"
"14396";"77904408";"14396";"17";"3";"1";"7";"2";"1";"0";"1";"2";"0"
"14397";"77904410";"14397";"52";"3";"3";"2";"6";"0";"1";"2";"1";"0"
"14398";"77904410";"14398";"14";"3";"3";"1";"6";"0";"1";"1";"1";"0"
"14399";"77904410";"14399";"21";"1";"1";"7";"6";"0";"1";"1";"1";"0"
"14400";"77904501";"14400";"13";"1";"1";"7";"7";"1";"0";"1";"2";"0"
"14401";"77904501";"14401";"86";"1";"1";"7";"3";"0";"1";"1";"1";"0"
"14402";"77904504";"14402";"17";"1";"1";"7";"1";"0";"1";"1";"1";"0"
"14403";"77904504";"14403";"23";"1";"1";"7";"6";"0";"1";"1";"1";"0"
"14404";"77905206";"12008";"21";"1";"1";"7";"6";"0";"1";"1";"1";"0"
"14405";"77905301";"14405";"32";"1";"1";"7";"7";"1";"0";"1";"2";"0"
"14406";"77905301";"14406";"71";"1";"1";"7";"6";"1";"0";"1";"2";"0"
"14407";"77905302";"14407";"14";"1";"1";"7";"6";"0";"1";"1";"1";"0"
"14408";"77905405";"14408";"21";"1";"1";"7";"7";"0";"1";"1";"1";"0"
"14409";"77905405";"14409";"52";"1";"3";"1";"7";"0";"1";"1";"1";"0"
"14410";"77905410";"14410";"17";"1";"1";"7";"2";"0";"1";"1";"1";"0"
"14411";"77906203";"14411";"16";"3";"1";"7";"4";"1";"0";"1";"2";"0"
"14412";"77906203";"14412";"16";"1";"1";"7";"5";"1";"0";"1";"2";"0"
"14413";"77906203";"14413";"81";"3";"3";"1";"4";"0";"1";"1";"1";"0"
"14414";"77906208";"14414";"16";"3";"1";"7";"4";"0";"1";"1";"1";"0"
"14415";"77906209";"14415";"16";"1";"1";"7";"6";"0";"1";"2";"1";"0"
"14416";"77906404";"14416";"18";"1";"1";"7";"6";"0";"1";"1";"1";"0"
"14417";"77907506";"14417";"13";"1";"3";"2";"6";"0";"1";"1";"1";"0"
"14418";"77907506";"14418";"81";"3";"3";"2";"6";"0";"1";"2";"1";"0"
"14419";"77907506";"14419";"81";"3";"1";"7";"6";"1";"0";"1";"2";"0"
"14420";"77917102";"14420";"14";"1";"1";"7";"4";"0";"1";"1";"1";"0"
"14421";"78655301";"9526";"13";"1";"1";"7";"6";"1";"0";"1";"2";"0"
"14422";"78655301";"14422";"13";"3";"1";"7";"6";"1";"0";"1";"2";"0"
"14423";"78655301";"14423";"13";"3";"1";"7";"6";"2";"0";"1";"2";"0"
"14424";"78655301";"14424";"13";"1";"1";"2";"6";"0";"3";"0";"1";"0"
"14425";"78655301";"14425";"13";"1";"1";"7";"6";"0";"4";"1";"1";"0"
"14426";"78655301";"14426";"13";"1";"1";"7";"5";"0";"0";"1";"3";"0"
"14427";"78655503";"14427";"14";"3";"3";"2";"6";"1";"0";"1";"2";"0"
"14428";"78655503";"14428";"14";"1";"1";"7";"3";"1";"0";"1";"2";"0"
"14429";"78656401";"14429";"51";"1";"1";"7";"6";"0";"2";"1";"1";"0"
"14430";"78662106";"14430";"82";"1";"1";"7";"0";"0";"0";"0";"3";"0"
"14431";"78662106";"14431";"11";"3";"1";"7";"6";"1";"0";"1";"2";"0"
"14432";"78662106";"14432";"11";"1";"3";"1";"6";"0";"2";"0";"1";"0"
"14433";"78662106";"14433";"82";"1";"1";"7";"0";"1";"0";"0";"2";"0"
"14434";"78663201";"14434";"16";"3";"1";"7";"5";"0";"1";"1";"1";"0"
"14435";"78663201";"14435";"16";"3";"1";"7";"6";"1";"1";"1";"2";"0"
"14436";"78663201";"14436";"16";"3";"1";"7";"5";"1";"2";"0";"2";"0"
"14437";"78663201";"14437";"16";"1";"1";"7";"6";"1";"0";"1";"2";"0"
"14438";"78663201";"14438";"16";"1";"1";"7";"6";"0";"4";"0";"1";"0"
"14439";"78663201";"14439";"16";"1";"1";"7";"6";"0";"1";"2";"1";"0"
"14440";"78663201";"14440";"11";"1";"1";"7";"6";"3";"0";"0";"2";"0"
"14441";"78663201";"14441";"16";"3";"1";"7";"6";"1";"1";"0";"2";"0"
"14442";"78663201";"14442";"16";"3";"1";"7";"6";"0";"2";"1";"1";"0"
"14443";"78663201";"14443";"16";"1";"1";"7";"6";"0";"1";"1";"1";"0"
"14444";"78663201";"14444";"16";"1";"1";"7";"6";"0";"2";"0";"1";"0"
"14445";"78663201";"14445";"16";"1";"1";"7";"6";"0";"2";"1";"1";"0"
"14446";"78663201";"14446";"16";"1";"1";"7";"6";"0";"4";"2";"1";"0"
"14447";"78663201";"14447";"16";"3";"3";"2";"6";"1";"1";"0";"2";"0"
"14448";"78663201";"14448";"16";"1";"1";"7";"6";"0";"1";"2";"1";"0"
"14449";"78663303";"14449";"51";"1";"1";"7";"6";"0";"2";"0";"1";"0"
"14450";"78663303";"14450";"16";"3";"1";"7";"4";"1";"0";"1";"2";"0"
"14451";"78663303";"14451";"51";"2";"3";"1";"3";"1";"0";"2";"2";"0"
"14452";"78663303";"14452";"16";"3";"3";"2";"6";"1";"0";"1";"2";"0"
"14453";"78663303";"14453";"11";"1";"1";"7";"1";"1";"0";"1";"3";"0"
"14454";"78664206";"14454";"52";"1";"1";"7";"2";"0";"1";"1";"1";"0"
"14455";"78664405";"14455";"11";"1";"1";"7";"6";"1";"0";"1";"2";"0"
"14456";"78664405";"14456";"19";"1";"2";"2";"7";"1";"1";"1";"2";"0"
"14457";"78664405";"14457";"16";"1";"3";"1";"6";"0";"2";"0";"1";"0"
"14458";"78664405";"14458";"11";"1";"1";"7";"6";"0";"3";"1";"1";"0"
"14459";"78664405";"14459";"11";"3";"1";"7";"6";"1";"1";"1";"2";"0"
"14460";"78664405";"14460";"11";"1";"1";"7";"6";"0";"1";"2";"1";"0"
"14461";"78664405";"14461";"52";"1";"3";"2";"6";"0";"1";"1";"1";"0"
"14462";"78665301";"14462";"16";"2";"1";"7";"4";"1";"0";"2";"2";"0"
"14463";"78665505";"14463";"17";"3";"6";"1";"2";"0";"1";"1";"1";"0"
"14464";"78665505";"14464";"17";"3";"1";"7";"2";"1";"0";"1";"2";"0"
"14465";"78665505";"14465";"53";"1";"1";"7";"1";"0";"0";"2";"3";"0"
"14466";"78665505";"14466";"18";"1";"1";"7";"3";"1";"0";"1";"2";"0"
"14467";"78665505";"14467";"19";"1";"1";"7";"5";"0";"2";"1";"1";"0"
"14468";"78665505";"14468";"17";"1";"1";"7";"2";"1";"0";"0";"2";"0"
"14469";"78665505";"14469";"17";"1";"3";"1";"2";"0";"1";"1";"1";"0"
"14470";"78665505";"14470";"19";"3";"1";"1";"6";"0";"1";"1";"1";"0"
"14471";"78665505";"14471";"51";"1";"1";"7";"3";"0";"1";"1";"1";"0"
"14472";"78666406";"14472";"31";"1";"1";"7";"2";"1";"0";"1";"2";"0"
"14473";"78674104";"14473";"12";"1";"1";"7";"6";"1";"2";"1";"2";"0"
"14474";"78674104";"14474";"11";"2";"2";"2";"2";"1";"0";"1";"2";"0"
"14475";"78674104";"14475";"16";"1";"1";"7";"3";"1";"0";"1";"2";"0"
"14476";"78674104";"14476";"16";"3";"1";"7";"4";"0";"1";"1";"1";"0"
"14477";"78674104";"14477";"15";"1";"1";"7";"6";"0";"1";"2";"1";"0"
"14478";"78674104";"14478";"14";"5";"3";"1";"6";"0";"1";"2";"1";"0"
"14479";"78674120";"14479";"71";"1";"1";"7";"6";"0";"1";"1";"1";"0"
"14480";"78675111";"14480";"16";"1";"1";"7";"4";"1";"0";"1";"2";"0"
"14481";"78675111";"14481";"11";"1";"1";"7";"6";"1";"0";"1";"2";"0"
"14482";"78675116";"14482";"16";"3";"1";"7";"4";"1";"0";"1";"2";"0"
"14483";"78675116";"14483";"71";"1";"1";"7";"4";"1";"0";"1";"2";"0"
"14484";"78675116";"14484";"11";"1";"1";"7";"6";"0";"1";"1";"1";"0"
"14485";"78675116";"14485";"11";"1";"1";"7";"6";"0";"2";"0";"1";"0"
"14486";"78675204";"14486";"21";"1";"1";"7";"5";"1";"0";"1";"2";"0"
"14487";"78676202";"14487";"71";"1";"1";"7";"6";"0";"1";"1";"1";"0"
"14488";"78676202";"14488";"17";"1";"1";"7";"2";"0";"1";"1";"1";"0"
"14489";"78676204";"14489";"17";"1";"1";"7";"2";"1";"0";"1";"2";"0"
"14490";"78676204";"14490";"19";"3";"1";"7";"5";"0";"1";"1";"1";"0"
"14491";"78676307";"14491";"31";"1";"1";"7";"6";"0";"1";"1";"1";"0"
"14492";"78676307";"14492";"81";"1";"1";"7";"0";"0";"1";"0";"1";"0"
"14493";"78676307";"14493";"71";"1";"1";"7";"6";"1";"0";"1";"2";"0"
"14494";"78676307";"14494";"71";"1";"1";"7";"6";"0";"1";"1";"1";"0"
"14495";"78676407";"14495";"16";"3";"1";"1";"6";"0";"2";"1";"1";"0"
"14496";"78676407";"14496";"11";"1";"3";"2";"7";"1";"0";"1";"2";"0"
"14497";"78676407";"14497";"11";"3";"1";"7";"6";"0";"1";"1";"1";"0"
"14498";"78676407";"14498";"14";"1";"1";"7";"4";"1";"0";"1";"2";"0"
"14499";"78676407";"14499";"11";"1";"1";"7";"6";"1";"1";"2";"2";"0"
"14500";"78676407";"14500";"14";"1";"1";"7";"6";"1";"0";"2";"2";"0"
"14501";"78676407";"14501";"11";"1";"1";"7";"6";"0";"1";"1";"1";"0"
"14502";"78676503";"14502";"52";"3";"3";"2";"7";"0";"2";"2";"1";"0"
"14503";"78677304";"14503";"11";"1";"1";"7";"7";"0";"1";"1";"1";"0"
"14504";"78677304";"14504";"51";"1";"1";"7";"6";"0";"1";"3";"1";"0"
"14505";"78677304";"14505";"11";"3";"1";"7";"6";"0";"2";"1";"1";"0"
"14506";"78685203";"14506";"19";"5";"1";"7";"6";"0";"1";"1";"1";"0"
"14507";"78685203";"14507";"13";"1";"2";"2";"6";"2";"0";"3";"2";"0"
"14508";"78685203";"14508";"13";"2";"1";"7";"4";"1";"0";"1";"2";"0"
"14509";"78685203";"14509";"52";"1";"6";"7";"0";"0";"2";"0";"3";"0"
"14510";"78687502";"14510";"13";"1";"1";"7";"6";"0";"1";"1";"1";"0"
"14511";"78687502";"14511";"13";"1";"1";"7";"6";"0";"1";"1";"1";"0"
"14512";"78687502";"14512";"13";"1";"1";"7";"6";"1";"1";"0";"2";"0"
"14513";"78687502";"14513";"13";"1";"1";"7";"6";"0";"1";"1";"1";"0"
"14514";"78687502";"14514";"31";"3";"1";"7";"4";"1";"0";"1";"2";"0"
"14515";"78687502";"2849";"13";"1";"1";"7";"6";"1";"1";"0";"2";"0"
"14516";"78687502";"14516";"32";"1";"1";"7";"6";"1";"0";"1";"2";"0"
"14517";"78687502";"14517";"11";"1";"1";"7";"7";"0";"1";"1";"1";"0"
"14518";"78691405";"14518";"16";"1";"1";"7";"5";"1";"1";"1";"2";"0"
"14519";"78691507";"14519";"99";"1";"1";"7";"6";"1";"0";"2";"2";"0"
"14520";"78692103";"14520";"13";"5";"1";"7";"3";"1";"0";"1";"2";"0"
"14521";"78692103";"14521";"13";"1";"1";"1";"5";"1";"0";"1";"2";"0"
"14522";"78692105";"14522";"13";"1";"1";"7";"6";"1";"1";"0";"2";"0"
"14523";"78694405";"14523";"13";"1";"1";"2";"6";"1";"0";"1";"2";"0"
"14524";"78694405";"14524";"13";"1";"1";"7";"6";"1";"0";"1";"2";"0"
"14525";"78694405";"14525";"13";"1";"1";"2";"6";"1";"1";"0";"2";"0"
"14526";"78694405";"14526";"13";"3";"3";"1";"6";"0";"3";"0";"1";"0"
"14527";"78694405";"14527";"24";"1";"3";"2";"6";"0";"4";"0";"1";"0"
"14528";"78694405";"14528";"13";"3";"1";"7";"5";"0";"1";"1";"1";"0"
"14529";"78694405";"14529";"13";"5";"1";"7";"6";"1";"0";"1";"2";"0"
"14530";"78695502";"14530";"16";"1";"1";"7";"4";"1";"0";"1";"2";"0"
"14531";"78695502";"14531";"21";"1";"1";"7";"6";"1";"3";"0";"2";"0"
"14532";"78704307";"14532";"14";"1";"1";"7";"3";"1";"0";"1";"2";"0"
"14533";"78706103";"14533";"52";"1";"3";"2";"6";"0";"2";"0";"1";"0"
"14534";"78706103";"14534";"81";"3";"3";"1";"6";"0";"2";"0";"1";"0"
"14535";"78706205";"14535";"51";"1";"1";"7";"4";"1";"0";"1";"2";"0"
"14536";"78706205";"14536";"51";"1";"1";"7";"6";"0";"1";"0";"1";"0"
"14537";"78706205";"14537";"14";"1";"1";"7";"6";"1";"0";"1";"2";"0"
"14538";"78706205";"14538";"11";"1";"1";"7";"6";"0";"2";"1";"1";"0"
"14539";"78706205";"14539";"11";"3";"1";"7";"6";"0";"4";"0";"1";"0"
"14540";"78706205";"14540";"51";"2";"3";"2";"6";"1";"0";"1";"2";"0"
"14541";"78706205";"14541";"51";"1";"1";"7";"6";"1";"0";"1";"2";"0"
"14542";"78706205";"14542";"81";"1";"1";"7";"1";"0";"1";"1";"1";"0"
"14543";"78706205";"14543";"11";"1";"1";"7";"7";"1";"0";"1";"2";"0"
"14544";"78706205";"14544";"81";"3";"3";"1";"6";"0";"1";"0";"3";"0"
"14545";"78706205";"14545";"11";"3";"1";"7";"6";"0";"1";"2";"1";"0"
"14546";"78706205";"14546";"71";"1";"1";"7";"6";"0";"1";"1";"1";"0"
"14547";"78706410";"14547";"11";"1";"1";"7";"6";"2";"0";"1";"2";"0"
"14548";"78706410";"14548";"32";"3";"1";"7";"6";"0";"2";"1";"1";"0"
"14549";"78706410";"14549";"81";"3";"1";"7";"6";"2";"0";"1";"2";"0"
"14550";"78706410";"14550";"11";"1";"1";"7";"6";"0";"1";"1";"1";"0"
"14551";"78706410";"14551";"11";"1";"1";"7";"6";"1";"1";"0";"2";"0"
"14552";"78706410";"14552";"81";"5";"1";"1";"6";"0";"2";"0";"1";"0"
"14553";"78706410";"14553";"51";"1";"1";"7";"6";"0";"1";"1";"1";"0"
"14554";"78706410";"14554";"11";"1";"1";"7";"6";"0";"1";"1";"1";"0"
"14555";"78706410";"14555";"11";"1";"1";"7";"6";"1";"0";"1";"2";"0"
"14556";"78706410";"14556";"81";"5";"2";"1";"6";"0";"0";"1";"3";"0"
"14557";"78706410";"14557";"16";"3";"3";"1";"4";"0";"1";"0";"3";"0"
"14558";"78706410";"14558";"11";"1";"1";"7";"8";"0";"1";"1";"1";"0"
"14559";"78707302";"14559";"21";"1";"1";"7";"9";"1";"1";"1";"3";"2"
"14560";"78717103";"14560";"51";"1";"1";"7";"6";"1";"0";"0";"2";"0"
"14561";"78717103";"14561";"51";"1";"1";"7";"6";"0";"2";"1";"1";"0"
"14562";"78717103";"14562";"21";"3";"3";"1";"6";"2";"0";"1";"2";"0"
"14563";"78717302";"14563";"16";"1";"1";"7";"6";"1";"0";"1";"2";"0"
"14564";"78717302";"14564";"13";"1";"1";"7";"6";"0";"1";"1";"1";"0"
"14565";"78717302";"14565";"16";"3";"1";"7";"6";"1";"0";"1";"2";"0"
"14566";"78717302";"14566";"16";"2";"4";"3";"6";"1";"1";"0";"2";"0"
"14567";"78717302";"14567";"52";"3";"1";"2";"0";"0";"1";"0";"1";"0"
"14568";"78717402";"14568";"72";"3";"1";"7";"6";"0";"1";"1";"1";"0"
"14569";"78717402";"14569";"51";"5";"1";"7";"6";"0";"2";"1";"1";"0"
"14570";"78731302";"14570";"11";"3";"1";"7";"6";"0";"2";"1";"1";"0"
"14571";"78731401";"14571";"19";"1";"1";"7";"4";"0";"1";"1";"1";"0"
"14572";"78731410";"14572";"11";"3";"1";"7";"4";"0";"1";"1";"1";"0"
"14573";"78731410";"14573";"11";"1";"1";"7";"6";"0";"1";"1";"1";"0"
"14574";"78731410";"14574";"11";"1";"1";"7";"6";"0";"1";"1";"1";"0"
"14575";"78731410";"14575";"11";"1";"1";"7";"3";"0";"1";"1";"1";"0"
"14576";"78731410";"14576";"11";"1";"1";"7";"6";"0";"1";"1";"1";"0"
"14577";"78731410";"14577";"11";"1";"1";"7";"6";"0";"2";"1";"1";"0"
"14578";"78731410";"14578";"62";"1";"1";"7";"2";"0";"1";"1";"1";"0"
"14579";"78731410";"14579";"11";"1";"1";"7";"8";"0";"1";"1";"1";"0"
"14580";"78731504";"14580";"13";"3";"2";"1";"3";"0";"1";"1";"1";"0"
"14581";"78731504";"14581";"51";"1";"1";"7";"6";"0";"2";"1";"1";"0"
"14582";"78731504";"14582";"13";"3";"1";"7";"6";"1";"0";"1";"2";"0"
"14583";"78731504";"14583";"42";"1";"1";"7";"2";"0";"1";"1";"1";"0"
"14584";"78731505";"14584";"52";"1";"1";"7";"0";"0";"1";"0";"1";"0"
"14585";"78731505";"14585";"16";"1";"1";"7";"6";"0";"1";"2";"1";"0"
"14586";"78732204";"14586";"81";"1";"1";"7";"6";"1";"0";"1";"2";"0"
"14587";"78732204";"14587";"22";"1";"1";"7";"6";"0";"1";"1";"1";"0"
"14588";"78732302";"14588";"11";"1";"1";"7";"6";"0";"1";"1";"1";"0"
"14589";"78732302";"14589";"35";"1";"1";"7";"3";"0";"1";"0";"1";"0"
"14590";"78732401";"14590";"18";"1";"1";"7";"5";"0";"1";"1";"1";"0"
"14591";"78732401";"14591";"11";"1";"1";"7";"6";"0";"1";"1";"1";"0"
"14592";"78732401";"14592";"11";"1";"1";"7";"6";"1";"0";"1";"2";"0"
"14593";"78732401";"14593";"11";"1";"1";"7";"6";"0";"1";"2";"1";"0"
"14594";"78732401";"14594";"11";"1";"1";"7";"6";"0";"1";"1";"1";"0"
"14595";"78732401";"14595";"11";"1";"1";"7";"6";"0";"1";"1";"1";"0"
"14596";"78732401";"14596";"11";"1";"1";"7";"6";"0";"3";"1";"1";"0"
"14597";"78732401";"14597";"11";"2";"3";"2";"6";"0";"1";"1";"1";"0"
"14598";"78732504";"14598";"71";"1";"1";"7";"6";"0";"1";"1";"1";"0"
"14599";"78733405";"14599";"13";"2";"1";"7";"6";"0";"1";"1";"1";"0"
"14600";"78733501";"14600";"11";"2";"3";"2";"8";"1";"1";"1";"2";"0"
"14601";"78733501";"14601";"14";"1";"1";"7";"6";"0";"2";"1";"1";"0"
"14602";"78733501";"14602";"11";"1";"1";"7";"6";"0";"1";"1";"1";"0"
"14603";"78733501";"14603";"11";"1";"1";"7";"6";"1";"1";"0";"2";"0"
"14604";"78733501";"14604";"11";"1";"1";"7";"6";"0";"3";"0";"1";"0"
"14605";"78733502";"14605";"52";"1";"1";"7";"0";"0";"2";"0";"1";"0"
"14606";"78733508";"14606";"52";"1";"4";"4";"6";"1";"0";"2";"2";"0"
"14607";"78734104";"14607";"19";"1";"1";"7";"6";"0";"3";"0";"1";"0"
"14608";"78734104";"14608";"16";"3";"1";"7";"6";"0";"2";"0";"1";"0"
"14609";"78734104";"14609";"81";"1";"1";"7";"6";"0";"2";"0";"1";"0"
"14610";"78734104";"14610";"19";"1";"1";"7";"6";"0";"3";"0";"1";"0"
"14611";"78734104";"14611";"13";"3";"1";"7";"6";"0";"2";"1";"1";"0"
"14612";"78734104";"14612";"19";"2";"1";"7";"5";"0";"1";"1";"1";"0"
"14613";"78734104";"14613";"16";"1";"4";"1";"6";"0";"1";"2";"1";"0"
"14614";"78734104";"14614";"19";"3";"1";"1";"6";"0";"1";"2";"1";"0"
"14615";"78734104";"14615";"19";"1";"1";"7";"6";"0";"1";"1";"1";"0"
"14616";"78734104";"14616";"19";"1";"1";"7";"6";"0";"2";"1";"3";"2"
"14617";"78734104";"14617";"19";"3";"3";"1";"6";"0";"3";"0";"1";"0"