"accident_id";"lieu_id";"date_id";"cause_id";"lum_id";"intemp_id";"etat_surface_id";"impliq_id";"nb_blesses_graves";"nb_blesses_legers";"nb_indemnes";"gravite";"nb_morts"
"15238";"78781402";"15238";"52";"1";"1";"7";"0";"0";"1";"0";"1";"0"
"15239";"78781402";"15239";"81";"3";"1";"7";"6";"0";"1";"0";"1";"0"
"15240";"78781402";"15240";"51";"1";"1";"7";"6";"0";"4";"1";"1";"0"
"15241";"78781501";"15241";"14";"3";"1";"7";"6";"0";"2";"0";"1";"0"
"15242";"78781501";"15242";"14";"1";"1";"7";"4";"0";"1";"1";"1";"0"
"15243";"78781505";"15243";"52";"1";"1";"7";"0";"0";"1";"0";"1";"0"
"15244";"78781505";"15244";"17";"1";"1";"7";"1";"0";"1";"1";"1";"0"
"15245";"78781505";"15245";"14";"1";"1";"2";"6";"0";"1";"9";"1";"0"
"15246";"78782101";"15246";"13";"2";"1";"7";"4";"0";"1";"1";"1";"0"
"15247";"78782203";"15247";"13";"1";"1";"7";"6";"0";"1";"2";"1";"0"
"15248";"78782205";"15248";"16";"3";"3";"2";"6";"0";"3";"0";"1";"0"
"15249";"78782205";"15249";"14";"1";"1";"7";"6";"0";"1";"1";"1";"0"
"15250";"78782205";"15250";"11";"1";"1";"7";"6";"0";"1";"1";"1";"0"
"15251";"78782205";"15251";"52";"3";"3";"2";"0";"1";"1";"0";"2";"0"
"15252";"78782205";"15252";"53";"3";"1";"7";"6";"0";"2";"0";"1";"0"
"15253";"78782205";"15253";"16";"3";"3";"1";"6";"0";"2";"1";"1";"0"
"15254";"78782205";"15254";"16";"3";"3";"2";"4";"0";"1";"1";"1";"0"
"15255";"78782205";"15255";"16";"1";"1";"7";"4";"0";"1";"1";"1";"0"
"15256";"78782205";"15256";"16";"1";"2";"2";"6";"1";"0";"2";"2";"0"
"15257";"78782205";"15257";"51";"1";"1";"7";"6";"1";"0";"1";"2";"0"
"15258";"78782205";"15258";"16";"1";"1";"7";"6";"0";"1";"2";"1";"0"
"15259";"78782205";"15259";"17";"1";"1";"7";"2";"1";"0";"1";"2";"0"
"15260";"78782205";"15260";"11";"1";"1";"1";"6";"1";"0";"1";"2";"0"
"15261";"78782205";"15261";"11";"1";"1";"7";"6";"1";"0";"1";"2";"0"
"15262";"78782205";"15262";"16";"3";"1";"7";"6";"0";"2";"0";"1";"0"
"15263";"78782205";"15263";"52";"3";"1";"1";"0";"0";"1";"0";"1";"0"
"15264";"78782205";"15264";"16";"1";"1";"1";"6";"0";"1";"2";"1";"0"
"15265";"78782205";"15265";"16";"2";"1";"7";"6";"0";"1";"1";"1";"0"
"15266";"78782205";"15266";"16";"3";"1";"7";"3";"1";"0";"1";"2";"0"
"15267";"78782205";"15267";"52";"1";"1";"7";"2";"1";"0";"1";"2";"0"
"15268";"78782205";"15268";"11";"3";"3";"1";"6";"0";"2";"1";"1";"0"
"15269";"78782205";"15269";"11";"2";"1";"7";"6";"0";"1";"1";"1";"0"
"15270";"78782205";"15270";"51";"2";"3";"2";"6";"0";"1";"2";"1";"0"
"15271";"78782205";"15271";"73";"1";"1";"7";"6";"0";"1";"1";"1";"0"
"15272";"78782401";"15272";"21";"1";"1";"7";"6";"0";"1";"1";"1";"0"
"15273";"78782404";"15273";"21";"3";"1";"7";"6";"0";"1";"1";"1";"0"
"15274";"78782406";"15274";"14";"3";"1";"7";"6";"0";"1";"1";"1";"0"
"15275";"78783308";"15275";"11";"1";"1";"7";"6";"0";"2";"0";"1";"0"
"15276";"78783308";"15276";"16";"1";"1";"7";"2";"0";"1";"1";"1";"0"
"15277";"78783308";"15277";"17";"1";"2";"2";"2";"0";"2";"1";"1";"0"
"15278";"78783308";"15278";"71";"1";"1";"7";"6";"1";"0";"1";"2";"0"
"15279";"78783308";"15279";"11";"3";"1";"7";"6";"0";"2";"2";"1";"0"
"15280";"78783308";"15280";"16";"1";"3";"2";"4";"0";"1";"1";"1";"0"
"15281";"78783308";"15281";"11";"2";"1";"7";"6";"1";"0";"1";"2";"0"
"15282";"78783308";"15282";"11";"1";"1";"7";"4";"0";"1";"1";"1";"0"
"15283";"78783309";"15283";"52";"1";"3";"1";"6";"1";"1";"0";"2";"0"
"15284";"78783309";"15284";"71";"1";"3";"1";"6";"0";"1";"1";"1";"0"
"15285";"78784105";"15285";"11";"1";"3";"2";"6";"1";"0";"1";"2";"0"
"15286";"78784105";"15286";"16";"1";"1";"7";"4";"0";"1";"1";"1";"0"
"15287";"78784105";"15287";"21";"3";"1";"7";"3";"1";"0";"1";"2";"0"
"15288";"78784105";"15288";"16";"2";"1";"7";"6";"0";"2";"0";"1";"0"
"15289";"78784105";"15289";"19";"2";"1";"1";"6";"0";"2";"0";"1";"0"
"15290";"78784105";"15290";"16";"2";"1";"7";"4";"0";"1";"1";"1";"0"
"15291";"78784105";"15291";"16";"1";"1";"7";"6";"1";"0";"1";"2";"0"
"15292";"78784105";"15292";"16";"1";"1";"7";"6";"0";"2";"0";"1";"0"
"15293";"78784105";"15293";"52";"1";"1";"7";"0";"0";"1";"0";"1";"0"
"15294";"78784105";"15294";"16";"3";"1";"7";"4";"0";"1";"1";"1";"0"
"15295";"78784301";"15295";"11";"1";"1";"7";"4";"0";"2";"0";"1";"0"
"15296";"78784301";"15296";"11";"1";"1";"7";"6";"0";"1";"1";"1";"0"
"15297";"78784301";"15297";"16";"2";"1";"1";"6";"1";"0";"1";"2";"0"
"15298";"78784303";"15298";"16";"3";"1";"7";"5";"1";"0";"1";"2";"0"
"15299";"78785104";"15299";"13";"1";"1";"7";"6";"0";"3";"0";"1";"0"
"15300";"78785203";"15300";"16";"3";"1";"7";"6";"0";"1";"1";"1";"0"
"15301";"78785203";"15301";"13";"1";"1";"7";"4";"1";"0";"1";"2";"0"
"15302";"78785203";"15302";"14";"1";"3";"1";"6";"0";"1";"1";"1";"0"
"15303";"78785203";"15303";"16";"1";"1";"7";"6";"0";"1";"1";"1";"0"
"15304";"78785204";"15304";"73";"3";"1";"1";"6";"0";"1";"1";"1";"0"
"15305";"78785204";"15305";"35";"1";"1";"1";"3";"0";"1";"1";"1";"0"
"15306";"78785204";"15306";"13";"1";"1";"1";"6";"0";"1";"1";"1";"0"
"15307";"78785305";"15307";"16";"1";"1";"7";"4";"1";"0";"1";"2";"0"
"15308";"78785307";"15308";"14";"1";"1";"7";"6";"1";"0";"1";"2";"0"
"15309";"78785414";"15309";"14";"1";"1";"7";"4";"0";"1";"1";"1";"0"
"15310";"78785414";"15310";"14";"1";"6";"2";"6";"0";"1";"1";"1";"0"
"15311";"78785416";"15311";"14";"1";"1";"7";"6";"0";"1";"1";"1";"0"
"15312";"78786201";"15312";"16";"2";"3";"2";"4";"0";"1";"1";"1";"0"
"15313";"78786201";"15313";"16";"1";"1";"7";"4";"0";"1";"1";"1";"0"
"15314";"78786205";"15314";"15";"1";"1";"7";"6";"0";"1";"1";"1";"0"
"15315";"78786205";"15315";"11";"3";"1";"7";"6";"0";"2";"0";"1";"0"
"15316";"78786205";"15316";"11";"1";"1";"7";"5";"0";"1";"1";"1";"0"
"15317";"78786404";"15317";"27";"1";"1";"7";"0";"0";"1";"0";"1";"0"
"15318";"78787104";"15318";"14";"1";"1";"7";"6";"0";"1";"2";"1";"0"
"15319";"78787105";"15319";"11";"1";"3";"2";"6";"0";"3";"0";"1";"0"
"15320";"78787105";"15320";"16";"2";"1";"7";"4";"1";"0";"1";"2";"0"
"15321";"78787105";"15321";"86";"1";"1";"7";"3";"1";"0";"1";"2";"0"
"15322";"78787105";"15322";"20";"1";"1";"7";"2";"0";"1";"1";"1";"0"
"15323";"78787105";"15323";"11";"3";"3";"1";"6";"0";"1";"1";"1";"0"
"15324";"78787105";"15324";"21";"1";"1";"7";"6";"0";"3";"1";"1";"0"
"15325";"78787206";"15325";"14";"1";"1";"7";"4";"0";"1";"1";"1";"0"
"15326";"78787206";"15326";"14";"1";"3";"1";"4";"0";"1";"1";"1";"0"
"15327";"78787303";"15327";"14";"1";"1";"7";"6";"0";"1";"2";"1";"0"
"15328";"78787404";"15328";"14";"3";"1";"7";"6";"0";"1";"2";"1";"0"
"15329";"78787410";"15329";"18";"1";"1";"1";"6";"0";"1";"1";"1";"0"
"15330";"78787410";"15330";"52";"1";"1";"7";"0";"0";"1";"0";"1";"0"
"15331";"78787503";"15331";"16";"1";"1";"7";"4";"0";"1";"1";"1";"0"
"15332";"78787503";"15332";"13";"1";"1";"5";"4";"0";"1";"1";"1";"0"
"15333";"78787505";"15333";"72";"1";"1";"7";"6";"0";"1";"1";"1";"0"
"15334";"78787509";"15334";"31";"3";"1";"7";"6";"1";"1";"1";"2";"0"
"15335";"78794503";"15335";"52";"5";"2";"1";"0";"0";"1";"0";"1";"0"
"15336";"78795207";"15336";"16";"3";"3";"2";"4";"0";"2";"2";"1";"0"
"15337";"78795403";"15337";"51";"1";"1";"7";"6";"0";"3";"2";"1";"0"
"15338";"78795403";"15338";"13";"4";"1";"1";"6";"3";"0";"1";"2";"0"
"15339";"78795403";"15339";"13";"1";"1";"7";"8";"4";"0";"1";"2";"0"
"15340";"78795403";"15340";"13";"1";"1";"7";"6";"0";"1";"1";"1";"0"
"15341";"78795403";"15341";"13";"3";"1";"1";"6";"0";"1";"1";"1";"0"
"15342";"78795403";"15342";"13";"3";"7";"1";"6";"0";"1";"1";"1";"0"
"15343";"78795403";"15343";"13";"3";"1";"7";"6";"1";"0";"1";"2";"0"
"15344";"78795403";"15344";"13";"1";"1";"7";"3";"1";"0";"1";"2";"0"
"15345";"78795403";"15345";"13";"1";"1";"7";"6";"0";"1";"2";"1";"0"
"15346";"78795403";"15346";"13";"3";"3";"1";"6";"1";"1";"1";"2";"0"
"15347";"78795403";"15347";"16";"1";"1";"7";"6";"0";"1";"1";"1";"0"
"15348";"78796107";"15348";"11";"3";"1";"7";"6";"0";"2";"1";"1";"0"
"15349";"78797103";"15349";"17";"1";"1";"7";"2";"0";"1";"1";"1";"0"
"15350";"78797108";"15350";"64";"1";"1";"7";"8";"1";"0";"1";"2";"0"
"15351";"78797110";"15351";"14";"1";"1";"1";"6";"0";"1";"1";"1";"0"
"15352";"78797120";"8516";"17";"3";"1";"1";"1";"0";"2";"1";"1";"0"
"15353";"78797210";"15353";"13";"1";"3";"2";"6";"0";"1";"1";"1";"0"
"15354";"78797210";"15354";"86";"1";"1";"7";"3";"1";"0";"1";"2";"0"
"15355";"78797210";"15355";"16";"1";"3";"2";"5";"0";"1";"2";"1";"0"
"15356";"78797210";"15356";"21";"1";"1";"7";"6";"0";"2";"2";"1";"0"
"15357";"78797213";"15357";"52";"3";"1";"7";"0";"0";"0";"0";"3";"0"
"15358";"78797213";"15358";"81";"1";"1";"7";"2";"1";"0";"1";"2";"0"
"15359";"78797305";"15359";"14";"1";"3";"1";"6";"0";"2";"0";"1";"0"
"15360";"78797305";"15360";"81";"3";"1";"7";"6";"0";"1";"1";"3";"0"
"15361";"78797305";"15361";"16";"1";"1";"7";"6";"0";"1";"1";"1";"0"
"15362";"78801402";"15362";"13";"1";"3";"1";"6";"1";"0";"1";"2";"0"
"15363";"78802201";"15363";"13";"3";"3";"1";"4";"0";"1";"1";"1";"0"
"15364";"78804101";"15364";"21";"3";"1";"7";"6";"1";"0";"1";"2";"0"
"15365";"78804101";"15365";"51";"3";"1";"7";"4";"0";"1";"1";"1";"0"
"15366";"78825403";"15366";"52";"1";"3";"2";"6";"0";"4";"0";"1";"0"
"15367";"78825403";"15367";"16";"1";"1";"7";"4";"0";"1";"1";"1";"0"
"15368";"78827103";"15368";"21";"1";"1";"7";"7";"0";"1";"1";"1";"0"
"15369";"78827218";"15369";"13";"1";"1";"7";"3";"0";"2";"1";"1";"0"
"15370";"78832104";"15370";"14";"1";"1";"7";"6";"0";"1";"1";"1";"0"
"15371";"78832104";"15371";"14";"3";"3";"2";"6";"0";"1";"1";"1";"0"
"15372";"78832104";"15372";"14";"1";"1";"7";"6";"0";"1";"1";"1";"0"
"15373";"78832104";"15373";"16";"1";"1";"7";"3";"0";"1";"1";"1";"0"
"15374";"78832104";"15374";"21";"1";"1";"7";"6";"0";"2";"2";"1";"0"
"15375";"78832401";"15375";"51";"1";"1";"7";"3";"0";"1";"1";"1";"0"
"15376";"78844502";"15376";"51";"3";"1";"7";"4";"0";"1";"1";"1";"0"
"15377";"78846102";"15377";"52";"2";"1";"7";"0";"0";"1";"0";"1";"0"
"15378";"78851503";"15378";"13";"1";"1";"7";"6";"1";"0";"1";"2";"0"
"15379";"78851503";"15379";"13";"1";"1";"7";"6";"0";"2";"1";"1";"0"
"15380";"78851503";"15380";"13";"1";"1";"7";"6";"1";"1";"2";"2";"0"
"15381";"78851503";"15381";"13";"1";"1";"7";"4";"1";"0";"2";"2";"0"
"15382";"78851503";"15382";"13";"1";"1";"7";"5";"1";"0";"1";"2";"0"
"15383";"78851503";"15383";"13";"2";"1";"7";"6";"0";"2";"0";"1";"0"
"15384";"78851503";"15384";"13";"1";"1";"7";"4";"1";"0";"1";"2";"0"
"15385";"78851503";"15385";"52";"1";"1";"7";"0";"1";"0";"0";"2";"0"
"15386";"78853103";"15386";"52";"3";"1";"7";"0";"0";"2";"0";"1";"0"
"15387";"78871109";"15387";"51";"1";"1";"7";"4";"0";"1";"1";"1";"0"
"15388";"78871109";"15388";"31";"1";"1";"2";"6";"0";"2";"0";"1";"0"
"15389";"78871109";"6257";"13";"1";"1";"7";"6";"0";"0";"1";"3";"0"
"15390";"78871109";"15390";"13";"1";"1";"7";"5";"0";"1";"1";"1";"0"
"15391";"78886404";"15391";"14";"1";"1";"7";"6";"0";"2";"0";"1";"0"
"15392";"78886404";"15392";"14";"1";"1";"1";"6";"0";"1";"1";"1";"0"
"15393";"78893403";"15393";"14";"1";"1";"7";"9";"0";"2";"2";"1";"0"
"15394";"78901111";"15394";"14";"1";"1";"7";"6";"0";"1";"1";"1";"0"
"15395";"78901503";"15395";"13";"1";"1";"7";"6";"0";"1";"1";"1";"0"
"15396";"78901503";"15396";"13";"3";"1";"7";"3";"0";"1";"1";"1";"0"
"15397";"78901503";"15397";"13";"3";"3";"2";"4";"0";"1";"1";"1";"0"
"15398";"78902505";"15398";"24";"1";"1";"7";"1";"0";"1";"1";"1";"0"
"15399";"78912102";"15399";"51";"1";"1";"7";"6";"0";"2";"0";"1";"0"
"15400";"78912102";"15400";"13";"1";"3";"1";"6";"0";"1";"1";"1";"0"
"15401";"78917201";"15401";"16";"3";"1";"7";"6";"0";"2";"2";"1";"0"
"15402";"78917301";"15402";"16";"2";"1";"7";"4";"1";"0";"1";"2";"0"
"15403";"79664303";"15403";"14";"1";"1";"7";"4";"0";"1";"1";"1";"0"
"15404";"79664404";"15404";"19";"1";"1";"7";"7";"0";"2";"0";"1";"0"
"15405";"79664404";"15405";"19";"1";"1";"7";"5";"1";"0";"1";"2";"0"
"15406";"79664404";"15406";"19";"3";"1";"7";"6";"0";"2";"0";"1";"0"
"15407";"79664404";"15407";"13";"5";"1";"7";"6";"0";"1";"2";"1";"0"
"15408";"79664404";"15408";"13";"4";"2";"1";"5";"0";"1";"1";"1";"0"
"15409";"79664404";"15409";"13";"1";"1";"1";"7";"0";"2";"1";"1";"0"
"15410";"79664404";"15410";"13";"1";"1";"7";"6";"0";"4";"1";"1";"0"
"15411";"79664404";"15411";"13";"3";"3";"1";"6";"0";"4";"1";"1";"0"
"15412";"79664404";"15412";"13";"1";"1";"7";"6";"1";"3";"0";"2";"0"
"15413";"79664404";"15413";"16";"1";"1";"7";"5";"1";"0";"1";"2";"0"
"15414";"79664404";"15414";"13";"1";"1";"7";"6";"0";"1";"1";"1";"0"
"15415";"79665401";"15415";"51";"2";"2";"2";"6";"0";"1";"2";"1";"0"
"15416";"79665502";"15416";"51";"5";"1";"7";"0";"0";"2";"0";"1";"0"
"15417";"79665502";"15417";"81";"3";"6";"6";"0";"0";"0";"0";"3";"0"
"15418";"79665503";"15418";"52";"1";"1";"7";"0";"0";"1";"0";"1";"0"
"15419";"79667303";"15419";"52";"3";"1";"7";"0";"1";"0";"0";"2";"0"
"15420";"79667303";"15420";"23";"1";"3";"2";"7";"1";"0";"1";"2";"0"
"15421";"79671216";"15421";"19";"1";"1";"7";"3";"1";"0";"1";"2";"0"
"15422";"79671219";"15422";"51";"1";"1";"7";"6";"1";"1";"3";"2";"0"
"15423";"79672107";"15423";"19";"3";"3";"2";"6";"0";"1";"2";"1";"0"
"15424";"79672107";"15424";"17";"3";"2";"2";"2";"1";"0";"1";"2";"0"
"15425";"79672107";"15425";"11";"1";"1";"7";"7";"1";"0";"1";"2";"0"
"15426";"79672107";"15426";"51";"1";"1";"7";"6";"1";"1";"0";"2";"0"
"15427";"79672107";"15427";"41";"1";"1";"7";"6";"0";"1";"1";"1";"0"
"15428";"79672107";"15428";"41";"1";"1";"7";"6";"1";"0";"2";"2";"0"
"15429";"79672107";"15429";"71";"1";"1";"7";"6";"0";"1";"1";"1";"0"
"15430";"79672109";"15430";"19";"1";"3";"2";"6";"0";"2";"0";"1";"0"
"15431";"79672109";"15431";"16";"1";"1";"7";"4";"1";"0";"1";"2";"0"
"15432";"79682406";"15432";"16";"1";"2";"2";"4";"0";"1";"1";"1";"0"
"15433";"79682406";"15433";"11";"3";"1";"7";"6";"1";"0";"0";"2";"0"
"15434";"79682406";"15434";"16";"1";"3";"2";"6";"0";"1";"1";"1";"0"
"15435";"79682406";"15435";"16";"1";"1";"7";"5";"1";"0";"1";"2";"0"
"15436";"79682406";"15436";"16";"1";"1";"7";"6";"1";"0";"1";"2";"0"
"15437";"79682406";"15437";"81";"3";"1";"7";"6";"0";"5";"0";"1";"0"
"15438";"79684102";"15438";"16";"1";"1";"7";"6";"1";"0";"2";"2";"0"
"15439";"79695502";"15439";"51";"1";"1";"7";"6";"0";"1";"1";"1";"0"
"15440";"79695502";"15440";"31";"1";"1";"7";"6";"0";"1";"0";"3";"0"
"15441";"79695502";"15441";"14";"1";"1";"7";"6";"0";"1";"1";"1";"0"
"15442";"79695502";"15442";"14";"1";"1";"7";"6";"0";"1";"1";"1";"0"
"15443";"79695502";"15443";"14";"1";"1";"7";"7";"0";"1";"1";"1";"0"
"15444";"79696403";"15444";"51";"1";"1";"7";"6";"0";"1";"1";"1";"0"
"15445";"79696407";"15445";"52";"1";"1";"7";"6";"1";"1";"1";"2";"0"
"15446";"79697202";"15446";"64";"3";"3";"1";"6";"0";"1";"1";"1";"0"
"15447";"79697202";"15447";"52";"3";"3";"1";"0";"0";"1";"0";"1";"0"
"15448";"79697306";"15448";"16";"3";"1";"7";"4";"0";"2";"1";"1";"0"
"15449";"79697307";"15449";"14";"1";"1";"7";"6";"1";"1";"2";"2";"0"
"15450";"79697307";"15450";"14";"1";"2";"2";"3";"0";"1";"1";"1";"0"
"15451";"79697308";"15451";"14";"2";"1";"7";"4";"1";"0";"1";"2";"0"
"15452";"79701404";"15452";"31";"1";"1";"7";"3";"0";"1";"1";"1";"0"
"15453";"79702505";"15453";"14";"1";"1";"7";"6";"0";"1";"1";"1";"0"
"15454";"79703302";"15454";"14";"1";"1";"7";"6";"0";"1";"1";"1";"0"
"15455";"79703502";"15455";"76";"1";"1";"7";"6";"1";"0";"1";"2";"0"
"15456";"79703502";"15456";"14";"3";"1";"7";"6";"0";"1";"1";"1";"0"
"15457";"79703510";"15457";"16";"3";"1";"7";"4";"1";"1";"1";"2";"0"
"15458";"79703511";"15458";"13";"1";"1";"7";"6";"1";"0";"1";"2";"0"
"15459";"79705102";"15459";"81";"2";"1";"7";"6";"1";"0";"1";"2";"0"
"15460";"79705202";"15460";"11";"3";"1";"7";"6";"1";"0";"1";"2";"0"
"15461";"79705305";"15461";"51";"1";"1";"7";"6";"0";"1";"1";"1";"0"
"15462";"79705305";"15462";"18";"3";"1";"7";"6";"0";"1";"1";"1";"0"
"15463";"79706205";"15463";"52";"3";"2";"1";"0";"0";"2";"0";"1";"0"
"15464";"79706401";"15464";"16";"1";"1";"7";"6";"2";"5";"0";"2";"0"
"15465";"79706402";"15465";"51";"1";"1";"7";"6";"0";"3";"0";"1";"0"
"15466";"79706403";"15466";"31";"3";"1";"1";"6";"1";"1";"0";"2";"0"
"15467";"79706403";"15467";"81";"1";"1";"7";"6";"0";"1";"0";"1";"0"
"15468";"79706403";"15468";"81";"3";"1";"7";"6";"0";"1";"0";"1";"0"
"15469";"79711221";"15469";"51";"3";"1";"7";"7";"1";"0";"1";"2";"0"
"15470";"79711309";"15470";"52";"3";"1";"7";"6";"0";"1";"0";"1";"0"
"15471";"79712108";"15471";"14";"1";"1";"7";"6";"1";"0";"1";"2";"0"
"15472";"79712202";"15472";"52";"1";"6";"6";"2";"0";"2";"0";"1";"0"
"15473";"79712206";"15473";"16";"1";"3";"1";"4";"1";"0";"1";"2";"0"
"15474";"79712304";"15474";"13";"1";"1";"7";"5";"0";"1";"1";"1";"0"
"15475";"79713102";"15475";"31";"1";"1";"7";"6";"0";"1";"1";"1";"0"
"15476";"79713205";"15476";"11";"3";"3";"2";"6";"0";"1";"1";"1";"0"
"15477";"79713209";"15477";"85";"2";"3";"2";"6";"1";"0";"1";"2";"0"
"15478";"79713209";"15478";"81";"3";"1";"7";"6";"0";"3";"0";"1";"0"
"15479";"79713305";"15479";"17";"1";"1";"7";"1";"1";"0";"1";"2";"0"
"15480";"79713305";"15480";"72";"1";"1";"7";"6";"1";"0";"1";"2";"0"
"15481";"79713305";"15481";"17";"2";"3";"2";"2";"0";"1";"1";"1";"0"
"15482";"79714306";"15482";"72";"1";"1";"7";"6";"1";"0";"0";"2";"0"
"15483";"79715201";"15483";"13";"3";"1";"7";"6";"1";"1";"0";"2";"0"
"15484";"79715411";"15484";"11";"1";"1";"7";"6";"1";"0";"1";"2";"0"
"15485";"79715411";"15485";"11";"1";"1";"7";"4";"1";"0";"1";"2";"0"
"15486";"79715411";"15486";"11";"1";"1";"7";"6";"2";"1";"0";"2";"0"
"15487";"79715411";"15487";"11";"1";"1";"7";"7";"0";"1";"1";"1";"0"
"15488";"79715411";"15488";"11";"1";"4";"2";"6";"0";"1";"1";"1";"0"
"15489";"79715411";"15489";"11";"2";"3";"2";"6";"0";"4";"0";"1";"0"
"15490";"79715411";"15490";"11";"1";"1";"2";"6";"0";"2";"0";"1";"0"
"15491";"79715411";"15491";"51";"1";"1";"7";"6";"0";"2";"0";"1";"0"
"15492";"79715411";"15492";"11";"1";"1";"7";"6";"1";"1";"1";"2";"0"
"15493";"79715411";"15493";"11";"1";"1";"7";"6";"0";"1";"1";"1";"0"
"15494";"79715411";"15494";"11";"1";"1";"7";"4";"0";"1";"1";"1";"0"
"15495";"79715411";"15495";"11";"1";"3";"1";"6";"0";"2";"1";"1";"0"
"15496";"79715411";"15496";"11";"1";"1";"1";"8";"0";"1";"2";"1";"0"
"15497";"79715411";"15497";"51";"2";"1";"7";"6";"0";"1";"1";"1";"0"
"15498";"79715411";"15498";"71";"3";"1";"7";"6";"1";"0";"1";"2";"0"
"15499";"79715411";"15499";"11";"1";"1";"7";"6";"0";"1";"2";"1";"0"
"15500";"79715411";"15500";"11";"1";"1";"7";"6";"0";"2";"1";"1";"0"
"15501";"79715503";"15501";"51";"1";"1";"7";"6";"0";"2";"0";"1";"0"
"15502";"79716203";"15502";"11";"1";"1";"7";"6";"1";"0";"1";"2";"0"
"15503";"79716203";"15503";"11";"1";"2";"2";"6";"0";"1";"2";"1";"0"
"15504";"79716203";"15504";"51";"2";"1";"7";"6";"0";"1";"2";"1";"0"
"15505";"79716203";"15505";"17";"1";"1";"7";"2";"0";"1";"1";"1";"0"
"15506";"79716303";"15506";"11";"1";"1";"7";"6";"1";"0";"1";"2";"0"
"15507";"79716303";"15507";"11";"1";"1";"7";"6";"2";"1";"0";"2";"0"
"15508";"79716303";"15508";"17";"3";"3";"2";"2";"1";"0";"1";"2";"0"
"15509";"79716303";"15509";"17";"2";"1";"7";"2";"0";"1";"1";"1";"0"
"15510";"79716303";"15510";"51";"1";"1";"7";"6";"1";"0";"1";"2";"0"
"15511";"79716303";"15511";"51";"1";"1";"7";"6";"1";"0";"1";"2";"0"
"15512";"79716303";"15512";"81";"1";"1";"7";"2";"0";"1";"1";"1";"0"
"15513";"79716303";"15513";"16";"3";"1";"7";"4";"0";"2";"1";"1";"0"
"15514";"79716303";"15514";"81";"3";"1";"1";"6";"1";"1";"0";"2";"0"
"15515";"79721103";"15515";"11";"1";"1";"7";"6";"0";"1";"1";"1";"0"
"15516";"79721103";"15516";"71";"1";"1";"7";"6";"1";"0";"1";"2";"0"
"15517";"79721103";"15517";"18";"1";"1";"7";"5";"0";"1";"1";"1";"0"
"15518";"79721103";"15518";"51";"1";"1";"7";"6";"0";"2";"1";"1";"0"
"15519";"79721406";"15519";"72";"1";"1";"7";"6";"0";"1";"1";"1";"0"
"15520";"79721407";"15520";"16";"3";"1";"7";"6";"0";"1";"1";"1";"0"
"15521";"79721407";"15521";"11";"1";"3";"2";"6";"0";"1";"1";"1";"0"
"15522";"79721407";"15522";"51";"1";"1";"7";"6";"1";"0";"2";"2";"0"
"15523";"79721407";"15523";"11";"3";"1";"7";"6";"0";"1";"1";"1";"0"
"15524";"79721407";"15524";"16";"1";"1";"7";"6";"0";"1";"1";"1";"0"
"15525";"79721407";"15525";"11";"1";"1";"7";"6";"0";"2";"0";"1";"0"
"15526";"79721407";"15526";"11";"3";"1";"7";"6";"0";"1";"1";"1";"0"
"15527";"79721407";"15527";"12";"1";"1";"7";"6";"0";"1";"5";"1";"0"
"15528";"79721407";"15528";"81";"1";"1";"7";"6";"1";"1";"0";"2";"0"
"15529";"79721407";"15529";"51";"1";"1";"7";"6";"0";"1";"1";"1";"0"
"15530";"79721407";"15530";"81";"3";"1";"7";"6";"0";"4";"0";"1";"0"
"15531";"79721407";"13660";"16";"3";"1";"7";"6";"0";"2";"1";"1";"0"
"15532";"79721407";"15532";"16";"1";"1";"7";"4";"0";"1";"2";"1";"0"
"15533";"79721407";"15533";"64";"1";"1";"7";"4";"0";"1";"1";"1";"0"
"15534";"79721407";"15534";"81";"3";"1";"7";"4";"0";"2";"1";"1";"0"
"15535";"79721407";"15535";"16";"3";"1";"7";"6";"0";"4";"0";"1";"0"
"15536";"79721407";"15536";"16";"1";"1";"7";"6";"0";"3";"0";"1";"0"
"15537";"79721407";"15537";"16";"3";"1";"7";"6";"0";"2";"0";"1";"0"
"15538";"79721407";"15538";"16";"1";"1";"7";"6";"0";"2";"0";"1";"0"
"15539";"79721407";"15539";"16";"3";"3";"1";"6";"1";"4";"1";"2";"0"
"15540";"79721407";"15540";"11";"1";"1";"7";"6";"0";"4";"0";"1";"0"
"15541";"79721407";"15541";"16";"1";"3";"2";"7";"0";"1";"1";"1";"0"
"15542";"79721407";"15542";"16";"3";"1";"7";"6";"0";"1";"1";"1";"0"
"15543";"79721407";"15543";"14";"1";"1";"2";"6";"0";"1";"1";"1";"0"
"15544";"79721407";"15544";"11";"3";"1";"7";"6";"0";"1";"2";"1";"0"
"15545";"79725112";"15545";"81";"1";"2";"2";"6";"1";"0";"2";"2";"0"
"15546";"79725113";"15546";"13";"3";"1";"7";"5";"0";"1";"1";"1";"0"
"15547";"79725113";"15547";"17";"3";"4";"3";"2";"1";"0";"1";"2";"0"