"accident_id";"lieu_id";"date_id";"cause_id";"lum_id";"intemp_id";"etat_surface_id";"impliq_id";"nb_blesses_graves";"nb_blesses_legers";"nb_indemnes";"gravite";"nb_morts"
"15548";"79725113";"15548";"17";"1";"1";"7";"2";"1";"0";"1";"2";"0"
"15549";"79725113";"15549";"21";"1";"1";"7";"6";"0";"1";"1";"1";"0"
"15550";"79725405";"15550";"18";"1";"1";"1";"6";"1";"0";"1";"2";"0"
"15551";"79725503";"15551";"14";"1";"1";"7";"6";"0";"5";"1";"1";"0"
"15552";"79725503";"15552";"26";"1";"3";"2";"1";"0";"1";"1";"1";"0"
"15553";"79725503";"15553";"14";"2";"1";"7";"6";"0";"2";"0";"1";"0"
"15554";"79725503";"15554";"17";"1";"1";"7";"2";"1";"0";"1";"2";"0"
"15555";"79725503";"15555";"21";"1";"1";"7";"6";"0";"1";"1";"1";"0"
"15556";"79725503";"15556";"21";"5";"1";"7";"6";"0";"1";"2";"1";"0"
"15557";"79725503";"15557";"14";"3";"3";"1";"6";"0";"2";"0";"1";"0"
"15558";"79725503";"15558";"14";"3";"1";"2";"3";"0";"1";"1";"1";"0"
"15559";"79725503";"15559";"14";"1";"1";"7";"6";"1";"1";"1";"2";"0"
"15560";"79726203";"15560";"16";"1";"1";"7";"4";"1";"0";"1";"2";"0"
"15561";"79726203";"15561";"11";"1";"1";"7";"6";"2";"5";"0";"2";"0"
"15562";"79726203";"15562";"11";"1";"1";"7";"2";"2";"1";"1";"2";"0"
"15563";"79726203";"15563";"11";"3";"3";"2";"6";"1";"1";"0";"2";"0"
"15564";"79726203";"15564";"17";"1";"1";"7";"2";"1";"0";"1";"2";"0"
"15565";"79726203";"15565";"16";"1";"3";"2";"6";"0";"1";"1";"1";"0"
"15566";"79726203";"15566";"16";"3";"1";"1";"3";"0";"1";"1";"1";"0"
"15567";"79726302";"15567";"11";"1";"1";"7";"6";"0";"1";"1";"1";"0"
"15568";"79726302";"15568";"14";"1";"1";"7";"6";"0";"1";"0";"1";"0"
"15569";"79726304";"15569";"11";"1";"1";"2";"8";"1";"0";"1";"2";"0"
"15570";"79726304";"5937";"11";"1";"4";"4";"6";"1";"1";"0";"2";"0"
"15571";"79726304";"15571";"23";"1";"1";"7";"6";"1";"0";"1";"2";"0"
"15572";"79726304";"15572";"61";"1";"1";"7";"6";"1";"0";"2";"2";"0"
"15573";"79726304";"15573";"16";"1";"1";"7";"6";"2";"2";"1";"2";"0"
"15574";"79726304";"15574";"17";"1";"1";"7";"2";"0";"1";"2";"1";"0"
"15575";"79726304";"15575";"11";"3";"1";"7";"6";"2";"2";"0";"2";"0"
"15576";"79726304";"15576";"11";"1";"1";"7";"6";"1";"0";"1";"2";"0"
"15577";"79726304";"15577";"11";"1";"1";"7";"6";"0";"1";"1";"1";"0"
"15578";"79726304";"15578";"11";"3";"3";"2";"6";"1";"0";"1";"2";"0"
"15579";"79726304";"15579";"16";"1";"1";"7";"4";"0";"1";"1";"1";"0"
"15580";"79726304";"15580";"16";"3";"1";"7";"6";"1";"1";"1";"2";"0"
"15581";"79726304";"15581";"16";"3";"1";"7";"6";"0";"1";"2";"1";"0"
"15582";"79726304";"15582";"64";"1";"1";"7";"6";"0";"1";"1";"1";"0"
"15583";"79726304";"15583";"51";"3";"1";"7";"6";"0";"1";"2";"1";"0"
"15584";"79726304";"15584";"16";"1";"1";"7";"4";"0";"1";"1";"1";"0"
"15585";"79726304";"15585";"81";"3";"1";"7";"6";"1";"0";"2";"2";"0"
"15586";"79726304";"15586";"11";"2";"1";"7";"6";"0";"1";"2";"1";"0"
"15587";"79726304";"15587";"16";"1";"1";"7";"3";"0";"1";"1";"1";"0"
"15588";"79726304";"15588";"11";"1";"1";"7";"6";"0";"2";"1";"1";"0"
"15589";"79726304";"15589";"11";"2";"1";"7";"8";"0";"0";"1";"3";"0"
"15590";"79726304";"15590";"11";"1";"1";"7";"6";"0";"1";"1";"1";"0"
"15591";"79726403";"15591";"14";"1";"1";"7";"6";"0";"0";"1";"0";"0"
"15592";"79726403";"15592";"14";"1";"1";"7";"3";"0";"1";"1";"1";"0"
"15593";"79726407";"15593";"18";"1";"1";"7";"6";"0";"1";"2";"1";"0"
"15594";"79726407";"15594";"81";"1";"1";"7";"6";"0";"2";"0";"1";"0"
"15595";"79726502";"15595";"14";"3";"3";"2";"6";"0";"1";"1";"1";"0"
"15596";"79726502";"15596";"72";"1";"1";"7";"6";"0";"1";"1";"1";"0"
"15597";"79726503";"15597";"72";"1";"1";"7";"6";"0";"1";"1";"1";"0"
"15598";"79727403";"15598";"19";"2";"1";"2";"6";"0";"1";"1";"1";"0"
"15599";"79727403";"15599";"71";"1";"1";"2";"6";"0";"1";"1";"3";"0"
"15600";"79727403";"15600";"52";"3";"1";"7";"0";"1";"0";"1";"2";"0"
"15601";"79727403";"15601";"17";"1";"1";"7";"1";"0";"1";"1";"1";"0"
"15602";"79727403";"15602";"17";"3";"2";"1";"2";"0";"1";"1";"1";"0"
"15603";"79727403";"15603";"81";"1";"2";"1";"6";"0";"2";"0";"1";"0"
"15604";"79727502";"15604";"16";"3";"1";"7";"5";"0";"1";"1";"1";"0"
"15605";"79727502";"15605";"11";"1";"1";"7";"6";"0";"1";"1";"1";"0"
"15606";"79727502";"15606";"11";"4";"1";"7";"6";"0";"1";"1";"1";"0"
"15607";"79727502";"15607";"71";"1";"1";"7";"6";"0";"1";"1";"1";"0"
"15608";"79727502";"15608";"11";"1";"1";"7";"6";"0";"3";"0";"1";"0"
"15609";"79727502";"15609";"71";"3";"1";"7";"6";"0";"1";"1";"1";"0"
"15610";"79727509";"15610";"21";"1";"1";"7";"6";"0";"1";"1";"1";"0"
"15611";"79727509";"15611";"72";"1";"1";"7";"6";"0";"1";"1";"1";"0"
"15612";"79727509";"15612";"16";"1";"1";"7";"4";"0";"1";"1";"1";"0"
"15613";"79731301";"15613";"41";"1";"2";"2";"6";"0";"4";"1";"1";"0"
"15614";"79731301";"15614";"14";"1";"1";"7";"6";"0";"1";"2";"1";"0"
"15615";"79731301";"15615";"14";"3";"1";"7";"6";"0";"5";"0";"1";"0"
"15616";"79731301";"15616";"14";"1";"1";"7";"6";"0";"1";"1";"1";"0"
"15617";"79731301";"15617";"14";"1";"1";"7";"5";"0";"1";"1";"1";"0"
"15618";"79731301";"15618";"14";"1";"1";"7";"6";"0";"1";"1";"1";"0"
"15619";"79731305";"15619";"81";"3";"3";"1";"6";"0";"1";"1";"1";"0"
"15620";"79731403";"15620";"71";"1";"1";"7";"6";"0";"1";"1";"1";"0"
"15621";"79731406";"15621";"52";"1";"1";"7";"0";"0";"1";"0";"1";"0"
"15622";"79731409";"15622";"51";"1";"1";"7";"6";"0";"1";"2";"1";"0"
"15623";"79731409";"15623";"18";"2";"1";"7";"5";"0";"1";"3";"1";"0"
"15624";"79731412";"15624";"81";"3";"1";"7";"6";"0";"2";"0";"1";"0"
"15625";"79732301";"15625";"72";"1";"1";"7";"6";"0";"1";"1";"1";"0"
"15626";"79732301";"15626";"71";"1";"1";"7";"6";"0";"1";"1";"1";"0"
"15627";"79732301";"15627";"16";"2";"1";"7";"5";"0";"1";"1";"1";"0"
"15628";"79732302";"15628";"52";"1";"1";"7";"0";"0";"1";"0";"1";"0"
"15629";"79732302";"15629";"71";"1";"1";"7";"6";"0";"1";"1";"1";"0"
"15630";"79732303";"15630";"17";"1";"1";"7";"2";"0";"1";"2";"1";"0"
"15631";"79732303";"15631";"17";"3";"3";"2";"2";"1";"0";"1";"2";"0"
"15632";"79732303";"15632";"17";"1";"1";"7";"2";"0";"1";"1";"1";"0"
"15633";"79732303";"15633";"17";"2";"3";"1";"2";"0";"1";"1";"1";"0"
"15634";"79732303";"15634";"17";"1";"1";"7";"2";"0";"1";"1";"1";"0"
"15635";"79732307";"15635";"16";"3";"1";"7";"6";"0";"1";"2";"1";"0"
"15636";"79732507";"15636";"14";"1";"1";"7";"7";"0";"1";"2";"1";"0"
"15637";"79732507";"15637";"21";"1";"1";"7";"4";"0";"1";"1";"1";"0"
"15638";"79732507";"15638";"14";"1";"1";"7";"6";"0";"1";"1";"1";"0"
"15639";"79733201";"15639";"16";"1";"1";"7";"4";"0";"1";"1";"1";"0"
"15640";"79733202";"15640";"11";"3";"1";"7";"6";"0";"1";"1";"1";"0"
"15641";"79733202";"15641";"81";"1";"2";"2";"6";"0";"2";"1";"1";"0"
"15642";"79733202";"15642";"51";"1";"1";"7";"6";"0";"2";"1";"1";"0"
"15643";"79733202";"15643";"11";"1";"1";"7";"6";"0";"1";"1";"1";"0"
"15644";"79733202";"15644";"16";"1";"1";"7";"6";"0";"2";"2";"1";"0"
"15645";"79733202";"15645";"81";"3";"3";"2";"6";"0";"1";"1";"1";"0"
"15646";"79733202";"15646";"11";"3";"2";"2";"6";"1";"0";"1";"2";"0"
"15647";"79733202";"15647";"16";"1";"2";"2";"6";"0";"1";"1";"1";"0"
"15648";"79733202";"15648";"11";"3";"1";"7";"6";"0";"1";"1";"1";"0"
"15649";"79733202";"15649";"11";"1";"1";"7";"6";"0";"1";"1";"1";"0"
"15650";"79733202";"15650";"81";"3";"1";"7";"6";"0";"0";"3";"3";"1"
"15651";"79733202";"15651";"11";"1";"1";"7";"6";"0";"0";"1";"3";"0"
"15652";"79733202";"15652";"16";"5";"1";"7";"6";"0";"1";"2";"1";"0"
"15653";"79733202";"15653";"11";"3";"1";"7";"6";"0";"1";"1";"1";"0"
"15654";"79733202";"15654";"51";"1";"3";"1";"7";"0";"2";"2";"1";"0"
"15655";"79733202";"15655";"11";"3";"1";"7";"6";"0";"1";"0";"1";"0"
"15656";"79733202";"15656";"11";"1";"1";"7";"6";"0";"1";"1";"1";"0"
"15657";"79733202";"15657";"52";"1";"1";"6";"0";"0";"1";"0";"1";"0"
"15658";"79733202";"15658";"11";"1";"1";"7";"6";"0";"1";"1";"1";"0"
"15659";"79733202";"15659";"16";"3";"1";"7";"6";"0";"1";"0";"1";"0"
"15660";"79733202";"15660";"11";"1";"1";"7";"6";"0";"1";"1";"1";"0"
"15661";"79733202";"15661";"16";"1";"3";"2";"6";"0";"1";"1";"1";"0"
"15662";"79733202";"15662";"16";"1";"1";"7";"6";"0";"2";"1";"1";"0"
"15663";"79733203";"15663";"18";"3";"1";"7";"6";"0";"2";"1";"1";"0"
"15664";"79733203";"15664";"13";"5";"1";"7";"6";"0";"3";"1";"1";"0"
"15665";"79733203";"15665";"13";"1";"3";"2";"6";"0";"1";"2";"1";"0"
"15666";"79733302";"15666";"13";"3";"1";"7";"4";"0";"1";"1";"1";"0"
"15667";"79733302";"15667";"17";"1";"1";"7";"1";"0";"1";"1";"1";"0"
"15668";"79733303";"15668";"16";"1";"1";"7";"3";"0";"1";"1";"1";"0"
"15669";"79733303";"15669";"13";"1";"1";"7";"5";"0";"1";"1";"1";"0"
"15670";"79733306";"15670";"16";"3";"1";"7";"6";"0";"1";"1";"1";"0"
"15671";"79733306";"15671";"51";"3";"1";"7";"4";"1";"0";"1";"2";"0"
"15672";"79733306";"15672";"81";"1";"3";"1";"6";"0";"1";"2";"1";"0"
"15673";"79733306";"15673";"21";"1";"1";"7";"6";"0";"1";"1";"1";"0"
"15674";"79733404";"15674";"16";"2";"1";"7";"4";"0";"1";"1";"1";"0"
"15675";"79733404";"15675";"64";"1";"1";"7";"6";"0";"1";"1";"1";"0"
"15676";"79733404";"15676";"17";"1";"3";"1";"2";"1";"0";"1";"2";"0"
"15677";"79733404";"15677";"31";"1";"1";"7";"6";"1";"0";"1";"2";"0"
"15678";"79733404";"15678";"13";"3";"1";"7";"6";"0";"1";"0";"1";"0"
"15679";"79733404";"15679";"71";"3";"1";"2";"6";"0";"1";"1";"1";"0"
"15680";"79733404";"15680";"23";"1";"1";"7";"5";"0";"1";"3";"1";"0"
"15681";"79733406";"15681";"24";"1";"1";"7";"2";"0";"1";"2";"1";"0"
"15682";"79733501";"15682";"41";"1";"1";"7";"6";"0";"1";"1";"1";"0"
"15683";"79734202";"15683";"72";"1";"1";"7";"6";"0";"1";"1";"1";"0"
"15684";"79734202";"15684";"51";"3";"1";"7";"6";"0";"1";"1";"1";"0"
"15685";"79734202";"15685";"21";"1";"1";"7";"6";"0";"1";"1";"1";"0"
"15686";"79734202";"15686";"16";"1";"1";"7";"4";"0";"1";"1";"1";"0"
"15687";"79734202";"15687";"17";"1";"1";"7";"2";"1";"0";"1";"2";"0"
"15688";"79734202";"15688";"13";"3";"1";"7";"5";"0";"1";"1";"1";"0"
"15689";"79734202";"15689";"13";"1";"1";"2";"5";"1";"0";"1";"2";"0"
"15690";"79734202";"15690";"22";"1";"1";"7";"6";"0";"1";"1";"1";"0"
"15691";"79734202";"15691";"16";"1";"1";"7";"4";"1";"0";"1";"2";"0"
"15692";"79734202";"15692";"81";"1";"1";"7";"2";"1";"0";"1";"2";"0"
"15693";"79734301";"15693";"25";"3";"1";"7";"6";"0";"1";"0";"1";"0"
"15694";"79734401";"15694";"81";"2";"3";"1";"3";"0";"2";"1";"1";"0"
"15695";"79734401";"15695";"31";"3";"1";"7";"6";"0";"2";"1";"1";"0"
"15696";"79734501";"15696";"17";"3";"3";"2";"2";"0";"1";"1";"1";"0"
"15697";"79734501";"15697";"31";"1";"1";"7";"6";"0";"1";"1";"1";"0"
"15698";"79734502";"15698";"16";"1";"1";"7";"6";"0";"1";"3";"1";"0"
"15699";"79734503";"15699";"11";"1";"1";"7";"6";"1";"0";"1";"2";"0"
"15700";"79734503";"15700";"41";"1";"1";"7";"6";"0";"1";"1";"1";"0"
"15701";"79734503";"15701";"11";"1";"1";"7";"4";"0";"1";"1";"1";"0"
"15702";"79734503";"15702";"11";"1";"1";"7";"6";"0";"1";"1";"1";"0"
"15703";"79734503";"15703";"11";"1";"1";"7";"6";"0";"2";"1";"1";"0"
"15704";"79734504";"15704";"17";"1";"1";"7";"2";"0";"1";"1";"1";"0"
"15705";"79734504";"15705";"11";"1";"1";"7";"6";"1";"0";"1";"2";"0"
"15706";"79734504";"15706";"11";"1";"1";"7";"6";"0";"1";"1";"1";"0"
"15707";"79734504";"15707";"11";"1";"3";"1";"6";"0";"1";"1";"1";"0"
"15708";"79734504";"15708";"23";"5";"1";"7";"5";"0";"2";"2";"1";"0"
"15709";"79734504";"15709";"51";"5";"1";"7";"6";"0";"1";"1";"1";"0"
"15710";"79734504";"15710";"81";"3";"1";"7";"6";"0";"1";"0";"1";"0"
"15711";"79734504";"15711";"31";"1";"1";"7";"6";"0";"1";"1";"1";"0"
"15712";"79735101";"15712";"72";"1";"1";"7";"6";"0";"1";"1";"1";"0"
"15713";"79735101";"15713";"64";"3";"1";"7";"6";"0";"2";"1";"1";"0"
"15714";"79735201";"15714";"14";"1";"1";"7";"6";"0";"1";"1";"1";"0"
"15715";"79735201";"15715";"11";"1";"1";"7";"6";"0";"1";"1";"1";"0"
"15716";"79735201";"15716";"11";"1";"1";"7";"6";"0";"4";"0";"1";"0"
"15717";"79735201";"15717";"16";"1";"1";"7";"6";"0";"1";"1";"1";"0"
"15718";"79735201";"15718";"11";"1";"1";"7";"6";"0";"1";"1";"1";"0"
"15719";"79735201";"15719";"15";"1";"3";"1";"6";"0";"2";"1";"1";"0"
"15720";"79735201";"15720";"51";"1";"1";"7";"6";"0";"2";"0";"1";"0"
"15721";"79735201";"15721";"16";"1";"1";"7";"6";"0";"4";"1";"1";"0"
"15722";"79735201";"15722";"16";"1";"1";"7";"6";"0";"2";"2";"1";"0"
"15723";"79735201";"15723";"11";"1";"1";"7";"6";"0";"4";"0";"1";"0"
"15724";"79735201";"15724";"19";"1";"1";"7";"6";"0";"2";"0";"1";"0"
"15725";"79735201";"15725";"11";"1";"1";"7";"6";"0";"2";"1";"1";"0"
"15726";"79735201";"15726";"16";"1";"1";"7";"6";"0";"2";"0";"1";"0"
"15727";"79735201";"15727";"11";"1";"1";"7";"6";"0";"1";"1";"1";"0"
"15728";"79735201";"15728";"11";"1";"1";"7";"6";"0";"3";"2";"1";"0"
"15729";"79735201";"15729";"52";"3";"1";"7";"0";"0";"1";"0";"1";"0"
"15730";"79736301";"15730";"27";"3";"1";"7";"4";"1";"0";"0";"2";"0"
"15731";"79736401";"15731";"71";"1";"1";"7";"6";"0";"1";"1";"1";"0"
"15732";"79736505";"14674";"36";"2";"1";"7";"6";"0";"1";"2";"1";"0"
"15733";"79737101";"15733";"16";"3";"2";"2";"5";"2";"0";"2";"2";"0"
"15734";"79737101";"15734";"16";"1";"3";"1";"6";"0";"2";"1";"1";"0"
"15735";"79737101";"15735";"17";"1";"1";"7";"1";"1";"0";"1";"2";"0"
"15736";"79737101";"15736";"16";"3";"3";"2";"6";"0";"3";"2";"1";"0"
"15737";"79737101";"15737";"16";"3";"1";"7";"6";"0";"1";"2";"1";"0"
"15738";"79737101";"15738";"18";"3";"2";"2";"6";"1";"0";"1";"2";"0"
"15739";"79737101";"15739";"11";"3";"1";"1";"6";"0";"1";"1";"1";"0"
"15740";"79737101";"15740";"17";"3";"1";"7";"2";"0";"1";"1";"1";"0"
"15741";"79737101";"15741";"17";"1";"1";"7";"2";"0";"1";"1";"1";"0"
"15742";"79737101";"15742";"16";"1";"1";"7";"4";"1";"0";"1";"2";"0"
"15743";"79737101";"15743";"16";"3";"1";"7";"5";"0";"3";"2";"1";"0"
"15744";"79737101";"15744";"11";"1";"1";"7";"8";"0";"0";"1";"3";"0"
"15745";"79737101";"15745";"51";"1";"1";"7";"6";"0";"2";"0";"1";"0"
"15746";"79737101";"15746";"17";"1";"3";"2";"2";"0";"1";"1";"1";"0"
"15747";"79737101";"15747";"81";"3";"1";"7";"6";"0";"2";"0";"1";"0"
"15748";"79737104";"15748";"13";"1";"1";"7";"3";"0";"1";"1";"1";"0"
"15749";"79737104";"15749";"81";"3";"1";"7";"0";"2";"1";"0";"3";"1"
"15750";"79737105";"15750";"71";"1";"1";"7";"4";"0";"2";"1";"1";"0"
"15751";"79737105";"15751";"86";"1";"1";"7";"6";"0";"4";"2";"1";"0"
"15752";"79737204";"15752";"21";"1";"1";"7";"6";"0";"1";"1";"1";"0"
"15753";"79737204";"15753";"41";"1";"1";"7";"3";"0";"1";"2";"1";"0"
"15754";"79737207";"15754";"14";"1";"1";"7";"4";"0";"1";"1";"1";"0"
"15755";"79737208";"15755";"13";"1";"1";"7";"4";"0";"1";"1";"1";"0"
"15756";"79737403";"15756";"14";"1";"1";"7";"6";"0";"1";"1";"1";"0"
"15757";"79737502";"15757";"71";"1";"1";"7";"6";"0";"1";"1";"1";"0"
"15758";"79741102";"15758";"81";"3";"1";"7";"6";"0";"2";"0";"1";"0"
"15759";"79742403";"15759";"71";"1";"1";"7";"6";"0";"1";"1";"1";"0"
"15760";"79742501";"15760";"17";"2";"1";"2";"2";"0";"3";"1";"1";"0"
"15761";"79742503";"15761";"21";"4";"3";"2";"6";"0";"1";"1";"1";"0"
"15762";"79743101";"15762";"14";"1";"1";"7";"6";"0";"2";"2";"1";"0"
"15763";"79743401";"15763";"11";"3";"1";"7";"6";"1";"0";"1";"2";"0"
"15764";"79743401";"15764";"71";"1";"1";"7";"5";"0";"1";"1";"1";"0"
"15765";"79743401";"15765";"11";"1";"1";"7";"6";"0";"1";"1";"1";"0"
"15766";"79743401";"15766";"16";"1";"1";"7";"6";"0";"1";"1";"1";"0"
"15767";"79743401";"15767";"81";"3";"1";"7";"6";"0";"1";"2";"1";"0"
"15768";"79743401";"15768";"11";"3";"3";"2";"6";"0";"3";"0";"1";"0"
"15769";"79743401";"15769";"11";"3";"2";"2";"6";"0";"4";"1";"1";"0"
"15770";"79743401";"15770";"82";"1";"3";"2";"6";"0";"1";"2";"1";"0"
"15771";"79743401";"15771";"16";"2";"1";"7";"6";"0";"3";"0";"1";"0"
"15772";"79743401";"15772";"11";"1";"1";"7";"6";"0";"1";"1";"1";"0"
"15773";"79743401";"15773";"16";"1";"1";"7";"6";"1";"0";"1";"2";"0"
"15774";"79743401";"15774";"11";"1";"3";"1";"6";"0";"2";"1";"1";"0"
"15775";"79743406";"15775";"16";"1";"1";"7";"6";"0";"3";"1";"1";"0"
"15776";"79743406";"15776";"11";"1";"1";"7";"6";"0";"1";"1";"1";"0"
"15777";"79743406";"15777";"11";"5";"1";"7";"6";"1";"0";"1";"2";"0"
"15778";"79743406";"15778";"11";"1";"1";"7";"6";"0";"1";"1";"1";"0"
"15779";"79743407";"15779";"71";"1";"1";"7";"6";"0";"1";"1";"1";"0"
"15780";"79743501";"15780";"51";"1";"1";"7";"2";"0";"1";"1";"1";"0"
"15781";"79744105";"15781";"72";"1";"1";"7";"4";"0";"1";"1";"1";"0"
"15782";"79744105";"15782";"41";"1";"1";"7";"2";"1";"0";"1";"2";"0"
"15783";"79744105";"15783";"23";"1";"1";"7";"5";"0";"1";"1";"1";"0"
"15784";"79744105";"15784";"16";"1";"1";"7";"4";"0";"1";"1";"1";"0"
"15785";"79744105";"15785";"71";"5";"1";"7";"6";"1";"0";"1";"2";"0"
"15786";"79744105";"15786";"11";"5";"1";"7";"6";"0";"3";"2";"1";"0"
"15787";"79744105";"15787";"17";"2";"1";"7";"2";"0";"1";"1";"1";"0"
"15788";"79744105";"15788";"51";"1";"1";"7";"6";"0";"1";"1";"1";"0"
"15789";"79744202";"15789";"71";"3";"1";"7";"6";"0";"1";"1";"1";"0"
"15790";"79744202";"15790";"23";"1";"1";"6";"4";"0";"1";"1";"1";"0"
"15791";"79744202";"15791";"51";"1";"4";"2";"6";"0";"1";"1";"1";"0"
"15792";"79744202";"15792";"71";"1";"1";"7";"6";"0";"1";"1";"1";"0"
"15793";"79744202";"15793";"51";"1";"1";"7";"6";"0";"1";"0";"1";"0"
"15794";"79744202";"15794";"52";"3";"1";"7";"0";"0";"1";"0";"1";"0"
"15795";"79744202";"15795";"11";"1";"2";"2";"6";"0";"2";"4";"1";"0"
"15796";"79744202";"15796";"11";"2";"1";"7";"6";"0";"1";"1";"1";"0"
"15797";"79744203";"15797";"11";"3";"3";"2";"6";"0";"3";"3";"1";"0"
"15798";"79744203";"15798";"51";"1";"1";"7";"6";"0";"1";"1";"1";"0"
"15799";"79744203";"15799";"81";"3";"1";"7";"6";"0";"2";"1";"1";"0"
"15800";"79744203";"15800";"35";"1";"1";"7";"3";"0";"1";"1";"1";"0"
"15801";"79744203";"15801";"15";"3";"2";"2";"6";"0";"1";"1";"1";"0"
"15802";"79744403";"15802";"71";"1";"1";"7";"6";"0";"1";"1";"1";"0"
"15803";"79744406";"15803";"52";"1";"1";"7";"0";"0";"1";"0";"1";"0"
"15804";"79744406";"15804";"63";"1";"1";"7";"5";"0";"1";"3";"1";"0"
"15805";"79744406";"15805";"17";"3";"1";"7";"2";"0";"1";"1";"1";"0"
"15806";"79744406";"15806";"23";"5";"3";"1";"6";"0";"1";"1";"1";"0"
"15807";"79744406";"15807";"23";"1";"1";"7";"6";"0";"1";"1";"1";"0"
"15808";"79744406";"15808";"17";"1";"3";"2";"2";"0";"1";"1";"1";"0"
"15809";"79744406";"15809";"17";"1";"1";"7";"1";"0";"1";"1";"1";"0"
"15810";"79744501";"15810";"23";"1";"1";"7";"4";"0";"1";"1";"1";"0"
"15811";"79744501";"15811";"17";"3";"1";"7";"2";"1";"1";"1";"2";"0"
"15812";"79744501";"15812";"31";"1";"1";"7";"6";"0";"1";"1";"1";"0"
"15813";"79744501";"15813";"71";"4";"1";"7";"6";"1";"1";"1";"2";"0"
"15814";"79744501";"15814";"51";"3";"1";"7";"6";"0";"3";"1";"1";"0"
"15815";"79744501";"15815";"64";"1";"1";"7";"6";"1";"0";"1";"2";"0"
"15816";"79744501";"15816";"23";"1";"1";"7";"6";"0";"2";"1";"1";"0"
"15817";"79744502";"96";"17";"1";"1";"7";"1";"0";"1";"1";"1";"0"
"15818";"79744502";"15818";"71";"3";"1";"7";"6";"1";"0";"1";"2";"0"
"15819";"79744502";"15819";"17";"1";"1";"7";"2";"0";"1";"1";"1";"0"
"15820";"79744502";"15820";"17";"1";"1";"7";"2";"0";"1";"1";"1";"0"
"15821";"79744502";"15821";"17";"3";"1";"7";"2";"1";"1";"0";"2";"0"
"15822";"79744502";"15822";"17";"3";"1";"7";"2";"0";"1";"1";"1";"0"
"15823";"79744502";"15823";"52";"3";"3";"2";"0";"0";"1";"0";"1";"0"
"15824";"79744502";"15824";"81";"3";"1";"7";"6";"1";"0";"1";"2";"0"
"15825";"79744502";"15825";"51";"3";"3";"2";"6";"0";"2";"1";"1";"0"
"15826";"79745105";"15826";"71";"1";"1";"7";"6";"0";"1";"1";"1";"0"
"15827";"79745105";"15827";"81";"3";"3";"1";"6";"0";"1";"1";"1";"0"
"15828";"79745106";"15828";"13";"1";"1";"7";"4";"0";"1";"1";"1";"0"
"15829";"79745401";"15829";"11";"1";"1";"7";"6";"0";"1";"1";"1";"0"
"15830";"79745401";"13243";"11";"4";"1";"7";"6";"1";"0";"1";"2";"0"
"15831";"79745401";"15831";"72";"1";"1";"7";"6";"0";"1";"1";"1";"0"
"15832";"79745401";"15832";"17";"1";"1";"7";"2";"0";"1";"1";"1";"0"
"15833";"79745401";"15833";"26";"1";"1";"7";"1";"0";"1";"1";"1";"0"
"15834";"79745401";"15834";"19";"1";"1";"7";"6";"1";"0";"1";"2";"0"
"15835";"79745401";"15835";"72";"3";"1";"7";"6";"0";"1";"1";"1";"0"
"15836";"79745401";"15836";"24";"1";"1";"7";"2";"1";"0";"1";"2";"0"
"15837";"79745401";"15837";"71";"2";"1";"7";"7";"0";"1";"1";"1";"0"
"15838";"79745401";"15838";"17";"1";"1";"7";"2";"0";"1";"1";"1";"0"
"15839";"79745401";"15839";"17";"1";"1";"7";"2";"1";"0";"1";"2";"0"
"15840";"79745401";"15840";"81";"3";"3";"1";"0";"0";"2";"0";"1";"0"
"15841";"79745401";"15841";"17";"1";"1";"7";"2";"0";"1";"1";"1";"0"
"15842";"79745401";"15842";"17";"1";"1";"7";"2";"0";"1";"1";"1";"0"
"15843";"79745401";"15843";"17";"1";"1";"7";"2";"0";"3";"1";"1";"0"
"15844";"79745402";"15844";"71";"1";"1";"7";"6";"0";"1";"1";"1";"0"
"15845";"79745402";"15845";"18";"1";"1";"7";"5";"0";"1";"1";"1";"0"
"15846";"79745402";"15846";"19";"1";"1";"7";"3";"0";"1";"1";"1";"0"
"15847";"79745402";"15847";"52";"3";"1";"7";"0";"0";"2";"0";"1";"0"
"15848";"79745403";"15848";"19";"2";"1";"1";"5";"0";"1";"1";"1";"0"
"15849";"79745403";"15849";"17";"1";"1";"7";"2";"0";"1";"1";"1";"0"
"15850";"79745403";"15850";"71";"1";"1";"7";"7";"0";"1";"1";"1";"0"
"15851";"79745404";"15851";"51";"1";"1";"7";"4";"0";"1";"2";"1";"0"
"15852";"79745404";"15852";"17";"1";"1";"7";"2";"0";"1";"1";"1";"0"
"15853";"79745404";"15853";"17";"2";"1";"7";"2";"0";"1";"0";"1";"0"
"15854";"79745405";"15854";"17";"1";"1";"7";"2";"0";"1";"1";"1";"0"
"15855";"79745405";"15855";"52";"1";"1";"7";"6";"0";"1";"2";"1";"0"
"15856";"79745405";"15856";"64";"3";"1";"7";"6";"0";"1";"1";"1";"0"
"15857";"79745405";"15857";"17";"1";"1";"7";"2";"0";"1";"1";"1";"0"