"accident_id";"lieu_id";"date_id";"cause_id";"lum_id";"intemp_id";"etat_surface_id";"impliq_id";"nb_blesses_graves";"nb_blesses_legers";"nb_indemnes";"gravite";"nb_morts"
"15858";"79745406";"15858";"19";"3";"1";"2";"3";"0";"1";"1";"1";"0"
"15859";"79745406";"15859";"17";"1";"1";"7";"2";"0";"2";"3";"1";"0"
"15860";"79745406";"15860";"41";"5";"1";"7";"5";"0";"1";"1";"1";"0"
"15861";"79745406";"15861";"52";"5";"1";"7";"0";"0";"2";"0";"1";"0"
"15862";"79745406";"15862";"51";"1";"1";"7";"6";"0";"1";"1";"1";"0"
"15863";"79745406";"15863";"35";"1";"1";"7";"3";"0";"1";"1";"1";"0"
"15864";"79745407";"15864";"16";"1";"1";"7";"6";"0";"1";"1";"1";"0"
"15865";"79745407";"15865";"71";"3";"1";"7";"4";"1";"0";"1";"2";"0"
"15866";"79745407";"15866";"71";"1";"1";"7";"6";"0";"1";"2";"1";"0"
"15867";"79745407";"15867";"71";"1";"3";"1";"6";"0";"1";"1";"1";"0"
"15868";"79745407";"15868";"16";"1";"3";"2";"3";"0";"1";"1";"1";"0"
"15869";"79745407";"15869";"31";"1";"1";"7";"6";"0";"1";"1";"1";"0"
"15870";"79745408";"15870";"81";"3";"1";"7";"3";"0";"1";"1";"1";"0"
"15871";"79745408";"15871";"71";"1";"1";"7";"6";"0";"1";"1";"1";"0"
"15872";"79745408";"15872";"71";"1";"1";"7";"6";"0";"1";"1";"1";"0"
"15873";"79745408";"15873";"71";"1";"1";"2";"6";"1";"0";"1";"2";"0"
"15874";"79745408";"15874";"17";"1";"1";"7";"2";"0";"1";"1";"1";"0"
"15875";"79745408";"15875";"71";"1";"1";"7";"6";"0";"1";"1";"1";"0"
"15876";"79745501";"15876";"14";"3";"1";"7";"6";"0";"3";"0";"1";"0"
"15877";"79745501";"15877";"14";"1";"3";"2";"6";"0";"1";"1";"1";"0"
"15878";"79745501";"15878";"14";"1";"1";"2";"6";"0";"1";"4";"1";"0"
"15879";"79745505";"15879";"72";"1";"1";"7";"7";"1";"0";"1";"2";"0"
"15880";"79746101";"15880";"72";"1";"1";"7";"6";"0";"1";"1";"1";"0"
"15881";"79746101";"15881";"16";"1";"1";"7";"4";"1";"0";"1";"2";"0"
"15882";"79746101";"4807";"13";"1";"1";"7";"4";"0";"1";"1";"1";"0"
"15883";"79746102";"15883";"17";"1";"1";"7";"2";"0";"1";"1";"1";"0"
"15884";"79746102";"15884";"13";"3";"1";"7";"6";"0";"1";"1";"1";"0"
"15885";"79746102";"15885";"13";"1";"1";"7";"6";"0";"1";"1";"1";"0"
"15886";"79746201";"15886";"41";"4";"1";"2";"6";"1";"0";"1";"2";"0"
"15887";"79746201";"15887";"17";"1";"1";"7";"2";"0";"1";"1";"1";"0"
"15888";"79746201";"15888";"21";"1";"1";"7";"6";"0";"2";"1";"1";"0"
"15889";"79746401";"15889";"71";"1";"1";"7";"6";"0";"1";"1";"1";"0"
"15890";"79746401";"15890";"13";"1";"1";"7";"6";"0";"1";"1";"1";"0"
"15891";"79746401";"15891";"13";"1";"1";"7";"6";"0";"1";"1";"1";"0"
"15892";"79746401";"15892";"71";"1";"1";"7";"6";"0";"1";"1";"1";"0"
"15893";"79746402";"15893";"63";"1";"1";"7";"5";"0";"1";"1";"1";"0"
"15894";"79746402";"15894";"31";"1";"1";"7";"6";"0";"1";"1";"1";"0"
"15895";"79746402";"15895";"23";"1";"1";"7";"5";"0";"2";"0";"1";"0"
"15896";"79746402";"15896";"23";"1";"1";"7";"6";"0";"1";"2";"1";"0"
"15897";"79746403";"15897";"52";"3";"1";"7";"0";"0";"1";"0";"1";"0"
"15898";"79746403";"15898";"23";"1";"1";"7";"4";"0";"1";"1";"1";"0"
"15899";"79746403";"15899";"52";"1";"1";"7";"0";"0";"1";"0";"1";"0"
"15900";"79746403";"15900";"13";"1";"1";"7";"6";"0";"2";"1";"1";"0"
"15901";"79746403";"15901";"63";"1";"1";"7";"5";"0";"1";"1";"1";"0"
"15902";"79746403";"15902";"17";"1";"1";"7";"2";"1";"2";"1";"2";"0"
"15903";"79746502";"15903";"14";"1";"1";"7";"6";"0";"1";"3";"1";"0"
"15904";"79746505";"15904";"17";"1";"3";"1";"2";"0";"1";"1";"1";"0"
"15905";"79746505";"15905";"17";"1";"1";"7";"1";"0";"1";"1";"1";"0"
"15906";"79746507";"15906";"71";"1";"1";"2";"6";"0";"1";"1";"1";"0"
"15907";"79746507";"15907";"51";"1";"1";"7";"3";"0";"1";"1";"1";"0"
"15908";"79746507";"15908";"17";"1";"1";"7";"1";"0";"1";"1";"1";"0"
"15909";"79746507";"15909";"71";"3";"1";"7";"6";"0";"1";"1";"1";"0"
"15910";"79746507";"15910";"17";"1";"1";"7";"1";"0";"1";"1";"1";"0"
"15911";"79746507";"15911";"17";"1";"1";"7";"1";"1";"0";"1";"2";"0"
"15912";"79746507";"15912";"71";"1";"1";"7";"6";"0";"1";"1";"1";"0"
"15913";"79746507";"15913";"71";"1";"1";"7";"6";"0";"1";"1";"1";"0"
"15914";"79746507";"15914";"81";"3";"2";"1";"2";"0";"1";"2";"1";"0"
"15915";"79747102";"15915";"21";"1";"1";"7";"6";"0";"1";"1";"1";"0"
"15916";"79747102";"15916";"72";"1";"1";"7";"6";"1";"0";"1";"2";"0"
"15917";"79747104";"15917";"13";"1";"1";"7";"6";"0";"1";"1";"1";"0"
"15918";"79747104";"15918";"71";"1";"1";"2";"6";"0";"1";"1";"1";"0"
"15919";"79747104";"15919";"81";"1";"1";"7";"6";"0";"1";"1";"1";"0"
"15920";"79747201";"15920";"71";"4";"1";"7";"6";"0";"1";"1";"1";"0"
"15921";"79747201";"15921";"31";"1";"1";"7";"6";"0";"1";"1";"1";"0"
"15922";"79747401";"15922";"72";"1";"1";"7";"6";"0";"1";"1";"1";"0"
"15923";"79747401";"15923";"13";"1";"1";"7";"6";"0";"1";"1";"1";"0"
"15924";"79747403";"15924";"18";"3";"1";"7";"6";"0";"2";"1";"1";"0"
"15925";"79747403";"15925";"13";"1";"1";"7";"6";"1";"0";"1";"2";"0"
"15926";"79747403";"15926";"18";"5";"1";"7";"6";"0";"2";"1";"1";"0"
"15927";"79747403";"15927";"17";"1";"1";"7";"2";"1";"0";"1";"2";"0"
"15928";"79747502";"15928";"11";"1";"1";"1";"5";"0";"1";"1";"1";"0"
"15929";"79747502";"15929";"11";"1";"1";"7";"6";"0";"1";"1";"1";"0"
"15930";"79747502";"15930";"11";"1";"1";"7";"6";"0";"1";"2";"1";"0"
"15931";"79747502";"15931";"51";"1";"3";"1";"6";"0";"2";"2";"1";"0"
"15932";"79747502";"15932";"11";"5";"2";"1";"6";"0";"1";"1";"1";"0"
"15933";"79747502";"15933";"11";"3";"1";"7";"6";"0";"2";"0";"1";"0"
"15934";"79747502";"15934";"71";"1";"1";"7";"6";"0";"1";"1";"1";"0"
"15935";"79747502";"15935";"11";"3";"1";"7";"6";"0";"2";"0";"3";"0"
"15936";"79747502";"15936";"81";"3";"1";"7";"6";"0";"1";"3";"1";"0"
"15937";"79747502";"15937";"11";"3";"1";"7";"6";"0";"1";"1";"1";"0"
"15938";"79747502";"15938";"35";"1";"1";"7";"4";"0";"1";"1";"1";"0"
"15939";"79747502";"15939";"16";"1";"3";"2";"6";"0";"1";"1";"1";"0"
"15940";"79747502";"15940";"51";"3";"3";"2";"6";"0";"1";"3";"1";"0"
"15941";"79747502";"15941";"11";"1";"1";"7";"6";"0";"1";"1";"1";"0"
"15942";"79747502";"15942";"15";"1";"1";"7";"6";"0";"5";"1";"1";"0"
"15943";"79747502";"15943";"51";"3";"1";"7";"6";"0";"2";"0";"1";"0"
"15944";"79747502";"15944";"17";"1";"1";"7";"1";"0";"2";"1";"1";"0"
"15945";"79747502";"15945";"18";"2";"1";"2";"6";"0";"1";"1";"1";"0"
"15946";"79747502";"15946";"17";"1";"1";"7";"2";"0";"0";"1";"3";"0"
"15947";"79751102";"15947";"16";"1";"6";"2";"3";"0";"1";"1";"1";"0"
"15948";"79751102";"15948";"16";"1";"1";"7";"4";"0";"1";"1";"1";"0"
"15949";"79751102";"15949";"21";"1";"1";"7";"6";"0";"2";"0";"1";"0"
"15950";"79751102";"15950";"85";"3";"1";"7";"6";"0";"1";"1";"1";"0"
"15951";"79751205";"15951";"71";"1";"1";"7";"8";"0";"1";"1";"1";"0"
"15952";"79751205";"15952";"11";"3";"1";"7";"6";"0";"1";"1";"1";"0"
"15953";"79751205";"15953";"11";"3";"3";"2";"6";"0";"1";"1";"1";"0"
"15954";"79751206";"15954";"51";"3";"1";"7";"6";"0";"1";"1";"1";"0"
"15955";"79751206";"15955";"12";"1";"1";"7";"6";"1";"0";"1";"2";"0"
"15956";"79751206";"15956";"11";"1";"1";"2";"6";"0";"2";"0";"1";"0"
"15957";"79751206";"15957";"11";"1";"3";"1";"6";"0";"2";"1";"1";"0"
"15958";"79751206";"15958";"41";"3";"1";"7";"6";"0";"1";"1";"1";"0"
"15959";"79751206";"15959";"41";"1";"1";"7";"6";"0";"1";"1";"1";"0"
"15960";"79751206";"15960";"31";"1";"1";"7";"6";"1";"0";"1";"2";"0"
"15961";"79751206";"15961";"11";"1";"1";"7";"8";"0";"1";"1";"1";"0"
"15962";"79751206";"15962";"81";"3";"1";"7";"6";"0";"1";"0";"1";"0"
"15963";"79751303";"15963";"11";"3";"1";"7";"6";"0";"1";"1";"1";"0"
"15964";"79751303";"15964";"11";"1";"4";"3";"6";"0";"1";"1";"1";"0"
"15965";"79751303";"15965";"23";"1";"1";"7";"4";"0";"1";"1";"1";"0"
"15966";"79751303";"15966";"11";"1";"1";"7";"6";"0";"1";"2";"1";"0"
"15967";"79751303";"15967";"18";"1";"1";"7";"5";"1";"1";"1";"2";"0"
"15968";"79751303";"15968";"11";"1";"1";"7";"6";"0";"1";"2";"1";"0"
"15969";"79751303";"15969";"16";"1";"1";"7";"4";"0";"1";"1";"1";"0"
"15970";"79751303";"15970";"11";"1";"1";"7";"6";"0";"1";"1";"1";"0"
"15971";"79751303";"15971";"11";"1";"1";"7";"6";"0";"1";"2";"1";"0"
"15972";"79751303";"15972";"11";"1";"1";"7";"6";"0";"2";"0";"1";"0"
"15973";"79751303";"15973";"11";"3";"1";"7";"6";"1";"1";"2";"2";"0"
"15974";"79751303";"15974";"12";"1";"1";"7";"6";"0";"1";"3";"1";"0"
"15975";"79751303";"15975";"16";"1";"1";"7";"6";"0";"2";"1";"1";"0"
"15976";"79751303";"15976";"11";"1";"1";"7";"6";"0";"1";"1";"1";"0"
"15977";"79751303";"15977";"11";"3";"1";"7";"6";"1";"2";"0";"2";"0"
"15978";"79751303";"15978";"11";"1";"1";"7";"6";"0";"1";"3";"1";"0"
"15979";"79751303";"15979";"11";"1";"1";"7";"6";"0";"1";"1";"1";"0"
"15980";"79751303";"15980";"11";"3";"3";"2";"6";"0";"1";"1";"1";"0"
"15981";"79751303";"15981";"11";"3";"1";"7";"6";"0";"1";"2";"1";"0"
"15982";"79751303";"15982";"71";"3";"2";"2";"6";"0";"1";"1";"1";"0"
"15983";"79751303";"15983";"11";"1";"1";"7";"6";"0";"1";"1";"1";"0"
"15984";"79751303";"15984";"11";"3";"1";"7";"6";"0";"1";"2";"1";"0"
"15985";"79751303";"15985";"11";"1";"1";"7";"5";"1";"1";"0";"2";"0"
"15986";"79751303";"15986";"11";"3";"1";"7";"6";"0";"1";"2";"1";"0"
"15987";"79751303";"15987";"15";"3";"1";"1";"6";"0";"2";"1";"1";"0"
"15988";"79751303";"15988";"16";"1";"1";"7";"4";"1";"0";"1";"2";"0"
"15989";"79751303";"15989";"16";"1";"1";"7";"4";"0";"1";"1";"1";"0"
"15990";"79751303";"15990";"11";"5";"1";"7";"6";"1";"1";"1";"2";"0"
"15991";"79751303";"15991";"11";"1";"1";"1";"6";"0";"1";"2";"1";"0"
"15992";"79751303";"15992";"11";"3";"1";"7";"6";"0";"1";"1";"1";"0"
"15993";"79751303";"15993";"11";"3";"1";"7";"6";"0";"1";"1";"1";"0"
"15994";"79751303";"15994";"11";"1";"1";"7";"6";"0";"1";"2";"1";"0"
"15995";"79751303";"15995";"82";"1";"1";"7";"6";"0";"5";"0";"1";"0"
"15996";"79751303";"15996";"42";"3";"1";"7";"6";"0";"1";"1";"1";"0"
"15997";"79751303";"15997";"11";"1";"1";"7";"6";"0";"1";"1";"1";"0"
"15998";"79751303";"15998";"11";"1";"1";"7";"6";"1";"0";"1";"2";"0"
"15999";"79751303";"15999";"11";"1";"1";"7";"6";"0";"2";"1";"1";"0"
"16000";"79751303";"16000";"42";"3";"1";"7";"6";"0";"2";"1";"1";"0"
"16001";"79751303";"16001";"11";"3";"3";"2";"6";"0";"1";"1";"1";"0"
"16002";"79751303";"16002";"11";"1";"1";"7";"6";"0";"1";"1";"1";"0"
"16003";"79751303";"16003";"11";"3";"3";"2";"6";"0";"1";"1";"1";"0"
"16004";"79751303";"16004";"11";"3";"1";"7";"6";"0";"1";"1";"1";"0"
"16005";"79751303";"16005";"42";"3";"1";"7";"4";"0";"1";"1";"1";"0"
"16006";"79751304";"16006";"13";"1";"1";"7";"4";"0";"1";"1";"1";"0"
"16007";"79751402";"16007";"13";"3";"1";"7";"3";"0";"1";"1";"1";"0"
"16008";"79751402";"16008";"13";"1";"1";"7";"4";"0";"1";"1";"1";"0"
"16009";"79751402";"16009";"13";"1";"1";"7";"6";"0";"1";"1";"1";"0"
"16010";"79751504";"16010";"19";"1";"1";"7";"5";"0";"1";"1";"1";"0"
"16011";"79751504";"16011";"19";"1";"1";"7";"6";"0";"2";"1";"1";"0"
"16012";"79751504";"16012";"19";"1";"3";"2";"6";"0";"1";"1";"1";"0"
"16013";"79751504";"16013";"19";"1";"1";"7";"6";"0";"1";"1";"1";"0"
"16014";"79751504";"16014";"19";"1";"1";"7";"6";"0";"2";"1";"1";"0"
"16015";"79751504";"16015";"19";"1";"1";"7";"6";"0";"1";"1";"1";"0"
"16016";"79751504";"16016";"52";"1";"1";"7";"6";"0";"2";"2";"1";"0"
"16017";"79752106";"16017";"85";"3";"1";"7";"6";"0";"1";"1";"1";"0"
"16018";"79752108";"16018";"16";"3";"1";"7";"4";"0";"1";"1";"1";"0"
"16019";"79752108";"16019";"13";"3";"3";"2";"3";"0";"1";"1";"1";"0"
"16020";"79752108";"16020";"16";"1";"1";"7";"4";"0";"1";"1";"1";"0"
"16021";"79752108";"16021";"71";"1";"1";"7";"6";"1";"0";"1";"2";"0"
"16022";"79752108";"16022";"71";"3";"1";"2";"6";"0";"1";"1";"1";"0"
"16023";"79752202";"16023";"17";"4";"1";"7";"2";"0";"2";"1";"1";"0"
"16024";"79752202";"16024";"17";"1";"1";"7";"2";"0";"1";"1";"1";"0"
"16025";"79752202";"16025";"23";"3";"1";"7";"6";"0";"4";"0";"1";"0"
"16026";"79752202";"16026";"23";"3";"1";"7";"5";"0";"1";"1";"1";"0"
"16027";"79752204";"16027";"14";"1";"1";"7";"6";"0";"2";"1";"1";"0"
"16028";"79752204";"16028";"14";"1";"1";"7";"6";"0";"1";"1";"1";"0"
"16029";"79752204";"16029";"41";"1";"1";"7";"6";"0";"1";"1";"1";"0"
"16030";"79752205";"16030";"41";"2";"1";"7";"0";"0";"1";"1";"1";"0"
"16031";"79752301";"16031";"52";"1";"1";"7";"6";"0";"1";"2";"1";"0"
"16032";"79752301";"16032";"16";"1";"3";"1";"6";"0";"1";"1";"1";"0"
"16033";"79752301";"16033";"16";"3";"1";"7";"4";"0";"1";"1";"1";"0"
"16034";"79752301";"16034";"17";"1";"1";"7";"2";"0";"3";"1";"1";"0"
"16035";"79752301";"16035";"18";"1";"1";"7";"5";"1";"0";"1";"2";"0"
"16036";"79752301";"16036";"17";"1";"1";"7";"6";"0";"1";"1";"1";"0"
"16037";"79752301";"16037";"41";"3";"3";"2";"6";"0";"3";"2";"1";"0"
"16038";"79752301";"16038";"51";"3";"1";"7";"6";"0";"4";"2";"1";"0"
"16039";"79752301";"16039";"18";"3";"1";"7";"6";"0";"1";"2";"1";"0"
"16040";"79752302";"16040";"17";"1";"1";"7";"2";"1";"0";"1";"2";"0"
"16041";"79752303";"16041";"71";"1";"1";"7";"8";"0";"2";"1";"1";"0"
"16042";"79752303";"16042";"71";"2";"1";"7";"6";"0";"1";"1";"1";"0"
"16043";"79752303";"16043";"41";"2";"1";"7";"6";"0";"1";"1";"1";"0"
"16044";"79752303";"16044";"11";"3";"1";"7";"6";"0";"1";"1";"1";"0"
"16045";"79752306";"16045";"16";"2";"2";"2";"6";"0";"1";"1";"1";"0"
"16046";"79752306";"16046";"11";"1";"1";"7";"4";"0";"1";"1";"1";"0"
"16047";"79752306";"16047";"17";"4";"1";"7";"2";"0";"1";"1";"1";"0"
"16048";"79752306";"16048";"13";"3";"1";"7";"4";"0";"1";"1";"1";"0"
"16049";"79752306";"16049";"11";"3";"2";"2";"6";"0";"4";"2";"1";"0"
"16050";"79752306";"16050";"11";"3";"1";"7";"4";"1";"0";"1";"2";"0"
"16051";"79752306";"16051";"11";"1";"1";"7";"6";"0";"4";"0";"1";"0"
"16052";"79752306";"16052";"16";"3";"1";"7";"6";"0";"1";"1";"1";"0"
"16053";"79752306";"16053";"71";"1";"3";"2";"6";"0";"1";"1";"1";"0"
"16054";"79752306";"16054";"16";"3";"1";"7";"6";"0";"3";"1";"1";"0"
"16055";"79752306";"16055";"11";"5";"1";"7";"6";"0";"2";"1";"1";"0"
"16056";"79752306";"16056";"11";"5";"1";"7";"6";"0";"1";"1";"1";"0"
"16057";"79752306";"16057";"11";"5";"3";"1";"6";"1";"1";"1";"2";"0"
"16058";"79752306";"16058";"16";"5";"1";"7";"6";"0";"5";"1";"1";"0"
"16059";"79752306";"16059";"11";"5";"1";"7";"6";"0";"1";"1";"1";"0"
"16060";"79752306";"16060";"16";"1";"1";"7";"6";"0";"1";"2";"1";"0"
"16061";"79752306";"16061";"11";"3";"1";"7";"6";"0";"3";"3";"1";"0"
"16062";"79752306";"16062";"16";"1";"1";"7";"6";"0";"2";"1";"1";"0"
"16063";"79752306";"16063";"15";"1";"1";"7";"6";"0";"1";"2";"1";"0"
"16064";"79752306";"16064";"16";"1";"1";"7";"6";"0";"1";"1";"1";"0"
"16065";"79752306";"16065";"16";"3";"1";"1";"6";"0";"2";"0";"1";"0"
"16066";"79752306";"16066";"16";"2";"1";"7";"6";"0";"2";"1";"1";"0"
"16067";"79752306";"16067";"11";"1";"1";"7";"6";"0";"1";"1";"1";"0"
"16068";"79752306";"16068";"81";"3";"1";"7";"2";"0";"1";"1";"1";"0"
"16069";"79752306";"16069";"11";"1";"2";"1";"6";"0";"1";"1";"1";"0"
"16070";"79752306";"16070";"16";"1";"1";"7";"6";"0";"1";"1";"1";"0"
"16071";"79752306";"16071";"15";"3";"1";"7";"6";"0";"1";"2";"1";"0"
"16072";"79752306";"16072";"41";"3";"1";"7";"6";"0";"1";"1";"1";"0"
"16073";"79752306";"16073";"16";"1";"1";"7";"6";"0";"1";"1";"1";"0"
"16074";"79752306";"16074";"16";"3";"1";"7";"6";"0";"1";"1";"1";"0"
"16075";"79752306";"16075";"81";"3";"4";"1";"0";"0";"1";"0";"1";"0"
"16076";"79752306";"16076";"81";"3";"3";"1";"6";"0";"3";"0";"1";"0"
"16077";"79752306";"16077";"11";"2";"1";"7";"6";"0";"1";"1";"1";"0"
"16078";"79752306";"16078";"16";"1";"1";"7";"4";"0";"1";"1";"1";"0"
"16079";"79752306";"16079";"41";"1";"1";"7";"6";"0";"1";"1";"1";"0"
"16080";"79752306";"16080";"16";"1";"1";"7";"6";"0";"1";"1";"1";"0"
"16081";"79752306";"16081";"16";"1";"1";"7";"6";"1";"3";"1";"2";"0"
"16082";"79752306";"16082";"16";"2";"3";"2";"6";"0";"1";"4";"1";"0"
"16083";"79752306";"16083";"11";"3";"1";"7";"6";"0";"4";"0";"1";"0"
"16084";"79752306";"16084";"81";"3";"1";"7";"0";"0";"1";"0";"1";"0"
"16085";"79752306";"16085";"81";"2";"1";"7";"0";"0";"1";"0";"1";"0"
"16086";"79752306";"16086";"11";"1";"1";"7";"6";"1";"0";"1";"2";"0"
"16087";"79752401";"16087";"71";"2";"1";"1";"6";"0";"1";"1";"1";"0"
"16088";"79752403";"16088";"51";"1";"1";"7";"6";"0";"1";"1";"1";"0"
"16089";"79752403";"16089";"11";"1";"1";"7";"6";"0";"1";"1";"1";"0"
"16090";"79752403";"16090";"41";"1";"1";"7";"6";"0";"1";"1";"1";"0"
"16091";"79752403";"16091";"11";"1";"1";"7";"6";"0";"1";"1";"1";"0"
"16092";"79752403";"16092";"11";"1";"3";"1";"6";"0";"3";"1";"1";"0"
"16093";"79752403";"16093";"71";"2";"1";"7";"6";"0";"1";"1";"1";"0"
"16094";"79752404";"16094";"13";"1";"1";"7";"5";"0";"1";"1";"1";"0"
"16095";"79752502";"16095";"13";"1";"1";"7";"6";"0";"2";"1";"1";"0"
"16096";"79752502";"16096";"13";"5";"1";"7";"6";"0";"2";"0";"1";"0"
"16097";"79752502";"16097";"72";"1";"1";"7";"6";"0";"1";"1";"1";"0"
"16098";"79753103";"16098";"51";"1";"1";"7";"6";"0";"1";"1";"1";"0"
"16099";"79753103";"16099";"71";"1";"1";"7";"6";"0";"1";"1";"1";"0"
"16100";"79753104";"16100";"72";"1";"1";"7";"6";"1";"0";"1";"2";"0"
"16101";"79753104";"16101";"11";"2";"3";"2";"6";"1";"0";"1";"2";"0"
"16102";"79753104";"16102";"11";"3";"1";"7";"6";"0";"1";"1";"1";"0"
"16103";"79753104";"16103";"71";"1";"1";"7";"6";"1";"0";"1";"2";"0"
"16104";"79753104";"16104";"11";"1";"3";"1";"6";"1";"0";"1";"2";"0"
"16105";"79753104";"16105";"16";"1";"1";"7";"6";"1";"2";"1";"2";"0"
"16106";"79753104";"16106";"11";"4";"1";"7";"6";"1";"0";"1";"2";"0"
"16107";"79753104";"16107";"51";"5";"3";"7";"6";"0";"1";"2";"1";"0"
"16108";"79753104";"16108";"15";"1";"1";"7";"6";"0";"2";"2";"1";"0"
"16109";"79753104";"16109";"11";"1";"1";"7";"6";"1";"0";"1";"2";"0"
"16110";"79753104";"16110";"16";"3";"1";"7";"6";"0";"2";"0";"1";"0"
"16111";"79753104";"16111";"51";"1";"1";"7";"6";"0";"1";"2";"1";"0"
"16112";"79753104";"16112";"81";"1";"1";"7";"6";"0";"1";"1";"1";"0"
"16113";"79753104";"16113";"71";"1";"1";"7";"6";"0";"1";"1";"1";"0"
"16114";"79753104";"16114";"51";"1";"1";"7";"6";"0";"1";"1";"1";"0"
"16115";"79753104";"16115";"11";"1";"1";"7";"6";"0";"1";"1";"1";"0"
"16116";"79753104";"16116";"51";"1";"1";"7";"6";"0";"1";"2";"1";"0"
"16117";"79753104";"16117";"17";"3";"3";"2";"2";"0";"1";"1";"1";"0"
"16118";"79753104";"16118";"81";"3";"3";"1";"6";"0";"1";"1";"1";"0"
"16119";"79753104";"16119";"16";"1";"1";"7";"6";"0";"2";"1";"1";"0"
"16120";"79753104";"16120";"16";"1";"1";"7";"4";"0";"1";"1";"1";"0"
"16121";"79753104";"16121";"11";"3";"1";"7";"6";"1";"0";"1";"2";"0"
"16122";"79753104";"16122";"16";"3";"1";"7";"4";"1";"0";"2";"2";"0"
"16123";"79753104";"16123";"16";"1";"1";"7";"5";"0";"1";"1";"1";"0"
"16124";"79753104";"16124";"16";"1";"1";"7";"5";"0";"1";"1";"1";"0"
"16125";"79753104";"16125";"11";"1";"1";"7";"2";"0";"2";"0";"1";"0"
"16126";"79753104";"16126";"11";"3";"3";"2";"6";"0";"1";"1";"1";"0"
"16127";"79753105";"16127";"32";"1";"1";"7";"6";"0";"1";"1";"1";"0"
"16128";"79753105";"16128";"13";"1";"1";"7";"4";"0";"1";"1";"1";"0"
"16129";"79753105";"16129";"16";"1";"1";"7";"5";"0";"1";"1";"1";"0"
"16130";"79753105";"16130";"64";"1";"1";"7";"6";"0";"2";"0";"1";"0"
"16131";"79753105";"16131";"13";"1";"1";"7";"6";"0";"1";"1";"1";"0"
"16132";"79753105";"16132";"17";"1";"1";"2";"2";"0";"1";"1";"1";"0"
"16133";"79753105";"16133";"13";"1";"3";"1";"4";"0";"1";"1";"1";"0"
"16134";"79753105";"16134";"64";"5";"1";"7";"5";"0";"2";"1";"1";"0"
"16135";"79753105";"16135";"17";"1";"1";"7";"2";"1";"0";"1";"2";"0"
"16136";"79753105";"16136";"17";"1";"1";"7";"2";"0";"1";"2";"1";"0"
"16137";"79753105";"16137";"13";"3";"1";"7";"4";"1";"0";"1";"2";"0"
"16138";"79753105";"16138";"18";"1";"1";"2";"6";"0";"1";"1";"1";"0"
"16139";"79753105";"16139";"23";"1";"1";"7";"5";"0";"1";"1";"1";"0"
"16140";"79753105";"16140";"17";"3";"3";"2";"2";"1";"0";"2";"2";"0"
"16141";"79753105";"16141";"17";"1";"1";"7";"2";"0";"1";"1";"1";"0"
"16142";"79753105";"16142";"71";"1";"1";"7";"6";"0";"1";"1";"1";"0"
"16143";"79753105";"16143";"17";"3";"1";"7";"2";"0";"1";"1";"1";"0"
"16144";"79753106";"16144";"31";"1";"1";"7";"6";"0";"1";"1";"1";"0"
"16145";"79753106";"16145";"71";"1";"1";"7";"6";"0";"1";"1";"1";"0"
"16146";"79753106";"16146";"51";"1";"1";"7";"6";"0";"2";"1";"1";"0"
"16147";"79753107";"16147";"71";"3";"2";"2";"6";"0";"1";"1";"1";"0"
"16148";"79753107";"16148";"17";"3";"1";"7";"2";"0";"1";"1";"1";"0"
"16149";"79753107";"16149";"71";"1";"1";"7";"6";"0";"1";"1";"1";"0"
"16150";"79753108";"16150";"72";"1";"1";"7";"6";"0";"1";"1";"1";"0"
"16151";"79753108";"16151";"72";"1";"1";"7";"6";"1";"0";"2";"2";"0"
"16152";"79753201";"16152";"71";"1";"1";"1";"6";"0";"1";"1";"1";"0"
"16153";"79753203";"16153";"11";"1";"3";"2";"6";"0";"5";"1";"1";"0"
"16154";"79753203";"16154";"28";"3";"1";"7";"0";"0";"2";"0";"1";"0"
"16155";"79753203";"16155";"11";"3";"3";"2";"6";"0";"1";"1";"1";"0"
"16156";"79753203";"16156";"11";"1";"1";"7";"6";"0";"1";"2";"1";"0"
"16157";"79753203";"16157";"11";"1";"1";"7";"6";"0";"1";"1";"1";"0"
"16158";"79753203";"16158";"11";"1";"1";"7";"1";"1";"0";"1";"2";"0"
"16159";"79753203";"16159";"11";"3";"1";"7";"6";"0";"1";"1";"1";"0"
"16160";"79753203";"16160";"16";"1";"3";"1";"6";"0";"1";"1";"1";"0"
"16161";"79753203";"16161";"11";"1";"1";"1";"6";"0";"1";"1";"1";"0"
"16162";"79753203";"16162";"17";"4";"3";"1";"2";"0";"1";"1";"1";"0"
"16163";"79753203";"16163";"16";"5";"1";"7";"5";"1";"0";"1";"2";"0"
"16164";"79753203";"16164";"16";"5";"1";"7";"6";"0";"1";"2";"1";"0"
"16165";"79753203";"16165";"16";"5";"1";"7";"4";"0";"1";"1";"1";"0"
"16166";"79753203";"16166";"81";"3";"1";"7";"0";"1";"1";"0";"2";"0"
"16167";"79753203";"16167";"16";"5";"1";"7";"6";"0";"2";"1";"1";"0"