"accident_id";"lieu_id";"date_id";"cause_id";"lum_id";"intemp_id";"etat_surface_id";"impliq_id";"nb_blesses_graves";"nb_blesses_legers";"nb_indemnes";"gravite";"nb_morts"
"16168";"79753203";"16168";"16";"1";"3";"1";"4";"0";"1";"1";"1";"0"
"16169";"79753203";"16169";"16";"1";"3";"1";"5";"0";"1";"1";"1";"0"
"16170";"79753203";"16170";"16";"1";"1";"7";"6";"0";"1";"1";"1";"0"
"16171";"79753203";"16171";"64";"1";"1";"7";"6";"0";"2";"1";"1";"0"
"16172";"79753203";"16172";"16";"1";"1";"7";"6";"0";"1";"2";"1";"0"
"16173";"79753203";"16173";"16";"1";"3";"2";"6";"0";"2";"1";"1";"0"
"16174";"79753203";"16174";"16";"1";"1";"2";"6";"0";"1";"2";"1";"0"
"16175";"79753203";"16175";"11";"1";"1";"7";"5";"0";"1";"1";"1";"0"
"16176";"79753203";"16176";"17";"1";"3";"2";"2";"0";"1";"1";"1";"0"
"16177";"79753203";"16177";"16";"1";"1";"7";"6";"0";"1";"1";"1";"0"
"16178";"79753203";"16178";"81";"3";"1";"7";"6";"0";"1";"1";"1";"0"
"16179";"79753203";"16179";"51";"1";"1";"7";"6";"0";"2";"1";"1";"0"
"16180";"79753203";"16180";"16";"1";"2";"2";"5";"0";"2";"1";"1";"0"
"16181";"79753204";"16181";"14";"1";"1";"7";"7";"0";"1";"1";"1";"0"
"16182";"79753204";"16182";"52";"3";"1";"7";"0";"0";"1";"0";"1";"0"
"16183";"79753204";"16183";"14";"1";"1";"7";"6";"2";"0";"1";"2";"0"
"16184";"79753204";"16184";"14";"1";"1";"7";"6";"0";"1";"2";"1";"0"
"16185";"79753204";"16185";"14";"1";"1";"7";"4";"0";"1";"1";"1";"0"
"16186";"79753204";"16186";"14";"1";"1";"7";"6";"0";"2";"1";"1";"0"
"16187";"79753206";"16187";"17";"1";"1";"7";"1";"0";"1";"1";"1";"0"
"16188";"79753302";"16188";"21";"1";"1";"2";"6";"0";"1";"1";"1";"0"
"16189";"79753303";"13354";"17";"1";"1";"7";"1";"0";"1";"1";"1";"0"
"16190";"79753303";"16190";"13";"2";"1";"7";"3";"0";"1";"1";"1";"0"
"16191";"79753304";"16191";"13";"1";"1";"7";"4";"0";"1";"1";"1";"0"
"16192";"79753304";"16192";"17";"1";"1";"7";"2";"0";"1";"1";"1";"0"
"16193";"79753304";"16193";"17";"1";"1";"7";"2";"0";"1";"1";"1";"0"
"16194";"79753304";"16194";"16";"1";"1";"7";"4";"0";"1";"1";"1";"0"
"16195";"79753304";"16195";"24";"1";"1";"7";"4";"0";"1";"2";"1";"0"
"16196";"79753304";"16196";"21";"1";"1";"7";"3";"0";"1";"1";"1";"0"
"16197";"79753307";"16197";"13";"3";"4";"3";"6";"1";"0";"1";"2";"0"
"16198";"79753307";"16198";"13";"1";"1";"7";"6";"0";"1";"1";"1";"0"
"16199";"79753307";"16199";"13";"1";"1";"7";"6";"0";"3";"0";"1";"0"
"16200";"79753404";"16200";"71";"1";"1";"7";"6";"1";"0";"1";"2";"0"
"16201";"79753404";"16201";"13";"1";"3";"2";"6";"0";"1";"1";"1";"0"
"16202";"79753404";"16202";"71";"1";"1";"7";"6";"0";"1";"1";"1";"0"
"16203";"79753501";"16203";"11";"1";"3";"1";"6";"0";"1";"2";"1";"0"
"16204";"79753501";"16204";"81";"3";"1";"7";"0";"0";"1";"0";"1";"0"
"16205";"79753502";"16205";"52";"3";"1";"2";"2";"0";"4";"0";"1";"0"
"16206";"79753502";"16206";"11";"3";"3";"2";"6";"0";"2";"1";"1";"0"
"16207";"79753502";"16207";"52";"1";"1";"7";"0";"0";"1";"0";"1";"0"
"16208";"79753502";"16208";"16";"3";"1";"7";"6";"0";"1";"1";"1";"0"
"16209";"79753502";"16209";"14";"3";"1";"7";"6";"0";"1";"1";"1";"0"
"16210";"79753502";"16210";"41";"3";"7";"2";"6";"0";"1";"0";"1";"0"
"16211";"79753502";"15142";"11";"1";"1";"7";"6";"0";"1";"1";"1";"0"
"16212";"79753502";"16212";"11";"1";"3";"1";"6";"0";"1";"1";"1";"0"
"16213";"79753502";"16213";"16";"5";"1";"1";"6";"0";"1";"1";"1";"0"
"16214";"79753502";"16214";"52";"5";"3";"1";"0";"0";"3";"2";"1";"0"
"16215";"79753502";"16215";"18";"1";"1";"7";"5";"0";"2";"0";"1";"0"
"16216";"79753502";"16216";"14";"1";"1";"7";"6";"0";"2";"1";"1";"0"
"16217";"79753502";"16217";"41";"1";"1";"1";"3";"0";"1";"1";"1";"0"
"16218";"79753502";"16218";"11";"1";"1";"7";"6";"0";"1";"1";"1";"0"
"16219";"79753503";"16219";"71";"1";"1";"7";"6";"0";"2";"1";"1";"0"
"16220";"79753503";"16220";"42";"1";"1";"7";"6";"1";"0";"1";"2";"0"
"16221";"79753503";"16221";"11";"3";"1";"2";"6";"0";"2";"0";"1";"0"
"16222";"79753503";"16222";"11";"1";"1";"1";"6";"0";"2";"1";"1";"0"
"16223";"79753503";"16223";"11";"3";"1";"7";"6";"0";"0";"1";"3";"0"
"16224";"79753503";"16224";"11";"1";"1";"7";"6";"0";"1";"1";"1";"0"
"16225";"79753503";"16225";"11";"1";"1";"7";"6";"0";"1";"1";"1";"0"
"16226";"79753503";"16226";"81";"3";"1";"7";"6";"0";"1";"1";"1";"0"
"16227";"79753503";"16227";"16";"1";"1";"7";"4";"0";"1";"1";"1";"0"
"16228";"79753503";"16228";"16";"1";"1";"7";"5";"0";"1";"1";"1";"0"
"16229";"79753503";"16229";"42";"1";"1";"7";"6";"0";"2";"0";"1";"0"
"16230";"79753503";"16230";"51";"1";"1";"7";"6";"1";"0";"1";"2";"0"
"16231";"79753503";"16231";"11";"1";"1";"7";"6";"0";"1";"1";"1";"0"
"16232";"79753503";"16232";"11";"1";"3";"2";"6";"0";"2";"0";"1";"0"
"16233";"79753503";"16233";"11";"1";"1";"7";"6";"0";"2";"1";"1";"0"
"16234";"79753503";"16234";"85";"5";"1";"7";"6";"0";"1";"1";"1";"0"
"16235";"79753503";"16235";"11";"5";"3";"1";"6";"0";"2";"2";"1";"0"
"16236";"79753503";"16236";"11";"1";"1";"7";"6";"0";"1";"1";"1";"0"
"16237";"79753503";"16237";"11";"1";"1";"7";"4";"0";"1";"2";"1";"0"
"16238";"79753503";"16238";"11";"5";"1";"7";"6";"0";"1";"1";"1";"0"
"16239";"79753503";"16239";"11";"3";"1";"7";"6";"0";"1";"1";"1";"0"
"16240";"79753503";"11741";"71";"1";"1";"7";"6";"0";"1";"1";"1";"0"
"16241";"79753503";"16241";"16";"1";"1";"7";"5";"0";"1";"2";"1";"0"
"16242";"79753503";"16242";"42";"2";"1";"7";"3";"0";"1";"1";"1";"0"
"16243";"79753503";"16243";"11";"1";"1";"2";"6";"0";"1";"2";"1";"0"
"16244";"79753503";"16244";"42";"1";"1";"7";"3";"0";"1";"1";"1";"0"
"16245";"79753503";"16245";"11";"3";"3";"2";"6";"0";"1";"1";"1";"0"
"16246";"79753503";"16246";"11";"1";"1";"7";"5";"0";"1";"1";"1";"0"
"16247";"79753503";"16247";"51";"3";"1";"2";"6";"0";"1";"1";"1";"0"
"16248";"79753504";"4406";"81";"1";"1";"7";"6";"0";"2";"0";"1";"0"
"16249";"79753504";"16249";"18";"1";"1";"7";"6";"0";"1";"1";"1";"0"
"16250";"79753504";"16250";"11";"3";"1";"7";"6";"0";"1";"1";"1";"0"
"16251";"79753504";"7255";"11";"1";"1";"7";"6";"0";"2";"2";"1";"0"
"16252";"79753504";"16252";"17";"5";"6";"7";"2";"0";"2";"1";"1";"0"
"16253";"79753504";"16253";"11";"4";"1";"7";"2";"1";"0";"1";"2";"0"
"16254";"79753504";"16254";"42";"1";"1";"7";"6";"0";"2";"0";"1";"0"
"16255";"79753504";"16255";"11";"3";"1";"7";"6";"0";"1";"2";"1";"0"
"16256";"79753504";"16256";"11";"1";"1";"7";"6";"0";"2";"0";"1";"0"
"16257";"79753504";"16257";"24";"1";"1";"7";"2";"0";"1";"1";"1";"0"
"16258";"79753504";"16258";"23";"2";"1";"7";"6";"0";"1";"1";"1";"0"
"16259";"79754101";"16259";"19";"1";"1";"7";"6";"0";"1";"2";"1";"0"
"16260";"79754101";"16260";"19";"3";"1";"7";"6";"0";"7";"0";"1";"0"
"16261";"79754101";"16261";"13";"1";"1";"1";"6";"0";"1";"1";"1";"0"
"16262";"79754101";"16262";"41";"1";"1";"7";"6";"0";"1";"1";"1";"0"
"16263";"79754103";"16263";"13";"1";"1";"7";"6";"0";"2";"1";"1";"0"
"16264";"79754103";"16264";"19";"1";"1";"7";"6";"0";"1";"1";"1";"0"
"16265";"79754103";"16265";"19";"1";"3";"2";"6";"0";"1";"1";"1";"0"
"16266";"79754103";"16266";"14";"1";"3";"2";"6";"0";"1";"2";"1";"0"
"16267";"79754103";"16267";"19";"1";"1";"7";"6";"0";"1";"1";"1";"0"
"16268";"79754103";"16268";"19";"1";"1";"7";"6";"0";"1";"1";"1";"0"
"16269";"79754103";"16269";"14";"3";"3";"2";"6";"0";"1";"1";"1";"0"
"16270";"79754103";"16270";"13";"3";"3";"2";"6";"0";"2";"1";"1";"0"
"16271";"79754103";"16271";"13";"1";"1";"7";"6";"2";"0";"2";"2";"0"
"16272";"79754103";"16272";"13";"1";"3";"1";"6";"0";"4";"0";"1";"0"
"16273";"79754103";"16273";"13";"4";"1";"7";"6";"0";"1";"2";"1";"0"
"16274";"79754103";"16274";"41";"3";"1";"7";"6";"0";"1";"1";"1";"0"
"16275";"79754105";"16275";"13";"2";"1";"7";"6";"0";"5";"0";"1";"0"
"16276";"79754105";"16276";"13";"3";"1";"7";"6";"0";"1";"2";"1";"0"
"16277";"79754105";"16277";"13";"1";"1";"7";"6";"2";"0";"1";"2";"0"
"16278";"79754105";"16278";"13";"1";"1";"7";"6";"0";"1";"1";"1";"0"
"16279";"79754105";"16279";"13";"1";"1";"7";"6";"0";"2";"2";"1";"0"
"16280";"79754105";"16280";"13";"5";"1";"7";"6";"0";"1";"2";"1";"0"
"16281";"79754105";"16281";"13";"3";"1";"7";"6";"0";"1";"2";"1";"0"
"16282";"79754105";"16282";"13";"3";"3";"1";"6";"0";"1";"2";"1";"0"
"16283";"79754105";"16283";"13";"1";"1";"7";"6";"0";"2";"1";"1";"0"
"16284";"79754105";"16284";"13";"1";"2";"2";"6";"0";"1";"1";"1";"0"
"16285";"79754202";"16285";"14";"1";"1";"7";"6";"0";"3";"0";"1";"0"
"16286";"79754202";"16286";"14";"1";"1";"7";"6";"0";"1";"1";"1";"0"
"16287";"79754203";"16287";"17";"1";"1";"7";"2";"0";"1";"1";"1";"0"
"16288";"79754204";"16288";"71";"3";"1";"7";"6";"0";"1";"1";"1";"0"
"16289";"79754302";"11299";"17";"3";"1";"7";"2";"0";"1";"1";"1";"0"
"16290";"79754302";"16290";"71";"1";"1";"7";"6";"0";"1";"1";"1";"0"
"16291";"79754302";"16291";"13";"1";"1";"7";"5";"0";"1";"2";"1";"0"
"16292";"79754304";"16292";"17";"2";"1";"2";"2";"0";"1";"1";"1";"0"
"16293";"79754305";"16293";"31";"1";"1";"7";"6";"0";"1";"1";"1";"0"
"16294";"79754305";"16294";"11";"3";"1";"7";"6";"0";"1";"2";"1";"0"
"16295";"79754305";"16295";"81";"3";"1";"7";"6";"1";"1";"2";"2";"0"
"16296";"79754305";"16296";"17";"1";"3";"1";"2";"0";"1";"1";"1";"0"
"16297";"79754305";"16297";"16";"3";"1";"7";"4";"0";"1";"1";"1";"0"
"16298";"79754402";"16298";"17";"1";"1";"7";"1";"0";"1";"1";"1";"0"
"16299";"79754403";"16299";"41";"1";"1";"7";"6";"0";"1";"1";"1";"0"
"16300";"79754403";"16300";"71";"1";"1";"7";"6";"0";"1";"1";"1";"0"
"16301";"79754403";"16301";"11";"3";"1";"7";"6";"0";"2";"2";"1";"0"
"16302";"79754403";"16302";"71";"2";"3";"2";"6";"1";"0";"1";"2";"0"
"16303";"79754507";"16303";"16";"1";"1";"7";"4";"0";"1";"1";"1";"0"
"16304";"79754507";"16304";"85";"3";"1";"7";"6";"0";"1";"1";"1";"0"
"16305";"79754507";"16305";"51";"1";"1";"7";"6";"0";"1";"1";"1";"0"
"16306";"79754507";"16306";"81";"3";"1";"7";"6";"0";"1";"1";"1";"0"
"16307";"79754508";"16307";"71";"3";"1";"7";"6";"0";"1";"1";"1";"0"
"16308";"79754508";"16308";"18";"1";"1";"7";"6";"0";"1";"2";"1";"0"
"16309";"79754508";"16309";"19";"1";"1";"7";"5";"0";"2";"0";"1";"0"
"16310";"79755102";"16310";"52";"1";"1";"2";"6";"0";"1";"1";"1";"0"
"16311";"79755105";"16311";"14";"1";"1";"7";"4";"0";"1";"1";"1";"0"
"16312";"79755105";"16312";"13";"1";"1";"7";"6";"0";"1";"1";"1";"0"
"16313";"79755107";"16313";"17";"2";"1";"7";"1";"0";"1";"1";"1";"0"
"16314";"79755107";"16314";"51";"1";"3";"2";"6";"0";"1";"2";"1";"0"
"16315";"79755107";"16315";"71";"1";"1";"7";"6";"0";"1";"1";"1";"0"
"16316";"79755108";"16316";"13";"3";"1";"7";"6";"0";"1";"1";"1";"0"
"16317";"79755109";"16317";"35";"1";"1";"7";"4";"0";"1";"1";"1";"0"
"16318";"79755109";"16318";"17";"5";"3";"1";"1";"0";"1";"1";"1";"0"
"16319";"79755203";"16319";"71";"1";"1";"7";"6";"0";"1";"1";"1";"0"
"16320";"79755203";"16320";"61";"1";"1";"7";"3";"0";"1";"1";"1";"0"
"16321";"79755203";"16321";"71";"1";"1";"7";"6";"0";"1";"1";"1";"0"
"16322";"79755208";"16322";"71";"1";"1";"7";"6";"0";"1";"1";"1";"0"
"16323";"79755303";"16323";"17";"3";"1";"7";"2";"0";"1";"1";"1";"0"
"16324";"79755305";"16324";"19";"3";"2";"2";"6";"0";"2";"2";"1";"0"
"16325";"79755401";"16325";"51";"3";"1";"7";"6";"0";"1";"1";"1";"0"
"16326";"79755401";"16326";"24";"1";"1";"7";"2";"0";"1";"1";"1";"0"
"16327";"79755404";"16327";"14";"1";"1";"7";"6";"0";"1";"1";"1";"0"
"16328";"79755404";"16328";"11";"1";"1";"7";"7";"0";"0";"3";"3";"1"
"16329";"79755404";"16329";"72";"1";"1";"7";"6";"0";"1";"1";"1";"0"
"16330";"79755404";"16330";"11";"1";"1";"7";"6";"0";"3";"0";"1";"0"
"16331";"79755404";"16331";"15";"3";"1";"7";"6";"0";"4";"0";"1";"0"
"16332";"79755404";"16332";"11";"3";"1";"7";"6";"0";"1";"2";"1";"0"
"16333";"79755404";"16333";"11";"1";"1";"7";"6";"0";"1";"1";"1";"0"
"16334";"79755404";"16334";"17";"1";"1";"2";"2";"0";"1";"1";"1";"0"
"16335";"79755404";"16335";"11";"3";"1";"7";"6";"0";"1";"1";"1";"0"
"16336";"79755404";"16336";"11";"1";"1";"7";"6";"0";"1";"1";"1";"0"
"16337";"79755404";"16337";"11";"4";"1";"7";"6";"0";"1";"2";"1";"0"
"16338";"79755404";"16338";"11";"1";"1";"7";"6";"0";"3";"0";"1";"0"
"16339";"79755404";"16339";"11";"1";"2";"1";"6";"0";"2";"0";"1";"0"
"16340";"79755404";"16340";"24";"1";"1";"7";"2";"0";"1";"1";"1";"0"
"16341";"79755404";"16341";"11";"3";"1";"7";"6";"0";"4";"0";"1";"0"
"16342";"79755501";"16342";"13";"1";"1";"7";"3";"0";"1";"1";"1";"0"
"16343";"79755505";"16343";"13";"1";"1";"7";"6";"0";"1";"0";"1";"0"
"16344";"79755507";"16344";"11";"3";"1";"7";"6";"0";"1";"1";"1";"0"
"16345";"79755507";"16345";"81";"3";"1";"7";"6";"0";"1";"1";"1";"0"
"16346";"79755507";"16346";"14";"3";"1";"7";"6";"0";"2";"2";"1";"0"
"16347";"79755507";"16347";"11";"3";"1";"7";"6";"0";"3";"0";"1";"0"
"16348";"79756101";"16348";"16";"1";"1";"7";"6";"0";"1";"1";"1";"0"
"16349";"79756103";"16349";"17";"1";"1";"7";"2";"0";"1";"1";"1";"0"
"16350";"79756103";"5778";"17";"1";"1";"7";"2";"0";"1";"1";"1";"0"
"16351";"79756104";"16351";"81";"3";"1";"7";"0";"0";"4";"0";"1";"0"
"16352";"79756104";"16352";"19";"1";"1";"7";"4";"0";"1";"1";"1";"0"
"16353";"79756106";"16353";"71";"2";"1";"7";"6";"0";"1";"1";"1";"0"
"16354";"79756107";"16354";"72";"1";"1";"7";"6";"0";"1";"1";"1";"0"
"16355";"79756107";"16355";"19";"3";"1";"7";"6";"0";"1";"1";"1";"0"
"16356";"79756108";"16356";"52";"5";"1";"7";"0";"0";"1";"0";"1";"0"
"16357";"79756302";"7131";"11";"1";"1";"7";"6";"0";"1";"1";"1";"0"
"16358";"79756302";"16358";"71";"1";"1";"7";"6";"0";"1";"1";"1";"0"
"16359";"79756302";"16359";"81";"1";"1";"7";"6";"0";"2";"2";"1";"0"
"16360";"79756305";"16360";"63";"1";"1";"7";"2";"0";"1";"1";"1";"0"
"16361";"79756306";"16361";"13";"1";"1";"7";"6";"0";"1";"2";"1";"0"
"16362";"79756307";"16362";"14";"3";"1";"7";"6";"0";"1";"1";"1";"0"
"16363";"79756307";"16363";"14";"3";"3";"2";"6";"0";"1";"1";"1";"0"
"16364";"79756402";"16364";"17";"1";"1";"7";"2";"0";"1";"1";"1";"0"
"16365";"79756402";"16365";"71";"1";"1";"7";"6";"0";"1";"1";"1";"0"
"16366";"79756402";"16366";"81";"2";"1";"7";"6";"0";"1";"1";"1";"0"
"16367";"79756403";"16367";"71";"1";"1";"7";"6";"0";"1";"1";"1";"0"
"16368";"79756403";"16368";"13";"1";"1";"7";"4";"0";"1";"1";"1";"0"
"16369";"79756501";"16369";"71";"1";"1";"7";"6";"1";"0";"1";"2";"0"
"16370";"79756501";"16370";"17";"1";"1";"7";"2";"0";"1";"1";"1";"0"
"16371";"79756501";"16371";"17";"1";"1";"7";"2";"0";"1";"1";"1";"0"
"16372";"79756503";"16372";"17";"3";"1";"7";"2";"0";"1";"1";"1";"0"
"16373";"79756505";"16373";"13";"1";"1";"7";"3";"0";"1";"1";"1";"0"
"16374";"79756505";"16374";"13";"3";"3";"2";"5";"1";"0";"1";"2";"0"
"16375";"79756505";"16375";"13";"1";"1";"7";"6";"0";"1";"1";"1";"0"
"16376";"79756505";"16376";"13";"3";"1";"7";"6";"0";"3";"0";"1";"0"
"16377";"79756505";"16377";"13";"3";"1";"7";"6";"0";"1";"1";"1";"0"
"16378";"79756505";"16378";"13";"1";"1";"7";"6";"0";"2";"1";"1";"0"
"16379";"79756505";"16379";"13";"1";"1";"7";"6";"0";"1";"1";"1";"0"
"16380";"79756505";"16380";"13";"3";"1";"7";"3";"0";"1";"1";"1";"0"
"16381";"79756513";"16381";"14";"3";"1";"7";"5";"1";"1";"0";"2";"0"
"16382";"79757102";"16382";"21";"1";"1";"7";"6";"1";"0";"1";"2";"0"
"16383";"79757103";"16383";"16";"1";"1";"7";"4";"0";"1";"1";"1";"0"
"16384";"79757201";"16384";"13";"1";"1";"7";"5";"1";"0";"1";"2";"0"
"16385";"79757201";"16385";"13";"1";"1";"7";"4";"0";"1";"1";"1";"0"
"16386";"79757201";"16386";"17";"1";"1";"7";"2";"0";"1";"1";"1";"0"
"16387";"79757201";"16387";"13";"1";"1";"7";"6";"2";"1";"0";"2";"0"
"16388";"79757201";"16388";"17";"1";"1";"7";"1";"0";"1";"1";"1";"0"
"16389";"79757201";"16389";"17";"1";"1";"7";"2";"0";"1";"1";"1";"0"
"16390";"79757201";"16390";"17";"1";"1";"7";"2";"0";"1";"2";"1";"0"
"16391";"79757201";"16391";"17";"1";"1";"7";"2";"0";"1";"1";"1";"0"
"16392";"79757201";"16392";"13";"1";"1";"7";"5";"0";"1";"1";"1";"0"
"16393";"79757201";"16393";"17";"1";"1";"7";"1";"0";"1";"1";"1";"0"
"16394";"79757202";"16394";"74";"1";"1";"7";"6";"0";"1";"1";"1";"0"
"16395";"79757203";"16395";"13";"1";"3";"2";"7";"0";"1";"1";"1";"0"
"16396";"79757203";"16396";"82";"3";"1";"7";"6";"0";"1";"2";"1";"0"
"16397";"79757204";"16397";"14";"3";"1";"7";"6";"0";"1";"1";"1";"0"
"16398";"79757204";"16398";"13";"1";"2";"7";"6";"0";"1";"2";"1";"0"
"16399";"79757205";"16399";"17";"3";"3";"2";"2";"0";"1";"1";"1";"0"
"16400";"79757206";"16400";"16";"1";"1";"7";"4";"0";"2";"1";"1";"0"
"16401";"79757206";"16401";"17";"4";"7";"7";"2";"1";"0";"1";"2";"0"
"16402";"79757206";"16402";"24";"5";"1";"1";"6";"0";"1";"2";"1";"0"
"16403";"79757206";"16403";"16";"2";"1";"7";"4";"0";"1";"0";"1";"0"
"16404";"79757301";"16404";"11";"1";"1";"7";"4";"1";"0";"1";"2";"0"
"16405";"79757301";"16405";"11";"3";"1";"7";"6";"0";"2";"0";"1";"0"
"16406";"79757301";"16406";"16";"1";"1";"7";"5";"0";"1";"1";"1";"0"
"16407";"79757301";"16407";"11";"5";"1";"7";"6";"1";"0";"1";"2";"0"
"16408";"79757301";"16408";"15";"1";"1";"7";"6";"0";"2";"2";"1";"0"
"16409";"79757301";"16409";"16";"3";"1";"7";"6";"0";"1";"2";"1";"0"
"16410";"79757301";"16410";"52";"1";"1";"7";"6";"0";"1";"2";"1";"0"
"16411";"79757301";"16411";"16";"3";"1";"7";"6";"0";"3";"2";"1";"0"
"16412";"79757301";"16412";"16";"2";"3";"2";"6";"0";"1";"1";"1";"0"
"16413";"79757301";"16413";"11";"3";"1";"2";"3";"0";"1";"1";"1";"0"
"16414";"79757301";"16414";"35";"1";"1";"7";"4";"0";"1";"1";"1";"0"
"16415";"79757302";"16415";"13";"1";"3";"2";"6";"0";"1";"1";"1";"0"
"16416";"79757302";"16416";"13";"1";"1";"7";"6";"0";"1";"1";"1";"0"
"16417";"79757303";"16417";"13";"1";"1";"7";"5";"0";"1";"1";"1";"0"
"16418";"79757303";"16418";"13";"1";"3";"2";"6";"0";"1";"1";"1";"0"
"16419";"79757307";"16419";"16";"1";"1";"7";"4";"0";"1";"1";"1";"0"
"16420";"79757307";"16420";"13";"1";"1";"7";"4";"0";"1";"1";"1";"0"
"16421";"79757307";"16421";"64";"1";"1";"7";"6";"0";"1";"1";"1";"0"
"16422";"79757307";"16422";"17";"1";"1";"7";"2";"0";"1";"1";"1";"0"
"16423";"79757307";"16423";"71";"1";"1";"7";"6";"0";"1";"1";"1";"0"
"16424";"79757307";"7008";"17";"3";"3";"2";"2";"0";"1";"1";"1";"0"
"16425";"79757307";"16425";"17";"1";"1";"7";"2";"1";"1";"1";"2";"0"
"16426";"79757307";"16426";"13";"1";"1";"7";"5";"0";"1";"1";"1";"0"
"16427";"79757403";"16427";"14";"1";"1";"7";"4";"0";"1";"1";"1";"0"
"16428";"79757403";"16428";"14";"1";"3";"2";"6";"0";"2";"0";"1";"0"
"16429";"79757403";"16429";"13";"1";"1";"7";"6";"0";"1";"1";"1";"0"
"16430";"79757501";"16430";"24";"1";"1";"7";"2";"1";"0";"1";"2";"0"
"16431";"79757503";"16431";"16";"1";"1";"7";"6";"0";"2";"0";"1";"0"
"16432";"79757503";"16432";"14";"1";"1";"7";"6";"0";"2";"1";"1";"0"
"16433";"79757503";"16433";"11";"1";"1";"7";"6";"0";"1";"1";"1";"0"
"16434";"79757503";"16434";"11";"1";"1";"7";"6";"0";"1";"3";"1";"0"
"16435";"79757503";"16435";"81";"3";"3";"1";"6";"0";"2";"0";"1";"0"
"16436";"79757503";"16436";"72";"3";"1";"7";"6";"0";"1";"1";"1";"0"
"16437";"79757505";"16437";"11";"1";"1";"7";"6";"0";"1";"1";"1";"0"
"16438";"79757505";"16438";"11";"3";"1";"7";"6";"0";"2";"1";"1";"0"
"16439";"79757505";"16439";"81";"3";"1";"7";"6";"0";"5";"0";"1";"0"
"16440";"79757505";"16440";"11";"3";"1";"7";"6";"0";"1";"1";"1";"0"
"16441";"79757505";"16441";"11";"3";"1";"7";"6";"0";"2";"0";"1";"0"
"16442";"79757505";"16442";"81";"3";"1";"7";"4";"0";"1";"1";"1";"0"
"16443";"79757505";"16443";"14";"3";"2";"1";"6";"0";"4";"0";"1";"0"
"16444";"79757505";"16444";"81";"3";"1";"7";"6";"0";"3";"1";"1";"0"
"16445";"79757505";"16445";"18";"1";"1";"7";"6";"0";"1";"1";"1";"0"
"16446";"79757505";"16446";"18";"3";"1";"7";"6";"0";"1";"1";"1";"0"
"16447";"79757505";"16447";"11";"1";"1";"7";"6";"0";"1";"1";"1";"0"
"16448";"79757505";"16448";"11";"3";"1";"7";"6";"0";"1";"1";"1";"0"
"16449";"79757505";"16449";"20";"3";"3";"1";"2";"0";"1";"1";"1";"0"
"16450";"79757505";"16450";"11";"3";"1";"7";"6";"0";"1";"1";"1";"0"
"16451";"79757505";"16451";"11";"1";"1";"7";"6";"1";"4";"0";"3";"1"
"16452";"79757505";"16452";"11";"2";"1";"7";"6";"1";"0";"1";"2";"0"
"16453";"79757505";"16453";"17";"1";"1";"7";"2";"0";"1";"1";"1";"0"
"16454";"79757508";"16454";"18";"1";"1";"7";"4";"0";"1";"1";"1";"0"
"16455";"79757508";"16455";"81";"3";"1";"7";"6";"0";"1";"1";"1";"0"
"16456";"79757508";"16456";"81";"3";"1";"7";"6";"0";"1";"1";"1";"0"
"16457";"79757508";"16457";"71";"3";"1";"7";"6";"1";"1";"1";"2";"0"
"16458";"79757508";"16458";"52";"3";"1";"7";"0";"0";"1";"0";"1";"0"
"16459";"79757509";"16459";"52";"1";"1";"7";"6";"0";"1";"1";"1";"0"
"16460";"79757509";"16460";"81";"3";"1";"7";"6";"1";"0";"2";"2";"0"
"16461";"79761206";"16461";"14";"1";"1";"7";"6";"0";"3";"1";"1";"0"
"16462";"79761209";"16462";"73";"1";"1";"7";"6";"0";"1";"1";"1";"0"
"16463";"79761209";"16463";"72";"1";"1";"7";"6";"0";"0";"1";"3";"0"
"16464";"79761301";"16464";"11";"1";"1";"2";"6";"0";"1";"1";"1";"0"
"16465";"79761301";"16465";"11";"1";"1";"7";"6";"0";"1";"1";"1";"0"
"16466";"79761301";"16466";"11";"3";"3";"1";"6";"0";"1";"1";"1";"0"
"16467";"79761301";"16467";"11";"5";"3";"1";"6";"0";"1";"1";"1";"0"
"16468";"79761301";"16468";"81";"3";"1";"7";"6";"0";"2";"0";"1";"0"
"16469";"79761303";"16469";"22";"1";"1";"7";"6";"0";"1";"1";"1";"0"
"16470";"79761303";"16470";"11";"3";"1";"7";"6";"0";"2";"1";"1";"0"
"16471";"79761303";"16471";"81";"3";"1";"7";"0";"0";"1";"0";"1";"0"
"16472";"79761310";"16472";"11";"1";"1";"7";"6";"0";"1";"1";"1";"0"
"16473";"79761310";"16473";"11";"1";"1";"7";"7";"0";"1";"1";"1";"0"
"16474";"79761310";"16474";"11";"1";"1";"7";"4";"1";"1";"1";"2";"0"
"16475";"79762101";"16475";"19";"1";"1";"7";"6";"1";"0";"1";"2";"0"
"16476";"79762101";"16476";"19";"1";"1";"2";"6";"0";"2";"1";"1";"0"
"16477";"79762101";"16477";"19";"3";"3";"2";"6";"0";"2";"0";"1";"0"