"accident_id";"lieu_id";"date_id";"cause_id";"lum_id";"intemp_id";"etat_surface_id";"impliq_id";"nb_blesses_graves";"nb_blesses_legers";"nb_indemnes";"gravite";"nb_morts"
"16478";"79762101";"16478";"19";"1";"1";"7";"6";"0";"2";"1";"1";"0"
"16479";"79762101";"16479";"19";"3";"1";"7";"6";"0";"1";"1";"1";"0"
"16480";"79762101";"16480";"19";"1";"1";"7";"6";"0";"1";"1";"1";"0"
"16481";"79762101";"16481";"19";"3";"1";"7";"6";"0";"1";"2";"1";"0"
"16482";"79762101";"16482";"19";"1";"1";"2";"6";"0";"1";"2";"1";"0"
"16483";"79762101";"16483";"19";"3";"1";"7";"6";"0";"2";"0";"1";"0"
"16484";"79762101";"16484";"19";"1";"1";"7";"4";"0";"1";"1";"1";"0"
"16485";"79762101";"16485";"19";"1";"1";"7";"6";"0";"1";"1";"1";"0"
"16486";"79762101";"16486";"19";"1";"1";"7";"6";"0";"2";"2";"1";"0"
"16487";"79762101";"16487";"19";"1";"1";"7";"6";"0";"3";"2";"1";"0"
"16488";"79762101";"16488";"19";"3";"3";"1";"4";"0";"1";"1";"1";"0"
"16489";"79762101";"16489";"19";"1";"3";"1";"6";"0";"3";"2";"1";"0"
"16490";"79762101";"16490";"19";"5";"2";"1";"6";"0";"5";"2";"1";"0"
"16491";"79762101";"16491";"19";"5";"1";"7";"6";"0";"1";"2";"1";"0"
"16492";"79762101";"16492";"19";"2";"1";"7";"6";"0";"2";"2";"1";"0"
"16493";"79762101";"16493";"19";"1";"1";"7";"6";"0";"4";"2";"1";"0"
"16494";"79762101";"16494";"19";"3";"1";"7";"6";"0";"2";"2";"1";"0"
"16495";"79762101";"16495";"19";"1";"1";"7";"6";"0";"2";"0";"1";"0"
"16496";"79762101";"16496";"19";"3";"2";"1";"6";"0";"1";"1";"1";"0"
"16497";"79762101";"16497";"19";"1";"1";"7";"6";"0";"2";"1";"1";"0"
"16498";"79762101";"16498";"21";"1";"1";"7";"6";"0";"2";"2";"1";"0"
"16499";"79762102";"16499";"16";"1";"1";"7";"4";"0";"1";"1";"1";"0"
"16500";"79762102";"16500";"61";"1";"1";"7";"3";"0";"1";"1";"1";"0"
"16501";"79762103";"16501";"11";"1";"1";"7";"6";"1";"0";"1";"2";"0"
"16502";"79762103";"16502";"11";"3";"1";"7";"6";"0";"1";"2";"1";"0"
"16503";"79762103";"16503";"52";"3";"6";"6";"6";"0";"1";"2";"1";"0"
"16504";"79762103";"16504";"11";"1";"1";"7";"6";"0";"2";"0";"1";"0"
"16505";"79762103";"16505";"11";"1";"1";"7";"6";"0";"4";"0";"1";"0"
"16506";"79762103";"16506";"11";"1";"1";"7";"6";"0";"2";"1";"1";"0"
"16507";"79762202";"16507";"71";"1";"1";"7";"6";"0";"1";"1";"1";"0"
"16508";"79762202";"16508";"11";"3";"1";"7";"6";"2";"4";"0";"2";"0"
"16509";"79762202";"16509";"11";"1";"3";"2";"6";"0";"1";"1";"1";"0"
"16510";"79762202";"16510";"11";"1";"1";"7";"6";"0";"1";"1";"1";"0"
"16511";"79762202";"16511";"51";"1";"1";"7";"6";"0";"1";"1";"1";"0"
"16512";"79762302";"16512";"19";"1";"1";"7";"6";"0";"1";"1";"1";"0"
"16513";"79762302";"16513";"19";"3";"1";"7";"4";"0";"1";"1";"1";"0"
"16514";"79762303";"16514";"51";"1";"1";"7";"6";"0";"2";"1";"1";"0"
"16515";"79762309";"16515";"81";"3";"1";"7";"5";"0";"1";"2";"1";"0"
"16516";"79762401";"16516";"85";"3";"1";"7";"6";"0";"1";"1";"1";"0"
"16517";"79763201";"16517";"11";"1";"1";"7";"6";"0";"2";"0";"1";"0"
"16518";"79763201";"16518";"16";"3";"1";"1";"4";"0";"1";"1";"1";"0"
"16519";"79763202";"16519";"71";"1";"3";"1";"6";"0";"1";"1";"1";"0"
"16520";"79763204";"16520";"19";"1";"1";"7";"6";"0";"1";"2";"1";"0"
"16521";"79763204";"16521";"19";"1";"3";"2";"4";"1";"0";"1";"2";"0"
"16522";"79763204";"16522";"19";"3";"1";"7";"6";"0";"1";"1";"1";"0"
"16523";"79763204";"16523";"19";"1";"3";"1";"6";"0";"2";"0";"1";"0"
"16524";"79763204";"16524";"19";"1";"1";"7";"5";"0";"1";"1";"1";"0"
"16525";"79763204";"16525";"19";"2";"1";"7";"3";"0";"1";"1";"1";"0"
"16526";"79763204";"411";"19";"1";"1";"7";"6";"0";"1";"1";"1";"0"
"16527";"79763301";"16527";"34";"2";"1";"7";"6";"0";"1";"1";"1";"0"
"16528";"79763301";"16528";"17";"1";"1";"7";"1";"0";"1";"1";"1";"0"
"16529";"79763307";"16529";"19";"1";"1";"7";"5";"0";"1";"1";"1";"0"
"16530";"79763307";"16530";"19";"1";"2";"1";"6";"0";"1";"1";"1";"0"
"16531";"79763307";"16531";"17";"1";"1";"7";"1";"0";"1";"1";"1";"0"
"16532";"79763316";"16532";"71";"1";"1";"7";"6";"0";"1";"1";"1";"0"
"16533";"79763401";"16533";"71";"1";"1";"7";"6";"0";"1";"1";"1";"0"
"16534";"79763402";"16534";"41";"3";"1";"7";"6";"0";"2";"2";"1";"0"
"16535";"79763402";"16535";"52";"5";"1";"7";"0";"0";"2";"0";"1";"0"
"16536";"79763402";"16536";"81";"3";"1";"7";"0";"0";"1";"1";"1";"0"
"16537";"79764101";"16537";"11";"1";"2";"2";"6";"0";"1";"1";"1";"0"
"16538";"79764101";"16538";"12";"1";"1";"7";"6";"0";"3";"2";"1";"0"
"16539";"79764101";"16539";"11";"1";"1";"7";"6";"0";"1";"1";"1";"0"
"16540";"79764101";"16540";"81";"3";"3";"2";"6";"0";"1";"1";"1";"0"
"16541";"79764101";"16541";"11";"1";"3";"2";"6";"0";"1";"1";"1";"0"
"16542";"79764101";"16542";"11";"1";"1";"7";"7";"0";"1";"2";"1";"0"
"16543";"79764101";"16543";"11";"1";"1";"1";"6";"0";"1";"1";"1";"0"
"16544";"79764101";"16544";"81";"2";"1";"7";"6";"0";"5";"0";"1";"0"
"16545";"79764101";"16545";"11";"1";"1";"7";"6";"0";"4";"1";"1";"0"
"16546";"79764101";"16546";"11";"1";"1";"7";"6";"0";"1";"1";"1";"0"
"16547";"79764101";"16547";"81";"3";"1";"7";"6";"0";"1";"1";"1";"0"
"16548";"79764101";"8849";"42";"1";"3";"1";"6";"0";"2";"1";"1";"0"
"16549";"79764101";"16549";"11";"1";"1";"7";"6";"0";"2";"1";"1";"0"
"16550";"79764101";"16550";"11";"3";"3";"1";"6";"0";"1";"1";"1";"0"
"16551";"79764101";"16551";"81";"1";"1";"7";"6";"0";"2";"1";"1";"0"
"16552";"79764101";"16552";"11";"1";"1";"7";"2";"0";"1";"1";"1";"0"
"16553";"79764101";"16553";"11";"2";"1";"7";"6";"0";"1";"1";"1";"0"
"16554";"79764101";"16554";"17";"1";"1";"7";"4";"0";"1";"1";"1";"0"
"16555";"79764102";"16555";"72";"1";"1";"7";"6";"0";"1";"2";"1";"0"
"16556";"79764102";"16556";"19";"2";"1";"7";"4";"0";"1";"2";"1";"0"
"16557";"79764103";"16557";"11";"1";"1";"7";"6";"0";"1";"1";"1";"0"
"16558";"79764103";"16558";"11";"1";"1";"7";"6";"0";"1";"1";"1";"0"
"16559";"79764103";"16559";"42";"1";"1";"7";"4";"0";"1";"1";"1";"0"
"16560";"79764103";"16560";"11";"1";"1";"7";"6";"0";"1";"1";"1";"0"
"16561";"79764103";"16561";"11";"1";"2";"1";"6";"0";"1";"2";"1";"0"
"16562";"79764103";"16562";"11";"1";"1";"7";"6";"1";"0";"1";"2";"0"
"16563";"79764103";"16563";"42";"1";"1";"7";"6";"0";"1";"2";"1";"0"
"16564";"79764103";"16564";"11";"2";"1";"7";"6";"0";"1";"1";"1";"0"
"16565";"79764103";"16565";"42";"1";"1";"2";"6";"0";"1";"1";"1";"0"
"16566";"79764201";"16566";"11";"1";"1";"7";"6";"0";"2";"1";"1";"0"
"16567";"79764201";"16567";"35";"1";"1";"7";"3";"0";"1";"1";"1";"0"
"16568";"79764201";"16568";"11";"1";"2";"1";"6";"0";"1";"2";"1";"0"
"16569";"79764201";"16569";"51";"1";"1";"7";"6";"0";"2";"2";"1";"0"
"16570";"79764201";"16570";"63";"3";"2";"1";"6";"0";"1";"1";"1";"0"
"16571";"79764201";"16571";"71";"1";"1";"7";"6";"0";"1";"1";"1";"0"
"16572";"79764201";"16572";"42";"1";"1";"7";"3";"0";"1";"1";"1";"0"
"16573";"79764202";"16573";"11";"3";"3";"2";"6";"0";"3";"0";"1";"0"
"16574";"79764301";"16574";"41";"3";"1";"7";"6";"0";"2";"1";"1";"0"
"16575";"79764301";"16575";"41";"1";"1";"7";"6";"1";"0";"1";"2";"0"
"16576";"79764301";"16576";"18";"1";"1";"7";"5";"0";"1";"1";"1";"0"
"16577";"79764301";"16577";"51";"3";"3";"2";"6";"0";"1";"1";"1";"0"
"16578";"79764301";"16578";"41";"2";"1";"7";"4";"0";"1";"1";"1";"0"
"16579";"79764301";"16579";"11";"3";"1";"7";"6";"0";"2";"2";"1";"0"
"16580";"79764301";"16580";"35";"1";"1";"7";"3";"0";"0";"1";"3";"0"
"16581";"79764301";"16581";"18";"2";"3";"2";"6";"0";"1";"1";"1";"0"
"16582";"79764301";"16582";"31";"1";"1";"7";"6";"0";"1";"1";"1";"0"
"16583";"79764301";"16583";"81";"1";"1";"7";"2";"0";"1";"1";"1";"0"
"16584";"79764301";"16584";"11";"2";"6";"1";"6";"0";"1";"1";"1";"0"
"16585";"79764301";"16585";"41";"1";"1";"7";"6";"0";"4";"2";"1";"0"
"16586";"79764301";"16586";"11";"1";"1";"7";"6";"0";"3";"1";"1";"0"
"16587";"79764301";"16587";"11";"1";"1";"7";"6";"0";"1";"1";"1";"0"
"16588";"79764301";"16588";"17";"2";"1";"7";"3";"0";"1";"1";"1";"0"
"16589";"79764301";"16589";"11";"1";"1";"7";"6";"0";"1";"1";"1";"0"
"16590";"79764301";"16590";"11";"1";"1";"7";"6";"0";"1";"1";"1";"0"
"16591";"79764301";"16591";"71";"1";"1";"7";"6";"0";"1";"1";"1";"0"
"16592";"79764304";"16592";"11";"3";"1";"7";"6";"0";"1";"1";"1";"0"
"16593";"79764304";"16593";"11";"3";"1";"7";"6";"1";"0";"2";"2";"0"
"16594";"79764304";"16594";"11";"1";"1";"7";"6";"0";"1";"1";"1";"0"
"16595";"79764304";"16595";"11";"1";"1";"7";"6";"0";"2";"1";"1";"0"
"16596";"79764304";"16596";"11";"1";"3";"2";"6";"0";"1";"1";"1";"0"
"16597";"79764304";"16597";"11";"1";"2";"1";"6";"0";"1";"2";"1";"0"
"16598";"79764401";"16598";"51";"3";"1";"7";"4";"0";"1";"1";"1";"0"
"16599";"79764401";"16599";"52";"5";"3";"1";"0";"0";"4";"0";"1";"0"
"16600";"79765101";"16600";"11";"1";"1";"7";"6";"0";"1";"1";"1";"0"
"16601";"79765101";"16601";"11";"1";"1";"7";"6";"0";"2";"1";"1";"0"
"16602";"79765101";"7957";"71";"1";"1";"7";"6";"0";"1";"1";"1";"0"
"16603";"79765101";"16603";"11";"3";"1";"7";"6";"0";"1";"1";"1";"0"
"16604";"79765101";"16604";"18";"1";"1";"7";"4";"1";"0";"1";"2";"0"
"16605";"79765102";"16605";"11";"1";"1";"7";"6";"0";"2";"1";"1";"0"
"16606";"79765102";"16606";"42";"1";"1";"7";"5";"0";"1";"1";"1";"0"
"16607";"79765102";"16607";"16";"2";"1";"7";"6";"1";"0";"2";"2";"0"
"16608";"79765201";"16608";"13";"1";"1";"1";"5";"0";"1";"1";"1";"0"
"16609";"79765201";"16609";"51";"1";"3";"2";"6";"0";"1";"1";"1";"0"
"16610";"79765202";"16610";"21";"1";"1";"7";"6";"0";"1";"1";"1";"0"
"16611";"79765203";"16611";"72";"1";"1";"7";"6";"0";"1";"1";"1";"0"
"16612";"79765301";"16612";"52";"3";"3";"1";"0";"0";"1";"0";"1";"0"
"16613";"79765301";"16613";"17";"1";"1";"7";"2";"0";"1";"1";"1";"0"
"16614";"79765301";"16614";"17";"1";"1";"2";"2";"1";"0";"1";"2";"0"
"16615";"79765403";"16615";"11";"1";"6";"7";"6";"0";"1";"1";"1";"0"
"16616";"79765403";"16616";"11";"1";"1";"7";"6";"1";"0";"1";"2";"0"
"16617";"79765403";"16617";"17";"1";"1";"7";"2";"0";"1";"1";"1";"0"
"16618";"79765403";"16618";"11";"1";"1";"7";"3";"0";"1";"1";"1";"0"
"16619";"79765403";"16619";"31";"5";"1";"7";"4";"0";"1";"1";"1";"0"
"16620";"79765403";"16620";"81";"3";"1";"7";"6";"0";"3";"0";"1";"0"
"16621";"79765403";"16621";"11";"1";"1";"7";"5";"0";"1";"1";"1";"0"
"16622";"79765403";"16622";"11";"3";"1";"7";"6";"1";"0";"1";"2";"0"
"16623";"79765403";"16623";"81";"3";"3";"1";"6";"0";"4";"0";"1";"0"
"16624";"79765403";"16624";"11";"1";"1";"2";"6";"0";"0";"1";"3";"0"
"16625";"79765403";"16625";"11";"2";"3";"2";"6";"0";"1";"1";"1";"0"
"16626";"79765403";"16626";"41";"1";"1";"7";"6";"0";"1";"1";"1";"0"
"16627";"79765403";"16627";"17";"2";"3";"2";"4";"0";"1";"1";"1";"0"
"16628";"79765403";"16628";"17";"1";"1";"7";"4";"1";"0";"1";"2";"0"
"16629";"79765403";"16629";"17";"1";"1";"7";"3";"0";"1";"1";"1";"0"
"16630";"79765403";"16630";"17";"1";"1";"7";"4";"0";"1";"1";"1";"0"
"16631";"79765502";"16631";"52";"3";"1";"7";"2";"0";"1";"1";"1";"0"
"16632";"79765505";"16632";"51";"1";"1";"7";"6";"0";"1";"2";"1";"0"
"16633";"79765505";"16633";"81";"3";"1";"7";"6";"0";"2";"0";"1";"0"
"16634";"79765505";"16634";"81";"1";"1";"7";"4";"0";"1";"1";"1";"0"
"16635";"79766101";"16635";"13";"5";"3";"1";"6";"0";"3";"1";"1";"0"
"16636";"79766101";"16636";"13";"5";"3";"1";"6";"0";"2";"2";"1";"0"
"16637";"79766101";"16637";"13";"1";"3";"1";"6";"0";"1";"2";"1";"0"
"16638";"79766101";"16638";"13";"1";"1";"7";"6";"0";"1";"1";"1";"0"
"16639";"79766102";"16639";"11";"1";"1";"7";"2";"0";"1";"1";"1";"0"
"16640";"79766103";"16640";"52";"2";"1";"7";"2";"1";"0";"1";"2";"0"
"16641";"79766201";"16641";"18";"3";"1";"7";"6";"0";"1";"1";"1";"0"
"16642";"79766201";"16642";"11";"1";"1";"7";"4";"0";"0";"1";"3";"0"
"16643";"79766201";"16643";"11";"1";"1";"7";"6";"0";"1";"1";"1";"0"
"16644";"79766201";"16644";"18";"1";"1";"7";"6";"0";"1";"1";"1";"0"
"16645";"79766201";"16645";"11";"1";"1";"7";"6";"0";"1";"1";"1";"0"
"16646";"79766201";"16646";"41";"3";"1";"7";"6";"0";"2";"1";"1";"0"
"16647";"79766201";"16647";"16";"1";"1";"7";"4";"0";"1";"1";"1";"0"
"16648";"79766201";"16648";"16";"3";"1";"7";"6";"0";"2";"0";"1";"0"
"16649";"79766201";"16649";"16";"3";"1";"7";"6";"0";"1";"1";"1";"0"
"16650";"79766201";"16650";"16";"3";"1";"7";"4";"0";"1";"1";"1";"0"
"16651";"79766201";"16651";"17";"1";"3";"2";"2";"1";"0";"1";"2";"0"
"16652";"79766201";"16652";"16";"3";"1";"7";"5";"1";"0";"1";"2";"0"
"16653";"79766201";"16653";"17";"1";"1";"7";"2";"0";"1";"1";"1";"0"
"16654";"79766201";"16654";"11";"3";"1";"7";"6";"0";"1";"1";"1";"0"
"16655";"79766201";"16655";"16";"3";"1";"7";"6";"0";"2";"1";"1";"0"
"16656";"79766201";"16656";"18";"1";"1";"7";"4";"0";"1";"2";"1";"0"
"16657";"79766201";"16657";"11";"5";"1";"1";"6";"0";"4";"0";"1";"0"
"16658";"79766201";"16658";"16";"4";"1";"7";"6";"0";"1";"2";"1";"0"
"16659";"79766201";"16659";"18";"1";"1";"7";"6";"0";"1";"1";"1";"0"
"16660";"79766201";"16660";"16";"1";"3";"1";"6";"0";"2";"0";"1";"0"
"16661";"79766201";"16661";"51";"1";"7";"1";"6";"0";"1";"3";"1";"0"
"16662";"79766201";"16662";"11";"1";"1";"7";"6";"0";"2";"1";"1";"0"
"16663";"79766201";"16663";"16";"1";"3";"1";"6";"0";"1";"1";"1";"0"
"16664";"79766201";"16664";"16";"1";"1";"7";"6";"0";"2";"0";"1";"0"
"16665";"79766201";"16665";"17";"1";"1";"7";"2";"0";"1";"1";"1";"0"
"16666";"79766201";"16666";"24";"3";"1";"7";"2";"0";"2";"2";"1";"0"
"16667";"79766204";"16667";"23";"3";"1";"7";"6";"0";"1";"1";"1";"0"
"16668";"79766205";"16668";"11";"1";"1";"7";"6";"0";"2";"0";"1";"0"
"16669";"79766205";"16669";"16";"3";"1";"7";"5";"1";"2";"1";"2";"0"
"16670";"79766205";"16670";"27";"3";"1";"7";"0";"0";"1";"0";"1";"0"
"16671";"79766205";"16671";"11";"1";"1";"7";"6";"0";"2";"0";"1";"0"
"16672";"79766205";"16672";"11";"1";"1";"7";"6";"0";"1";"1";"1";"0"
"16673";"79766205";"16673";"11";"3";"1";"7";"6";"0";"1";"1";"1";"0"
"16674";"79766205";"16674";"11";"1";"1";"7";"5";"0";"1";"2";"1";"0"
"16675";"79766205";"16675";"16";"3";"1";"7";"5";"0";"1";"1";"1";"0"
"16676";"79766205";"16676";"16";"1";"1";"7";"4";"0";"1";"1";"1";"0"
"16677";"79766401";"16677";"11";"1";"1";"2";"6";"0";"1";"1";"1";"0"
"16678";"79766401";"16678";"42";"1";"3";"2";"6";"0";"1";"2";"1";"0"
"16679";"79766401";"16679";"42";"1";"1";"7";"7";"0";"0";"1";"3";"0"
"16680";"79766401";"16680";"35";"3";"1";"7";"4";"0";"1";"1";"1";"0"
"16681";"79766401";"16681";"51";"1";"1";"7";"6";"0";"2";"1";"1";"0"
"16682";"79766404";"16682";"51";"4";"1";"7";"6";"0";"2";"2";"1";"0"
"16683";"79766404";"16683";"15";"3";"1";"7";"5";"0";"2";"1";"1";"0"
"16684";"79766506";"16684";"51";"1";"1";"7";"6";"0";"1";"3";"1";"0"
"16685";"79766506";"16685";"51";"1";"1";"7";"6";"0";"1";"1";"1";"0"
"16686";"79766506";"16686";"11";"3";"1";"7";"5";"0";"1";"1";"1";"0"
"16687";"79766506";"16687";"52";"3";"2";"1";"0";"0";"1";"0";"1";"0"
"16688";"79766506";"16688";"41";"1";"1";"7";"5";"1";"0";"1";"2";"0"
"16689";"79766506";"16689";"23";"1";"1";"7";"6";"0";"2";"2";"1";"0"
"16690";"79766508";"16690";"51";"1";"1";"7";"6";"0";"1";"1";"1";"0"
"16691";"79767101";"16691";"11";"1";"1";"7";"6";"0";"1";"2";"1";"0"
"16692";"79767101";"16692";"11";"1";"1";"7";"4";"0";"1";"1";"1";"0"
"16693";"79767101";"16693";"63";"1";"3";"2";"4";"0";"2";"0";"1";"0"
"16694";"79767101";"16694";"11";"5";"1";"7";"5";"1";"0";"1";"2";"0"
"16695";"79767101";"16695";"11";"1";"1";"7";"6";"0";"1";"4";"1";"0"
"16696";"79767101";"16696";"11";"1";"1";"7";"6";"0";"2";"2";"1";"0"
"16697";"79767101";"16697";"11";"1";"3";"1";"6";"0";"2";"1";"1";"0"
"16698";"79767101";"16698";"11";"2";"2";"1";"6";"0";"1";"1";"1";"0"
"16699";"79767101";"16699";"51";"3";"1";"6";"6";"0";"1";"2";"1";"0"
"16700";"79767101";"16700";"11";"3";"1";"7";"6";"0";"1";"2";"1";"0"
"16701";"79767101";"16701";"81";"3";"1";"7";"6";"0";"2";"0";"1";"0"
"16702";"79767101";"16702";"11";"1";"1";"7";"6";"0";"1";"1";"1";"0"
"16703";"79767101";"16703";"72";"3";"1";"1";"6";"0";"1";"1";"1";"0"
"16704";"79767101";"16704";"11";"1";"1";"7";"6";"0";"1";"1";"1";"0"
"16705";"79767101";"16705";"11";"1";"1";"7";"6";"1";"0";"1";"2";"0"
"16706";"79767101";"16706";"11";"3";"1";"7";"6";"0";"4";"1";"1";"0"
"16707";"79767104";"16707";"41";"1";"3";"2";"6";"0";"2";"0";"1";"0"
"16708";"79767104";"16708";"17";"3";"1";"7";"2";"0";"1";"1";"1";"0"
"16709";"79767104";"16709";"11";"5";"1";"7";"2";"0";"2";"1";"1";"0"
"16710";"79767106";"16710";"14";"1";"1";"7";"6";"0";"2";"0";"1";"0"
"16711";"79767106";"16711";"14";"3";"1";"7";"6";"0";"1";"1";"1";"0"
"16712";"79767106";"16712";"14";"1";"1";"7";"6";"0";"1";"2";"1";"0"
"16713";"79767106";"16713";"14";"3";"1";"7";"6";"0";"2";"1";"1";"0"
"16714";"79767106";"16714";"14";"3";"3";"2";"6";"0";"1";"2";"1";"0"
"16715";"79767106";"16715";"14";"5";"1";"7";"6";"0";"1";"1";"1";"0"
"16716";"79767106";"16716";"14";"1";"1";"7";"6";"0";"2";"1";"1";"0"
"16717";"79767106";"16717";"14";"3";"1";"1";"6";"0";"1";"2";"1";"0"
"16718";"79767106";"16718";"14";"1";"3";"1";"6";"0";"3";"0";"1";"0"
"16719";"79767107";"16719";"64";"1";"3";"1";"4";"0";"1";"1";"1";"0"
"16720";"79767107";"16720";"64";"3";"1";"7";"6";"0";"2";"1";"1";"0"
"16721";"79767107";"16721";"64";"1";"1";"7";"5";"0";"1";"1";"1";"0"
"16722";"79767107";"16722";"64";"1";"1";"7";"4";"0";"1";"1";"1";"0"
"16723";"79767107";"16723";"81";"3";"1";"7";"6";"1";"0";"2";"2";"0"
"16724";"79767107";"16724";"64";"1";"1";"7";"5";"0";"1";"1";"1";"0"
"16725";"79767203";"16725";"11";"1";"1";"7";"6";"0";"1";"1";"1";"0"
"16726";"79767203";"16726";"11";"3";"3";"1";"6";"0";"3";"1";"1";"0"
"16727";"79767203";"4455";"11";"1";"1";"7";"6";"0";"1";"1";"1";"0"
"16728";"79767203";"16728";"15";"1";"1";"7";"6";"0";"1";"1";"1";"0"
"16729";"79767203";"16729";"11";"1";"1";"7";"5";"0";"1";"1";"1";"0"
"16730";"79767203";"16730";"11";"2";"1";"1";"5";"0";"1";"2";"1";"0"
"16731";"79767203";"16731";"11";"1";"1";"7";"6";"0";"1";"1";"1";"0"
"16732";"79767204";"16732";"17";"1";"1";"7";"2";"0";"2";"0";"1";"0"
"16733";"79767206";"16733";"81";"3";"1";"7";"6";"0";"1";"1";"1";"0"
"16734";"79767207";"16734";"71";"1";"1";"7";"6";"0";"1";"1";"1";"0"
"16735";"79767209";"16735";"15";"1";"1";"7";"6";"0";"1";"1";"1";"0"
"16736";"79767209";"16736";"14";"1";"3";"2";"6";"0";"1";"1";"1";"0"
"16737";"79767209";"16737";"71";"1";"1";"7";"6";"0";"1";"1";"1";"0"
"16738";"79767209";"16738";"15";"1";"1";"7";"6";"0";"1";"1";"1";"0"
"16739";"79767209";"16739";"16";"1";"1";"7";"6";"0";"2";"1";"1";"0"
"16740";"79767209";"16740";"11";"3";"1";"7";"6";"0";"2";"1";"1";"0"
"16741";"79767209";"16741";"16";"1";"1";"7";"6";"0";"1";"1";"1";"0"
"16742";"79767209";"6337";"17";"1";"1";"7";"2";"0";"2";"1";"1";"0"
"16743";"79767209";"16743";"11";"1";"1";"1";"6";"0";"1";"1";"1";"0"
"16744";"79767209";"16744";"81";"3";"1";"2";"0";"0";"1";"1";"1";"0"
"16745";"79767213";"16745";"11";"1";"1";"7";"6";"0";"1";"1";"1";"0"
"16746";"79767213";"16746";"11";"1";"1";"7";"6";"0";"1";"1";"1";"0"
"16747";"79767213";"16747";"16";"5";"1";"7";"5";"0";"1";"1";"1";"0"
"16748";"79767301";"16748";"42";"3";"1";"7";"6";"0";"2";"2";"1";"0"
"16749";"79767301";"16749";"11";"1";"1";"7";"6";"0";"1";"1";"1";"0"
"16750";"79767301";"16750";"11";"1";"1";"7";"2";"0";"1";"1";"1";"0"
"16751";"79767301";"16751";"11";"3";"1";"7";"6";"1";"0";"1";"2";"0"
"16752";"79767301";"16752";"11";"1";"1";"7";"6";"0";"1";"1";"1";"0"
"16753";"79767301";"16753";"18";"2";"1";"7";"2";"0";"1";"2";"1";"0"
"16754";"79767301";"16754";"18";"1";"1";"7";"6";"0";"2";"1";"1";"0"
"16755";"79767301";"16755";"42";"1";"1";"7";"2";"0";"1";"1";"1";"0"
"16756";"79767301";"5619";"11";"3";"1";"7";"6";"0";"1";"2";"1";"0"
"16757";"79767301";"16757";"51";"3";"1";"7";"3";"0";"1";"1";"1";"0"
"16758";"79767301";"16758";"51";"3";"1";"7";"6";"0";"1";"2";"1";"0"
"16759";"79767301";"16759";"11";"1";"1";"7";"6";"0";"1";"1";"1";"0"
"16760";"79767301";"16760";"42";"1";"1";"7";"6";"0";"2";"1";"1";"0"
"16761";"79767301";"16761";"11";"1";"1";"7";"5";"1";"0";"1";"2";"0"
"16762";"79767301";"16762";"18";"1";"1";"1";"6";"0";"1";"2";"1";"0"
"16763";"79767301";"16763";"18";"1";"1";"7";"5";"0";"1";"1";"1";"0"
"16764";"79767301";"16764";"14";"3";"1";"7";"6";"0";"2";"1";"1";"0"
"16765";"79767301";"16765";"11";"3";"1";"7";"6";"0";"1";"2";"1";"0"
"16766";"79767301";"16766";"17";"1";"1";"7";"2";"0";"1";"1";"1";"0"
"16767";"79767301";"16767";"11";"1";"1";"7";"6";"1";"0";"1";"2";"0"
"16768";"79767301";"16768";"18";"1";"3";"2";"6";"1";"0";"1";"2";"0"
"16769";"79767301";"16769";"11";"3";"1";"7";"6";"0";"3";"1";"1";"0"
"16770";"79767301";"16770";"42";"1";"1";"7";"6";"0";"2";"1";"1";"0"
"16771";"79767301";"16771";"11";"2";"3";"2";"6";"0";"1";"1";"1";"0"
"16772";"79767301";"16772";"42";"3";"1";"7";"6";"0";"1";"2";"1";"0"
"16773";"79767301";"16773";"11";"1";"1";"7";"6";"0";"1";"1";"1";"0"
"16774";"79767301";"16774";"17";"1";"1";"7";"2";"0";"1";"1";"1";"0"
"16775";"79767301";"16775";"11";"1";"1";"7";"6";"0";"1";"1";"1";"0"
"16776";"79767301";"16776";"42";"1";"1";"7";"6";"0";"1";"1";"1";"0"
"16777";"79767301";"16777";"11";"3";"3";"2";"6";"0";"1";"1";"1";"0"
"16778";"79767301";"16778";"18";"3";"1";"7";"5";"0";"1";"1";"1";"0"
"16779";"79767301";"16779";"11";"3";"3";"1";"6";"0";"1";"1";"1";"0"
"16780";"79767301";"16780";"12";"1";"1";"1";"6";"0";"1";"2";"1";"0"
"16781";"79767301";"16781";"42";"1";"1";"7";"5";"1";"0";"1";"2";"0"
"16782";"79767301";"16782";"81";"1";"3";"1";"6";"1";"0";"1";"2";"0"
"16783";"79767301";"16783";"11";"1";"1";"7";"6";"1";"0";"1";"2";"0"
"16784";"79767301";"16784";"42";"1";"1";"7";"2";"0";"1";"1";"1";"0"
"16785";"79767301";"16785";"42";"4";"1";"1";"6";"0";"2";"1";"1";"0"
"16786";"79767301";"16786";"12";"1";"3";"1";"6";"0";"3";"0";"1";"0"
"16787";"79767301";"16787";"11";"3";"1";"7";"8";"2";"2";"0";"3";"1"