"accident_id";"lieu_id";"date_id";"cause_id";"lum_id";"intemp_id";"etat_surface_id";"impliq_id";"nb_blesses_graves";"nb_blesses_legers";"nb_indemnes";"gravite";"nb_morts"
"16788";"79767301";"16788";"42";"1";"6";"7";"5";"0";"1";"1";"1";"0"
"16789";"79767301";"16789";"51";"5";"3";"1";"6";"0";"2";"2";"1";"0"
"16790";"79767301";"16790";"42";"1";"1";"7";"4";"0";"1";"2";"1";"0"
"16791";"79767301";"16791";"18";"1";"7";"1";"6";"0";"2";"1";"1";"0"
"16792";"79767301";"16792";"11";"5";"1";"7";"6";"0";"1";"1";"1";"0"
"16793";"79767301";"16793";"11";"5";"1";"7";"6";"0";"1";"1";"1";"0"
"16794";"79767301";"16794";"11";"5";"3";"1";"6";"0";"1";"1";"1";"0"
"16795";"79767301";"16795";"14";"5";"1";"7";"6";"0";"1";"1";"1";"0"
"16796";"79767301";"16796";"42";"5";"1";"7";"6";"0";"4";"2";"1";"0"
"16797";"79767301";"16797";"42";"5";"3";"1";"6";"0";"2";"2";"1";"0"
"16798";"79767301";"16798";"11";"5";"2";"1";"6";"0";"1";"1";"1";"0"
"16799";"79767301";"15992";"11";"3";"1";"7";"6";"0";"1";"1";"1";"0"
"16800";"79767301";"16800";"17";"1";"1";"7";"2";"1";"0";"1";"2";"0"
"16801";"79767301";"16801";"17";"1";"1";"7";"2";"0";"1";"1";"1";"0"
"16802";"79767301";"16802";"52";"3";"3";"1";"2";"1";"0";"3";"2";"0"
"16803";"79767301";"16803";"11";"1";"1";"7";"6";"0";"1";"1";"1";"0"
"16804";"79767301";"16804";"42";"1";"3";"1";"6";"0";"2";"1";"1";"0"
"16805";"79767301";"16805";"11";"1";"1";"7";"6";"0";"1";"2";"1";"0"
"16806";"79767301";"16806";"18";"1";"1";"7";"8";"1";"1";"2";"2";"0"
"16807";"79767301";"16807";"11";"1";"1";"7";"6";"0";"1";"1";"1";"0"
"16808";"79767301";"16808";"42";"3";"1";"7";"6";"0";"2";"0";"1";"0"
"16809";"79767301";"16809";"73";"1";"1";"7";"2";"0";"1";"1";"1";"0"
"16810";"79767301";"16810";"43";"2";"3";"1";"6";"1";"1";"4";"2";"0"
"16811";"79767301";"16811";"11";"1";"3";"1";"6";"0";"4";"0";"1";"0"
"16812";"79767301";"16812";"42";"1";"1";"7";"6";"0";"1";"1";"1";"0"
"16813";"79767301";"16813";"42";"1";"1";"7";"6";"0";"1";"2";"1";"0"
"16814";"79767301";"16814";"18";"1";"1";"7";"6";"0";"1";"2";"1";"0"
"16815";"79767301";"16815";"42";"3";"1";"7";"5";"0";"1";"2";"1";"0"
"16816";"79767301";"16816";"42";"1";"1";"7";"6";"0";"1";"1";"1";"0"
"16817";"79767301";"16817";"42";"1";"1";"7";"6";"0";"5";"1";"1";"0"
"16818";"79767301";"16818";"42";"1";"1";"7";"6";"0";"1";"3";"1";"0"
"16819";"79767301";"16819";"11";"1";"1";"7";"6";"0";"1";"1";"1";"0"
"16820";"79767301";"16820";"81";"1";"1";"7";"6";"0";"1";"1";"1";"0"
"16821";"79767301";"16821";"11";"1";"3";"2";"2";"0";"1";"1";"1";"0"
"16822";"79767301";"16822";"11";"1";"1";"7";"6";"0";"1";"2";"1";"0"
"16823";"79767301";"16823";"17";"1";"1";"7";"2";"0";"1";"1";"1";"0"
"16824";"79767301";"16824";"81";"3";"1";"7";"2";"1";"0";"1";"2";"0"
"16825";"79767303";"16825";"43";"3";"1";"7";"5";"0";"1";"1";"1";"0"
"16826";"79767303";"16826";"42";"1";"1";"7";"6";"0";"1";"1";"1";"0"
"16827";"79767303";"16827";"11";"1";"1";"7";"3";"0";"1";"1";"1";"0"
"16828";"79767303";"16828";"11";"3";"1";"7";"6";"0";"2";"1";"1";"0"
"16829";"79767303";"16829";"18";"1";"1";"7";"4";"0";"1";"1";"1";"0"
"16830";"79767303";"16830";"85";"3";"1";"2";"6";"0";"1";"1";"1";"0"
"16831";"79767303";"16831";"18";"1";"3";"2";"6";"0";"1";"1";"1";"0"
"16832";"79767303";"16832";"18";"1";"3";"2";"6";"0";"1";"1";"1";"0"
"16833";"79767303";"16833";"11";"3";"1";"7";"6";"0";"3";"0";"1";"0"
"16834";"79767303";"16834";"42";"1";"1";"7";"6";"0";"2";"2";"1";"0"
"16835";"79767303";"16835";"18";"1";"1";"7";"6";"1";"0";"1";"2";"0"
"16836";"79767303";"16836";"42";"1";"1";"7";"6";"0";"4";"1";"1";"0"
"16837";"79767303";"16837";"42";"1";"1";"7";"6";"0";"2";"0";"1";"0"
"16838";"79767303";"16838";"42";"3";"1";"7";"6";"0";"3";"0";"1";"0"
"16839";"79767303";"16839";"11";"1";"1";"7";"2";"0";"1";"1";"1";"0"
"16840";"79767303";"16840";"42";"1";"1";"7";"6";"0";"4";"1";"1";"0"
"16841";"79767303";"16841";"42";"3";"1";"7";"6";"0";"3";"4";"1";"0"
"16842";"79767303";"16842";"42";"1";"1";"7";"6";"0";"2";"1";"1";"0"
"16843";"79767303";"16843";"42";"1";"1";"7";"6";"0";"2";"2";"1";"0"
"16844";"79767303";"16844";"42";"1";"1";"7";"6";"0";"2";"1";"1";"0"
"16845";"79767303";"16845";"42";"1";"1";"7";"5";"0";"2";"1";"1";"0"
"16846";"79767303";"16846";"81";"3";"1";"7";"6";"0";"1";"0";"1";"0"
"16847";"79767303";"16847";"42";"2";"1";"2";"6";"0";"1";"1";"1";"0"
"16848";"79767304";"16848";"18";"1";"1";"7";"6";"0";"2";"1";"1";"0"
"16849";"79767304";"16849";"18";"1";"1";"7";"5";"0";"2";"1";"1";"0"
"16850";"79767304";"16850";"73";"3";"1";"7";"6";"0";"1";"1";"1";"0"
"16851";"79767305";"16851";"13";"3";"1";"7";"6";"0";"1";"1";"1";"0"
"16852";"79767305";"16852";"17";"1";"1";"7";"2";"0";"1";"1";"1";"0"
"16853";"79767305";"16853";"13";"3";"1";"7";"6";"0";"1";"2";"1";"0"
"16854";"79767305";"16854";"13";"1";"1";"7";"6";"0";"1";"1";"1";"0"
"16855";"79767305";"16855";"13";"1";"1";"7";"3";"0";"1";"1";"1";"0"
"16856";"79767305";"16856";"81";"3";"1";"7";"6";"0";"3";"0";"1";"0"
"16857";"79767305";"16857";"13";"3";"1";"7";"6";"1";"0";"2";"2";"0"
"16858";"79767305";"16858";"14";"3";"3";"2";"6";"0";"1";"1";"1";"0"
"16859";"79767401";"16859";"13";"3";"1";"7";"6";"0";"1";"1";"1";"0"
"16860";"79767401";"16860";"13";"1";"3";"2";"4";"0";"1";"1";"1";"0"
"16861";"79767401";"16861";"71";"3";"1";"7";"6";"0";"1";"1";"1";"0"
"16862";"79767401";"16862";"17";"5";"1";"7";"2";"0";"1";"1";"1";"0"
"16863";"79767401";"16863";"17";"1";"3";"1";"2";"0";"2";"2";"1";"0"
"16864";"79767401";"16864";"13";"4";"1";"1";"3";"0";"1";"1";"1";"0"
"16865";"79767402";"16865";"41";"1";"1";"7";"6";"0";"1";"1";"1";"0"
"16866";"79767403";"16866";"72";"1";"1";"7";"6";"0";"1";"1";"1";"0"
"16867";"79767403";"16867";"17";"2";"1";"7";"2";"0";"1";"1";"1";"0"
"16868";"79767407";"16868";"14";"1";"1";"7";"6";"0";"1";"1";"1";"0"
"16869";"79767502";"16869";"72";"1";"1";"7";"6";"1";"0";"1";"2";"0"
"16870";"79771405";"16870";"18";"1";"3";"2";"6";"0";"2";"1";"1";"0"
"16871";"79771405";"16871";"11";"3";"3";"1";"6";"0";"1";"1";"1";"0"
"16872";"79771405";"16872";"52";"3";"1";"7";"0";"0";"1";"0";"1";"0"
"16873";"79771405";"16873";"18";"1";"1";"7";"6";"0";"1";"1";"1";"0"
"16874";"79771405";"9234";"11";"1";"1";"7";"6";"0";"1";"1";"1";"0"
"16875";"79771405";"16875";"11";"1";"1";"7";"6";"0";"1";"1";"1";"0"
"16876";"79771405";"16876";"71";"1";"2";"2";"6";"0";"1";"1";"1";"0"
"16877";"79771405";"16877";"11";"1";"1";"7";"6";"0";"1";"1";"1";"0"
"16878";"79771405";"16878";"52";"3";"1";"7";"0";"1";"0";"0";"2";"0"
"16879";"79771405";"16879";"52";"1";"1";"7";"0";"1";"0";"0";"2";"0"
"16880";"79771501";"16880";"14";"1";"3";"2";"6";"0";"1";"1";"1";"0"
"16881";"79771501";"16881";"14";"1";"1";"7";"6";"0";"1";"1";"1";"0"
"16882";"79771501";"16882";"14";"1";"1";"7";"6";"0";"1";"2";"1";"0"
"16883";"79773505";"16883";"51";"1";"1";"7";"6";"0";"1";"1";"1";"0"
"16884";"79773505";"16884";"17";"1";"3";"1";"4";"0";"1";"1";"1";"0"
"16885";"79773505";"16885";"36";"1";"3";"1";"6";"0";"2";"1";"1";"0"
"16886";"79773505";"4874";"52";"3";"1";"1";"6";"0";"1";"2";"1";"0"
"16887";"79773505";"16887";"26";"1";"1";"7";"4";"0";"1";"1";"1";"0"
"16888";"79773505";"16888";"11";"3";"1";"7";"6";"1";"1";"0";"2";"0"
"16889";"79773505";"16889";"16";"1";"1";"7";"5";"0";"1";"1";"1";"0"
"16890";"79773505";"16890";"72";"3";"1";"7";"6";"0";"1";"3";"1";"0"
"16891";"79773505";"16891";"71";"3";"1";"7";"6";"0";"1";"1";"1";"0"
"16892";"79773505";"16892";"51";"2";"1";"7";"6";"0";"1";"1";"1";"0"
"16893";"79773505";"16893";"16";"2";"1";"7";"5";"0";"2";"1";"1";"0"
"16894";"79773505";"16894";"11";"1";"1";"7";"6";"0";"2";"1";"1";"0"
"16895";"79773505";"16895";"51";"1";"1";"7";"6";"0";"1";"1";"1";"0"
"16896";"79774403";"16896";"18";"3";"1";"7";"6";"0";"2";"1";"1";"0"
"16897";"79774523";"16897";"41";"1";"1";"7";"6";"0";"2";"1";"1";"0"
"16898";"79774523";"16898";"52";"1";"1";"7";"6";"0";"1";"1";"1";"0"
"16899";"79774523";"16899";"21";"3";"3";"1";"6";"0";"1";"1";"1";"0"
"16900";"79774523";"16900";"72";"3";"1";"7";"6";"1";"0";"1";"2";"0"
"16901";"79774523";"16901";"21";"1";"1";"7";"6";"0";"2";"1";"1";"0"
"16902";"79774523";"16902";"12";"1";"1";"7";"4";"0";"1";"1";"1";"0"
"16903";"79774523";"16903";"52";"1";"3";"2";"6";"0";"1";"2";"1";"0"
"16904";"79774523";"16904";"51";"1";"1";"1";"6";"0";"1";"1";"1";"0"
"16905";"79774523";"16905";"41";"1";"1";"7";"6";"0";"1";"1";"1";"0"
"16906";"79774523";"16906";"52";"3";"1";"7";"0";"0";"1";"0";"1";"0"
"16907";"79775302";"16907";"51";"1";"3";"1";"6";"0";"1";"1";"1";"0"
"16908";"79775303";"16908";"18";"1";"3";"2";"6";"0";"1";"1";"1";"0"
"16909";"79775303";"16909";"12";"1";"1";"7";"6";"0";"1";"2";"1";"0"
"16910";"79775303";"16910";"51";"2";"1";"1";"6";"0";"1";"1";"1";"0"
"16911";"79775401";"16911";"11";"1";"1";"7";"6";"0";"1";"2";"1";"0"
"16912";"79775401";"16912";"17";"1";"2";"1";"4";"0";"1";"1";"1";"0"
"16913";"79775401";"16913";"11";"3";"3";"2";"6";"0";"0";"1";"3";"0"
"16914";"79775401";"16914";"11";"3";"1";"7";"5";"1";"1";"1";"2";"0"
"16915";"79775405";"16915";"21";"5";"3";"1";"4";"0";"1";"1";"1";"0"
"16916";"79775519";"16916";"51";"1";"1";"7";"6";"0";"2";"2";"1";"0"
"16917";"79775519";"16917";"51";"1";"3";"2";"6";"0";"2";"1";"1";"0"
"16918";"79775519";"16918";"52";"1";"1";"6";"0";"0";"1";"1";"1";"0"
"16919";"79775519";"16919";"81";"5";"3";"1";"6";"0";"1";"1";"1";"0"
"16920";"79775519";"16920";"11";"3";"3";"7";"6";"0";"1";"1";"1";"0"
"16921";"79775519";"16921";"11";"1";"3";"2";"6";"0";"1";"1";"1";"0"
"16922";"79776101";"16922";"64";"1";"1";"7";"4";"0";"1";"1";"1";"0"
"16923";"79776103";"16923";"42";"1";"1";"7";"6";"0";"1";"2";"1";"0"
"16924";"79776103";"16924";"17";"3";"1";"7";"3";"0";"1";"1";"1";"0"
"16925";"79776103";"16925";"18";"1";"1";"7";"6";"1";"0";"2";"2";"0"
"16926";"79776103";"16926";"23";"1";"1";"7";"6";"1";"0";"2";"2";"0"
"16927";"79776103";"16927";"52";"1";"1";"7";"0";"0";"2";"0";"1";"0"
"16928";"79776103";"16928";"81";"1";"1";"7";"6";"0";"1";"1";"1";"0"
"16929";"79776103";"16929";"17";"3";"1";"7";"4";"1";"0";"2";"2";"0"
"16930";"79776103";"16930";"17";"1";"1";"7";"4";"0";"1";"1";"1";"0"
"16931";"79776103";"16931";"14";"1";"1";"7";"6";"0";"1";"3";"1";"0"
"16932";"79776103";"16932";"11";"1";"1";"7";"6";"0";"1";"1";"1";"0"
"16933";"79776103";"16933";"51";"3";"1";"7";"6";"0";"1";"2";"1";"0"
"16934";"79776103";"16934";"11";"1";"1";"7";"6";"0";"1";"2";"1";"0"
"16935";"79776103";"16935";"81";"3";"3";"1";"6";"0";"3";"0";"1";"0"
"16936";"79776103";"16936";"81";"3";"3";"1";"6";"0";"2";"0";"1";"0"
"16937";"79776103";"16937";"11";"3";"1";"2";"6";"0";"1";"1";"1";"0"
"16938";"79776106";"16938";"17";"1";"1";"7";"2";"1";"0";"1";"2";"0"
"16939";"79776106";"16939";"81";"1";"1";"7";"6";"0";"1";"1";"1";"0"
"16940";"79776107";"16940";"42";"1";"1";"7";"4";"0";"1";"1";"1";"0"
"16941";"79776201";"16941";"11";"1";"1";"7";"4";"0";"1";"1";"1";"0"
"16942";"79776201";"16942";"11";"1";"1";"7";"5";"1";"1";"0";"2";"0"
"16943";"79776201";"16943";"81";"1";"1";"7";"6";"1";"0";"1";"2";"0"
"16944";"79776201";"16944";"11";"1";"1";"7";"6";"0";"4";"1";"1";"0"
"16945";"79776201";"16945";"11";"1";"1";"7";"6";"0";"2";"1";"1";"0"
"16946";"79776201";"16946";"11";"1";"1";"7";"6";"0";"2";"1";"1";"0"
"16947";"79776201";"16947";"11";"1";"1";"7";"4";"0";"0";"1";"3";"0"
"16948";"79776201";"16948";"51";"1";"3";"1";"6";"0";"0";"2";"0";"0"
"16949";"79776301";"16949";"19";"1";"1";"7";"6";"1";"0";"1";"2";"0"
"16950";"79776301";"16950";"17";"1";"3";"1";"2";"0";"1";"1";"1";"0"
"16951";"79776301";"16951";"23";"1";"3";"1";"5";"0";"1";"1";"1";"0"
"16952";"79776303";"16952";"13";"3";"1";"1";"6";"0";"1";"1";"1";"0"
"16953";"79776304";"16953";"17";"1";"1";"7";"2";"1";"0";"1";"2";"0"
"16954";"79776306";"16954";"43";"1";"1";"7";"5";"0";"1";"1";"1";"0"
"16955";"79776306";"16955";"16";"1";"1";"7";"6";"0";"2";"1";"1";"0"
"16956";"79776402";"16956";"11";"1";"1";"7";"6";"0";"2";"1";"1";"0"
"16957";"79776404";"16957";"14";"1";"1";"7";"6";"0";"2";"2";"1";"0"
"16958";"79776502";"16958";"16";"2";"1";"7";"6";"0";"1";"1";"1";"0"
"16959";"79777202";"16959";"11";"1";"3";"1";"6";"0";"1";"1";"1";"0"
"16960";"79777202";"16960";"14";"3";"1";"7";"6";"0";"1";"2";"1";"0"
"16961";"79777202";"16961";"11";"1";"1";"7";"6";"0";"1";"1";"1";"0"
"16962";"79777202";"16962";"82";"3";"1";"7";"6";"0";"1";"1";"1";"0"
"16963";"79777202";"16963";"14";"3";"1";"7";"7";"0";"2";"0";"1";"0"
"16964";"79777203";"16964";"14";"1";"1";"7";"6";"0";"2";"1";"1";"0"
"16965";"79777203";"16965";"71";"1";"1";"7";"6";"0";"1";"1";"1";"0"
"16966";"79777203";"16966";"51";"3";"3";"2";"3";"0";"1";"1";"1";"0"
"16967";"79777203";"16967";"11";"1";"1";"7";"3";"1";"0";"1";"2";"0"
"16968";"79777301";"16968";"13";"1";"1";"7";"4";"0";"1";"1";"1";"0"
"16969";"79777301";"16969";"41";"3";"1";"7";"6";"2";"0";"1";"2";"0"
"16970";"79777301";"16970";"13";"1";"1";"7";"8";"0";"1";"2";"1";"0"
"16971";"79777301";"16971";"71";"1";"1";"7";"6";"0";"1";"2";"1";"0"
"16972";"79777301";"16972";"81";"1";"1";"7";"6";"0";"1";"1";"1";"0"
"16973";"79777301";"16973";"13";"1";"1";"7";"5";"0";"1";"0";"1";"0"
"16974";"79777402";"16974";"41";"3";"3";"2";"6";"2";"0";"1";"2";"0"
"16975";"79777402";"16975";"71";"1";"2";"2";"6";"0";"1";"1";"1";"0"
"16976";"79777402";"16976";"13";"1";"1";"7";"5";"0";"1";"1";"1";"0"
"16977";"79781106";"16977";"86";"3";"1";"7";"2";"0";"1";"0";"3";"0"
"16978";"79781106";"16978";"14";"3";"1";"7";"6";"0";"1";"1";"1";"0"
"16979";"79781301";"16979";"14";"1";"2";"1";"6";"0";"1";"1";"1";"0"
"16980";"79781306";"16980";"13";"1";"3";"1";"5";"0";"1";"1";"1";"0"
"16981";"79781502";"16981";"31";"3";"1";"7";"6";"0";"1";"1";"1";"0"
"16982";"79781508";"16982";"22";"1";"1";"7";"4";"0";"1";"1";"1";"0"
"16983";"79781508";"16983";"16";"3";"1";"7";"3";"0";"1";"1";"1";"0"
"16984";"79781508";"16984";"16";"1";"3";"1";"4";"0";"0";"2";"0";"0"
"16985";"79781508";"16985";"16";"1";"1";"7";"6";"1";"0";"1";"2";"0"
"16986";"79781508";"16986";"11";"1";"1";"1";"6";"0";"1";"1";"1";"0"
"16987";"79781508";"16987";"41";"1";"1";"7";"6";"0";"2";"0";"1";"0"
"16988";"79781508";"16988";"35";"1";"1";"7";"3";"0";"1";"1";"1";"0"
"16989";"79781508";"16989";"11";"1";"1";"7";"6";"0";"1";"1";"1";"0"
"16990";"79781508";"16990";"17";"1";"1";"7";"2";"1";"0";"1";"2";"0"
"16991";"79781508";"16991";"17";"1";"1";"7";"1";"0";"1";"1";"1";"0"
"16992";"79782104";"16992";"16";"1";"1";"7";"6";"1";"0";"1";"2";"0"
"16993";"79782104";"16993";"11";"3";"1";"7";"6";"0";"1";"1";"1";"0"
"16994";"79782104";"16994";"71";"1";"1";"7";"6";"0";"1";"1";"1";"0"
"16995";"79782203";"16995";"14";"1";"1";"1";"6";"0";"1";"1";"1";"0"
"16996";"79782203";"16996";"14";"1";"1";"1";"6";"0";"2";"0";"1";"0"
"16997";"79783401";"16997";"13";"1";"3";"1";"6";"0";"1";"2";"1";"0"
"16998";"79784112";"16998";"52";"3";"1";"1";"6";"0";"2";"4";"1";"0"
"16999";"79784415";"16999";"51";"1";"3";"1";"6";"0";"1";"2";"1";"0"
"17000";"79784415";"17000";"31";"1";"1";"7";"6";"0";"2";"0";"1";"0"
"17001";"79785208";"17001";"51";"1";"1";"7";"6";"0";"1";"1";"1";"0"
"17002";"79785208";"17002";"52";"3";"1";"7";"0";"0";"1";"0";"1";"0"
"17003";"79785401";"17003";"52";"1";"1";"7";"0";"0";"1";"0";"1";"0"
"17004";"79785401";"17004";"51";"3";"3";"2";"3";"0";"1";"1";"1";"0"
"17005";"79785404";"17005";"13";"1";"1";"7";"6";"0";"1";"1";"1";"0"
"17006";"79785404";"17006";"13";"1";"1";"7";"6";"0";"1";"1";"1";"0"
"17007";"79785405";"17007";"17";"1";"1";"1";"2";"1";"1";"0";"2";"0"
"17008";"79785405";"17008";"51";"1";"1";"7";"6";"0";"1";"1";"1";"0"
"17009";"79785405";"17009";"21";"4";"1";"7";"3";"0";"2";"0";"1";"0"
"17010";"79786305";"17010";"13";"1";"1";"7";"4";"0";"1";"1";"1";"0"
"17011";"79786305";"17011";"21";"3";"1";"7";"6";"0";"1";"1";"1";"0"
"17012";"79786305";"17012";"52";"3";"3";"2";"0";"0";"1";"0";"1";"0"
"17013";"79786305";"17013";"52";"1";"2";"2";"0";"0";"1";"0";"1";"0"
"17014";"79786305";"10026";"13";"1";"1";"7";"4";"0";"1";"1";"1";"0"
"17015";"79786305";"17015";"17";"1";"3";"1";"2";"0";"1";"1";"1";"0"
"17016";"79786404";"17016";"16";"3";"1";"7";"5";"0";"1";"1";"1";"0"
"17017";"79786404";"17017";"11";"3";"1";"1";"4";"0";"1";"1";"1";"0"
"17018";"79786404";"17018";"51";"1";"3";"2";"6";"0";"1";"1";"1";"0"
"17019";"79786404";"17019";"73";"1";"1";"7";"6";"0";"1";"1";"1";"0"
"17020";"79786404";"17020";"81";"2";"1";"7";"0";"0";"1";"0";"1";"0"
"17021";"79786404";"17021";"74";"1";"1";"7";"4";"0";"1";"1";"1";"0"
"17022";"79786404";"17022";"11";"1";"1";"7";"6";"0";"1";"0";"1";"0"
"17023";"79786404";"17023";"52";"3";"1";"7";"6";"0";"4";"0";"1";"0"
"17024";"79786416";"17024";"13";"1";"1";"7";"3";"0";"1";"1";"1";"0"
"17025";"79786416";"17025";"52";"1";"1";"7";"0";"0";"1";"0";"1";"0"
"17026";"79786507";"17026";"13";"1";"1";"7";"6";"1";"1";"1";"2";"0"
"17027";"79786507";"17027";"13";"1";"3";"2";"6";"1";"0";"2";"2";"0"
"17028";"79786507";"17028";"13";"1";"1";"7";"6";"0";"2";"0";"1";"0"
"17029";"79786521";"17029";"52";"1";"1";"7";"0";"0";"1";"0";"3";"0"
"17030";"79786521";"17030";"52";"3";"1";"7";"0";"0";"1";"1";"1";"0"
"17031";"79786522";"17031";"14";"1";"1";"7";"6";"0";"2";"0";"1";"0"
"17032";"79786522";"17032";"14";"1";"3";"1";"6";"0";"2";"1";"1";"0"
"17033";"79787406";"17033";"16";"1";"1";"7";"3";"0";"0";"1";"3";"0"
"17034";"79787406";"17034";"72";"3";"1";"7";"5";"0";"1";"1";"1";"0"
"17035";"79787406";"17035";"72";"1";"1";"7";"6";"1";"0";"1";"2";"0"
"17036";"79787503";"17036";"64";"3";"1";"7";"6";"0";"1";"1";"1";"0"
"17037";"79791209";"17037";"16";"1";"1";"4";"6";"0";"2";"1";"1";"0"
"17038";"79791209";"17038";"16";"1";"1";"7";"6";"0";"2";"0";"1";"0"
"17039";"79791209";"17039";"51";"3";"3";"1";"3";"1";"0";"2";"2";"0"
"17040";"79792102";"17040";"31";"1";"1";"7";"6";"1";"0";"1";"2";"0"
"17041";"79792102";"17041";"16";"1";"1";"7";"4";"0";"1";"1";"1";"0"
"17042";"79792102";"17042";"16";"1";"1";"7";"6";"0";"1";"1";"1";"0"
"17043";"79792102";"17043";"64";"1";"1";"7";"6";"0";"1";"1";"1";"0"
"17044";"79792102";"17044";"31";"1";"1";"7";"6";"0";"1";"1";"1";"0"
"17045";"79792102";"17045";"81";"3";"1";"7";"6";"0";"1";"1";"1";"0"
"17046";"79792103";"17046";"86";"1";"1";"7";"3";"1";"0";"1";"2";"0"
"17047";"79792411";"3667";"14";"1";"1";"7";"6";"0";"2";"0";"1";"0"
"17048";"79793101";"17048";"16";"3";"1";"7";"4";"0";"1";"2";"1";"0"
"17049";"79793101";"17049";"16";"3";"1";"7";"4";"0";"1";"1";"1";"0"
"17050";"79793102";"17050";"41";"1";"1";"7";"6";"1";"0";"1";"2";"0"
"17051";"79793102";"17051";"17";"3";"1";"7";"2";"0";"1";"1";"1";"0"
"17052";"79793102";"17052";"13";"1";"1";"7";"3";"0";"1";"1";"1";"0"
"17053";"79793111";"17053";"52";"1";"1";"7";"0";"0";"1";"0";"1";"0"
"17054";"79793202";"17054";"16";"3";"1";"7";"5";"2";"0";"1";"2";"0"
"17055";"79793202";"17055";"13";"1";"1";"7";"4";"0";"1";"1";"1";"0"
"17056";"79793208";"17056";"16";"3";"1";"7";"4";"0";"1";"1";"1";"0"
"17057";"79793208";"17057";"72";"1";"1";"7";"6";"0";"1";"1";"1";"0"
"17058";"79793301";"17058";"13";"1";"1";"7";"6";"0";"1";"1";"1";"0"
"17059";"79793302";"17059";"13";"1";"1";"7";"6";"0";"1";"1";"1";"0"
"17060";"79793302";"17060";"41";"3";"3";"1";"6";"0";"1";"1";"1";"0"
"17061";"79793303";"17061";"41";"1";"1";"7";"6";"0";"1";"1";"1";"0"
"17062";"79793401";"17062";"13";"1";"1";"7";"6";"1";"0";"1";"2";"0"
"17063";"79793413";"17063";"13";"1";"1";"1";"6";"0";"1";"2";"1";"0"
"17064";"79793413";"17064";"13";"1";"1";"7";"6";"0";"2";"1";"1";"0"
"17065";"79793413";"17065";"41";"1";"1";"7";"6";"0";"2";"0";"1";"0"
"17066";"79793413";"17066";"13";"1";"1";"7";"6";"0";"1";"1";"1";"0"
"17067";"79793413";"17067";"13";"3";"1";"7";"4";"1";"0";"1";"2";"0"
"17068";"79793413";"17068";"13";"1";"1";"7";"6";"0";"2";"0";"1";"0"
"17069";"79793510";"17069";"64";"1";"1";"7";"6";"0";"1";"1";"1";"0"
"17070";"79793510";"17070";"51";"1";"1";"7";"6";"0";"1";"1";"1";"0"
"17071";"79793510";"17071";"17";"1";"3";"2";"2";"1";"0";"1";"2";"0"
"17072";"79793510";"17072";"13";"1";"3";"1";"3";"0";"1";"1";"1";"0"
"17073";"79793510";"17073";"64";"1";"1";"7";"6";"0";"1";"1";"1";"0"
"17074";"79793510";"17074";"13";"1";"1";"7";"6";"0";"1";"1";"1";"0"
"17075";"79793510";"17075";"13";"1";"1";"7";"6";"0";"1";"1";"1";"0"
"17076";"79793510";"17076";"13";"1";"1";"7";"6";"0";"1";"2";"1";"0"
"17077";"79793510";"17077";"16";"1";"1";"7";"6";"0";"2";"0";"1";"0"
"17078";"79793510";"11116";"31";"3";"1";"7";"6";"0";"1";"2";"1";"0"
"17079";"79794204";"17079";"11";"3";"3";"1";"6";"0";"1";"1";"1";"0"
"17080";"79794204";"17080";"11";"1";"1";"7";"6";"0";"2";"0";"1";"0"
"17081";"79794204";"17081";"15";"1";"1";"7";"6";"0";"1";"1";"1";"0"
"17082";"79794204";"17082";"16";"1";"1";"7";"4";"0";"1";"1";"1";"0"
"17083";"79794204";"17083";"11";"3";"3";"1";"6";"0";"1";"1";"1";"0"
"17084";"79794204";"17084";"11";"2";"3";"1";"6";"0";"3";"0";"1";"0"
"17085";"79794301";"17085";"72";"1";"1";"1";"6";"0";"1";"1";"1";"0"
"17086";"79795102";"17086";"51";"1";"1";"7";"6";"0";"1";"1";"1";"0"
"17087";"79795106";"17087";"13";"3";"2";"2";"4";"1";"0";"1";"2";"0"
"17088";"79795301";"17088";"16";"1";"1";"7";"6";"1";"0";"1";"2";"0"
"17089";"79795301";"17089";"17";"1";"1";"7";"2";"1";"0";"1";"2";"0"
"17090";"79795301";"17090";"51";"1";"1";"7";"6";"0";"1";"2";"1";"0"
"17091";"79795301";"17091";"31";"1";"1";"7";"6";"0";"1";"1";"1";"0"
"17092";"79795305";"17092";"11";"1";"1";"7";"6";"0";"1";"1";"1";"0"
"17093";"79795305";"17093";"17";"1";"1";"7";"2";"0";"1";"1";"1";"0"
"17094";"79795305";"17094";"11";"3";"1";"7";"4";"2";"0";"0";"2";"0"
"17095";"79795306";"17095";"23";"1";"1";"7";"4";"0";"1";"1";"1";"0"
"17096";"79795402";"17096";"16";"3";"1";"2";"6";"1";"1";"0";"2";"0"
"17097";"79795404";"17097";"51";"1";"1";"7";"6";"0";"1";"1";"1";"0"