"accident_id";"lieu_id";"date_id";"cause_id";"lum_id";"intemp_id";"etat_surface_id";"impliq_id";"nb_blesses_graves";"nb_blesses_legers";"nb_indemnes";"gravite";"nb_morts"
"18339";"80763207";"18339";"17";"3";"1";"7";"2";"0";"1";"1";"1";"0"
"18340";"80763207";"18340";"17";"1";"1";"7";"2";"0";"2";"1";"1";"0"
"18341";"80763207";"18341";"14";"3";"1";"7";"6";"0";"3";"0";"1";"0"
"18342";"80763207";"18342";"13";"3";"1";"7";"6";"0";"1";"1";"1";"0"
"18343";"80763208";"18343";"99";"1";"1";"7";"6";"0";"1";"1";"1";"0"
"18344";"80763208";"18344";"16";"5";"1";"7";"4";"0";"1";"1";"1";"0"
"18345";"80763307";"18345";"72";"1";"1";"1";"6";"0";"1";"1";"1";"0"
"18346";"80763406";"18346";"72";"1";"1";"7";"6";"0";"1";"1";"1";"0"
"18347";"80763406";"18347";"52";"3";"6";"2";"0";"0";"1";"0";"1";"0"
"18348";"80763408";"18348";"17";"1";"1";"7";"2";"0";"1";"1";"1";"0"
"18349";"80763409";"18349";"11";"1";"1";"7";"5";"0";"3";"1";"1";"0"
"18350";"80763410";"18350";"71";"3";"3";"2";"6";"1";"0";"1";"2";"0"
"18351";"80763410";"18351";"11";"1";"1";"7";"6";"1";"0";"1";"2";"0"
"18352";"80763410";"18352";"11";"1";"1";"7";"6";"1";"0";"1";"2";"0"
"18353";"80763410";"18353";"81";"3";"1";"7";"2";"0";"1";"1";"1";"0"
"18354";"80763501";"18354";"35";"1";"1";"7";"3";"0";"1";"1";"1";"0"
"18355";"80763501";"18355";"17";"1";"1";"7";"2";"0";"1";"1";"1";"0"
"18356";"80763501";"18356";"17";"3";"1";"7";"2";"0";"1";"1";"1";"0"
"18357";"80763502";"18357";"72";"1";"1";"7";"5";"0";"1";"1";"1";"0"
"18358";"80763503";"18358";"71";"4";"1";"7";"6";"1";"0";"1";"2";"0"
"18359";"80764102";"18359";"16";"1";"1";"7";"5";"0";"1";"1";"1";"0"
"18360";"80764102";"18360";"17";"1";"3";"2";"2";"0";"1";"1";"1";"0"
"18361";"80764102";"18361";"51";"1";"1";"7";"6";"0";"1";"1";"1";"0"
"18362";"80764102";"18362";"18";"1";"1";"1";"6";"0";"3";"1";"1";"0"
"18363";"80764102";"18363";"51";"1";"1";"2";"6";"0";"1";"1";"1";"0"
"18364";"80764102";"18364";"23";"3";"3";"1";"5";"0";"1";"1";"1";"0"
"18365";"80764102";"18365";"81";"3";"1";"7";"6";"1";"1";"1";"2";"0"
"18366";"80764105";"18366";"71";"5";"3";"1";"6";"1";"0";"1";"2";"0"
"18367";"80764105";"18367";"41";"3";"1";"7";"6";"0";"2";"2";"1";"0"
"18368";"80764106";"18368";"52";"3";"1";"7";"6";"0";"1";"2";"1";"0"
"18369";"80764106";"18369";"16";"3";"1";"7";"6";"0";"2";"1";"1";"0"
"18370";"80764106";"18370";"11";"1";"1";"7";"2";"0";"1";"1";"1";"0"
"18371";"80764106";"18371";"71";"1";"1";"7";"6";"0";"1";"1";"1";"0"
"18372";"80764106";"18372";"17";"3";"1";"2";"2";"0";"1";"1";"1";"0"
"18373";"80764106";"18373";"16";"1";"1";"7";"6";"0";"1";"2";"1";"0"
"18374";"80764106";"18374";"11";"1";"1";"7";"6";"0";"1";"1";"1";"0"
"18375";"80764106";"18375";"16";"3";"1";"7";"6";"0";"1";"1";"1";"0"
"18376";"80764106";"18376";"12";"1";"1";"7";"5";"0";"1";"1";"1";"0"
"18377";"80764106";"18377";"16";"5";"1";"7";"5";"0";"2";"2";"1";"0"
"18378";"80764106";"18378";"11";"1";"1";"7";"6";"0";"2";"1";"1";"0"
"18379";"80764106";"18379";"51";"1";"1";"7";"6";"0";"1";"1";"1";"0"
"18380";"80764106";"18380";"11";"1";"1";"7";"5";"0";"1";"1";"1";"0"
"18381";"80764106";"18381";"11";"2";"1";"7";"6";"0";"1";"1";"1";"0"
"18382";"80764106";"18382";"17";"1";"1";"7";"2";"0";"1";"1";"1";"0"
"18383";"80764106";"18383";"11";"1";"1";"2";"6";"0";"1";"1";"1";"0"
"18384";"80764106";"18384";"11";"1";"1";"7";"6";"0";"1";"3";"1";"0"
"18385";"80764202";"18385";"52";"3";"1";"7";"0";"3";"0";"0";"2";"0"
"18386";"80764202";"18386";"14";"1";"1";"7";"4";"0";"1";"1";"1";"0"
"18387";"80764203";"18387";"17";"1";"1";"7";"2";"1";"0";"1";"2";"0"
"18388";"80764203";"18388";"11";"1";"1";"7";"6";"0";"1";"2";"1";"0"
"18389";"80764203";"18389";"14";"1";"2";"1";"6";"0";"1";"1";"1";"0"
"18390";"80764203";"18390";"11";"1";"1";"7";"6";"0";"1";"1";"1";"0"
"18391";"80764203";"18391";"42";"1";"1";"7";"5";"0";"1";"1";"1";"0"
"18392";"80764203";"18392";"11";"1";"1";"7";"5";"0";"1";"1";"1";"0"
"18393";"80764203";"18393";"11";"2";"1";"7";"6";"0";"1";"1";"1";"0"
"18394";"80764204";"18394";"17";"1";"1";"7";"2";"0";"1";"1";"1";"0"
"18395";"80764204";"18395";"71";"1";"1";"7";"4";"1";"0";"1";"2";"0"
"18396";"80764204";"18396";"11";"1";"1";"7";"5";"0";"2";"0";"1";"0"
"18397";"80764204";"18397";"16";"5";"1";"7";"6";"0";"1";"2";"1";"0"
"18398";"80764204";"18398";"23";"3";"1";"7";"6";"0";"1";"1";"1";"0"
"18399";"80764204";"18399";"71";"1";"1";"7";"6";"0";"1";"1";"1";"0"
"18400";"80764204";"18400";"71";"2";"1";"7";"6";"0";"1";"1";"1";"0"
"18401";"80764204";"18401";"81";"2";"1";"7";"6";"0";"1";"0";"1";"0"
"18402";"80764204";"18402";"16";"3";"1";"7";"5";"0";"1";"1";"1";"0"
"18403";"80764204";"18403";"99";"3";"1";"7";"6";"0";"1";"1";"1";"0"
"18404";"80764302";"18404";"17";"1";"1";"7";"2";"0";"1";"1";"1";"0"
"18405";"80764302";"18405";"42";"1";"1";"7";"4";"0";"1";"1";"1";"0"
"18406";"80764302";"18406";"43";"1";"1";"7";"4";"0";"1";"1";"1";"0"
"18407";"80764302";"18407";"11";"5";"3";"1";"4";"0";"1";"1";"1";"0"
"18408";"80764302";"18408";"52";"1";"1";"7";"6";"0";"1";"1";"1";"0"
"18409";"80764302";"18409";"81";"3";"1";"7";"2";"0";"1";"1";"1";"0"
"18410";"80764302";"18410";"11";"5";"2";"1";"6";"0";"1";"1";"1";"0"
"18411";"80764302";"18411";"16";"1";"1";"7";"3";"0";"1";"1";"1";"0"
"18412";"80764302";"18412";"17";"1";"1";"7";"2";"0";"1";"1";"1";"0"
"18413";"80764302";"18413";"11";"2";"1";"7";"6";"0";"1";"1";"1";"0"
"18414";"80764302";"18414";"11";"1";"1";"7";"6";"1";"0";"1";"2";"0"
"18415";"80764302";"18415";"42";"2";"1";"2";"6";"0";"2";"1";"1";"0"
"18416";"80764302";"18416";"42";"1";"1";"7";"4";"0";"1";"1";"1";"0"
"18417";"80764302";"18417";"14";"3";"1";"7";"6";"0";"1";"3";"1";"0"
"18418";"80764307";"18418";"82";"1";"1";"7";"0";"0";"0";"0";"3";"0"
"18419";"80764309";"18419";"11";"1";"1";"7";"3";"0";"1";"1";"1";"0"
"18420";"80764309";"18420";"64";"3";"1";"7";"6";"0";"1";"2";"1";"0"
"18421";"80764309";"18421";"17";"1";"3";"1";"2";"1";"1";"2";"2";"0"
"18422";"80764403";"18422";"71";"3";"3";"2";"6";"0";"1";"1";"1";"0"
"18423";"80764406";"18423";"17";"1";"1";"7";"2";"0";"1";"1";"1";"0"
"18424";"80764406";"18424";"11";"1";"1";"7";"6";"1";"0";"1";"2";"0"
"18425";"80764406";"18425";"11";"3";"6";"1";"2";"1";"0";"1";"2";"0"
"18426";"80764406";"18426";"32";"1";"1";"7";"6";"0";"1";"1";"1";"0"
"18427";"80764406";"18427";"11";"1";"1";"7";"6";"0";"1";"1";"1";"0"
"18428";"80764406";"18428";"17";"1";"3";"2";"2";"1";"0";"1";"2";"0"
"18429";"80764406";"18429";"11";"5";"1";"7";"6";"0";"1";"1";"1";"0"
"18430";"80764406";"18430";"11";"2";"3";"1";"3";"0";"1";"1";"1";"0"
"18431";"80764406";"18431";"11";"1";"1";"1";"6";"0";"1";"1";"1";"0"
"18432";"80764406";"18432";"16";"3";"3";"1";"6";"0";"1";"3";"1";"0"
"18433";"80764406";"18433";"16";"1";"1";"7";"5";"0";"1";"1";"1";"0"
"18434";"80764406";"18434";"16";"1";"1";"7";"5";"0";"1";"1";"1";"0"
"18435";"80764406";"18435";"23";"3";"1";"7";"5";"0";"2";"1";"1";"0"
"18436";"80764406";"18436";"51";"3";"1";"7";"6";"0";"2";"3";"1";"0"
"18437";"80764406";"18437";"71";"3";"3";"2";"6";"0";"1";"1";"1";"0"
"18438";"80764406";"18438";"17";"1";"1";"7";"2";"0";"1";"1";"1";"0"
"18439";"80764502";"18439";"71";"1";"1";"7";"6";"0";"1";"1";"1";"0"
"18440";"80764503";"18440";"11";"1";"1";"7";"6";"0";"1";"1";"1";"0"
"18441";"80764503";"18441";"11";"1";"1";"7";"2";"0";"1";"1";"1";"0"
"18442";"80764504";"18442";"11";"1";"1";"7";"2";"0";"1";"1";"1";"0"
"18443";"80764512";"18443";"71";"1";"2";"2";"6";"1";"0";"1";"2";"0"
"18444";"80764512";"18444";"18";"1";"1";"7";"5";"0";"1";"1";"1";"0"
"18445";"80764512";"18445";"31";"5";"1";"7";"6";"0";"1";"1";"1";"0"
"18446";"80764513";"18446";"11";"1";"1";"7";"6";"0";"1";"1";"1";"0"
"18447";"80764513";"18447";"11";"1";"1";"7";"6";"0";"1";"1";"1";"0"
"18448";"80764513";"18448";"11";"3";"1";"7";"6";"0";"1";"2";"1";"0"
"18449";"80764513";"18449";"11";"1";"1";"7";"6";"0";"1";"1";"1";"0"
"18450";"80764513";"18450";"17";"1";"1";"7";"2";"0";"1";"1";"1";"0"
"18451";"80764513";"18451";"11";"1";"2";"1";"6";"0";"1";"1";"1";"0"
"18452";"80764513";"14297";"11";"1";"1";"7";"4";"0";"1";"1";"1";"0"
"18453";"80765201";"18453";"11";"1";"1";"7";"6";"0";"1";"2";"1";"0"
"18454";"80765201";"18454";"51";"3";"1";"7";"6";"0";"1";"1";"1";"0"
"18455";"80765201";"18455";"71";"1";"1";"7";"6";"1";"0";"1";"2";"0"
"18456";"80765201";"17372";"11";"5";"3";"1";"6";"0";"1";"2";"1";"0"
"18457";"80765201";"18457";"42";"1";"1";"7";"6";"0";"1";"1";"1";"0"
"18458";"80765201";"18458";"18";"1";"1";"7";"5";"0";"2";"1";"1";"0"
"18459";"80765203";"18459";"11";"1";"1";"7";"2";"0";"1";"1";"1";"0"
"18460";"80765203";"18460";"11";"3";"1";"7";"6";"0";"1";"2";"1";"0"
"18461";"80765203";"18461";"81";"3";"1";"7";"6";"0";"1";"3";"1";"0"
"18462";"80765203";"18462";"14";"3";"3";"1";"6";"0";"2";"0";"1";"0"
"18463";"80765210";"18463";"14";"1";"1";"7";"5";"0";"2";"1";"1";"0"
"18464";"80765302";"18464";"17";"1";"1";"7";"2";"0";"1";"1";"1";"0"
"18465";"80765302";"18465";"17";"1";"3";"1";"2";"0";"1";"1";"1";"0"
"18466";"80765302";"18466";"17";"1";"1";"7";"2";"0";"2";"1";"1";"0"
"18467";"80765302";"18467";"41";"1";"1";"7";"6";"0";"1";"1";"1";"0"
"18468";"80765303";"18468";"17";"1";"1";"7";"2";"0";"1";"1";"1";"0"
"18469";"80765304";"18469";"11";"3";"1";"7";"6";"0";"1";"2";"1";"0"
"18470";"80765304";"18470";"81";"3";"1";"7";"6";"0";"1";"1";"1";"0"
"18471";"80765304";"18471";"11";"1";"1";"7";"6";"0";"1";"1";"1";"0"
"18472";"80765305";"18472";"20";"1";"1";"7";"2";"0";"1";"1";"1";"0"
"18473";"80765305";"18473";"71";"3";"3";"2";"6";"0";"1";"1";"1";"0"
"18474";"80765305";"18474";"11";"1";"1";"7";"4";"0";"1";"1";"1";"0"
"18475";"80765305";"18475";"17";"1";"1";"7";"2";"0";"1";"1";"1";"0"
"18476";"80765305";"18476";"11";"1";"1";"7";"6";"0";"1";"1";"1";"0"
"18477";"80765305";"18477";"71";"1";"1";"7";"6";"0";"1";"2";"1";"0"
"18478";"80765305";"18478";"11";"3";"1";"7";"6";"0";"1";"1";"1";"0"
"18479";"80765402";"18479";"72";"1";"1";"7";"4";"0";"1";"1";"1";"0"
"18480";"80765402";"18480";"71";"1";"1";"7";"7";"0";"0";"1";"3";"0"
"18481";"80765402";"18481";"41";"3";"1";"2";"5";"0";"1";"2";"1";"0"
"18482";"80765402";"18482";"22";"1";"1";"7";"4";"0";"1";"1";"1";"0"
"18483";"80765402";"18483";"17";"1";"1";"7";"2";"0";"1";"1";"1";"0"
"18484";"80765402";"18484";"71";"1";"1";"7";"6";"0";"1";"1";"1";"0"
"18485";"80765402";"18485";"11";"1";"1";"7";"6";"0";"2";"0";"1";"0"
"18486";"80765402";"18486";"21";"3";"1";"7";"6";"0";"1";"1";"1";"0"
"18487";"80765402";"18487";"16";"1";"1";"7";"6";"0";"1";"1";"1";"0"
"18488";"80765402";"18488";"71";"1";"1";"7";"6";"0";"1";"1";"1";"0"
"18489";"80765402";"18489";"64";"1";"1";"7";"8";"0";"1";"2";"1";"0"
"18490";"80765402";"18490";"51";"1";"1";"7";"6";"0";"1";"1";"1";"0"
"18491";"80765402";"18491";"11";"1";"1";"7";"6";"0";"1";"1";"1";"0"
"18492";"80765402";"18492";"15";"1";"1";"7";"6";"1";"0";"1";"2";"0"
"18493";"80765402";"18493";"18";"5";"1";"7";"5";"0";"1";"1";"1";"0"
"18494";"80765402";"18494";"11";"1";"1";"7";"6";"0";"1";"2";"1";"0"
"18495";"80765402";"18495";"71";"2";"1";"7";"6";"0";"1";"1";"1";"0"
"18496";"80765404";"18496";"81";"3";"6";"1";"6";"0";"1";"1";"1";"0"
"18497";"80765404";"18497";"71";"3";"1";"7";"6";"0";"1";"1";"1";"0"
"18498";"80765404";"18498";"64";"1";"3";"1";"6";"0";"1";"1";"1";"0"
"18499";"80765404";"18499";"77";"2";"1";"7";"8";"0";"1";"1";"1";"0"
"18500";"80765404";"18500";"77";"3";"1";"7";"8";"0";"1";"0";"1";"0"
"18501";"80765404";"18501";"61";"1";"1";"7";"3";"0";"1";"2";"1";"0"
"18502";"80765405";"18502";"72";"1";"1";"7";"8";"0";"1";"1";"1";"0"
"18503";"80765405";"18503";"11";"1";"1";"7";"6";"0";"2";"1";"1";"0"
"18504";"80765405";"18504";"11";"1";"1";"7";"2";"0";"1";"1";"1";"0"
"18505";"80765405";"18505";"11";"1";"1";"7";"6";"0";"1";"1";"1";"0"
"18506";"80765405";"18506";"11";"3";"1";"7";"6";"0";"1";"1";"1";"0"
"18507";"80765405";"18507";"42";"3";"1";"7";"5";"0";"1";"2";"1";"0"
"18508";"80765405";"18508";"16";"1";"1";"7";"3";"0";"1";"1";"1";"0"
"18509";"80765405";"18509";"11";"1";"1";"7";"6";"0";"1";"1";"1";"0"
"18510";"80765405";"18510";"42";"2";"6";"2";"6";"0";"1";"2";"1";"0"
"18511";"80765405";"18511";"71";"1";"7";"7";"6";"0";"0";"1";"3";"0"
"18512";"80765406";"18512";"13";"3";"1";"7";"6";"0";"1";"2";"1";"0"
"18513";"80765406";"18513";"81";"3";"1";"1";"6";"0";"0";"1";"0";"0"
"18514";"80765411";"18514";"62";"1";"1";"7";"2";"1";"0";"1";"2";"0"
"18515";"80765423";"18515";"51";"1";"1";"7";"3";"0";"1";"1";"1";"0"
"18516";"80765423";"18516";"11";"1";"1";"7";"2";"0";"1";"1";"1";"0"
"18517";"80765502";"18517";"71";"1";"1";"7";"6";"0";"1";"1";"1";"0"
"18518";"80765507";"18518";"11";"1";"1";"7";"6";"0";"1";"2";"1";"0"
"18519";"80765507";"18519";"11";"1";"1";"7";"6";"1";"0";"1";"2";"0"
"18520";"80765507";"18520";"15";"3";"1";"7";"6";"0";"1";"1";"1";"0"
"18521";"80765507";"18521";"16";"1";"1";"7";"6";"0";"1";"2";"1";"0"
"18522";"80765507";"18522";"17";"1";"3";"2";"2";"0";"1";"1";"1";"0"
"18523";"80765507";"18523";"16";"1";"1";"7";"4";"0";"1";"1";"1";"0"
"18524";"80765507";"18524";"16";"1";"3";"2";"6";"0";"2";"0";"1";"0"
"18525";"80765510";"18525";"11";"1";"1";"7";"6";"0";"1";"2";"1";"0"
"18526";"80765510";"18526";"51";"3";"1";"7";"6";"0";"1";"2";"1";"0"
"18527";"80765510";"18527";"71";"3";"1";"7";"6";"0";"1";"1";"1";"0"
"18528";"80765510";"18528";"11";"1";"3";"1";"6";"0";"1";"1";"1";"0"
"18529";"80765510";"18529";"17";"1";"1";"7";"2";"0";"1";"1";"1";"0"
"18530";"80765510";"18530";"11";"1";"1";"7";"6";"0";"1";"1";"1";"0"
"18531";"80765510";"18531";"16";"1";"1";"7";"4";"0";"1";"1";"1";"0"
"18532";"80766101";"18532";"17";"1";"2";"1";"2";"0";"1";"1";"1";"0"
"18533";"80766203";"18533";"17";"1";"1";"7";"2";"0";"1";"1";"1";"0"
"18534";"80766507";"18534";"31";"1";"1";"7";"6";"0";"1";"1";"1";"0"
"18535";"80766507";"18535";"16";"1";"1";"7";"5";"0";"3";"0";"1";"0"
"18536";"80766507";"18536";"16";"1";"1";"7";"5";"0";"1";"2";"1";"0"
"18537";"80766507";"18537";"51";"1";"3";"2";"6";"0";"1";"2";"1";"0"
"18538";"80767105";"18538";"72";"1";"3";"2";"6";"0";"1";"1";"1";"0"
"18539";"80767105";"18539";"17";"3";"1";"7";"2";"1";"1";"1";"2";"0"
"18540";"80767105";"18540";"17";"1";"1";"7";"2";"0";"1";"1";"1";"0"
"18541";"80767105";"18541";"17";"1";"1";"7";"1";"0";"1";"1";"1";"0"
"18542";"80767105";"18542";"64";"1";"1";"7";"6";"0";"2";"1";"1";"0"
"18543";"80767203";"18543";"11";"3";"1";"7";"6";"0";"1";"1";"1";"0"
"18544";"80767203";"18544";"17";"1";"1";"7";"2";"0";"2";"1";"1";"0"
"18545";"80767203";"18545";"22";"1";"1";"7";"6";"0";"1";"1";"1";"0"
"18546";"80767208";"18546";"81";"3";"1";"7";"6";"0";"2";"1";"1";"0"
"18547";"80767208";"18547";"14";"1";"1";"7";"6";"0";"1";"2";"1";"0"
"18548";"80767208";"18548";"11";"1";"1";"7";"6";"0";"1";"1";"1";"0"
"18549";"80767208";"18549";"11";"1";"1";"7";"6";"0";"1";"1";"1";"0"
"18550";"80767208";"18550";"11";"1";"1";"7";"5";"1";"0";"1";"2";"0"
"18551";"80767208";"18551";"17";"1";"1";"7";"2";"0";"1";"1";"1";"0"
"18552";"80767208";"18552";"17";"1";"1";"7";"2";"0";"1";"1";"1";"0"
"18553";"80767208";"18553";"11";"1";"1";"7";"6";"0";"1";"1";"1";"0"
"18554";"80767415";"18554";"23";"1";"1";"7";"4";"0";"1";"1";"1";"0"
"18555";"80767519";"18555";"71";"3";"1";"7";"6";"0";"1";"1";"3";"0"
"18556";"80771103";"18556";"11";"1";"1";"7";"4";"1";"0";"1";"2";"0"
"18557";"80771103";"18557";"11";"1";"1";"7";"6";"1";"0";"1";"2";"0"
"18558";"80771107";"18558";"14";"5";"1";"1";"6";"0";"2";"1";"1";"0"
"18559";"80771109";"18559";"20";"1";"1";"2";"2";"0";"1";"1";"1";"0"
"18560";"80771301";"18560";"13";"3";"1";"7";"6";"1";"1";"0";"2";"0"
"18561";"80771301";"18561";"13";"1";"1";"2";"6";"0";"1";"1";"1";"0"
"18562";"80771302";"18562";"11";"1";"1";"7";"6";"0";"1";"1";"1";"0"
"18563";"80771302";"18563";"17";"1";"1";"7";"2";"0";"1";"1";"1";"0"
"18564";"80771302";"18564";"11";"3";"2";"2";"6";"0";"1";"2";"1";"0"
"18565";"80771302";"18565";"11";"1";"1";"7";"6";"0";"1";"1";"1";"0"
"18566";"80771302";"18566";"81";"3";"1";"7";"6";"0";"1";"1";"1";"0"
"18567";"80771304";"18567";"24";"1";"2";"2";"2";"1";"0";"1";"2";"0"
"18568";"80771402";"18568";"14";"1";"1";"7";"6";"0";"2";"2";"1";"0"
"18569";"80771402";"18569";"14";"1";"3";"2";"6";"0";"1";"1";"1";"0"
"18570";"80771402";"18570";"14";"1";"2";"2";"6";"0";"1";"1";"1";"0"
"18571";"80771402";"18571";"14";"1";"1";"7";"6";"0";"1";"1";"1";"0"
"18572";"80771402";"18572";"14";"1";"1";"7";"6";"0";"1";"1";"1";"0"
"18573";"80771402";"18573";"14";"1";"1";"7";"6";"0";"2";"1";"1";"0"
"18574";"80771402";"18574";"14";"3";"1";"7";"4";"0";"1";"1";"1";"0"
"18575";"80771404";"18575";"14";"5";"1";"7";"6";"0";"2";"1";"1";"0"
"18576";"80771501";"18576";"32";"1";"1";"7";"7";"1";"0";"1";"2";"0"
"18577";"80772207";"18577";"13";"1";"3";"2";"6";"1";"1";"2";"2";"0"
"18578";"80772301";"18578";"13";"1";"1";"7";"6";"0";"1";"1";"1";"0"
"18579";"80772305";"18579";"71";"1";"1";"1";"6";"0";"1";"1";"1";"0"
"18580";"80772307";"18580";"71";"3";"1";"7";"6";"1";"0";"1";"2";"0"
"18581";"80772308";"18581";"13";"1";"1";"7";"6";"0";"1";"1";"1";"0"
"18582";"80772308";"18582";"17";"3";"1";"7";"2";"0";"1";"1";"1";"0"
"18583";"80772313";"18583";"81";"5";"1";"7";"6";"0";"1";"1";"1";"0"
"18584";"80772316";"18584";"71";"1";"1";"7";"6";"0";"1";"1";"1";"0"
"18585";"80772403";"18585";"14";"2";"1";"2";"6";"0";"1";"1";"1";"0"
"18586";"80772403";"18586";"14";"1";"1";"7";"6";"0";"1";"1";"1";"0"
"18587";"80772405";"18587";"15";"3";"1";"7";"6";"1";"0";"2";"2";"0"
"18588";"80772405";"18588";"15";"3";"3";"2";"7";"0";"2";"1";"1";"0"
"18589";"80772405";"18589";"14";"3";"1";"7";"6";"0";"2";"1";"1";"0"
"18590";"80772405";"18590";"14";"1";"3";"2";"6";"0";"1";"1";"1";"0"
"18591";"80772405";"18591";"11";"3";"1";"7";"6";"0";"4";"0";"1";"0"
"18592";"80772405";"18592";"11";"1";"1";"7";"6";"0";"5";"0";"1";"0"
"18593";"80772405";"18593";"11";"5";"1";"7";"6";"0";"1";"1";"1";"0"
"18594";"80772405";"18594";"11";"1";"1";"7";"5";"0";"1";"1";"1";"0"
"18595";"80772405";"18595";"11";"1";"1";"7";"3";"0";"1";"1";"1";"0"
"18596";"80772406";"18596";"72";"1";"1";"7";"6";"1";"0";"1";"2";"0"
"18597";"80772513";"18597";"72";"1";"1";"1";"6";"0";"1";"1";"1";"0"
"18598";"80772513";"9280";"41";"1";"3";"2";"6";"0";"1";"1";"1";"0"
"18599";"80772513";"18599";"51";"5";"1";"7";"6";"0";"1";"1";"1";"0"
"18600";"80773103";"18600";"71";"1";"1";"7";"6";"0";"1";"1";"1";"0"
"18601";"80773103";"18601";"24";"3";"3";"1";"2";"0";"1";"1";"1";"0"
"18602";"80773103";"18602";"11";"3";"1";"7";"6";"0";"1";"1";"1";"0"
"18603";"80773112";"18603";"71";"1";"3";"1";"6";"0";"1";"1";"1";"0"
"18604";"80773112";"18604";"81";"3";"1";"7";"8";"0";"2";"0";"1";"0"
"18605";"80773201";"18605";"14";"1";"3";"2";"6";"0";"1";"1";"1";"0"
"18606";"80773201";"18606";"51";"1";"1";"7";"6";"0";"1";"1";"1";"0"
"18607";"80773201";"18607";"14";"1";"1";"7";"6";"0";"1";"2";"1";"0"
"18608";"80773201";"18608";"14";"1";"1";"2";"6";"0";"2";"1";"1";"0"
"18609";"80773201";"18609";"14";"1";"1";"7";"6";"0";"1";"1";"1";"0"
"18610";"80773201";"18610";"14";"1";"1";"7";"6";"0";"1";"1";"1";"0"
"18611";"80773201";"18611";"14";"2";"1";"7";"4";"0";"1";"1";"1";"0"
"18612";"80773203";"18612";"71";"3";"1";"7";"5";"1";"0";"1";"2";"0"
"18613";"80773221";"18613";"51";"1";"1";"7";"6";"0";"1";"1";"1";"0"
"18614";"80773305";"18614";"13";"1";"1";"7";"6";"0";"1";"2";"1";"0"
"18615";"80773305";"18615";"13";"1";"1";"7";"6";"0";"1";"2";"1";"0"
"18616";"80773406";"18616";"14";"2";"1";"7";"6";"0";"1";"1";"1";"0"
"18617";"80774103";"18617";"72";"3";"1";"7";"6";"0";"1";"1";"1";"0"
"18618";"80774105";"18618";"17";"1";"1";"7";"2";"0";"1";"1";"1";"0"
"18619";"80774107";"18619";"21";"3";"1";"7";"6";"0";"2";"1";"1";"0"
"18620";"80774111";"18620";"16";"1";"1";"7";"6";"0";"2";"1";"1";"0"
"18621";"80774111";"18621";"16";"1";"1";"7";"6";"0";"2";"0";"1";"0"
"18622";"80774111";"18622";"17";"1";"1";"7";"2";"0";"1";"1";"1";"0"
"18623";"80774111";"18623";"11";"1";"1";"7";"6";"0";"1";"1";"1";"0"
"18624";"80774111";"18624";"11";"1";"1";"7";"6";"0";"2";"1";"1";"0"
"18625";"80774111";"18625";"11";"5";"3";"1";"6";"0";"1";"1";"1";"0"
"18626";"80774111";"18626";"31";"5";"1";"7";"6";"1";"1";"1";"2";"0"
"18627";"80774111";"18627";"11";"1";"1";"7";"6";"0";"1";"1";"1";"0"
"18628";"80774111";"18628";"11";"2";"1";"7";"6";"0";"1";"1";"1";"0"
"18629";"80774111";"18629";"11";"1";"3";"2";"6";"0";"2";"0";"1";"0"
"18630";"80774111";"18630";"11";"2";"3";"1";"6";"0";"1";"1";"1";"0"
"18631";"80774111";"18631";"11";"1";"3";"2";"6";"0";"1";"2";"1";"0"
"18632";"80774206";"18632";"51";"3";"1";"7";"6";"0";"1";"2";"1";"0"
"18633";"80774301";"18633";"17";"1";"3";"7";"2";"1";"0";"1";"2";"0"
"18634";"80774402";"18634";"19";"1";"1";"7";"6";"0";"1";"1";"1";"0"
"18635";"80774402";"18635";"19";"4";"1";"7";"6";"0";"2";"1";"1";"0"
"18636";"80774402";"18636";"19";"1";"4";"3";"6";"0";"1";"1";"1";"0"
"18637";"80774402";"18637";"19";"1";"1";"7";"6";"0";"1";"2";"1";"0"
"18638";"80774402";"18638";"81";"3";"1";"7";"0";"0";"1";"0";"1";"0"
"18639";"80774402";"18639";"19";"1";"1";"7";"6";"0";"1";"1";"1";"0"
"18640";"80774402";"18640";"41";"1";"1";"7";"6";"0";"1";"1";"1";"0"
"18641";"80774504";"18641";"51";"1";"1";"7";"6";"0";"3";"1";"1";"0"
"18642";"80774504";"8668";"51";"1";"1";"1";"6";"0";"1";"4";"1";"0"
"18643";"80774504";"18643";"81";"3";"1";"7";"0";"0";"0";"0";"3";"0"
"18644";"80774504";"18644";"52";"3";"1";"2";"0";"0";"1";"0";"3";"0"
"18645";"80774505";"18645";"11";"1";"1";"7";"6";"0";"1";"1";"1";"0"
"18646";"80774505";"18646";"11";"1";"1";"7";"6";"0";"1";"1";"1";"0"
"18647";"80774505";"18647";"11";"1";"1";"7";"6";"0";"1";"4";"1";"0"
"18648";"80774505";"18648";"11";"1";"1";"7";"6";"0";"2";"0";"1";"0"