"accident_id";"lieu_id";"date_id";"cause_id";"lum_id";"intemp_id";"etat_surface_id";"impliq_id";"nb_blesses_graves";"nb_blesses_legers";"nb_indemnes";"gravite";"nb_morts"
"19579";"81765204";"19579";"11";"3";"1";"7";"6";"0";"1";"0";"1";"0"
"19580";"81765204";"19580";"42";"1";"1";"7";"6";"0";"1";"2";"1";"0"
"19581";"81765204";"19581";"71";"1";"1";"7";"6";"1";"0";"1";"2";"0"
"19582";"81765204";"19582";"11";"1";"1";"7";"6";"0";"1";"1";"1";"0"
"19583";"81765204";"19583";"51";"1";"1";"7";"6";"0";"1";"2";"1";"0"
"19584";"81765206";"19584";"81";"3";"1";"7";"0";"0";"1";"1";"1";"0"
"19585";"81765206";"19585";"17";"1";"1";"7";"2";"0";"1";"1";"1";"0"
"19586";"81765206";"19586";"17";"1";"1";"7";"2";"0";"1";"1";"1";"0"
"19587";"81765303";"19587";"85";"3";"1";"7";"6";"0";"1";"1";"1";"0"
"19588";"81765304";"19588";"17";"3";"2";"2";"2";"0";"2";"1";"1";"0"
"19589";"81765304";"19589";"18";"5";"1";"7";"6";"0";"1";"1";"1";"0"
"19590";"81765304";"19590";"17";"1";"1";"7";"2";"0";"1";"1";"1";"0"
"19591";"81765405";"19591";"11";"1";"1";"7";"6";"0";"1";"1";"1";"0"
"19592";"81765407";"19592";"13";"3";"3";"1";"6";"0";"1";"1";"1";"0"
"19593";"81765407";"19593";"14";"3";"3";"2";"3";"0";"1";"1";"1";"0"
"19594";"81765421";"19594";"51";"3";"1";"7";"6";"0";"2";"1";"1";"0"
"19595";"81765421";"19595";"52";"1";"1";"7";"0";"0";"3";"0";"1";"0"
"19596";"81765421";"19596";"52";"3";"1";"7";"0";"0";"1";"0";"1";"0"
"19597";"81766105";"19597";"52";"3";"1";"7";"0";"0";"1";"1";"1";"0"
"19598";"81766201";"19598";"13";"1";"3";"2";"4";"0";"1";"1";"1";"0"
"19599";"81766201";"19599";"14";"1";"1";"7";"4";"0";"1";"1";"1";"0"
"19600";"81766201";"19600";"71";"1";"1";"7";"6";"1";"0";"1";"2";"0"
"19601";"81766201";"19601";"13";"2";"1";"7";"4";"0";"1";"1";"1";"0"
"19602";"81766201";"19602";"64";"1";"1";"7";"5";"0";"2";"0";"1";"0"
"19603";"81766202";"19603";"21";"3";"1";"7";"6";"0";"1";"1";"1";"0"
"19604";"81766202";"19604";"17";"3";"1";"7";"2";"0";"2";"1";"1";"0"
"19605";"81766202";"19605";"71";"1";"1";"7";"6";"0";"1";"1";"1";"0"
"19606";"81766202";"19606";"17";"5";"1";"7";"2";"1";"0";"1";"2";"0"
"19607";"81766202";"19607";"51";"1";"1";"7";"6";"0";"1";"1";"1";"0"
"19608";"81766203";"19608";"81";"3";"1";"7";"5";"0";"1";"1";"1";"0"
"19609";"81766203";"19609";"31";"1";"1";"7";"6";"0";"1";"1";"1";"0"
"19610";"81766203";"19610";"72";"1";"3";"2";"6";"0";"1";"1";"1";"0"
"19611";"81766203";"19611";"16";"3";"1";"7";"4";"0";"1";"1";"1";"0"
"19612";"81766203";"19612";"21";"1";"1";"7";"4";"0";"1";"1";"1";"0"
"19613";"81766203";"19613";"23";"5";"3";"1";"6";"0";"2";"0";"1";"0"
"19614";"81766204";"19614";"17";"1";"3";"2";"2";"1";"0";"1";"2";"0"
"19615";"81766204";"19615";"17";"1";"1";"7";"1";"0";"1";"1";"1";"0"
"19616";"81766204";"19616";"19";"1";"1";"7";"6";"1";"0";"1";"2";"0"
"19617";"81766204";"19617";"22";"1";"1";"7";"6";"0";"1";"1";"1";"0"
"19618";"81766204";"19618";"17";"1";"1";"7";"1";"2";"0";"1";"2";"0"
"19619";"81766204";"19619";"19";"1";"1";"7";"4";"1";"0";"1";"2";"0"
"19620";"81766204";"19620";"17";"1";"1";"1";"1";"0";"1";"1";"1";"0"
"19621";"81766205";"19621";"71";"1";"1";"7";"6";"0";"1";"1";"1";"0"
"19622";"81766302";"19622";"71";"1";"1";"7";"6";"0";"1";"1";"1";"0"
"19623";"81766302";"19623";"13";"3";"1";"7";"6";"0";"1";"1";"1";"0"
"19624";"81766302";"19624";"52";"1";"1";"7";"0";"0";"1";"0";"1";"0"
"19625";"81766302";"19625";"24";"2";"1";"7";"6";"0";"1";"2";"1";"0"
"19626";"81766302";"19626";"19";"1";"1";"7";"6";"0";"1";"2";"1";"0"
"19627";"81766302";"19627";"19";"1";"3";"2";"6";"0";"2";"1";"1";"0"
"19628";"81766302";"19628";"19";"1";"1";"7";"6";"0";"2";"1";"1";"0"
"19629";"81766302";"19629";"71";"3";"1";"7";"6";"1";"0";"1";"2";"0"
"19630";"81766302";"19630";"17";"1";"1";"7";"2";"0";"1";"1";"1";"0"
"19631";"81766302";"19631";"19";"1";"1";"7";"6";"0";"1";"1";"1";"0"
"19632";"81766302";"19632";"16";"1";"1";"7";"6";"0";"2";"1";"1";"0"
"19633";"81766303";"19633";"17";"1";"1";"7";"2";"0";"1";"1";"1";"0"
"19634";"81766303";"19624";"17";"1";"1";"7";"1";"0";"0";"1";"3";"0"
"19635";"81766303";"19635";"11";"1";"1";"7";"6";"0";"1";"1";"1";"0"
"19636";"81766303";"19636";"17";"1";"1";"7";"2";"0";"0";"1";"3";"0"
"19637";"81766303";"19637";"16";"1";"1";"7";"6";"0";"1";"1";"1";"0"
"19638";"81766303";"19638";"11";"1";"1";"7";"6";"0";"3";"0";"1";"0"
"19639";"81766303";"19639";"52";"1";"1";"7";"0";"0";"1";"1";"1";"0"
"19640";"81766406";"19640";"41";"3";"1";"7";"6";"3";"2";"0";"2";"0"
"19641";"81766406";"19641";"13";"1";"1";"7";"4";"0";"2";"0";"1";"0"
"19642";"81766406";"19642";"19";"1";"1";"2";"6";"0";"3";"1";"1";"0"
"19643";"81766406";"19643";"16";"1";"1";"7";"6";"1";"0";"1";"2";"0"
"19644";"81766406";"19644";"17";"1";"3";"2";"1";"0";"1";"1";"1";"0"
"19645";"81766406";"19645";"71";"1";"3";"2";"6";"0";"1";"1";"1";"0"
"19646";"81766406";"19646";"41";"3";"1";"7";"6";"0";"1";"1";"1";"0"
"19647";"81766407";"19647";"71";"1";"1";"7";"7";"1";"0";"1";"2";"0"
"19648";"81766408";"19648";"52";"3";"3";"2";"0";"2";"0";"0";"2";"0"
"19649";"81767101";"19649";"17";"1";"1";"7";"1";"0";"1";"1";"1";"0"
"19650";"81767101";"8862";"71";"3";"3";"1";"6";"0";"1";"2";"1";"0"
"19651";"81767102";"19651";"71";"1";"1";"1";"6";"0";"1";"1";"1";"0"
"19652";"81767102";"19652";"17";"3";"1";"7";"2";"0";"1";"1";"1";"0"
"19653";"81767102";"19653";"17";"1";"1";"7";"2";"0";"1";"1";"1";"0"
"19654";"81767102";"19654";"85";"5";"1";"7";"4";"0";"1";"1";"1";"0"
"19655";"81767102";"1078";"17";"3";"1";"7";"1";"0";"1";"1";"1";"0"
"19656";"81767103";"19656";"71";"1";"1";"7";"6";"0";"1";"1";"1";"0"
"19657";"81767103";"19657";"71";"1";"1";"7";"6";"0";"1";"1";"1";"0"
"19658";"81767105";"19658";"16";"1";"1";"7";"6";"0";"2";"2";"1";"0"
"19659";"81767105";"19659";"16";"1";"1";"7";"4";"0";"2";"2";"1";"0"
"19660";"81767105";"19660";"11";"1";"1";"2";"6";"0";"2";"1";"1";"0"
"19661";"81767105";"19661";"16";"5";"3";"1";"6";"0";"2";"2";"1";"0"
"19662";"81767105";"19662";"16";"5";"3";"1";"5";"0";"1";"1";"1";"0"
"19663";"81767105";"8951";"52";"1";"1";"7";"6";"0";"1";"3";"1";"0"
"19664";"81767105";"19664";"11";"3";"1";"7";"6";"0";"1";"1";"1";"0"
"19665";"81767105";"19665";"16";"1";"1";"7";"6";"0";"2";"1";"1";"0"
"19666";"81767106";"19666";"19";"1";"1";"7";"6";"0";"1";"2";"1";"0"
"19667";"81767301";"19667";"22";"1";"1";"7";"6";"0";"1";"1";"1";"0"
"19668";"81767301";"19668";"81";"3";"1";"7";"6";"0";"1";"0";"1";"0"
"19669";"81767301";"19669";"17";"1";"3";"1";"2";"0";"1";"0";"3";"0"
"19670";"81767302";"19670";"21";"3";"1";"7";"8";"0";"4";"2";"1";"0"
"19671";"81767304";"19671";"16";"1";"1";"7";"6";"0";"3";"1";"1";"0"
"19672";"81767304";"19672";"41";"5";"1";"7";"6";"0";"1";"1";"1";"0"
"19673";"81767305";"19673";"17";"2";"1";"7";"2";"1";"0";"1";"2";"0"
"19674";"81767305";"19674";"17";"3";"1";"7";"2";"0";"1";"1";"1";"0"
"19675";"81767305";"16588";"71";"2";"1";"7";"6";"0";"1";"1";"1";"0"
"19676";"81767308";"19676";"71";"2";"1";"7";"6";"0";"1";"1";"1";"0"
"19677";"81767308";"19174";"64";"1";"1";"7";"6";"1";"0";"1";"2";"0"
"19678";"81767308";"19678";"72";"1";"1";"7";"6";"0";"1";"1";"1";"0"
"19679";"81767308";"19679";"71";"1";"1";"7";"6";"0";"1";"1";"1";"0"
"19680";"81767402";"19680";"14";"1";"1";"7";"6";"0";"1";"1";"1";"0"
"19681";"81767402";"19681";"14";"1";"1";"7";"6";"0";"2";"0";"1";"0"
"19682";"81767403";"19682";"21";"1";"1";"7";"6";"0";"2";"0";"1";"0"
"19683";"81771301";"19683";"16";"1";"1";"7";"6";"0";"1";"1";"1";"0"
"19684";"81771302";"19684";"52";"3";"1";"7";"0";"1";"0";"0";"3";"0"
"19685";"81771509";"19685";"41";"1";"1";"1";"6";"0";"1";"1";"1";"0"
"19686";"81771509";"19686";"72";"1";"1";"7";"9";"1";"0";"1";"2";"0"
"19687";"81772104";"19687";"11";"3";"1";"7";"6";"0";"1";"2";"1";"0"
"19688";"81772104";"19688";"11";"1";"1";"7";"6";"0";"1";"1";"1";"0"
"19689";"81772105";"19689";"63";"5";"1";"7";"4";"0";"2";"1";"1";"0"
"19690";"81772105";"19690";"35";"1";"1";"7";"3";"1";"0";"1";"2";"0"
"19691";"81772304";"19691";"17";"1";"3";"2";"1";"0";"1";"1";"1";"0"
"19692";"81772304";"19692";"51";"1";"1";"7";"6";"1";"0";"1";"2";"0"
"19693";"81772402";"19693";"16";"3";"1";"7";"6";"1";"0";"0";"2";"0"
"19694";"81772402";"19694";"17";"1";"1";"2";"2";"0";"1";"1";"1";"0"
"19695";"81772501";"19695";"18";"4";"1";"7";"6";"0";"2";"1";"1";"0"
"19696";"81772501";"19696";"11";"3";"1";"7";"6";"0";"1";"1";"1";"0"
"19697";"81772501";"19697";"11";"1";"1";"7";"6";"0";"2";"2";"1";"0"
"19698";"81773102";"19698";"19";"1";"1";"7";"6";"0";"2";"1";"1";"0"
"19699";"81773102";"19699";"19";"1";"3";"2";"6";"0";"3";"1";"1";"0"
"19700";"81773102";"19700";"19";"1";"1";"7";"6";"0";"1";"1";"1";"0"
"19701";"81773102";"19701";"19";"1";"1";"7";"6";"0";"1";"1";"1";"0"
"19702";"81773102";"15199";"19";"1";"1";"7";"6";"1";"0";"1";"2";"0"
"19703";"81773103";"19703";"13";"1";"1";"7";"6";"0";"1";"1";"1";"0"
"19704";"81773103";"19704";"13";"1";"1";"1";"6";"0";"2";"1";"1";"0"
"19705";"81773103";"19705";"13";"3";"1";"2";"4";"1";"1";"0";"2";"0"
"19706";"81773103";"19706";"13";"3";"1";"7";"6";"0";"4";"0";"1";"0"
"19707";"81773103";"19707";"13";"1";"1";"7";"8";"1";"1";"1";"2";"0"
"19708";"81773103";"19708";"13";"1";"1";"7";"3";"0";"2";"0";"1";"0"
"19709";"81773103";"19709";"13";"1";"1";"7";"6";"0";"2";"1";"1";"0"
"19710";"81773104";"19710";"41";"1";"1";"7";"3";"0";"1";"1";"1";"0"
"19711";"81773201";"19711";"16";"1";"1";"7";"6";"0";"1";"1";"1";"0"
"19712";"81773202";"19712";"11";"1";"1";"7";"6";"0";"1";"1";"1";"0"
"19713";"81773203";"19713";"11";"3";"1";"7";"6";"0";"1";"1";"1";"0"
"19714";"81773203";"19714";"21";"1";"1";"7";"6";"0";"1";"2";"1";"0"
"19715";"81773203";"19715";"17";"1";"1";"7";"2";"0";"1";"1";"1";"0"
"19716";"81773203";"19716";"11";"2";"1";"7";"6";"0";"2";"1";"1";"0"
"19717";"81773204";"19717";"16";"3";"1";"7";"6";"0";"1";"2";"1";"0"
"19718";"81773204";"19718";"17";"1";"1";"2";"2";"1";"1";"0";"2";"0"
"19719";"81774104";"19719";"17";"1";"1";"7";"2";"0";"2";"1";"1";"0"
"19720";"81774202";"19720";"51";"1";"1";"7";"6";"0";"1";"1";"1";"0"
"19721";"81774202";"19721";"11";"3";"1";"7";"6";"0";"1";"0";"1";"0"
"19722";"81774202";"19722";"11";"1";"3";"2";"6";"0";"1";"1";"1";"0"
"19723";"81774202";"19723";"41";"1";"1";"7";"2";"0";"1";"1";"1";"0"
"19724";"81774202";"19724";"11";"1";"1";"7";"6";"0";"1";"1";"1";"0"
"19725";"81774202";"19725";"16";"1";"3";"2";"6";"0";"3";"0";"1";"0"
"19726";"81774202";"19726";"11";"3";"1";"2";"6";"0";"2";"1";"1";"0"
"19727";"81774202";"19727";"11";"5";"1";"7";"4";"0";"1";"1";"1";"0"
"19728";"81774202";"17873";"17";"1";"1";"7";"1";"0";"1";"1";"1";"0"
"19729";"81774202";"19729";"11";"3";"1";"7";"6";"0";"1";"1";"1";"0"
"19730";"81774202";"19730";"11";"3";"1";"7";"2";"0";"2";"1";"1";"0"
"19731";"81774203";"19731";"19";"1";"2";"2";"4";"0";"1";"1";"1";"0"
"19732";"81774203";"19732";"21";"3";"3";"2";"5";"0";"1";"1";"1";"0"
"19733";"81774203";"19733";"19";"1";"1";"7";"4";"0";"1";"1";"1";"0"
"19734";"81774203";"19734";"19";"1";"1";"7";"5";"0";"1";"1";"1";"0"
"19735";"81774203";"19735";"19";"5";"1";"7";"4";"0";"1";"2";"1";"0"
"19736";"81774203";"19736";"61";"1";"1";"7";"3";"0";"0";"2";"3";"0"
"19737";"81774401";"19737";"36";"3";"1";"7";"3";"0";"1";"1";"1";"0"
"19738";"81774402";"19738";"41";"1";"1";"7";"6";"0";"1";"1";"1";"0"
"19739";"81774402";"19739";"11";"3";"3";"2";"6";"0";"1";"3";"1";"0"
"19740";"81774505";"19740";"14";"3";"1";"7";"6";"0";"1";"1";"1";"0"
"19741";"81774505";"19741";"17";"1";"1";"7";"2";"0";"1";"1";"1";"0"
"19742";"81774505";"19742";"20";"1";"1";"7";"6";"0";"1";"1";"1";"0"
"19743";"81775301";"19743";"52";"1";"1";"4";"4";"0";"1";"1";"1";"0"
"19744";"81775303";"19744";"16";"1";"1";"7";"4";"0";"1";"1";"1";"0"
"19745";"81776102";"19745";"52";"1";"1";"7";"6";"0";"1";"1";"1";"0"
"19746";"81776110";"19746";"52";"1";"1";"1";"6";"1";"0";"1";"2";"0"
"19747";"81776203";"19747";"51";"3";"1";"2";"6";"0";"1";"1";"1";"0"
"19748";"81776203";"19748";"17";"1";"3";"2";"2";"0";"1";"1";"1";"0"
"19749";"81776204";"19749";"51";"1";"1";"7";"6";"0";"3";"1";"1";"0"
"19750";"81776204";"19750";"51";"3";"1";"7";"6";"0";"1";"1";"1";"0"
"19751";"81776204";"19751";"51";"1";"1";"7";"6";"0";"3";"1";"1";"0"
"19752";"81776402";"19752";"14";"1";"6";"7";"6";"0";"1";"2";"1";"0"
"19753";"81776501";"19753";"13";"1";"7";"2";"4";"0";"1";"1";"1";"0"
"19754";"81776502";"19754";"13";"1";"1";"7";"6";"0";"1";"1";"1";"0"
"19755";"81776505";"19755";"21";"1";"1";"7";"6";"0";"1";"1";"1";"0"
"19756";"81777108";"19756";"16";"1";"1";"7";"4";"0";"1";"1";"1";"0"
"19757";"81777204";"19757";"71";"1";"1";"7";"6";"1";"1";"1";"2";"0"
"19758";"81777204";"19758";"15";"1";"1";"2";"6";"0";"1";"1";"1";"0"
"19759";"81777205";"19759";"53";"1";"1";"7";"6";"0";"2";"2";"1";"0"
"19760";"81777205";"19760";"11";"2";"1";"7";"6";"0";"1";"1";"1";"0"
"19761";"81777504";"19761";"21";"1";"1";"7";"6";"0";"1";"1";"1";"0"
"19762";"81777517";"19762";"81";"3";"7";"7";"0";"0";"0";"0";"3";"0"
"19763";"81781101";"19763";"17";"1";"1";"7";"1";"0";"1";"1";"1";"0"
"19764";"81781105";"19764";"12";"3";"1";"1";"7";"0";"1";"8";"1";"0"
"19765";"81781105";"19765";"11";"1";"1";"7";"9";"0";"1";"0";"1";"0"
"19766";"81781105";"19766";"11";"3";"1";"1";"6";"1";"0";"4";"2";"0"
"19767";"81781108";"19767";"11";"1";"1";"7";"6";"0";"1";"1";"1";"0"
"19768";"81781110";"19768";"11";"1";"1";"7";"6";"0";"1";"1";"1";"0"
"19769";"81781110";"19769";"41";"2";"3";"1";"5";"0";"2";"2";"1";"0"
"19770";"81781110";"19770";"11";"3";"1";"7";"4";"0";"1";"1";"1";"0"
"19771";"81781112";"19771";"11";"3";"1";"7";"9";"0";"0";"1";"3";"0"
"19772";"81781113";"19772";"14";"1";"7";"7";"6";"0";"2";"4";"1";"0"
"19773";"81781207";"19773";"14";"3";"1";"7";"6";"0";"4";"0";"1";"0"
"19774";"81781207";"19774";"14";"1";"1";"7";"6";"0";"1";"3";"1";"0"
"19775";"81781302";"19775";"17";"1";"3";"2";"2";"1";"0";"1";"2";"0"
"19776";"81781302";"19776";"41";"3";"1";"1";"6";"0";"1";"1";"1";"0"
"19777";"81781302";"19777";"51";"3";"1";"7";"6";"0";"1";"2";"1";"0"
"19778";"81781303";"19778";"14";"1";"3";"1";"6";"0";"2";"1";"1";"0"
"19779";"81781303";"19779";"17";"1";"1";"7";"2";"0";"1";"1";"1";"0"
"19780";"81781402";"19780";"21";"3";"1";"7";"4";"0";"1";"1";"1";"0"
"19781";"81781504";"19781";"21";"2";"1";"7";"6";"1";"0";"1";"2";"0"
"19782";"81782206";"19782";"15";"1";"1";"1";"6";"0";"1";"1";"1";"0"
"19783";"81782206";"19783";"35";"1";"1";"1";"4";"1";"0";"1";"2";"0"
"19784";"81782206";"19784";"19";"1";"3";"1";"6";"0";"1";"2";"1";"0"
"19785";"81782211";"19785";"43";"1";"1";"7";"6";"0";"1";"3";"1";"0"
"19786";"81782213";"19786";"11";"2";"1";"7";"6";"0";"1";"2";"1";"0"
"19787";"81782213";"19787";"16";"1";"1";"7";"3";"0";"1";"1";"1";"0"
"19788";"81782213";"19788";"11";"1";"3";"2";"9";"0";"0";"2";"3";"0"
"19789";"81782213";"19789";"11";"1";"1";"7";"6";"0";"1";"1";"1";"0"
"19790";"81782213";"19790";"19";"1";"1";"7";"6";"0";"1";"1";"1";"0"
"19791";"81782213";"19791";"32";"1";"1";"7";"7";"1";"0";"1";"2";"0"
"19792";"81782213";"19792";"51";"1";"1";"1";"6";"0";"1";"1";"1";"0"
"19793";"81782213";"19793";"71";"1";"1";"7";"4";"0";"1";"1";"1";"0"
"19794";"81782302";"19794";"52";"1";"3";"2";"6";"0";"3";"0";"1";"0"
"19795";"81782302";"19795";"14";"3";"1";"7";"6";"0";"1";"1";"1";"0"
"19796";"81783101";"19796";"13";"1";"1";"7";"6";"0";"1";"1";"1";"0"
"19797";"81783201";"19797";"51";"1";"1";"7";"6";"0";"1";"1";"1";"0"
"19798";"81783201";"19798";"14";"1";"1";"2";"6";"1";"0";"1";"2";"0"
"19799";"81783212";"19799";"17";"3";"1";"7";"2";"0";"1";"1";"1";"0"
"19800";"81784101";"19800";"52";"1";"3";"2";"0";"0";"1";"0";"1";"0"
"19801";"81784101";"19801";"16";"1";"1";"7";"6";"0";"1";"1";"1";"0"
"19802";"81784103";"19802";"17";"3";"1";"7";"2";"1";"0";"1";"2";"0"
"19803";"81784104";"19803";"16";"5";"1";"7";"6";"0";"1";"3";"1";"0"
"19804";"81784504";"19804";"11";"1";"3";"1";"6";"0";"1";"1";"1";"0"
"19805";"81784504";"19805";"11";"1";"1";"7";"6";"0";"1";"1";"1";"0"
"19806";"81784504";"19806";"52";"1";"1";"7";"0";"0";"1";"0";"1";"0"
"19807";"81784504";"19807";"11";"1";"1";"7";"6";"0";"1";"1";"1";"0"
"19808";"81784513";"19808";"11";"1";"1";"7";"6";"0";"1";"1";"1";"0"
"19809";"81784513";"19809";"11";"2";"2";"2";"6";"1";"0";"1";"2";"0"
"19810";"81784513";"19810";"11";"1";"6";"2";"6";"0";"1";"0";"1";"0"
"19811";"81784513";"19811";"17";"3";"1";"7";"2";"0";"1";"1";"1";"0"
"19812";"81784513";"19812";"11";"1";"1";"7";"6";"0";"1";"1";"1";"0"
"19813";"81784513";"19813";"11";"1";"1";"7";"6";"1";"0";"1";"2";"0"
"19814";"81784513";"19814";"11";"1";"1";"7";"6";"0";"1";"1";"1";"0"
"19815";"81784514";"19815";"11";"1";"3";"2";"6";"0";"1";"1";"1";"0"
"19816";"81785103";"19816";"21";"1";"1";"7";"3";"0";"1";"1";"1";"0"
"19817";"81785202";"19817";"71";"1";"1";"7";"6";"0";"1";"1";"1";"0"
"19818";"81785304";"19818";"99";"3";"1";"7";"6";"0";"1";"2";"1";"0"
"19819";"81785307";"19819";"14";"1";"1";"7";"6";"0";"1";"0";"1";"0"
"19820";"81785502";"19820";"14";"5";"1";"7";"6";"0";"2";"2";"1";"0"
"19821";"81785502";"19821";"14";"1";"1";"7";"6";"0";"1";"1";"1";"0"
"19822";"81785502";"19822";"14";"3";"1";"7";"6";"0";"2";"1";"1";"0"
"19823";"81785502";"19823";"14";"1";"1";"7";"6";"0";"1";"2";"1";"0"
"19824";"81785502";"19824";"14";"1";"1";"7";"6";"0";"1";"1";"1";"0"
"19825";"81785508";"19825";"16";"1";"1";"7";"3";"0";"1";"1";"1";"0"
"19826";"81785514";"19826";"51";"1";"1";"7";"6";"1";"0";"0";"2";"0"
"19827";"81785514";"19827";"11";"1";"1";"7";"6";"0";"1";"1";"1";"0"
"19828";"81785514";"19828";"15";"3";"4";"3";"6";"0";"1";"0";"1";"0"
"19829";"81785514";"19829";"73";"1";"1";"7";"6";"0";"1";"1";"1";"0"
"19830";"81785514";"13468";"43";"1";"1";"1";"4";"0";"1";"1";"1";"0"
"19831";"81785515";"19831";"51";"1";"1";"7";"6";"0";"1";"1";"1";"0"
"19832";"81786103";"19832";"71";"1";"3";"1";"6";"0";"1";"1";"1";"0"
"19833";"81786202";"19833";"14";"1";"1";"7";"6";"1";"0";"1";"2";"0"
"19834";"81786202";"19834";"14";"1";"1";"7";"6";"0";"2";"2";"1";"0"
"19835";"81786202";"19835";"14";"1";"1";"7";"6";"0";"1";"2";"1";"0"
"19836";"81786202";"19836";"14";"1";"1";"7";"6";"0";"1";"1";"1";"0"
"19837";"81786302";"19837";"21";"2";"1";"7";"6";"0";"1";"1";"1";"0"
"19838";"81786305";"19838";"14";"1";"1";"7";"5";"0";"3";"1";"1";"0"
"19839";"81786401";"19839";"14";"1";"1";"7";"3";"0";"1";"1";"1";"0"
"19840";"81787203";"19840";"13";"1";"1";"7";"6";"0";"1";"2";"1";"0"
"19841";"81787203";"19841";"13";"3";"1";"7";"4";"0";"1";"1";"1";"0"
"19842";"81787203";"19842";"13";"1";"1";"7";"6";"0";"1";"1";"1";"0"
"19843";"81787203";"19843";"13";"1";"1";"7";"6";"0";"1";"1";"1";"0"
"19844";"81787203";"19844";"13";"1";"1";"7";"4";"0";"1";"1";"1";"0"
"19845";"81787203";"19845";"13";"3";"1";"1";"7";"0";"1";"1";"1";"0"
"19846";"81787203";"19846";"13";"1";"1";"1";"6";"0";"3";"0";"1";"0"
"19847";"81787203";"19847";"21";"1";"1";"7";"4";"0";"1";"1";"1";"0"
"19848";"81787203";"19848";"81";"3";"1";"7";"6";"0";"1";"2";"1";"0"
"19849";"81787203";"19849";"13";"3";"3";"1";"6";"0";"2";"1";"1";"0"
"19850";"81787203";"19850";"13";"1";"1";"2";"6";"0";"1";"1";"1";"0"
"19851";"81787203";"19851";"13";"1";"3";"2";"6";"0";"1";"1";"1";"0"
"19852";"81787208";"19852";"31";"1";"1";"7";"6";"0";"1";"1";"1";"0"
"19853";"81787307";"19853";"14";"1";"1";"7";"4";"0";"1";"1";"1";"0"
"19854";"81787415";"19854";"14";"1";"1";"7";"6";"0";"1";"3";"1";"0"
"19855";"81787415";"19855";"16";"1";"1";"7";"6";"0";"1";"2";"1";"0"
"19856";"81787415";"19856";"14";"1";"1";"7";"6";"0";"1";"0";"1";"0"
"19857";"81787415";"19857";"14";"1";"1";"7";"6";"0";"1";"1";"1";"0"
"19858";"81787415";"19858";"51";"3";"3";"2";"0";"0";"1";"0";"1";"0"
"19859";"81787415";"19859";"14";"3";"1";"7";"6";"0";"1";"0";"1";"0"
"19860";"81787503";"19860";"52";"1";"1";"1";"6";"0";"1";"1";"1";"0"
"19861";"81787503";"19861";"16";"1";"1";"7";"4";"0";"1";"1";"1";"0"
"19862";"81791409";"19862";"72";"1";"1";"7";"6";"1";"0";"1";"2";"0"
"19863";"81791503";"19863";"18";"1";"1";"7";"6";"1";"0";"1";"2";"0"
"19864";"81791503";"19864";"81";"3";"3";"2";"6";"0";"2";"0";"1";"0"
"19865";"81791503";"19865";"13";"1";"1";"7";"6";"0";"1";"1";"1";"0"
"19866";"81791503";"19866";"71";"1";"1";"7";"6";"0";"2";"1";"1";"0"
"19867";"81791503";"19867";"16";"1";"1";"7";"6";"0";"1";"2";"1";"0"
"19868";"81791503";"19868";"16";"1";"1";"7";"8";"0";"2";"0";"1";"0"
"19869";"81791503";"19869";"13";"1";"1";"7";"4";"0";"1";"1";"1";"0"
"19870";"81791503";"19870";"13";"3";"3";"1";"6";"0";"1";"0";"1";"0"
"19871";"81791503";"19871";"13";"1";"3";"1";"5";"0";"1";"1";"1";"0"
"19872";"81791503";"19872";"11";"1";"1";"7";"6";"0";"1";"2";"1";"0"
"19873";"81791506";"19873";"41";"1";"1";"7";"2";"0";"1";"0";"1";"0"
"19874";"81791507";"19874";"51";"1";"1";"7";"3";"0";"1";"1";"1";"0"
"19875";"81793407";"19875";"11";"1";"1";"7";"6";"1";"0";"1";"2";"0"
"19876";"81793407";"19876";"52";"1";"1";"2";"0";"0";"1";"0";"1";"0"
"19877";"81793407";"19877";"52";"3";"1";"7";"0";"3";"0";"0";"2";"0"
"19878";"81793407";"19878";"11";"3";"1";"7";"6";"0";"1";"1";"1";"0"
"19879";"81793407";"19879";"52";"3";"1";"1";"0";"0";"1";"0";"1";"0"
"19880";"81793407";"19880";"17";"3";"4";"3";"2";"0";"1";"1";"1";"0"
"19881";"81793407";"19881";"16";"5";"1";"7";"6";"0";"2";"2";"1";"0"
"19882";"81793407";"19882";"11";"1";"1";"7";"6";"1";"2";"0";"2";"0"
"19883";"81793407";"19883";"16";"1";"1";"7";"5";"0";"1";"1";"1";"0"
"19884";"81793407";"19884";"11";"1";"1";"7";"6";"0";"2";"1";"1";"0"
"19885";"81793407";"19885";"18";"1";"1";"7";"3";"0";"1";"2";"1";"0"
"19886";"81793407";"19886";"16";"1";"1";"7";"6";"0";"1";"1";"1";"0"
"19887";"81793407";"19887";"11";"3";"1";"7";"6";"1";"0";"1";"2";"0"
"19888";"81793407";"19888";"11";"3";"3";"1";"6";"0";"2";"1";"1";"0"