"accident_id";"lieu_id";"date_id";"cause_id";"lum_id";"intemp_id";"etat_surface_id";"impliq_id";"nb_blesses_graves";"nb_blesses_legers";"nb_indemnes";"gravite";"nb_morts"
"20819";"82827304";"20819";"19";"1";"1";"7";"3";"0";"1";"2";"1";"0"
"20820";"82827304";"20820";"52";"1";"1";"7";"0";"0";"1";"2";"1";"0"
"20821";"82841104";"4910";"17";"1";"1";"7";"2";"0";"1";"1";"1";"0"
"20822";"82841104";"20822";"11";"1";"1";"7";"6";"0";"1";"1";"1";"0"
"20823";"82841104";"20823";"13";"1";"1";"7";"4";"0";"1";"1";"1";"0"
"20824";"82841212";"20824";"13";"1";"3";"1";"4";"0";"1";"1";"1";"0"
"20825";"82843406";"20825";"52";"1";"1";"6";"0";"3";"0";"0";"2";"0"
"20826";"82843406";"20826";"23";"1";"1";"7";"4";"0";"1";"1";"1";"0"
"20827";"82843406";"10155";"16";"1";"1";"7";"6";"0";"3";"0";"1";"0"
"20828";"82843406";"20828";"16";"3";"1";"7";"4";"0";"1";"1";"1";"0"
"20829";"82843406";"20829";"51";"1";"1";"7";"6";"0";"3";"1";"1";"0"
"20830";"82843507";"20830";"71";"1";"1";"7";"6";"0";"1";"1";"1";"0"
"20831";"82844502";"20831";"11";"1";"1";"2";"6";"1";"2";"0";"2";"0"
"20832";"82844502";"20832";"16";"1";"1";"7";"6";"1";"0";"2";"2";"0"
"20833";"82844502";"20833";"16";"3";"1";"7";"6";"0";"4";"0";"1";"0"
"20834";"82844502";"20834";"16";"1";"1";"7";"4";"1";"0";"1";"2";"0"
"20835";"82844504";"20835";"31";"1";"1";"7";"7";"0";"0";"1";"3";"0"
"20836";"82844504";"20836";"19";"1";"1";"7";"5";"1";"0";"1";"2";"0"
"20837";"82854205";"20837";"51";"1";"1";"7";"6";"0";"1";"1";"1";"0"
"20838";"82854508";"20838";"13";"3";"1";"7";"4";"0";"1";"1";"1";"0"
"20839";"82854512";"20839";"16";"1";"1";"7";"6";"0";"1";"2";"1";"0"
"20840";"82854512";"20840";"11";"1";"1";"7";"4";"1";"0";"1";"2";"0"
"20841";"82854512";"20841";"16";"1";"1";"7";"6";"0";"1";"1";"1";"0"
"20842";"82854512";"20842";"16";"3";"3";"2";"6";"0";"1";"2";"1";"0"
"20843";"82854512";"20843";"81";"3";"1";"7";"0";"0";"1";"0";"1";"0"
"20844";"82854512";"20844";"81";"3";"1";"7";"6";"0";"2";"0";"1";"0"
"20845";"82854512";"20845";"11";"1";"1";"7";"6";"2";"1";"0";"2";"0"
"20846";"82854512";"20846";"11";"3";"1";"7";"6";"0";"1";"1";"1";"0"
"20847";"82854512";"20847";"52";"3";"1";"7";"0";"1";"3";"0";"2";"0"
"20848";"82854512";"20848";"11";"1";"1";"7";"6";"2";"3";"0";"2";"0"
"20849";"82861302";"20849";"31";"1";"1";"7";"6";"1";"0";"1";"2";"0"
"20850";"82862203";"20850";"13";"3";"2";"2";"6";"0";"2";"0";"1";"0"
"20851";"82862203";"20851";"71";"3";"3";"1";"6";"2";"0";"1";"2";"0"
"20852";"82865202";"20852";"13";"3";"1";"1";"3";"0";"1";"1";"1";"0"
"20853";"82865202";"20853";"13";"1";"3";"2";"6";"0";"3";"1";"1";"0"
"20854";"82865202";"20854";"52";"5";"1";"7";"0";"1";"0";"0";"2";"0"
"20855";"82865211";"12433";"32";"1";"1";"7";"6";"0";"1";"1";"1";"0"
"20856";"82876303";"20856";"52";"1";"1";"7";"0";"0";"1";"0";"1";"0"
"20857";"82876410";"20857";"16";"1";"1";"7";"6";"1";"2";"0";"2";"0"
"20858";"82877502";"20858";"63";"3";"1";"1";"6";"0";"5";"1";"1";"0"
"20859";"82877502";"20859";"17";"1";"1";"7";"1";"0";"1";"1";"1";"0"
"20860";"82877502";"20860";"71";"1";"1";"7";"6";"0";"1";"1";"1";"0"
"20861";"82877503";"20861";"19";"1";"3";"1";"6";"0";"1";"1";"1";"0"
"20862";"82887102";"20862";"52";"3";"1";"1";"0";"1";"0";"1";"2";"0"
"20863";"82887102";"20863";"31";"2";"3";"1";"6";"0";"1";"1";"1";"0"
"20864";"82887105";"20864";"52";"3";"1";"7";"0";"0";"2";"0";"1";"0"
"20865";"82887105";"20865";"11";"3";"1";"7";"6";"0";"1";"2";"1";"0"
"20866";"82887105";"5556";"35";"1";"1";"7";"3";"1";"0";"1";"2";"0"
"20867";"82887105";"20867";"16";"1";"1";"6";"6";"0";"3";"1";"1";"0"
"20868";"82887105";"20868";"11";"1";"1";"7";"6";"0";"2";"4";"1";"0"
"20869";"82887105";"20869";"17";"1";"3";"2";"2";"0";"1";"1";"1";"0"
"20870";"82887105";"20870";"81";"3";"1";"1";"6";"0";"1";"1";"1";"0"
"20871";"82887105";"20871";"51";"2";"1";"7";"6";"0";"1";"1";"1";"0"
"20872";"82887105";"20872";"11";"1";"1";"7";"6";"0";"1";"1";"1";"0"
"20873";"82887105";"20873";"11";"3";"1";"7";"6";"0";"1";"1";"1";"0"
"20874";"82887105";"20874";"11";"1";"1";"1";"6";"0";"3";"1";"1";"0"
"20875";"82887105";"20875";"81";"3";"1";"7";"5";"1";"1";"0";"2";"0"
"20876";"82887105";"20876";"11";"1";"1";"1";"6";"0";"2";"3";"1";"0"
"20877";"82887105";"20877";"11";"2";"1";"7";"6";"0";"2";"0";"1";"0"
"20878";"82887105";"20878";"11";"3";"1";"7";"7";"0";"3";"0";"1";"0"
"20879";"82887105";"20879";"41";"3";"3";"1";"6";"0";"1";"4";"1";"0"
"20880";"82887105";"20880";"11";"3";"1";"1";"9";"0";"1";"6";"1";"0"
"20881";"82896405";"20881";"14";"1";"3";"7";"4";"0";"1";"1";"1";"0"
"20882";"82897501";"20882";"35";"1";"1";"7";"4";"1";"0";"1";"2";"0"
"20883";"82903302";"20883";"13";"1";"1";"1";"3";"0";"2";"2";"1";"0"
"20884";"82906113";"20884";"41";"1";"1";"7";"6";"0";"1";"2";"1";"0"
"20885";"82907110";"20885";"14";"1";"1";"6";"6";"0";"1";"1";"1";"0"
"20886";"82907110";"20886";"19";"1";"1";"1";"6";"0";"1";"1";"1";"0"
"20887";"82907110";"20887";"19";"1";"1";"7";"6";"0";"1";"1";"1";"0"
"20888";"82912202";"20888";"31";"1";"1";"7";"4";"0";"2";"0";"1";"0"
"20889";"82923403";"20889";"82";"1";"1";"7";"0";"0";"1";"0";"1";"0"
"20890";"82923403";"20890";"16";"1";"1";"7";"6";"0";"1";"0";"1";"0"
"20891";"82923403";"20891";"16";"3";"1";"7";"6";"0";"1";"1";"1";"0"
"20892";"82923403";"20892";"51";"1";"1";"1";"7";"0";"1";"1";"1";"0"
"20893";"82925401";"13763";"13";"1";"1";"1";"6";"0";"1";"1";"1";"0"
"20894";"82925411";"20894";"14";"1";"1";"7";"4";"1";"0";"1";"2";"0"
"20895";"82925411";"20895";"14";"1";"1";"7";"3";"0";"1";"1";"1";"0"
"20896";"82926302";"20896";"11";"1";"1";"7";"6";"0";"1";"2";"1";"0"
"20897";"82926302";"20897";"35";"2";"1";"7";"5";"1";"0";"1";"2";"0"
"20898";"82926307";"20898";"13";"3";"7";"2";"3";"0";"1";"1";"1";"0"
"20899";"82926307";"20899";"52";"1";"1";"7";"6";"0";"2";"0";"1";"0"
"20900";"82926307";"20900";"16";"1";"1";"7";"6";"0";"1";"2";"1";"0"
"20901";"82926307";"20901";"16";"1";"1";"7";"6";"0";"0";"2";"0";"0"
"20902";"82926307";"20902";"16";"1";"1";"7";"6";"0";"3";"0";"1";"0"
"20903";"82926307";"20903";"41";"1";"1";"7";"6";"0";"1";"1";"1";"0"
"20904";"82926307";"20904";"11";"1";"1";"7";"4";"0";"1";"1";"1";"0"
"20905";"82926307";"20905";"11";"1";"1";"7";"7";"0";"1";"1";"1";"0"
"20906";"82926307";"20906";"11";"3";"1";"1";"6";"0";"8";"0";"1";"0"
"20907";"82927403";"20907";"16";"3";"1";"7";"6";"1";"1";"2";"2";"0"
"20908";"82927403";"20908";"11";"1";"1";"2";"6";"0";"1";"1";"1";"0"
"20909";"82927403";"20909";"15";"1";"1";"7";"6";"0";"2";"1";"1";"0"
"20910";"82927403";"20910";"11";"3";"3";"2";"6";"1";"0";"1";"2";"0"
"20911";"82927403";"20911";"16";"1";"1";"7";"6";"0";"1";"1";"1";"0"
"20912";"82927403";"20912";"11";"1";"1";"7";"6";"0";"3";"0";"1";"0"
"20913";"82927403";"2359";"11";"1";"1";"7";"6";"0";"1";"1";"1";"0"
"20914";"82935102";"20914";"17";"1";"1";"7";"1";"0";"1";"1";"1";"0"
"20915";"82935102";"20915";"71";"1";"1";"7";"6";"0";"1";"1";"1";"0"
"20916";"82935102";"20916";"71";"3";"2";"2";"6";"0";"1";"1";"1";"0"
"20917";"82936204";"20917";"25";"3";"1";"7";"6";"1";"0";"1";"2";"0"
"20918";"82936204";"20918";"52";"3";"1";"7";"0";"0";"1";"0";"1";"0"
"20919";"82936204";"20919";"52";"3";"1";"1";"0";"0";"0";"0";"3";"0"
"20920";"83674303";"20920";"52";"1";"1";"7";"6";"0";"0";"1";"3";"0"
"20921";"83686102";"20921";"21";"1";"1";"7";"6";"0";"1";"1";"1";"0"
"20922";"83687205";"20922";"13";"1";"1";"7";"5";"1";"0";"1";"2";"0"
"20923";"83704102";"20923";"31";"1";"1";"7";"7";"0";"1";"1";"1";"0"
"20924";"83706403";"20924";"14";"1";"1";"7";"6";"0";"1";"1";"1";"0"
"20925";"83706403";"20925";"14";"1";"1";"7";"6";"0";"2";"0";"1";"0"
"20926";"83711302";"20926";"13";"3";"1";"7";"5";"0";"1";"1";"1";"0"
"20927";"83711406";"20927";"13";"1";"1";"7";"4";"0";"1";"1";"1";"0"
"20928";"83725205";"20928";"16";"1";"1";"7";"4";"0";"0";"1";"3";"0"
"20929";"83725205";"20929";"18";"1";"1";"7";"5";"0";"2";"0";"1";"0"
"20930";"83733502";"13681";"16";"1";"1";"7";"6";"0";"1";"1";"1";"0"
"20931";"83733502";"20931";"51";"1";"1";"7";"6";"0";"2";"1";"1";"0"
"20932";"83734306";"20932";"81";"3";"1";"7";"6";"0";"2";"0";"1";"0"
"20933";"83735208";"20933";"16";"1";"1";"7";"6";"0";"1";"1";"1";"0"
"20934";"83736107";"20934";"13";"3";"1";"7";"5";"1";"0";"1";"2";"0"
"20935";"83736107";"20935";"16";"1";"7";"1";"6";"0";"1";"1";"1";"0"
"20936";"83736107";"20936";"51";"1";"1";"7";"6";"0";"2";"2";"1";"0"
"20937";"83736107";"20937";"13";"3";"1";"7";"6";"0";"1";"2";"1";"0"
"20938";"83736107";"20938";"13";"1";"1";"7";"3";"0";"1";"1";"1";"0"
"20939";"83736107";"20939";"13";"1";"1";"7";"4";"0";"1";"2";"1";"0"
"20940";"83741210";"20940";"64";"1";"1";"7";"6";"0";"1";"1";"1";"0"
"20941";"83741301";"20941";"71";"5";"1";"7";"6";"0";"1";"1";"1";"0"
"20942";"83741304";"20942";"16";"1";"1";"7";"6";"1";"0";"1";"2";"0"
"20943";"83741304";"20943";"16";"1";"1";"7";"6";"1";"0";"1";"2";"0"
"20944";"83741304";"20944";"52";"4";"1";"7";"0";"1";"0";"0";"2";"0"
"20945";"83741304";"20945";"22";"1";"1";"7";"6";"1";"0";"1";"2";"0"
"20946";"83741304";"20946";"15";"5";"1";"1";"6";"0";"3";"0";"1";"0"
"20947";"83741304";"20947";"16";"4";"1";"1";"6";"0";"2";"0";"1";"0"
"20948";"83741304";"20948";"16";"5";"2";"2";"5";"1";"0";"1";"2";"0"
"20949";"83741304";"20949";"11";"2";"1";"7";"6";"0";"3";"0";"1";"0"
"20950";"83741304";"20950";"16";"2";"2";"2";"6";"0";"2";"0";"1";"0"
"20951";"83741304";"20951";"42";"1";"3";"2";"6";"0";"1";"1";"1";"0"
"20952";"83741304";"20952";"11";"1";"1";"7";"6";"0";"1";"1";"1";"0"
"20953";"83741304";"20953";"42";"2";"1";"2";"6";"0";"3";"0";"1";"0"
"20954";"83741304";"20954";"12";"1";"1";"7";"6";"1";"2";"0";"2";"0"
"20955";"83741304";"20955";"12";"1";"1";"7";"6";"0";"4";"4";"1";"0"
"20956";"83741304";"20956";"51";"1";"1";"7";"6";"0";"3";"0";"1";"0"
"20957";"83741304";"20957";"81";"2";"1";"7";"6";"0";"1";"1";"1";"0"
"20958";"83741304";"4216";"11";"3";"3";"1";"6";"0";"2";"1";"1";"0"
"20959";"83741304";"20959";"51";"1";"1";"7";"6";"0";"1";"3";"1";"0"
"20960";"83741304";"20960";"16";"1";"3";"2";"6";"0";"1";"1";"1";"0"
"20961";"83742101";"20961";"14";"1";"3";"2";"3";"0";"1";"1";"1";"0"
"20962";"83742202";"20962";"11";"1";"1";"7";"6";"1";"0";"2";"2";"0"
"20963";"83742202";"20963";"16";"2";"3";"2";"6";"0";"1";"1";"1";"0"
"20964";"83742202";"20964";"51";"1";"1";"7";"6";"0";"1";"1";"1";"0"
"20965";"83743109";"20965";"13";"2";"1";"7";"6";"0";"1";"2";"1";"0"
"20966";"83743109";"20966";"13";"1";"6";"2";"6";"0";"1";"1";"1";"0"
"20967";"83743109";"20967";"52";"3";"1";"7";"0";"0";"1";"1";"1";"0"
"20968";"83743109";"20968";"41";"1";"1";"7";"6";"1";"0";"2";"2";"0"
"20969";"83743109";"20969";"71";"1";"1";"7";"6";"0";"1";"1";"1";"0"
"20970";"83744304";"20970";"16";"1";"1";"7";"5";"1";"0";"1";"2";"0"
"20971";"83744502";"20971";"19";"1";"2";"2";"4";"1";"0";"1";"2";"0"
"20972";"83745102";"20972";"51";"1";"3";"2";"6";"1";"0";"1";"2";"0"
"20973";"83745102";"20973";"13";"2";"1";"7";"6";"2";"0";"0";"2";"0"
"20974";"83745102";"20974";"18";"1";"1";"7";"6";"0";"1";"1";"1";"0"
"20975";"83745102";"20975";"15";"1";"1";"7";"6";"0";"2";"1";"1";"0"
"20976";"83745306";"20976";"17";"5";"3";"2";"2";"0";"1";"1";"1";"0"
"20977";"83745408";"20977";"13";"1";"1";"7";"6";"0";"2";"0";"1";"0"
"20978";"83746304";"20978";"71";"1";"1";"1";"6";"1";"1";"1";"2";"0"
"20979";"83746411";"20979";"19";"1";"1";"7";"5";"1";"0";"2";"2";"0"
"20980";"83747210";"20980";"16";"3";"1";"7";"6";"0";"2";"0";"1";"0"
"20981";"83747210";"20981";"16";"1";"3";"1";"6";"0";"2";"1";"3";"2"
"20982";"83747210";"20982";"16";"1";"1";"7";"6";"0";"4";"0";"1";"0"
"20983";"83747213";"20983";"51";"1";"1";"1";"6";"1";"0";"1";"2";"0"
"20984";"83747213";"20984";"23";"1";"1";"7";"7";"1";"0";"1";"2";"0"
"20985";"83747213";"20985";"42";"1";"1";"7";"7";"0";"1";"1";"1";"0"
"20986";"83747213";"20986";"81";"3";"1";"7";"6";"1";"1";"0";"2";"0"
"20987";"83747213";"20987";"16";"1";"1";"1";"6";"0";"3";"0";"1";"0"
"20988";"83747213";"20988";"52";"1";"2";"1";"5";"0";"2";"1";"1";"0"
"20989";"83747213";"20989";"11";"3";"3";"2";"6";"0";"1";"1";"1";"0"
"20990";"83747304";"20990";"19";"1";"3";"1";"4";"0";"1";"1";"1";"0"
"20991";"83747310";"20991";"51";"1";"1";"2";"5";"2";"0";"1";"2";"0"
"20992";"83747310";"20992";"11";"1";"1";"7";"6";"0";"2";"1";"1";"0"
"20993";"83747310";"20993";"32";"1";"1";"7";"7";"0";"1";"1";"1";"0"
"20994";"83747311";"20994";"11";"1";"1";"7";"6";"0";"1";"3";"1";"0"
"20995";"83747311";"20995";"11";"1";"1";"7";"6";"0";"1";"2";"1";"0"
"20996";"83747311";"20996";"11";"3";"3";"1";"6";"0";"2";"1";"1";"0"
"20997";"83747311";"20997";"11";"3";"1";"2";"6";"0";"1";"2";"1";"0"
"20998";"83747311";"20998";"11";"3";"1";"7";"6";"0";"2";"1";"1";"0"
"20999";"83747311";"20999";"11";"1";"1";"7";"3";"0";"1";"1";"1";"0"
"21000";"83747312";"6868";"17";"2";"1";"7";"1";"0";"0";"1";"3";"0"
"21001";"83747312";"21001";"19";"1";"1";"3";"6";"0";"2";"3";"1";"0"
"21002";"83747312";"21002";"11";"1";"1";"7";"6";"0";"3";"1";"1";"0"
"21003";"83747312";"21003";"11";"1";"1";"1";"6";"1";"1";"0";"2";"0"
"21004";"83747312";"21004";"11";"1";"1";"7";"6";"1";"0";"1";"2";"0"
"21005";"83747312";"21005";"14";"1";"1";"2";"6";"0";"1";"1";"1";"0"
"21006";"83747312";"21006";"19";"1";"1";"7";"6";"0";"2";"2";"1";"0"
"21007";"83747312";"21007";"19";"2";"1";"7";"6";"0";"3";"0";"1";"0"
"21008";"83747312";"21008";"81";"1";"3";"2";"6";"1";"1";"1";"2";"0"
"21009";"83747312";"21009";"11";"1";"1";"7";"6";"0";"1";"1";"1";"0"
"21010";"83747312";"21010";"11";"3";"1";"7";"6";"0";"1";"2";"1";"0"
"21011";"83747312";"21011";"11";"1";"1";"7";"8";"0";"6";"9";"1";"0"
"21012";"83747312";"21012";"18";"1";"1";"7";"6";"0";"4";"0";"1";"0"
"21013";"83747312";"21013";"18";"2";"1";"7";"6";"0";"1";"2";"1";"0"
"21014";"83747312";"21014";"11";"1";"1";"7";"6";"0";"2";"1";"1";"0"
"21015";"83747312";"21015";"41";"3";"1";"7";"6";"1";"0";"1";"2";"0"
"21016";"83747312";"21016";"11";"1";"3";"2";"6";"0";"1";"1";"1";"0"
"21017";"83747313";"21017";"11";"2";"1";"7";"6";"0";"0";"3";"3";"1"
"21018";"83747313";"21018";"11";"1";"1";"7";"6";"0";"1";"2";"1";"0"
"21019";"83747313";"21019";"11";"1";"1";"7";"6";"0";"1";"1";"1";"0"
"21020";"83747507";"21020";"17";"1";"1";"7";"2";"1";"0";"1";"2";"0"
"21021";"83747520";"21021";"11";"3";"1";"7";"6";"0";"1";"1";"1";"0"
"21022";"83747520";"21022";"18";"1";"1";"7";"5";"1";"0";"1";"2";"0"
"21023";"83747520";"21023";"16";"1";"1";"7";"5";"0";"1";"1";"1";"0"
"21024";"83747520";"21024";"16";"1";"1";"7";"5";"0";"2";"1";"1";"0"
"21025";"83747520";"21025";"11";"3";"1";"2";"6";"0";"1";"1";"1";"0"
"21026";"83747521";"21026";"81";"1";"1";"7";"6";"0";"1";"1";"1";"0"
"21027";"83747521";"21027";"18";"1";"1";"7";"6";"0";"1";"1";"1";"0"
"21028";"83747521";"21028";"11";"1";"1";"1";"6";"0";"5";"3";"1";"0"
"21029";"83747521";"21029";"11";"1";"3";"1";"6";"1";"1";"1";"2";"0"
"21030";"83747521";"2467";"11";"1";"1";"7";"6";"2";"2";"2";"2";"0"
"21031";"83747521";"21031";"17";"1";"1";"7";"2";"0";"1";"1";"1";"0"
"21032";"83747521";"21032";"17";"3";"1";"7";"2";"0";"1";"1";"1";"0"
"21033";"83747521";"21033";"12";"1";"1";"7";"6";"0";"2";"3";"1";"0"
"21034";"83747521";"21034";"81";"3";"3";"1";"6";"0";"0";"1";"3";"0"
"21035";"83751204";"21035";"19";"1";"3";"2";"6";"0";"1";"1";"1";"0"
"21036";"83751204";"21036";"19";"5";"2";"1";"6";"0";"1";"1";"1";"0"
"21037";"83751403";"21037";"52";"1";"1";"7";"1";"1";"1";"1";"2";"0"
"21038";"83751403";"21038";"17";"1";"1";"7";"2";"1";"0";"1";"2";"0"
"21039";"83751404";"21039";"35";"3";"3";"1";"3";"0";"1";"1";"1";"0"
"21040";"83752205";"21040";"17";"1";"1";"7";"4";"0";"1";"1";"1";"0"
"21041";"83752210";"21041";"72";"1";"1";"7";"6";"0";"1";"1";"1";"0"
"21042";"83752210";"21042";"52";"1";"1";"7";"7";"1";"0";"1";"2";"0"
"21043";"83752406";"21043";"16";"1";"2";"1";"6";"0";"1";"1";"1";"0"
"21044";"83752406";"21044";"52";"1";"1";"7";"0";"1";"0";"0";"2";"0"
"21045";"83752406";"21045";"16";"5";"1";"7";"3";"0";"1";"1";"1";"0"
"21046";"83752406";"21046";"16";"1";"1";"7";"6";"0";"1";"2";"1";"0"
"21047";"83752406";"21047";"16";"1";"1";"7";"6";"0";"2";"0";"1";"0"
"21048";"83752406";"21048";"16";"1";"1";"7";"4";"0";"1";"1";"1";"0"
"21049";"83753205";"21049";"51";"4";"1";"7";"6";"0";"1";"1";"1";"0"
"21050";"83753205";"21050";"35";"1";"1";"7";"3";"1";"0";"1";"2";"0"
"21051";"83753324";"21051";"14";"1";"1";"7";"6";"0";"1";"1";"1";"0"
"21052";"83753324";"21052";"19";"3";"1";"2";"6";"1";"1";"1";"2";"0"
"21053";"83753324";"21053";"19";"1";"1";"7";"6";"0";"1";"1";"1";"0"
"21054";"83753324";"21054";"19";"3";"1";"7";"3";"0";"1";"1";"1";"0"
"21055";"83753324";"21055";"19";"1";"1";"7";"6";"0";"1";"1";"1";"0"
"21056";"83753326";"21056";"19";"1";"1";"7";"5";"0";"1";"1";"1";"0"
"21057";"83754202";"21057";"14";"1";"1";"7";"4";"0";"1";"1";"1";"0"
"21058";"83754202";"21058";"42";"1";"1";"7";"5";"0";"1";"1";"1";"0"
"21059";"83754202";"21059";"51";"1";"1";"7";"6";"0";"1";"1";"1";"0"
"21060";"83754305";"21060";"71";"1";"1";"7";"6";"1";"0";"1";"2";"0"
"21061";"83754309";"21061";"13";"1";"1";"7";"5";"0";"1";"1";"1";"0"
"21062";"83754309";"21062";"13";"1";"1";"7";"4";"0";"1";"1";"1";"0"
"21063";"83754309";"21063";"13";"3";"2";"1";"6";"0";"1";"3";"1";"0"
"21064";"83754309";"21064";"14";"1";"1";"7";"5";"0";"1";"1";"1";"0"
"21065";"83754309";"21065";"14";"1";"1";"1";"4";"1";"0";"1";"2";"0"
"21066";"83754309";"21066";"13";"1";"1";"7";"4";"0";"1";"1";"3";"0"
"21067";"83755102";"21067";"19";"1";"1";"7";"6";"0";"1";"1";"1";"0"
"21068";"83755105";"21068";"71";"1";"1";"7";"6";"1";"0";"1";"2";"0"
"21069";"83755105";"21069";"71";"2";"1";"7";"6";"0";"1";"1";"1";"0"
"21070";"83755105";"21070";"19";"1";"1";"7";"3";"1";"0";"1";"2";"0"
"21071";"83755105";"21071";"19";"3";"1";"7";"4";"1";"0";"1";"2";"0"
"21072";"83755105";"21072";"19";"1";"1";"7";"3";"0";"1";"1";"1";"0"
"21073";"83756101";"21073";"13";"3";"1";"7";"6";"0";"4";"1";"1";"0"
"21074";"83756203";"21074";"19";"1";"1";"7";"6";"0";"2";"1";"1";"0"
"21075";"83756203";"21075";"14";"4";"1";"1";"6";"1";"0";"1";"2";"0"
"21076";"83756407";"21076";"52";"2";"1";"7";"0";"0";"1";"0";"1";"0"
"21077";"83756407";"21077";"11";"1";"1";"7";"6";"1";"1";"1";"2";"0"
"21078";"83756407";"21078";"52";"2";"1";"7";"0";"0";"1";"0";"1";"0"
"21079";"83756414";"21079";"19";"2";"1";"7";"6";"0";"2";"3";"1";"0"
"21080";"83756414";"21080";"19";"1";"1";"7";"6";"2";"0";"1";"2";"0"
"21081";"83756414";"21081";"19";"1";"1";"7";"6";"0";"1";"1";"1";"0"
"21082";"83756414";"21082";"19";"1";"1";"7";"6";"0";"1";"1";"1";"0"
"21083";"83756414";"21083";"19";"3";"3";"2";"6";"0";"1";"2";"1";"0"
"21084";"83756414";"21084";"19";"2";"1";"7";"6";"0";"2";"0";"1";"0"
"21085";"83756414";"21085";"17";"2";"1";"7";"2";"0";"2";"1";"1";"0"
"21086";"83756507";"21086";"72";"1";"1";"7";"6";"0";"1";"1";"1";"0"
"21087";"83757407";"21087";"12";"3";"7";"1";"6";"0";"2";"1";"1";"0"
"21088";"83757407";"21088";"16";"1";"1";"7";"3";"0";"1";"1";"1";"0"
"21089";"83757501";"21089";"71";"1";"1";"1";"6";"0";"1";"1";"1";"0"
"21090";"83761213";"21090";"71";"3";"3";"1";"6";"1";"0";"1";"2";"0"
"21091";"83761213";"21091";"19";"4";"3";"1";"4";"0";"1";"1";"1";"0"
"21092";"83761402";"21092";"17";"1";"1";"7";"2";"0";"2";"0";"1";"0"
"21093";"83761402";"21093";"16";"1";"1";"7";"6";"0";"1";"1";"1";"0"
"21094";"83761402";"21094";"16";"2";"1";"1";"6";"0";"1";"1";"1";"0"
"21095";"83761402";"21095";"16";"3";"1";"7";"4";"0";"1";"0";"1";"0"
"21096";"83762208";"21096";"16";"1";"1";"7";"6";"1";"2";"0";"2";"0"
"21097";"83762208";"21097";"11";"3";"1";"2";"6";"0";"2";"2";"1";"0"
"21098";"83762208";"21098";"16";"3";"1";"7";"3";"0";"1";"1";"1";"0"
"21099";"83762208";"21099";"16";"1";"1";"7";"6";"1";"2";"1";"2";"0"
"21100";"83762208";"21100";"16";"2";"2";"2";"6";"1";"2";"2";"2";"0"
"21101";"83762208";"9857";"16";"1";"1";"7";"6";"2";"2";"1";"2";"0"
"21102";"83762208";"21102";"81";"1";"1";"7";"6";"0";"1";"1";"1";"0"
"21103";"83762208";"21103";"16";"1";"1";"7";"6";"1";"1";"1";"2";"0"
"21104";"83762208";"21104";"11";"1";"1";"7";"6";"0";"1";"1";"1";"0"
"21105";"83762208";"21105";"16";"1";"1";"7";"4";"1";"0";"1";"2";"0"
"21106";"83762208";"21106";"11";"3";"1";"7";"6";"0";"2";"0";"1";"0"
"21107";"83762208";"21107";"16";"3";"1";"7";"6";"1";"2";"1";"2";"0"
"21108";"83762208";"21108";"16";"1";"1";"1";"6";"0";"1";"2";"1";"0"
"21109";"83762208";"21109";"11";"1";"1";"1";"6";"0";"2";"0";"1";"0"
"21110";"83762208";"21110";"16";"1";"1";"7";"4";"0";"1";"1";"1";"0"
"21111";"83762208";"14242";"16";"1";"1";"7";"6";"0";"1";"1";"1";"0"
"21112";"83762208";"21112";"15";"1";"1";"7";"6";"0";"1";"1";"1";"0"
"21113";"83762208";"21113";"16";"2";"1";"7";"4";"0";"1";"1";"1";"0"
"21114";"83762208";"21114";"11";"1";"2";"2";"6";"1";"3";"0";"2";"0"
"21115";"83762208";"21115";"51";"1";"1";"7";"6";"0";"4";"4";"1";"0"
"21116";"83762208";"21116";"16";"1";"1";"7";"6";"0";"1";"1";"1";"0"
"21117";"83762208";"21117";"11";"1";"3";"2";"6";"0";"1";"0";"1";"0"
"21118";"83762208";"21118";"16";"1";"1";"7";"4";"0";"1";"0";"1";"0"
"21119";"83762208";"21119";"81";"1";"1";"7";"6";"0";"1";"2";"1";"0"
"21120";"83762208";"21120";"16";"1";"1";"7";"6";"0";"1";"1";"1";"0"
"21121";"83762304";"21121";"81";"2";"1";"1";"6";"1";"1";"2";"2";"0"
"21122";"83762304";"21122";"11";"1";"1";"7";"6";"0";"3";"0";"1";"0"
"21123";"83762304";"21123";"51";"1";"1";"7";"6";"0";"2";"0";"1";"0"
"21124";"83762304";"21124";"51";"1";"1";"7";"6";"0";"1";"0";"1";"0"
"21125";"83762411";"21125";"11";"1";"3";"2";"6";"0";"1";"1";"1";"0"
"21126";"83762411";"21126";"16";"1";"1";"7";"6";"0";"1";"1";"1";"0"
"21127";"83762411";"21127";"26";"1";"1";"7";"1";"1";"0";"1";"2";"0"
"21128";"83762411";"21128";"16";"3";"1";"7";"5";"1";"0";"1";"2";"0"