"accident_id";"lieu_id";"date_id";"cause_id";"lum_id";"intemp_id";"etat_surface_id";"impliq_id";"nb_blesses_graves";"nb_blesses_legers";"nb_indemnes";"gravite";"nb_morts"
"21129";"83762411";"21129";"51";"1";"1";"7";"6";"0";"2";"1";"1";"0"
"21130";"83762412";"21130";"11";"1";"1";"7";"5";"1";"0";"1";"2";"0"
"21131";"83762412";"21131";"11";"1";"1";"7";"6";"1";"0";"3";"2";"0"
"21132";"83762412";"21132";"81";"2";"1";"7";"6";"0";"1";"3";"1";"0"
"21133";"83762412";"21133";"31";"1";"1";"7";"6";"1";"0";"1";"2";"0"
"21134";"83762412";"21134";"23";"2";"1";"7";"6";"1";"1";"0";"2";"0"
"21135";"83762412";"21135";"11";"1";"1";"7";"6";"0";"2";"0";"1";"0"
"21136";"83762412";"21136";"16";"3";"1";"7";"4";"1";"0";"0";"2";"0"
"21137";"83762412";"21137";"16";"1";"1";"7";"6";"0";"1";"3";"1";"0"
"21138";"83762412";"21138";"11";"1";"1";"7";"6";"0";"4";"0";"1";"0"
"21139";"83762412";"21139";"16";"1";"1";"7";"4";"0";"1";"1";"1";"0"
"21140";"83762412";"21140";"16";"1";"1";"7";"5";"0";"1";"1";"1";"0"
"21141";"83762412";"21141";"11";"1";"1";"7";"6";"0";"4";"1";"1";"0"
"21142";"83762412";"21142";"11";"1";"1";"7";"6";"0";"1";"1";"1";"0"
"21143";"83762412";"21143";"16";"1";"1";"7";"6";"0";"3";"0";"1";"0"
"21144";"83762412";"21144";"17";"1";"1";"7";"4";"0";"1";"1";"1";"0"
"21145";"83762412";"21145";"11";"1";"1";"7";"6";"0";"3";"0";"1";"0"
"21146";"83763302";"21146";"71";"1";"1";"7";"6";"0";"1";"1";"1";"0"
"21147";"83764106";"21147";"16";"3";"1";"7";"6";"1";"1";"1";"2";"0"
"21148";"83764106";"21148";"71";"1";"1";"7";"6";"0";"1";"2";"1";"0"
"21149";"83764211";"21149";"51";"1";"1";"7";"6";"0";"1";"1";"1";"0"
"21150";"83764405";"21150";"19";"3";"1";"2";"5";"1";"0";"1";"2";"0"
"21151";"83764405";"21151";"19";"1";"1";"1";"3";"1";"0";"1";"2";"0"
"21152";"83764406";"21152";"13";"1";"1";"7";"6";"0";"1";"1";"1";"0"
"21153";"83764503";"18499";"17";"3";"1";"7";"1";"0";"1";"1";"1";"0"
"21154";"83765105";"21154";"19";"1";"3";"1";"4";"1";"0";"1";"2";"0"
"21155";"83765105";"21155";"64";"1";"1";"7";"6";"0";"1";"1";"1";"0"
"21156";"83765207";"21156";"13";"1";"1";"7";"6";"0";"1";"2";"1";"0"
"21157";"83766111";"21157";"14";"1";"1";"7";"6";"2";"2";"2";"3";"1"
"21158";"83766111";"21158";"14";"1";"3";"1";"4";"1";"0";"1";"2";"0"
"21159";"83766111";"21159";"16";"2";"1";"7";"4";"0";"1";"1";"1";"0"
"21160";"83766111";"21160";"21";"3";"3";"1";"6";"0";"1";"1";"1";"0"
"21161";"83766111";"21161";"52";"1";"1";"1";"6";"0";"2";"1";"1";"0"
"21162";"83766507";"10010";"16";"1";"1";"7";"6";"0";"2";"1";"1";"0"
"21163";"83767305";"21163";"41";"3";"1";"1";"6";"0";"1";"1";"1";"0"
"21164";"83767305";"21164";"17";"1";"1";"7";"2";"0";"1";"0";"1";"0"
"21165";"83767402";"21165";"13";"1";"3";"2";"4";"1";"0";"1";"2";"0"
"21166";"83767402";"21166";"17";"1";"1";"7";"2";"1";"0";"1";"2";"0"
"21167";"83767402";"21167";"19";"1";"1";"7";"3";"0";"1";"1";"1";"0"
"21168";"83767402";"21168";"19";"1";"1";"7";"5";"0";"1";"1";"1";"0"
"21169";"83771307";"20976";"17";"3";"3";"2";"2";"0";"1";"1";"1";"0"
"21170";"83771307";"21170";"21";"1";"1";"7";"6";"0";"1";"1";"1";"0"
"21171";"83771310";"21171";"19";"1";"1";"7";"6";"1";"1";"2";"2";"0"
"21172";"83771403";"21172";"52";"1";"1";"7";"0";"0";"1";"0";"1";"0"
"21173";"83771403";"21173";"81";"3";"1";"7";"6";"0";"1";"0";"1";"0"
"21174";"83772201";"21174";"19";"1";"1";"7";"6";"0";"1";"1";"1";"0"
"21175";"83772201";"21175";"19";"1";"1";"7";"6";"0";"1";"1";"1";"0"
"21176";"83772201";"21176";"14";"1";"1";"7";"4";"0";"1";"0";"1";"0"
"21177";"83772201";"21177";"19";"1";"1";"2";"6";"0";"1";"1";"1";"0"
"21178";"83772201";"21178";"19";"1";"3";"1";"6";"0";"1";"1";"1";"0"
"21179";"83772205";"21179";"81";"3";"1";"7";"2";"1";"0";"1";"2";"0"
"21180";"83772206";"21180";"19";"1";"1";"1";"6";"1";"1";"2";"2";"0"
"21181";"83773101";"21181";"19";"1";"3";"2";"3";"1";"0";"1";"2";"0"
"21182";"83773101";"21182";"14";"1";"1";"7";"6";"0";"2";"1";"1";"0"
"21183";"83773101";"21183";"19";"1";"1";"7";"6";"0";"2";"1";"1";"0"
"21184";"83773101";"21184";"81";"3";"6";"1";"7";"0";"1";"1";"1";"0"
"21185";"83773101";"21185";"16";"1";"1";"1";"6";"0";"3";"1";"1";"0"
"21186";"83773101";"21186";"19";"3";"1";"1";"6";"0";"1";"2";"1";"0"
"21187";"83773101";"21187";"16";"1";"1";"7";"3";"0";"1";"1";"1";"0"
"21188";"83773101";"3237";"19";"2";"1";"2";"5";"0";"1";"1";"1";"0"
"21189";"83773301";"21189";"17";"1";"1";"7";"4";"0";"0";"1";"3";"0"
"21190";"83773301";"21190";"81";"3";"3";"2";"6";"1";"0";"0";"3";"0"
"21191";"83773301";"21191";"11";"1";"1";"7";"8";"0";"1";"0";"1";"0"
"21192";"83773301";"21192";"11";"1";"1";"1";"6";"0";"1";"1";"1";"0"
"21193";"83773301";"21193";"11";"1";"1";"7";"6";"0";"2";"0";"1";"0"
"21194";"83773301";"21194";"11";"3";"1";"7";"6";"0";"2";"1";"1";"0"
"21195";"83773301";"21195";"52";"3";"3";"2";"0";"0";"1";"0";"1";"0"
"21196";"83773504";"21196";"15";"1";"1";"7";"4";"2";"0";"3";"2";"0"
"21197";"83773504";"21197";"51";"3";"1";"7";"6";"0";"1";"1";"1";"0"
"21198";"83773504";"21198";"11";"1";"1";"7";"6";"0";"1";"1";"1";"0"
"21199";"83773504";"21199";"11";"1";"1";"7";"6";"0";"1";"1";"1";"0"
"21200";"83773504";"4583";"16";"5";"1";"7";"6";"1";"1";"2";"2";"0"
"21201";"83773504";"21201";"11";"1";"1";"7";"6";"0";"1";"2";"1";"0"
"21202";"83773504";"21202";"11";"3";"1";"7";"6";"0";"2";"1";"1";"0"
"21203";"83773504";"21203";"16";"1";"2";"2";"6";"1";"1";"1";"2";"0"
"21204";"83773504";"21204";"52";"1";"3";"2";"6";"1";"1";"1";"2";"0"
"21205";"83774101";"21205";"17";"1";"1";"7";"1";"0";"1";"1";"1";"0"
"21206";"83774301";"21206";"19";"2";"3";"2";"6";"0";"1";"1";"1";"0"
"21207";"83774301";"21207";"16";"1";"1";"7";"6";"0";"1";"1";"1";"0"
"21208";"83776104";"21208";"21";"3";"1";"2";"6";"0";"2";"0";"1";"0"
"21209";"83776104";"21209";"16";"2";"1";"7";"5";"1";"0";"1";"2";"0"
"21210";"83776104";"21210";"19";"1";"1";"7";"3";"0";"1";"1";"1";"0"
"21211";"83776104";"21211";"19";"1";"1";"7";"3";"0";"1";"1";"1";"0"
"21212";"83777103";"21212";"19";"1";"1";"7";"3";"0";"1";"1";"1";"0"
"21213";"83777307";"21213";"19";"3";"1";"7";"6";"0";"1";"1";"1";"0"
"21214";"83777307";"21214";"16";"1";"1";"7";"4";"0";"1";"1";"1";"0"
"21215";"83777307";"21215";"19";"1";"1";"7";"3";"0";"1";"1";"1";"0"
"21216";"83777402";"21216";"16";"1";"1";"7";"4";"0";"1";"1";"1";"0"
"21217";"83777402";"21217";"16";"1";"1";"7";"6";"0";"2";"0";"1";"0"
"21218";"83777502";"21218";"31";"1";"1";"2";"6";"0";"2";"1";"1";"0"
"21219";"83777502";"21219";"18";"2";"1";"7";"4";"0";"2";"0";"1";"0"
"21220";"83777502";"21220";"19";"1";"1";"7";"6";"0";"1";"2";"1";"0"
"21221";"83777502";"21221";"17";"1";"1";"7";"2";"0";"1";"1";"1";"0"
"21222";"83777502";"21222";"19";"3";"3";"1";"4";"0";"1";"1";"1";"0"
"21223";"83781404";"21223";"16";"1";"1";"7";"5";"0";"1";"1";"1";"0"
"21224";"83781404";"21224";"23";"1";"1";"7";"5";"0";"1";"1";"1";"0"
"21225";"83782303";"21225";"14";"1";"1";"7";"7";"0";"2";"0";"1";"0"
"21226";"83782303";"18272";"14";"1";"1";"7";"6";"0";"1";"1";"1";"0"
"21227";"83782405";"21227";"16";"1";"1";"7";"6";"0";"2";"1";"1";"0"
"21228";"83782405";"21228";"13";"3";"1";"7";"6";"0";"1";"1";"1";"0"
"21229";"83783305";"21229";"31";"3";"1";"7";"6";"0";"1";"1";"1";"0"
"21230";"83783305";"21230";"13";"3";"1";"7";"3";"0";"1";"1";"1";"0"
"21231";"83783305";"21231";"16";"5";"1";"7";"4";"0";"1";"1";"1";"0"
"21232";"83783305";"21232";"11";"1";"1";"7";"6";"0";"1";"1";"1";"0"
"21233";"83783305";"21233";"51";"1";"1";"7";"6";"0";"1";"1";"1";"0"
"21234";"83783305";"21234";"16";"1";"1";"7";"6";"0";"1";"1";"1";"0"
"21235";"83784204";"21235";"51";"1";"1";"1";"6";"0";"1";"2";"1";"0"
"21236";"83784204";"21236";"52";"1";"3";"1";"0";"0";"1";"0";"1";"0"
"21237";"83784204";"21237";"18";"1";"1";"7";"3";"0";"1";"1";"1";"0"
"21238";"83784206";"21238";"51";"1";"1";"7";"6";"1";"1";"1";"2";"0"
"21239";"83784206";"21239";"36";"1";"1";"1";"3";"0";"0";"1";"3";"0"
"21240";"83784206";"21240";"35";"1";"1";"7";"4";"0";"1";"1";"1";"0"
"21241";"83784402";"21241";"14";"2";"3";"2";"6";"0";"2";"0";"1";"0"
"21242";"83785201";"21242";"19";"1";"1";"7";"6";"0";"1";"1";"1";"0"
"21243";"83785201";"21243";"35";"1";"1";"7";"3";"1";"0";"1";"2";"0"
"21244";"83785405";"21244";"51";"1";"1";"7";"6";"0";"1";"2";"1";"0"
"21245";"83786410";"21245";"13";"1";"1";"7";"6";"1";"1";"2";"2";"0"
"21246";"83786410";"21246";"11";"3";"1";"7";"6";"0";"1";"1";"1";"0"
"21247";"83786410";"21247";"11";"1";"1";"7";"6";"0";"1";"1";"1";"0"
"21248";"83786410";"21248";"51";"1";"1";"7";"6";"0";"2";"1";"1";"0"
"21249";"83786410";"21249";"11";"1";"1";"7";"6";"0";"1";"1";"1";"0"
"21250";"83786503";"21250";"23";"3";"1";"7";"5";"0";"1";"1";"1";"0"
"21251";"83786504";"21251";"13";"3";"3";"2";"6";"0";"1";"1";"1";"0"
"21252";"83786504";"21252";"13";"3";"3";"2";"6";"1";"0";"1";"2";"0"
"21253";"83786504";"21253";"13";"1";"1";"7";"6";"0";"1";"1";"1";"0"
"21254";"83786504";"21254";"13";"1";"1";"7";"6";"0";"1";"1";"1";"0"
"21255";"83786504";"21255";"51";"1";"1";"7";"6";"0";"2";"1";"1";"0"
"21256";"83786504";"21256";"13";"4";"1";"7";"5";"0";"1";"1";"1";"0"
"21257";"83786504";"21257";"13";"1";"1";"1";"6";"0";"2";"0";"1";"0"
"21258";"83786504";"21258";"17";"1";"1";"7";"2";"0";"1";"1";"1";"0"
"21259";"83786504";"21259";"13";"1";"1";"7";"3";"0";"1";"1";"1";"0"
"21260";"83791308";"21260";"21";"1";"1";"7";"6";"0";"1";"1";"1";"0"
"21261";"83791308";"21261";"21";"1";"7";"1";"6";"0";"1";"1";"1";"0"
"21262";"83791309";"21262";"14";"1";"1";"7";"6";"0";"1";"1";"1";"0"
"21263";"83791503";"21263";"52";"3";"3";"2";"0";"0";"3";"0";"1";"0"
"21264";"83791503";"21264";"11";"3";"3";"2";"6";"0";"1";"1";"1";"0"
"21265";"83791503";"21265";"52";"3";"1";"7";"0";"0";"1";"0";"1";"0"
"21266";"83791503";"21266";"21";"1";"3";"2";"6";"1";"0";"1";"2";"0"
"21267";"83791503";"21267";"72";"1";"1";"7";"6";"0";"1";"1";"1";"0"
"21268";"83791505";"21268";"11";"1";"1";"1";"6";"0";"1";"2";"1";"0"
"21269";"83791505";"21269";"11";"3";"1";"7";"4";"0";"1";"1";"1";"0"
"21270";"83791505";"21270";"51";"1";"1";"7";"0";"0";"1";"0";"1";"0"
"21271";"83791505";"21271";"11";"1";"1";"7";"6";"0";"1";"1";"1";"0"
"21272";"83791511";"21272";"15";"1";"1";"7";"6";"0";"1";"2";"1";"0"
"21273";"83792505";"21273";"13";"1";"1";"7";"6";"0";"2";"2";"1";"0"
"21274";"83793402";"21274";"14";"3";"1";"7";"6";"0";"1";"1";"1";"0"
"21275";"83794305";"21275";"16";"3";"1";"7";"7";"0";"1";"4";"1";"0"
"21276";"83794402";"21276";"12";"1";"1";"7";"6";"0";"1";"1";"1";"0"
"21277";"83794402";"21277";"11";"1";"1";"7";"6";"0";"1";"1";"1";"0"
"21278";"83794402";"21278";"11";"1";"3";"1";"2";"0";"2";"1";"1";"0"
"21279";"83794402";"21279";"16";"3";"3";"2";"4";"0";"1";"1";"1";"0"
"21280";"83794402";"21280";"71";"1";"1";"7";"6";"0";"1";"1";"1";"0"
"21281";"83794402";"21281";"11";"1";"1";"7";"6";"1";"2";"0";"2";"0"
"21282";"83794402";"21282";"11";"1";"1";"7";"6";"0";"1";"1";"1";"0"
"21283";"83794402";"21283";"11";"1";"1";"1";"6";"0";"1";"1";"1";"0"
"21284";"83794402";"21284";"11";"1";"1";"7";"6";"0";"1";"1";"1";"0"
"21285";"83794402";"21285";"11";"1";"1";"7";"6";"0";"1";"1";"1";"0"
"21286";"83794402";"21286";"11";"1";"1";"7";"6";"1";"0";"1";"2";"0"
"21287";"83794402";"21287";"53";"1";"6";"1";"6";"0";"1";"1";"1";"0"
"21288";"83794402";"21288";"11";"3";"3";"2";"6";"0";"0";"1";"3";"0"
"21289";"83794402";"21289";"16";"1";"3";"1";"4";"1";"0";"1";"2";"0"
"21290";"83794402";"21290";"52";"1";"1";"7";"0";"1";"0";"1";"2";"0"
"21291";"83794402";"21291";"71";"1";"2";"1";"6";"1";"0";"1";"2";"0"
"21292";"83794402";"21292";"51";"3";"3";"1";"6";"0";"2";"1";"1";"0"
"21293";"83794402";"21293";"52";"3";"3";"1";"0";"0";"1";"0";"1";"0"
"21294";"83794402";"21294";"51";"1";"1";"7";"6";"0";"1";"1";"1";"0"
"21295";"83794402";"21295";"11";"1";"1";"7";"6";"0";"1";"1";"1";"0"
"21296";"83794402";"21296";"51";"1";"1";"1";"6";"0";"1";"3";"1";"0"
"21297";"83794402";"21297";"52";"3";"1";"7";"0";"0";"1";"0";"1";"0"
"21298";"83794402";"21298";"51";"1";"2";"1";"6";"0";"2";"3";"1";"0"
"21299";"83794402";"21299";"51";"3";"3";"1";"6";"0";"2";"0";"1";"0"
"21300";"83794402";"21300";"52";"1";"1";"7";"0";"0";"1";"0";"1";"0"
"21301";"83794402";"21301";"51";"3";"3";"1";"6";"0";"1";"2";"1";"0"
"21302";"83794402";"21302";"19";"3";"2";"1";"6";"0";"1";"2";"1";"0"
"21303";"83794505";"21303";"74";"1";"3";"2";"4";"0";"1";"1";"1";"0"
"21304";"83794505";"21304";"14";"1";"3";"1";"6";"0";"1";"1";"1";"0"
"21305";"83795404";"21305";"51";"1";"7";"7";"6";"0";"1";"3";"1";"0"
"21306";"83795404";"21306";"71";"1";"1";"7";"6";"1";"0";"3";"2";"0"
"21307";"83795404";"21307";"81";"3";"1";"7";"6";"0";"1";"2";"1";"0"
"21308";"83795404";"21308";"14";"1";"1";"7";"6";"1";"0";"1";"2";"0"
"21309";"83795404";"21309";"11";"1";"1";"7";"6";"1";"1";"1";"2";"0"
"21310";"83795404";"21310";"11";"3";"1";"7";"6";"0";"1";"1";"1";"0"
"21311";"83795404";"21311";"16";"3";"4";"2";"6";"0";"3";"1";"1";"0"
"21312";"83795404";"21312";"51";"1";"1";"7";"6";"0";"1";"3";"1";"0"
"21313";"83795404";"21313";"11";"1";"1";"7";"6";"0";"1";"1";"1";"0"
"21314";"83795404";"21314";"11";"1";"3";"2";"6";"1";"1";"1";"2";"0"
"21315";"83795404";"21315";"71";"3";"1";"7";"6";"0";"0";"1";"3";"0"
"21316";"83795404";"21316";"11";"1";"3";"2";"6";"0";"1";"1";"1";"0"
"21317";"83795404";"20731";"18";"1";"2";"2";"6";"0";"2";"1";"1";"0"
"21318";"83795404";"21318";"11";"1";"3";"2";"7";"0";"0";"1";"3";"0"
"21319";"83795404";"21319";"12";"1";"1";"7";"7";"0";"1";"1";"1";"0"
"21320";"83795404";"21320";"42";"1";"1";"7";"6";"0";"2";"1";"1";"0"
"21321";"83795404";"21321";"51";"1";"1";"7";"6";"0";"1";"3";"1";"0"
"21322";"83795404";"21322";"51";"1";"1";"7";"6";"0";"1";"2";"1";"0"
"21323";"83795404";"21323";"11";"1";"1";"7";"6";"0";"1";"1";"1";"0"
"21324";"83795404";"21324";"51";"3";"3";"2";"6";"0";"2";"3";"1";"0"
"21325";"83795404";"21325";"11";"3";"1";"7";"6";"0";"1";"2";"1";"0"
"21326";"83795404";"21326";"43";"1";"1";"7";"6";"0";"1";"1";"1";"0"
"21327";"83795404";"21327";"42";"1";"1";"7";"6";"0";"1";"1";"1";"0"
"21328";"83795404";"21328";"43";"1";"2";"1";"6";"0";"2";"3";"1";"0"
"21329";"83795404";"21329";"16";"1";"1";"7";"6";"0";"1";"1";"1";"0"
"21330";"83795404";"21330";"71";"1";"1";"7";"6";"0";"1";"1";"1";"0"
"21331";"83795404";"21331";"11";"2";"1";"7";"6";"0";"1";"1";"1";"0"
"21332";"83795404";"21332";"19";"3";"3";"1";"6";"0";"2";"1";"1";"0"
"21333";"83795404";"21333";"11";"1";"2";"1";"6";"0";"2";"1";"1";"0"
"21334";"83795404";"21334";"11";"1";"1";"7";"6";"0";"1";"0";"1";"0"
"21335";"83795404";"21335";"71";"1";"1";"7";"6";"0";"1";"1";"1";"0"
"21336";"83795404";"21336";"11";"1";"3";"1";"6";"0";"2";"4";"1";"0"
"21337";"83795404";"21337";"51";"1";"1";"7";"0";"0";"1";"0";"1";"0"
"21338";"83795404";"21338";"17";"3";"1";"7";"2";"0";"1";"1";"1";"0"
"21339";"83795404";"21339";"11";"3";"1";"7";"6";"0";"2";"1";"1";"0"
"21340";"83795405";"21340";"43";"1";"1";"7";"6";"0";"1";"1";"1";"0"
"21341";"83795405";"21341";"43";"3";"1";"7";"6";"0";"2";"1";"1";"0"
"21342";"83795405";"21342";"43";"1";"1";"7";"6";"0";"1";"1";"1";"0"
"21343";"83795504";"21343";"14";"3";"1";"7";"6";"0";"1";"1";"1";"0"
"21344";"83797205";"21344";"16";"1";"1";"7";"4";"0";"1";"1";"1";"0"
"21345";"83797306";"21345";"18";"1";"1";"7";"6";"0";"1";"1";"1";"0"
"21346";"83797510";"21346";"14";"1";"1";"7";"6";"0";"2";"1";"1";"0"
"21347";"83797510";"21347";"14";"1";"1";"7";"6";"0";"1";"2";"1";"0"
"21348";"83802304";"21348";"19";"1";"3";"1";"6";"0";"1";"1";"1";"0"
"21349";"83803206";"21349";"21";"1";"1";"7";"6";"1";"1";"1";"2";"0"
"21350";"83803208";"21350";"13";"1";"1";"7";"6";"0";"4";"2";"1";"0"
"21351";"83804102";"21351";"71";"1";"1";"7";"6";"1";"0";"1";"2";"0"
"21352";"83804104";"21352";"14";"1";"1";"7";"6";"0";"1";"1";"1";"0"
"21353";"83804208";"21353";"71";"1";"1";"7";"6";"0";"1";"1";"1";"0"
"21354";"83804212";"21354";"21";"1";"4";"3";"6";"0";"1";"1";"1";"0"
"21355";"83804212";"21355";"21";"1";"3";"2";"6";"0";"1";"1";"1";"0"
"21356";"83804212";"21356";"14";"1";"1";"7";"3";"0";"1";"1";"1";"0"
"21357";"83804215";"21357";"51";"1";"1";"7";"6";"0";"1";"1";"1";"0"
"21358";"83804313";"21358";"16";"1";"1";"7";"5";"0";"1";"1";"1";"0"
"21359";"83805201";"21359";"20";"1";"1";"7";"2";"0";"1";"1";"1";"0"
"21360";"83805205";"21360";"17";"1";"1";"7";"2";"0";"1";"1";"1";"0"
"21361";"83805506";"21361";"72";"1";"1";"2";"6";"0";"1";"1";"1";"0"
"21362";"83805506";"21362";"51";"1";"1";"7";"6";"0";"1";"1";"1";"0"
"21363";"83805506";"7526";"72";"1";"1";"7";"6";"0";"1";"1";"1";"0"
"21364";"83805506";"21364";"16";"3";"2";"2";"4";"0";"1";"1";"1";"0"
"21365";"83805506";"21365";"16";"2";"1";"7";"6";"0";"1";"1";"1";"0"
"21366";"83805506";"21366";"16";"3";"1";"7";"6";"0";"1";"1";"1";"0"
"21367";"83805506";"21367";"16";"1";"1";"7";"4";"0";"1";"1";"1";"0"
"21368";"83805507";"21368";"16";"2";"3";"2";"6";"0";"1";"1";"1";"0"
"21369";"83806101";"17387";"21";"1";"3";"1";"6";"0";"1";"2";"1";"0"
"21370";"83806211";"21370";"14";"1";"1";"7";"6";"0";"2";"2";"1";"0"
"21371";"83806211";"21371";"51";"1";"1";"7";"6";"1";"0";"1";"2";"0"
"21372";"83806211";"21372";"19";"1";"1";"7";"7";"0";"1";"1";"1";"0"
"21373";"83806211";"21373";"14";"1";"1";"7";"6";"0";"1";"1";"1";"0"
"21374";"83806211";"21374";"19";"1";"4";"2";"6";"0";"1";"1";"1";"0"
"21375";"83806211";"21375";"19";"1";"1";"7";"4";"0";"1";"1";"1";"0"
"21376";"83806211";"21376";"19";"1";"1";"7";"6";"0";"1";"4";"1";"0"
"21377";"83806211";"21377";"51";"1";"1";"7";"6";"0";"2";"2";"1";"0"
"21378";"83806211";"21378";"19";"1";"1";"7";"6";"0";"1";"2";"1";"0"
"21379";"83806211";"21379";"18";"1";"1";"7";"4";"1";"0";"1";"2";"0"
"21380";"83806211";"21380";"14";"1";"1";"7";"5";"0";"2";"2";"1";"0"
"21381";"83806211";"21381";"51";"1";"1";"7";"6";"0";"1";"1";"1";"0"
"21382";"83806211";"21382";"14";"3";"1";"7";"6";"0";"1";"2";"1";"0"
"21383";"83806211";"21383";"19";"1";"1";"7";"6";"0";"1";"3";"1";"0"
"21384";"83806309";"21384";"72";"1";"1";"7";"6";"0";"1";"2";"1";"0"
"21385";"83807202";"21385";"13";"1";"1";"7";"6";"0";"1";"1";"1";"0"
"21386";"83807202";"21386";"13";"1";"1";"7";"6";"0";"1";"1";"1";"0"
"21387";"83807202";"21387";"13";"1";"1";"7";"4";"0";"1";"1";"1";"0"
"21388";"83807402";"21388";"16";"1";"1";"7";"4";"0";"1";"1";"1";"0"
"21389";"83811503";"21389";"16";"1";"1";"7";"3";"0";"1";"1";"1";"0"
"21390";"83811503";"21390";"52";"1";"1";"7";"0";"0";"0";"0";"3";"0"
"21391";"83811503";"21391";"19";"1";"1";"7";"5";"1";"0";"1";"2";"0"
"21392";"83811503";"21392";"11";"1";"1";"7";"6";"0";"3";"1";"1";"0"
"21393";"83811503";"21393";"19";"1";"1";"7";"6";"0";"1";"1";"1";"0"
"21394";"83811503";"21394";"11";"1";"3";"2";"6";"1";"0";"2";"2";"0"
"21395";"83811503";"21395";"51";"3";"2";"2";"6";"0";"5";"1";"1";"0"
"21396";"83811503";"21396";"11";"1";"1";"7";"6";"0";"1";"4";"1";"0"
"21397";"83811503";"21397";"43";"1";"1";"2";"6";"0";"2";"0";"1";"0"
"21398";"83811503";"21398";"11";"1";"1";"7";"6";"1";"0";"2";"2";"0"
"21399";"83811503";"21399";"42";"1";"1";"7";"6";"2";"0";"1";"2";"0"
"21400";"83811503";"21400";"11";"3";"1";"7";"4";"0";"1";"1";"1";"0"
"21401";"83811503";"21401";"18";"1";"1";"7";"6";"0";"1";"1";"1";"0"
"21402";"83811503";"21402";"99";"1";"1";"7";"3";"0";"1";"1";"1";"0"
"21403";"83811503";"21403";"16";"3";"1";"7";"6";"0";"2";"2";"1";"0"
"21404";"83811503";"21404";"12";"1";"1";"7";"6";"0";"1";"1";"1";"0"
"21405";"83811503";"21405";"11";"1";"1";"7";"6";"0";"3";"1";"1";"0"
"21406";"83811503";"21406";"16";"3";"3";"2";"6";"0";"2";"2";"1";"0"
"21407";"83811503";"21407";"43";"2";"1";"7";"6";"0";"1";"1";"1";"0"
"21408";"83811503";"21408";"14";"1";"1";"7";"6";"0";"2";"1";"1";"0"
"21409";"83811503";"21409";"11";"2";"1";"7";"6";"0";"1";"1";"1";"0"
"21410";"83811503";"21410";"51";"1";"1";"7";"6";"0";"1";"1";"1";"0"
"21411";"83811503";"21411";"11";"1";"1";"7";"6";"0";"4";"1";"1";"0"
"21412";"83811503";"21412";"11";"1";"1";"7";"6";"0";"2";"2";"1";"0"
"21413";"83811503";"21413";"16";"1";"1";"7";"6";"0";"1";"1";"1";"0"
"21414";"83811503";"21414";"42";"1";"1";"7";"6";"0";"2";"1";"1";"0"
"21415";"83811503";"21415";"11";"1";"1";"7";"5";"0";"1";"1";"1";"0"
"21416";"83811503";"21416";"11";"3";"3";"2";"6";"5";"1";"0";"3";"1"
"21417";"83811503";"14527";"43";"1";"3";"2";"7";"1";"0";"1";"2";"0"
"21418";"83811503";"21418";"17";"3";"1";"7";"2";"0";"1";"0";"1";"0"
"21419";"83811503";"21419";"51";"1";"1";"7";"6";"0";"1";"1";"1";"0"
"21420";"83811503";"21420";"11";"1";"1";"7";"6";"0";"1";"2";"1";"0"
"21421";"83811503";"21421";"43";"1";"1";"7";"6";"0";"1";"1";"1";"0"
"21422";"83811503";"21422";"42";"3";"1";"7";"6";"1";"1";"0";"2";"0"
"21423";"83811503";"21423";"42";"1";"1";"7";"6";"0";"2";"1";"1";"0"
"21424";"83811503";"21424";"43";"3";"1";"7";"6";"0";"1";"3";"1";"0"
"21425";"83811503";"21425";"52";"1";"1";"7";"0";"0";"1";"0";"1";"0"
"21426";"83811503";"21426";"11";"3";"1";"7";"9";"0";"1";"0";"1";"0"
"21427";"83811503";"21427";"11";"1";"1";"7";"5";"1";"1";"0";"2";"0"
"21428";"83811503";"21428";"11";"1";"1";"7";"6";"0";"2";"1";"1";"0"
"21429";"83811503";"21429";"11";"1";"1";"7";"5";"0";"1";"1";"1";"0"
"21430";"83811503";"21430";"12";"1";"2";"1";"7";"0";"1";"1";"1";"0"
"21431";"83811503";"21431";"19";"1";"1";"7";"6";"0";"1";"1";"1";"0"
"21432";"83811503";"21432";"11";"1";"3";"1";"2";"0";"1";"1";"1";"0"
"21433";"83811503";"21433";"11";"1";"1";"7";"6";"0";"3";"3";"1";"0"
"21434";"83811503";"21434";"11";"3";"3";"1";"6";"0";"2";"0";"1";"0"
"21435";"83811503";"21435";"43";"1";"1";"7";"6";"0";"1";"1";"1";"0"
"21436";"83811503";"21436";"42";"1";"1";"1";"6";"0";"1";"1";"1";"0"
"21437";"83811503";"21437";"19";"1";"1";"1";"6";"0";"2";"0";"1";"0"
"21438";"83811503";"21438";"71";"1";"1";"7";"6";"0";"1";"1";"1";"0"