"accident_id";"lieu_id";"date_id";"cause_id";"lum_id";"intemp_id";"etat_surface_id";"impliq_id";"nb_blesses_graves";"nb_blesses_legers";"nb_indemnes";"gravite";"nb_morts"
"22059";"83934215";"22059";"72";"1";"1";"7";"6";"0";"1";"1";"1";"0"
"22060";"83934217";"22060";"14";"1";"1";"7";"6";"0";"1";"1";"1";"0"
"22061";"83934217";"22061";"13";"1";"1";"7";"6";"0";"1";"1";"1";"0"
"22062";"83935203";"22062";"14";"1";"1";"7";"4";"0";"1";"1";"1";"0"
"22063";"83936107";"22063";"13";"1";"2";"1";"6";"0";"6";"0";"1";"0"
"22064";"83936202";"22064";"72";"1";"1";"7";"6";"0";"1";"1";"1";"0"
"22065";"84672502";"22065";"72";"1";"1";"7";"6";"1";"0";"3";"2";"0"
"22066";"84673509";"22066";"21";"1";"2";"2";"6";"0";"2";"0";"1";"0"
"22067";"84686101";"22067";"20";"1";"1";"7";"6";"0";"1";"1";"1";"0"
"22068";"84695101";"22068";"51";"5";"1";"7";"6";"0";"1";"1";"1";"0"
"22069";"84701206";"22069";"14";"1";"1";"7";"6";"0";"2";"0";"1";"0"
"22070";"84701303";"22070";"13";"1";"3";"2";"6";"0";"2";"1";"1";"0"
"22071";"84701303";"22071";"11";"1";"1";"7";"6";"0";"1";"1";"1";"0"
"22072";"84701406";"16913";"16";"3";"3";"1";"6";"0";"2";"0";"1";"0"
"22073";"84721505";"22073";"16";"1";"1";"1";"6";"0";"2";"1";"1";"0"
"22074";"84721505";"22074";"51";"1";"6";"7";"6";"1";"1";"0";"2";"0"
"22075";"84721505";"22075";"11";"1";"1";"7";"3";"0";"1";"2";"1";"0"
"22076";"84721505";"22076";"51";"1";"1";"7";"6";"0";"2";"1";"1";"0"
"22077";"84721505";"22077";"16";"1";"1";"1";"6";"0";"2";"2";"1";"0"
"22078";"84721505";"22078";"16";"2";"1";"7";"4";"1";"0";"1";"2";"0"
"22079";"84721505";"22079";"11";"3";"1";"7";"6";"0";"2";"2";"1";"0"
"22080";"84721505";"22080";"16";"1";"1";"7";"6";"0";"1";"1";"1";"0"
"22081";"84721505";"22081";"11";"3";"1";"7";"6";"0";"2";"1";"1";"0"
"22082";"84721505";"22082";"11";"5";"1";"7";"6";"0";"2";"0";"1";"0"
"22083";"84721505";"22083";"19";"3";"1";"7";"6";"0";"2";"1";"1";"0"
"22084";"84722504";"22084";"72";"1";"1";"7";"5";"0";"1";"0";"3";"0"
"22085";"84722504";"22085";"16";"3";"1";"7";"5";"1";"0";"1";"2";"0"
"22086";"84731209";"22086";"19";"5";"3";"1";"6";"0";"1";"1";"1";"0"
"22087";"84731210";"22087";"36";"2";"1";"2";"3";"0";"1";"0";"1";"0"
"22088";"84731401";"22088";"13";"1";"1";"7";"6";"0";"1";"1";"1";"0"
"22089";"84731506";"22089";"16";"1";"1";"7";"5";"0";"0";"1";"3";"0"
"22090";"84733102";"22090";"16";"1";"1";"7";"7";"0";"1";"1";"1";"0"
"22091";"84733102";"22091";"81";"3";"3";"2";"6";"0";"2";"0";"1";"0"
"22092";"84733202";"22092";"16";"1";"6";"1";"6";"0";"2";"1";"1";"0"
"22093";"84734406";"22093";"72";"3";"1";"7";"2";"0";"1";"1";"1";"0"
"22094";"84737402";"22094";"52";"2";"1";"7";"0";"0";"1";"0";"1";"0"
"22095";"84741507";"22095";"11";"1";"1";"1";"6";"0";"1";"1";"1";"0"
"22096";"84741507";"22096";"51";"3";"3";"2";"4";"0";"1";"1";"1";"0"
"22097";"84741507";"22097";"31";"3";"1";"7";"6";"2";"2";"4";"2";"0"
"22098";"84742202";"22098";"81";"1";"1";"7";"5";"0";"2";"1";"1";"0"
"22099";"84742309";"22099";"17";"1";"1";"7";"2";"0";"1";"1";"1";"0"
"22100";"84742309";"22100";"17";"1";"1";"7";"2";"0";"2";"1";"1";"0"
"22101";"84742311";"15265";"71";"2";"1";"7";"6";"1";"0";"1";"2";"0"
"22102";"84742311";"9078";"17";"3";"3";"1";"1";"0";"1";"1";"1";"0"
"22103";"84742311";"22103";"64";"1";"1";"7";"6";"1";"0";"1";"2";"0"
"22104";"84742505";"22104";"81";"3";"3";"2";"6";"0";"1";"1";"1";"0"
"22105";"84742505";"22105";"16";"1";"1";"7";"4";"0";"1";"1";"1";"0"
"22106";"84742505";"22106";"17";"1";"1";"7";"2";"1";"0";"1";"2";"0"
"22107";"84743201";"22107";"11";"2";"1";"7";"2";"2";"0";"1";"2";"0"
"22108";"84743201";"22108";"11";"1";"1";"7";"6";"0";"2";"1";"1";"0"
"22109";"84743201";"22109";"16";"1";"1";"1";"6";"0";"2";"0";"1";"0"
"22110";"84743201";"22110";"16";"1";"1";"7";"6";"0";"1";"1";"1";"0"
"22111";"84743201";"22111";"11";"1";"1";"7";"6";"0";"1";"1";"1";"0"
"22112";"84743201";"22112";"11";"3";"1";"7";"6";"0";"1";"0";"1";"0"
"22113";"84743201";"22113";"16";"1";"1";"7";"6";"0";"1";"1";"1";"0"
"22114";"84743201";"22114";"11";"1";"1";"7";"6";"0";"1";"1";"1";"0"
"22115";"84743201";"22115";"16";"1";"1";"7";"4";"0";"1";"1";"1";"0"
"22116";"84743201";"22116";"11";"1";"1";"7";"6";"0";"1";"1";"1";"0"
"22117";"84743201";"22117";"16";"1";"6";"2";"6";"0";"1";"2";"1";"0"
"22118";"84743202";"22118";"19";"1";"1";"7";"6";"0";"1";"1";"1";"0"
"22119";"84743202";"22119";"19";"1";"1";"7";"6";"0";"2";"2";"1";"0"
"22120";"84743202";"22120";"16";"2";"1";"7";"6";"0";"1";"1";"1";"0"
"22121";"84743202";"22121";"19";"1";"3";"1";"6";"0";"2";"1";"1";"0"
"22122";"84743202";"22122";"19";"1";"1";"2";"6";"0";"1";"2";"1";"0"
"22123";"84743202";"22123";"19";"1";"1";"7";"5";"0";"1";"1";"1";"0"
"22124";"84743202";"22124";"51";"1";"1";"7";"6";"0";"1";"1";"1";"0"
"22125";"84743301";"22125";"52";"2";"1";"7";"0";"0";"1";"0";"1";"0"
"22126";"84743301";"22126";"14";"3";"1";"1";"3";"0";"1";"1";"1";"0"
"22127";"84743401";"22127";"16";"1";"1";"7";"4";"1";"0";"1";"2";"0"
"22128";"84743401";"22128";"11";"1";"1";"7";"6";"2";"3";"1";"2";"0"
"22129";"84743401";"22129";"11";"4";"1";"1";"6";"0";"1";"1";"1";"0"
"22130";"84743401";"22130";"16";"2";"1";"7";"4";"1";"0";"1";"2";"0"
"22131";"84743401";"22131";"16";"1";"3";"1";"6";"0";"1";"1";"1";"0"
"22132";"84743401";"22132";"16";"3";"1";"7";"4";"1";"0";"1";"2";"0"
"22133";"84743401";"22133";"17";"2";"1";"1";"4";"0";"1";"1";"1";"0"
"22134";"84743401";"22134";"16";"3";"1";"7";"4";"0";"1";"1";"1";"0"
"22135";"84743401";"22135";"52";"3";"1";"7";"0";"0";"1";"1";"1";"0"
"22136";"84743503";"22136";"11";"1";"1";"7";"6";"1";"0";"1";"2";"0"
"22137";"84743503";"22137";"11";"1";"1";"7";"6";"1";"0";"1";"2";"0"
"22138";"84743503";"22138";"16";"1";"1";"7";"4";"1";"0";"1";"2";"0"
"22139";"84743503";"22139";"16";"3";"1";"1";"6";"0";"1";"1";"1";"0"
"22140";"84743503";"22140";"71";"1";"1";"7";"6";"0";"1";"1";"1";"0"
"22141";"84743503";"22141";"16";"1";"1";"7";"4";"0";"1";"1";"1";"0"
"22142";"84743503";"22142";"11";"1";"1";"7";"3";"0";"1";"0";"1";"0"
"22143";"84744204";"22143";"52";"3";"1";"2";"0";"0";"2";"0";"1";"0"
"22144";"84744315";"22144";"51";"1";"1";"1";"6";"0";"2";"0";"1";"0"
"22145";"84744315";"22145";"11";"3";"1";"7";"6";"0";"1";"1";"1";"0"
"22146";"84744315";"22146";"11";"3";"1";"7";"6";"0";"1";"2";"1";"0"
"22147";"84744315";"22147";"11";"3";"3";"2";"6";"1";"0";"1";"2";"0"
"22148";"84744315";"22148";"16";"3";"1";"7";"3";"0";"1";"1";"1";"0"
"22149";"84744315";"22149";"17";"1";"1";"7";"2";"0";"1";"1";"1";"0"
"22150";"84744315";"22150";"11";"1";"1";"7";"6";"1";"0";"1";"2";"0"
"22151";"84744315";"22151";"16";"1";"1";"7";"6";"3";"0";"0";"2";"0"
"22152";"84744315";"22152";"81";"1";"1";"7";"6";"0";"1";"0";"1";"0"
"22153";"84744315";"22153";"52";"3";"1";"7";"0";"0";"1";"2";"1";"0"
"22154";"84744315";"8071";"11";"3";"1";"7";"6";"0";"2";"0";"1";"0"
"22155";"84744315";"22155";"51";"1";"1";"7";"6";"0";"2";"1";"1";"0"
"22156";"84744315";"22156";"11";"1";"1";"7";"6";"0";"1";"1";"1";"0"
"22157";"84744503";"22157";"13";"1";"1";"7";"4";"0";"1";"1";"1";"0"
"22158";"84744506";"22158";"35";"1";"1";"7";"4";"0";"1";"1";"1";"0"
"22159";"84745113";"22159";"53";"1";"1";"7";"6";"0";"1";"1";"1";"0"
"22160";"84745410";"22160";"11";"1";"1";"7";"6";"0";"2";"1";"1";"0"
"22161";"84745411";"22161";"17";"3";"7";"7";"2";"1";"0";"1";"2";"0"
"22162";"84746402";"22162";"31";"1";"1";"7";"6";"0";"1";"1";"1";"0"
"22163";"84747204";"22163";"11";"1";"1";"7";"6";"1";"0";"1";"2";"0"
"22164";"84747204";"22164";"16";"1";"1";"1";"6";"1";"0";"1";"2";"0"
"22165";"84747204";"22165";"11";"3";"1";"7";"3";"0";"1";"1";"1";"0"
"22166";"84747204";"22166";"12";"1";"2";"1";"2";"0";"1";"1";"1";"0"
"22167";"84747204";"22167";"11";"1";"1";"7";"6";"0";"1";"1";"1";"0"
"22168";"84747204";"22168";"16";"1";"1";"7";"3";"0";"1";"1";"1";"0"
"22169";"84751108";"22169";"17";"3";"3";"1";"2";"0";"1";"1";"1";"0"
"22170";"84751108";"22170";"64";"1";"1";"7";"6";"0";"1";"1";"1";"0"
"22171";"84751301";"22171";"23";"1";"1";"1";"4";"0";"1";"1";"1";"0"
"22172";"84751301";"22172";"21";"1";"1";"7";"6";"0";"1";"1";"1";"0"
"22173";"84751301";"22173";"14";"1";"1";"7";"6";"0";"1";"1";"1";"0"
"22174";"84751320";"22174";"18";"1";"1";"7";"6";"0";"1";"2";"1";"0"
"22175";"84751320";"22175";"11";"1";"1";"7";"6";"0";"2";"0";"1";"0"
"22176";"84751320";"22176";"11";"1";"1";"7";"6";"0";"2";"2";"1";"0"
"22177";"84751320";"22177";"11";"1";"1";"7";"6";"1";"1";"1";"2";"0"
"22178";"84751320";"22178";"11";"1";"1";"7";"6";"0";"1";"2";"1";"0"
"22179";"84751320";"22179";"11";"1";"1";"7";"6";"0";"1";"2";"1";"0"
"22180";"84751320";"22180";"11";"3";"1";"1";"6";"0";"1";"1";"1";"0"
"22181";"84751320";"22181";"11";"1";"1";"7";"6";"0";"3";"2";"1";"0"
"22182";"84751320";"22182";"11";"2";"1";"7";"6";"0";"2";"3";"1";"0"
"22183";"84751320";"22183";"11";"1";"1";"7";"6";"0";"2";"0";"1";"0"
"22184";"84751421";"22184";"11";"1";"1";"7";"6";"0";"3";"1";"1";"0"
"22185";"84751421";"22185";"12";"1";"1";"7";"6";"0";"2";"0";"1";"0"
"22186";"84751421";"22186";"11";"1";"1";"7";"4";"1";"0";"1";"2";"0"
"22187";"84751421";"22187";"14";"3";"1";"7";"6";"0";"1";"1";"1";"0"
"22188";"84751421";"22188";"11";"1";"1";"7";"6";"0";"2";"1";"1";"0"
"22189";"84751421";"22189";"11";"1";"1";"7";"6";"1";"0";"2";"3";"1"
"22190";"84751421";"22190";"11";"1";"1";"7";"6";"1";"2";"1";"2";"0"
"22191";"84751422";"22191";"41";"3";"3";"1";"7";"0";"1";"1";"1";"0"
"22192";"84752213";"22192";"21";"1";"1";"7";"3";"0";"1";"0";"1";"0"
"22193";"84752402";"22193";"16";"1";"1";"7";"6";"1";"0";"1";"2";"0"
"22194";"84752403";"22194";"16";"1";"1";"7";"4";"1";"0";"1";"2";"0"
"22195";"84753213";"22195";"21";"1";"1";"7";"6";"0";"1";"1";"1";"0"
"22196";"84753301";"22196";"31";"3";"1";"7";"6";"0";"3";"0";"1";"0"
"22197";"84753301";"22197";"13";"1";"1";"7";"5";"0";"1";"1";"1";"0"
"22198";"84753301";"22198";"17";"1";"1";"7";"2";"0";"1";"1";"1";"0"
"22199";"84754102";"22199";"21";"1";"1";"7";"6";"0";"1";"1";"1";"0"
"22200";"84754105";"20441";"14";"3";"1";"7";"4";"0";"1";"1";"1";"0"
"22201";"84754105";"22201";"31";"1";"1";"7";"6";"0";"1";"1";"1";"0"
"22202";"84754302";"22202";"21";"1";"1";"7";"6";"0";"1";"1";"1";"0"
"22203";"84754302";"22203";"16";"1";"3";"2";"6";"0";"1";"2";"1";"0"
"22204";"84754305";"22204";"18";"1";"1";"7";"6";"0";"1";"1";"1";"0"
"22205";"84755307";"22205";"17";"1";"1";"2";"2";"0";"1";"1";"1";"0"
"22206";"84755307";"22206";"11";"1";"1";"7";"6";"0";"2";"1";"1";"0"
"22207";"84755307";"22207";"17";"1";"1";"7";"1";"0";"1";"1";"1";"0"
"22208";"84755307";"22208";"11";"1";"1";"7";"6";"0";"1";"1";"1";"0"
"22209";"84755404";"22209";"13";"2";"3";"1";"6";"1";"0";"1";"2";"0"
"22210";"84755413";"22210";"13";"1";"1";"2";"6";"0";"1";"1";"1";"0"
"22211";"84757403";"22211";"41";"2";"1";"6";"6";"0";"1";"1";"1";"0"
"22212";"84757404";"22212";"13";"1";"1";"7";"4";"1";"0";"1";"2";"0"
"22213";"84757502";"22213";"51";"1";"1";"7";"6";"0";"1";"1";"1";"0"
"22214";"84757502";"22214";"21";"1";"1";"7";"6";"0";"1";"1";"1";"0"
"22215";"84757502";"22215";"13";"1";"1";"7";"3";"0";"1";"1";"1";"0"
"22216";"84757502";"22216";"51";"1";"1";"7";"6";"0";"1";"1";"1";"0"
"22217";"84761513";"22217";"13";"1";"1";"7";"4";"0";"2";"1";"1";"0"
"22218";"84761513";"22218";"51";"3";"1";"7";"6";"0";"2";"0";"1";"0"
"22219";"84761513";"22219";"13";"3";"1";"7";"6";"0";"1";"2";"1";"0"
"22220";"84761513";"22220";"13";"3";"1";"7";"6";"0";"1";"2";"1";"0"
"22221";"84762108";"22221";"11";"1";"1";"7";"6";"0";"1";"1";"1";"0"
"22222";"84762108";"18998";"11";"1";"1";"7";"6";"0";"1";"2";"1";"0"
"22223";"84762108";"22223";"11";"3";"1";"7";"4";"1";"0";"1";"2";"0"
"22224";"84762210";"22224";"11";"1";"1";"7";"3";"0";"1";"1";"1";"0"
"22225";"84762210";"22225";"18";"1";"3";"1";"6";"0";"1";"1";"1";"0"
"22226";"84762210";"22226";"51";"3";"1";"7";"6";"0";"3";"0";"1";"0"
"22227";"84763420";"22227";"11";"1";"1";"1";"6";"2";"0";"5";"2";"0"
"22228";"84763420";"22228";"11";"1";"1";"7";"6";"0";"1";"1";"1";"0"
"22229";"84763420";"22229";"11";"1";"3";"2";"6";"0";"2";"0";"1";"0"
"22230";"84763420";"22230";"11";"1";"1";"7";"6";"1";"0";"1";"2";"0"
"22231";"84763420";"22231";"11";"3";"1";"7";"6";"0";"3";"0";"1";"0"
"22232";"84763420";"22232";"11";"1";"1";"4";"6";"1";"0";"1";"2";"0"
"22233";"84763420";"22233";"11";"1";"1";"7";"6";"0";"3";"0";"1";"0"
"22234";"84763420";"22234";"11";"1";"1";"7";"6";"0";"5";"0";"1";"0"
"22235";"84763420";"169";"11";"3";"1";"7";"6";"0";"1";"1";"1";"0"
"22236";"84763420";"22236";"14";"2";"1";"7";"6";"1";"1";"1";"2";"0"
"22237";"84763420";"22237";"11";"1";"1";"7";"6";"0";"1";"1";"1";"0"
"22238";"84763420";"22238";"11";"1";"1";"7";"6";"0";"3";"0";"1";"0"
"22239";"84763420";"22239";"11";"1";"1";"7";"6";"0";"1";"0";"1";"0"
"22240";"84763420";"22240";"11";"1";"1";"2";"6";"0";"1";"1";"1";"0"
"22241";"84763420";"14499";"11";"1";"1";"7";"6";"0";"1";"1";"1";"0"
"22242";"84763420";"22242";"11";"1";"1";"7";"7";"0";"2";"1";"1";"0"
"22243";"84763420";"22243";"11";"1";"1";"7";"6";"0";"1";"1";"1";"0"
"22244";"84763510";"22244";"11";"3";"1";"7";"6";"0";"1";"2";"1";"0"
"22245";"84763510";"22245";"14";"1";"1";"1";"6";"0";"1";"0";"1";"0"
"22246";"84763510";"22246";"35";"1";"1";"7";"3";"0";"1";"1";"1";"0"
"22247";"84763510";"22247";"52";"1";"2";"2";"0";"0";"3";"1";"1";"0"
"22248";"84763511";"22248";"11";"1";"1";"7";"6";"0";"1";"0";"1";"0"
"22249";"84763511";"22249";"11";"1";"1";"7";"8";"0";"2";"0";"1";"0"
"22250";"84763511";"22250";"24";"1";"1";"7";"6";"0";"1";"0";"1";"0"
"22251";"84763511";"22251";"11";"1";"1";"7";"6";"0";"1";"1";"1";"0"
"22252";"84764508";"22252";"51";"1";"3";"1";"7";"0";"1";"1";"1";"0"
"22253";"84767111";"22253";"16";"3";"1";"7";"6";"0";"2";"0";"1";"0"
"22254";"84767111";"22254";"16";"1";"1";"7";"4";"1";"0";"1";"2";"0"
"22255";"84767111";"22255";"16";"1";"1";"7";"6";"1";"0";"1";"2";"0"
"22256";"84767111";"22256";"17";"1";"1";"7";"4";"1";"1";"1";"2";"0"
"22257";"84767111";"22257";"71";"1";"1";"7";"6";"1";"0";"1";"2";"0"
"22258";"84767111";"22258";"16";"1";"1";"7";"4";"0";"1";"1";"1";"0"
"22259";"84767111";"22259";"13";"1";"1";"7";"6";"1";"0";"1";"2";"0"
"22260";"84767111";"22260";"16";"1";"1";"7";"4";"0";"1";"1";"1";"0"
"22261";"84767111";"22261";"13";"1";"1";"7";"6";"0";"1";"1";"1";"0"
"22262";"84767111";"22262";"16";"1";"3";"1";"5";"0";"1";"2";"1";"0"
"22263";"84767404";"22263";"19";"1";"1";"7";"6";"0";"1";"1";"1";"0"
"22264";"84767404";"22264";"51";"1";"3";"1";"6";"0";"1";"1";"1";"0"
"22265";"84767404";"22265";"17";"1";"1";"7";"4";"0";"1";"1";"1";"0"
"22266";"84771106";"22266";"14";"1";"3";"2";"6";"0";"2";"0";"1";"0"
"22267";"84771106";"22267";"14";"1";"1";"7";"6";"0";"1";"1";"1";"0"
"22268";"84773307";"22268";"11";"1";"1";"7";"6";"0";"3";"2";"1";"0"
"22269";"84773307";"22269";"11";"1";"1";"7";"6";"1";"2";"0";"2";"0"
"22270";"84773307";"22270";"11";"1";"1";"7";"6";"1";"4";"0";"2";"0"
"22271";"84773307";"22271";"11";"1";"1";"7";"4";"0";"1";"1";"1";"0"
"22272";"84773307";"22272";"11";"1";"1";"7";"6";"0";"1";"2";"1";"0"
"22273";"84773307";"22273";"11";"3";"1";"7";"6";"0";"2";"0";"1";"0"
"22274";"84773307";"22274";"11";"1";"1";"7";"6";"0";"3";"1";"1";"0"
"22275";"84773307";"22275";"11";"3";"1";"7";"6";"1";"0";"1";"3";"0"
"22276";"84773307";"22276";"51";"1";"1";"1";"6";"0";"1";"2";"1";"0"
"22277";"84773307";"22277";"51";"1";"1";"7";"6";"0";"1";"1";"1";"0"
"22278";"84773307";"22278";"11";"1";"1";"7";"7";"0";"1";"2";"1";"0"
"22279";"84773307";"22279";"11";"1";"3";"1";"6";"0";"1";"1";"1";"0"
"22280";"84773307";"22280";"11";"1";"1";"7";"6";"0";"0";"1";"3";"0"
"22281";"84773307";"4151";"11";"1";"1";"7";"6";"0";"1";"1";"1";"0"
"22282";"84773307";"22282";"11";"1";"1";"7";"6";"0";"1";"1";"1";"0"
"22283";"84773307";"22283";"51";"1";"3";"1";"6";"0";"2";"0";"1";"0"
"22284";"84773307";"22284";"18";"3";"1";"7";"6";"0";"2";"2";"1";"0"
"22285";"84773320";"22285";"11";"3";"1";"7";"6";"0";"1";"1";"1";"0"
"22286";"84773320";"22286";"11";"1";"1";"7";"6";"0";"2";"0";"1";"0"
"22287";"84774201";"22287";"11";"1";"1";"7";"6";"0";"4";"1";"1";"0"
"22288";"84774201";"22288";"13";"3";"1";"7";"6";"1";"0";"1";"2";"0"
"22289";"84774204";"22289";"13";"3";"1";"1";"5";"0";"1";"1";"1";"0"
"22290";"84774204";"22290";"13";"3";"1";"7";"4";"0";"1";"2";"1";"0"
"22291";"84774305";"22291";"31";"5";"1";"7";"3";"0";"1";"1";"1";"0"
"22292";"84775104";"22292";"13";"1";"1";"7";"4";"0";"1";"1";"1";"0"
"22293";"84775104";"22293";"13";"3";"2";"2";"8";"1";"2";"2";"2";"0"
"22294";"84775104";"22294";"13";"1";"1";"7";"6";"0";"3";"1";"1";"0"
"22295";"84775104";"22295";"13";"1";"1";"7";"6";"0";"1";"1";"1";"0"
"22296";"84775104";"22296";"13";"1";"1";"7";"6";"0";"3";"1";"1";"0"
"22297";"84775104";"22297";"13";"3";"1";"7";"4";"0";"1";"1";"1";"0"
"22298";"84775104";"22298";"16";"1";"1";"7";"4";"0";"1";"1";"1";"0"
"22299";"84775104";"22299";"13";"1";"1";"7";"6";"0";"1";"1";"1";"0"
"22300";"84775203";"22300";"31";"1";"1";"1";"6";"0";"1";"1";"1";"0"
"22301";"84775203";"22301";"21";"1";"1";"7";"6";"0";"1";"1";"1";"0"
"22302";"84775313";"22302";"14";"1";"1";"7";"6";"0";"1";"1";"1";"0"
"22303";"84775505";"22303";"17";"1";"1";"7";"2";"0";"1";"1";"1";"0"
"22304";"84776102";"22304";"51";"1";"1";"7";"6";"0";"1";"1";"1";"0"
"22305";"84776114";"22305";"64";"3";"3";"1";"4";"0";"1";"1";"1";"0"
"22306";"84776205";"22306";"16";"3";"1";"7";"5";"0";"1";"1";"1";"0"
"22307";"84776301";"22307";"16";"2";"1";"7";"5";"0";"1";"1";"1";"0"
"22308";"84776512";"22308";"13";"3";"3";"1";"6";"0";"1";"1";"1";"0"
"22309";"84777103";"22309";"16";"3";"1";"7";"5";"1";"0";"1";"2";"0"
"22310";"84777103";"22310";"16";"1";"1";"2";"6";"1";"0";"1";"2";"0"
"22311";"84777103";"22311";"17";"1";"1";"7";"4";"1";"0";"1";"2";"0"
"22312";"84777103";"22312";"16";"1";"1";"1";"3";"0";"1";"1";"1";"0"
"22313";"84777103";"22313";"51";"2";"1";"7";"6";"0";"1";"1";"1";"0"
"22314";"84777104";"22314";"11";"1";"1";"7";"6";"1";"0";"1";"2";"0"
"22315";"84777104";"22315";"11";"1";"1";"7";"6";"0";"1";"1";"1";"0"
"22316";"84777201";"22316";"19";"1";"3";"1";"6";"0";"1";"1";"1";"0"
"22317";"84777203";"22317";"36";"3";"1";"7";"6";"0";"1";"1";"1";"0"
"22318";"84777212";"22318";"11";"1";"1";"7";"6";"0";"1";"1";"1";"0"
"22319";"84777212";"22319";"51";"1";"1";"7";"4";"0";"1";"0";"1";"0"
"22320";"84777212";"22320";"15";"1";"1";"7";"4";"0";"1";"2";"1";"0"
"22321";"84777212";"22321";"17";"1";"1";"7";"4";"0";"1";"1";"1";"0"
"22322";"84777212";"22322";"64";"1";"1";"7";"6";"0";"1";"1";"1";"0"
"22323";"84777419";"22323";"13";"1";"1";"7";"6";"0";"3";"1";"1";"0"
"22324";"84777419";"22324";"16";"1";"1";"7";"4";"1";"0";"1";"2";"0"
"22325";"84777419";"22325";"13";"1";"3";"2";"6";"0";"4";"0";"1";"0"
"22326";"84782101";"22326";"52";"3";"7";"1";"6";"0";"1";"1";"1";"0"
"22327";"84785501";"22327";"81";"1";"1";"7";"6";"0";"1";"1";"1";"0"
"22328";"84791103";"22328";"14";"3";"1";"7";"6";"0";"1";"1";"1";"0"
"22329";"84791103";"22329";"14";"2";"1";"7";"6";"0";"1";"1";"1";"0"
"22330";"84791103";"22330";"14";"1";"1";"7";"6";"0";"1";"0";"1";"0"
"22331";"84791403";"22331";"11";"1";"1";"7";"6";"1";"0";"1";"2";"0"
"22332";"84791403";"22332";"23";"1";"1";"7";"3";"0";"1";"1";"1";"0"
"22333";"84791403";"22333";"72";"3";"3";"1";"9";"0";"1";"0";"1";"0"
"22334";"84791403";"22334";"73";"1";"1";"7";"9";"0";"1";"0";"1";"0"
"22335";"84791403";"22335";"11";"1";"1";"7";"6";"0";"3";"1";"1";"0"
"22336";"84791404";"22336";"11";"1";"1";"2";"6";"1";"0";"1";"2";"0"
"22337";"84791404";"22337";"11";"1";"3";"1";"6";"0";"1";"2";"1";"0"
"22338";"84791404";"22338";"15";"3";"1";"7";"4";"0";"1";"1";"1";"0"
"22339";"84791404";"22339";"16";"1";"1";"7";"6";"0";"2";"0";"1";"0"
"22340";"84791404";"22340";"13";"1";"1";"7";"7";"0";"1";"2";"1";"0"
"22341";"84791404";"22341";"11";"1";"1";"1";"6";"0";"1";"2";"1";"0"
"22342";"84791404";"22342";"11";"3";"1";"1";"6";"0";"3";"1";"1";"0"
"22343";"84791404";"22343";"11";"1";"1";"7";"6";"0";"1";"1";"1";"0"
"22344";"84791404";"22344";"11";"3";"1";"1";"6";"1";"0";"0";"2";"0"
"22345";"84791404";"22345";"11";"3";"1";"1";"3";"0";"1";"0";"1";"0"
"22346";"84791404";"22346";"51";"3";"1";"7";"6";"0";"2";"0";"1";"0"
"22347";"84791405";"22347";"11";"1";"1";"7";"6";"1";"0";"1";"2";"0"
"22348";"84791405";"22348";"61";"1";"1";"7";"4";"0";"1";"1";"1";"0"
"22349";"84792105";"22349";"13";"2";"1";"7";"4";"1";"0";"1";"2";"0"
"22350";"84792105";"22350";"17";"1";"1";"7";"2";"0";"1";"1";"1";"0"
"22351";"84792105";"22351";"13";"1";"1";"7";"6";"0";"1";"1";"1";"0"
"22352";"84792105";"22352";"13";"3";"1";"7";"6";"0";"1";"2";"1";"0"
"22353";"84792105";"22353";"41";"1";"1";"7";"6";"0";"1";"1";"1";"0"
"22354";"84792105";"22354";"19";"1";"1";"7";"6";"0";"1";"1";"1";"0"
"22355";"84792106";"22355";"13";"1";"1";"7";"6";"0";"1";"1";"1";"0"
"22356";"84792106";"22356";"13";"1";"1";"7";"5";"0";"1";"1";"1";"0"
"22357";"84792106";"11746";"13";"2";"3";"1";"6";"0";"3";"0";"1";"0"
"22358";"84792106";"22358";"13";"1";"1";"7";"6";"0";"4";"0";"1";"0"
"22359";"84792106";"22359";"13";"3";"1";"7";"5";"2";"0";"1";"2";"0"
"22360";"84792108";"22360";"13";"3";"1";"1";"5";"0";"1";"1";"1";"0"
"22361";"84792205";"22361";"17";"1";"1";"7";"2";"1";"0";"1";"2";"0"
"22362";"84792205";"22362";"13";"1";"1";"7";"6";"1";"0";"1";"2";"0"
"22363";"84792205";"22363";"13";"1";"1";"7";"6";"0";"3";"0";"1";"0"
"22364";"84792414";"22364";"73";"1";"1";"7";"6";"1";"0";"2";"2";"0"
"22365";"84792501";"22365";"14";"1";"1";"7";"5";"0";"1";"1";"1";"0"
"22366";"84792501";"22366";"31";"1";"1";"7";"6";"0";"2";"2";"1";"0"
"22367";"84792501";"22367";"17";"1";"1";"7";"2";"1";"0";"1";"2";"0"
"22368";"84792502";"22368";"17";"1";"1";"7";"2";"0";"2";"0";"1";"0"