"accident_id";"lieu_id";"date_id";"cause_id";"lum_id";"intemp_id";"etat_surface_id";"impliq_id";"nb_blesses_graves";"nb_blesses_legers";"nb_indemnes";"gravite";"nb_morts"
"22679";"84823308";"22679";"13";"2";"3";"1";"6";"0";"1";"1";"1";"0"
"22680";"84823308";"14754";"13";"1";"1";"7";"6";"0";"2";"1";"1";"0"
"22681";"84823409";"22681";"71";"1";"1";"7";"6";"0";"1";"1";"1";"0"
"22682";"84824106";"22682";"71";"1";"3";"1";"6";"0";"1";"1";"1";"0"
"22683";"84824112";"242";"11";"1";"1";"7";"6";"0";"1";"2";"1";"0"
"22684";"84824112";"22684";"71";"1";"1";"7";"6";"0";"1";"1";"1";"0"
"22685";"84824203";"22685";"71";"1";"1";"7";"6";"0";"1";"1";"1";"0"
"22686";"84824203";"22686";"13";"3";"1";"7";"6";"0";"1";"1";"1";"0"
"22687";"84824203";"22687";"13";"3";"2";"1";"6";"0";"1";"1";"1";"0"
"22688";"84824303";"22688";"14";"1";"1";"7";"6";"0";"1";"1";"1";"0"
"22689";"84824303";"22689";"14";"3";"1";"1";"6";"0";"1";"1";"1";"0"
"22690";"84824303";"22690";"14";"1";"1";"7";"7";"0";"1";"1";"1";"0"
"22691";"84824305";"22691";"17";"1";"1";"7";"2";"0";"1";"1";"1";"0"
"22692";"84824308";"22692";"14";"1";"1";"7";"6";"0";"1";"1";"1";"0"
"22693";"84824308";"22693";"14";"1";"1";"7";"6";"0";"1";"1";"1";"0"
"22694";"84824309";"22694";"16";"1";"1";"7";"5";"0";"1";"1";"1";"0"
"22695";"84824309";"22695";"81";"1";"1";"7";"6";"0";"1";"1";"1";"0"
"22696";"84824309";"22696";"51";"1";"3";"1";"6";"0";"1";"1";"1";"0"
"22697";"84824403";"22697";"72";"1";"1";"7";"6";"1";"0";"1";"2";"0"
"22698";"84824503";"22698";"21";"1";"1";"7";"6";"0";"2";"2";"1";"0"
"22699";"84825107";"22699";"19";"1";"1";"7";"4";"0";"1";"1";"1";"0"
"22700";"84825107";"22700";"51";"1";"1";"7";"6";"0";"2";"2";"1";"0"
"22701";"84825208";"22701";"71";"1";"1";"7";"6";"0";"1";"1";"1";"0"
"22702";"84825209";"22702";"52";"1";"1";"2";"0";"1";"0";"0";"2";"0"
"22703";"84825215";"22703";"14";"3";"1";"7";"6";"1";"0";"1";"2";"0"
"22704";"84825215";"22704";"72";"1";"1";"7";"6";"0";"1";"1";"1";"0"
"22705";"84825301";"22705";"52";"2";"1";"7";"2";"0";"1";"1";"1";"0"
"22706";"84825304";"22706";"16";"2";"1";"7";"6";"0";"1";"2";"1";"0"
"22707";"84825307";"22707";"72";"1";"1";"7";"6";"1";"0";"1";"2";"0"
"22708";"84825308";"22708";"62";"1";"1";"7";"2";"0";"1";"1";"1";"0"
"22709";"84825402";"22709";"17";"2";"1";"7";"1";"0";"1";"1";"1";"0"
"22710";"84825402";"22710";"17";"3";"3";"1";"1";"0";"1";"1";"1";"0"
"22711";"84825402";"22711";"23";"1";"1";"7";"6";"0";"1";"1";"1";"0"
"22712";"84825503";"22712";"14";"1";"1";"7";"6";"1";"0";"0";"2";"0"
"22713";"84825504";"22713";"13";"1";"3";"2";"6";"0";"1";"2";"1";"0"
"22714";"84825504";"22714";"13";"1";"1";"7";"6";"0";"1";"1";"1";"0"
"22715";"84825504";"22715";"13";"1";"1";"7";"6";"0";"1";"2";"1";"0"
"22716";"84825504";"22716";"13";"1";"1";"7";"3";"0";"1";"1";"1";"0"
"22717";"84825504";"22717";"13";"3";"1";"7";"6";"0";"1";"1";"1";"0"
"22718";"84825504";"22718";"13";"1";"3";"1";"6";"0";"1";"1";"1";"0"
"22719";"84825504";"22719";"13";"1";"3";"1";"6";"0";"2";"0";"1";"0"
"22720";"84825504";"22720";"13";"1";"1";"7";"6";"0";"1";"1";"1";"0"
"22721";"84825507";"22721";"13";"3";"1";"7";"5";"0";"2";"1";"1";"0"
"22722";"84825507";"22722";"13";"1";"1";"7";"6";"0";"1";"1";"1";"0"
"22723";"84825507";"22723";"13";"1";"1";"7";"6";"0";"2";"1";"1";"0"
"22724";"84825507";"22724";"81";"2";"1";"1";"6";"0";"3";"1";"1";"0"
"22725";"84826109";"22725";"71";"1";"1";"7";"6";"0";"1";"1";"1";"0"
"22726";"84826109";"22726";"73";"1";"1";"7";"2";"0";"1";"1";"1";"0"
"22727";"84826109";"22727";"17";"1";"1";"7";"1";"0";"1";"1";"1";"0"
"22728";"84826112";"22728";"71";"1";"1";"7";"6";"0";"1";"1";"1";"0"
"22729";"84826205";"22729";"14";"3";"1";"7";"6";"0";"1";"1";"1";"0"
"22730";"84826302";"22730";"14";"1";"1";"7";"3";"0";"1";"1";"1";"0"
"22731";"84826501";"22731";"17";"1";"1";"7";"1";"0";"1";"1";"1";"0"
"22732";"84826501";"22732";"14";"1";"1";"7";"6";"0";"1";"1";"1";"0"
"22733";"84826504";"22733";"14";"1";"3";"1";"6";"0";"1";"1";"1";"0"
"22734";"84826504";"22734";"71";"3";"1";"7";"6";"0";"1";"1";"1";"0"
"22735";"84827106";"22735";"16";"1";"1";"7";"4";"0";"1";"1";"1";"0"
"22736";"84827118";"19999";"53";"2";"1";"7";"6";"1";"0";"0";"2";"0"
"22737";"84827202";"22737";"71";"1";"1";"7";"6";"1";"0";"1";"2";"0"
"22738";"84827202";"22738";"71";"1";"1";"7";"6";"0";"1";"1";"1";"0"
"22739";"84827203";"22739";"21";"1";"1";"7";"6";"0";"1";"1";"1";"0"
"22740";"84827203";"22740";"21";"1";"1";"7";"6";"0";"1";"1";"1";"0"
"22741";"84827206";"22741";"72";"1";"1";"7";"6";"0";"2";"1";"1";"0"
"22742";"84827208";"22742";"14";"2";"1";"7";"6";"0";"1";"1";"1";"0"
"22743";"84827217";"22743";"14";"1";"3";"1";"6";"0";"1";"1";"1";"0"
"22744";"84827220";"22744";"18";"1";"1";"7";"6";"0";"1";"1";"1";"0"
"22745";"84827301";"22745";"14";"1";"1";"7";"6";"0";"1";"1";"1";"0"
"22746";"84827305";"22746";"72";"1";"1";"7";"6";"0";"1";"1";"1";"0"
"22747";"84827305";"22747";"21";"1";"1";"7";"6";"0";"1";"1";"1";"0"
"22748";"84827405";"22748";"14";"1";"1";"7";"3";"0";"1";"1";"1";"0"
"22749";"84831203";"22749";"13";"1";"1";"7";"6";"0";"1";"1";"1";"0"
"22750";"84831403";"22750";"14";"1";"1";"7";"6";"0";"1";"1";"1";"0"
"22751";"84831403";"22751";"14";"3";"1";"7";"4";"0";"1";"1";"1";"0"
"22752";"84831405";"22752";"16";"1";"1";"7";"4";"1";"0";"1";"2";"0"
"22753";"84831405";"22753";"11";"1";"1";"7";"6";"0";"1";"1";"1";"0"
"22754";"84831405";"22754";"81";"1";"1";"7";"4";"0";"1";"1";"1";"0"
"22755";"84831405";"22755";"17";"3";"1";"7";"2";"1";"0";"1";"2";"0"
"22756";"84831405";"22756";"51";"3";"1";"7";"6";"0";"1";"1";"1";"0"
"22757";"84831405";"22757";"42";"3";"1";"7";"6";"0";"1";"1";"1";"0"
"22758";"84831405";"22758";"52";"3";"1";"7";"0";"0";"2";"0";"1";"0"
"22759";"84831405";"22759";"42";"1";"1";"7";"4";"0";"1";"1";"1";"0"
"22760";"84831405";"22760";"42";"1";"1";"7";"6";"2";"0";"0";"2";"0"
"22761";"84831405";"22761";"16";"1";"1";"7";"4";"0";"1";"1";"1";"0"
"22762";"84831405";"22762";"81";"3";"1";"7";"6";"0";"2";"0";"1";"0"
"22763";"84831405";"22763";"11";"3";"1";"7";"6";"0";"3";"0";"1";"0"
"22764";"84831405";"22764";"11";"1";"1";"2";"6";"0";"1";"1";"1";"0"
"22765";"84831405";"22765";"11";"2";"1";"7";"6";"0";"1";"1";"1";"0"
"22766";"84831405";"22766";"11";"1";"1";"7";"6";"0";"1";"1";"1";"0"
"22767";"84831405";"22767";"16";"1";"1";"7";"3";"0";"1";"1";"1";"0"
"22768";"84831405";"22768";"11";"3";"1";"7";"2";"1";"0";"1";"2";"0"
"22769";"84831405";"22769";"11";"1";"2";"2";"6";"0";"0";"1";"3";"0"
"22770";"84831405";"22770";"11";"3";"1";"7";"6";"0";"1";"2";"1";"0"
"22771";"84831405";"22771";"11";"1";"1";"7";"6";"1";"0";"1";"2";"0"
"22772";"84831405";"22772";"51";"1";"1";"7";"6";"1";"0";"1";"2";"0"
"22773";"84831407";"22773";"51";"1";"2";"1";"6";"0";"2";"0";"1";"0"
"22774";"84831408";"22774";"16";"1";"1";"7";"4";"0";"1";"1";"1";"0"
"22775";"84831408";"22775";"71";"1";"1";"7";"6";"0";"1";"1";"1";"0"
"22776";"84831412";"22776";"42";"1";"1";"7";"6";"0";"1";"1";"1";"0"
"22777";"84831412";"22777";"19";"1";"3";"2";"6";"0";"1";"1";"1";"0"
"22778";"84832103";"22778";"21";"1";"1";"7";"6";"0";"2";"0";"1";"0"
"22779";"84832103";"22779";"21";"1";"1";"7";"6";"0";"2";"0";"1";"0"
"22780";"84832202";"22780";"16";"1";"1";"7";"6";"0";"1";"1";"1";"0"
"22781";"84832302";"22781";"31";"1";"1";"7";"4";"0";"1";"1";"1";"0"
"22782";"84832302";"22782";"17";"1";"1";"7";"2";"0";"1";"1";"1";"0"
"22783";"84832304";"22783";"21";"1";"1";"7";"7";"0";"2";"1";"1";"0"
"22784";"84832304";"21602";"14";"1";"1";"7";"6";"0";"1";"1";"1";"0"
"22785";"84832304";"22785";"14";"1";"3";"1";"6";"0";"1";"1";"1";"0"
"22786";"84833203";"22786";"13";"3";"1";"7";"6";"0";"1";"1";"1";"0"
"22787";"84833203";"22787";"17";"3";"1";"7";"2";"1";"0";"1";"2";"0"
"22788";"84833203";"22788";"13";"1";"1";"7";"4";"1";"0";"1";"2";"0"
"22789";"84833203";"22789";"13";"1";"1";"7";"4";"0";"1";"1";"1";"0"
"22790";"84833207";"22790";"16";"1";"1";"7";"4";"0";"1";"1";"1";"0"
"22791";"84833405";"22791";"13";"3";"2";"1";"6";"1";"0";"1";"2";"0"
"22792";"84834110";"22792";"72";"1";"1";"7";"5";"0";"2";"0";"1";"0"
"22793";"84834110";"22793";"72";"1";"1";"7";"6";"0";"1";"1";"1";"0"
"22794";"84834150";"22794";"21";"1";"1";"7";"6";"0";"1";"4";"1";"0"
"22795";"84834202";"22795";"51";"1";"3";"2";"6";"0";"1";"2";"1";"0"
"22796";"84834202";"22796";"85";"3";"6";"1";"6";"0";"2";"0";"1";"0"
"22797";"84834202";"18995";"51";"1";"3";"1";"7";"0";"1";"1";"1";"0"
"22798";"84834202";"22798";"16";"1";"2";"1";"4";"0";"1";"1";"1";"0"
"22799";"84834202";"22799";"35";"1";"1";"7";"4";"0";"1";"1";"1";"0"
"22800";"84834202";"22800";"17";"1";"2";"1";"2";"0";"1";"1";"1";"0"
"22801";"84834202";"22801";"81";"1";"1";"1";"6";"0";"1";"0";"1";"0"
"22802";"84834202";"22802";"17";"1";"3";"1";"2";"0";"1";"1";"1";"0"
"22803";"84834204";"22803";"71";"3";"1";"7";"5";"0";"1";"1";"1";"0"
"22804";"84834204";"22804";"14";"3";"1";"7";"6";"0";"1";"1";"1";"0"
"22805";"84834205";"22805";"14";"1";"1";"7";"6";"1";"0";"1";"2";"0"
"22806";"84834209";"22806";"71";"1";"1";"7";"6";"0";"1";"1";"1";"0"
"22807";"84834211";"22807";"16";"3";"1";"7";"4";"0";"2";"1";"1";"0"
"22808";"84834302";"22808";"13";"1";"1";"7";"5";"1";"0";"1";"2";"0"
"22809";"84834401";"22809";"71";"5";"3";"1";"6";"0";"1";"1";"1";"0"
"22810";"84834404";"22810";"31";"1";"1";"7";"6";"0";"1";"1";"1";"0"
"22811";"84835201";"22811";"14";"1";"1";"7";"6";"0";"1";"1";"1";"0"
"22812";"84835201";"22812";"17";"3";"1";"7";"1";"0";"1";"1";"1";"0"
"22813";"84835202";"22813";"16";"1";"1";"7";"4";"0";"1";"1";"1";"0"
"22814";"84835203";"22814";"17";"2";"1";"7";"2";"0";"1";"1";"1";"0"
"22815";"84835203";"22815";"14";"3";"3";"2";"6";"0";"2";"0";"1";"0"
"22816";"84835203";"22816";"71";"1";"1";"7";"6";"1";"0";"1";"2";"0"
"22817";"84835203";"22817";"17";"1";"1";"7";"1";"0";"1";"2";"1";"0"
"22818";"84835203";"22818";"51";"3";"1";"7";"4";"1";"0";"1";"2";"0"
"22819";"84835204";"22819";"21";"1";"1";"7";"6";"0";"1";"2";"1";"0"
"22820";"84835204";"22820";"14";"1";"1";"7";"6";"0";"1";"1";"1";"0"
"22821";"84835205";"22821";"17";"1";"1";"7";"1";"1";"0";"1";"2";"0"
"22822";"84835206";"22822";"14";"1";"1";"7";"6";"0";"1";"1";"1";"0"
"22823";"84835402";"22823";"71";"1";"1";"1";"6";"1";"0";"1";"2";"0"
"22824";"84835403";"22824";"63";"1";"1";"7";"5";"1";"1";"1";"2";"0"
"22825";"84836103";"22825";"16";"1";"1";"7";"4";"0";"1";"1";"1";"0"
"22826";"84836103";"22826";"14";"3";"1";"7";"4";"0";"1";"1";"1";"0"
"22827";"84836103";"22827";"14";"2";"1";"7";"6";"0";"1";"1";"1";"0"
"22828";"84836103";"22828";"14";"1";"1";"7";"6";"0";"2";"1";"1";"0"
"22829";"84836103";"22829";"14";"3";"1";"7";"6";"0";"1";"1";"1";"0"
"22830";"84836106";"22830";"71";"1";"1";"7";"6";"0";"1";"1";"1";"0"
"22831";"84836112";"22831";"16";"1";"1";"7";"6";"1";"0";"1";"2";"0"
"22832";"84836112";"22832";"13";"1";"1";"7";"6";"0";"1";"1";"1";"0"
"22833";"84836112";"22833";"13";"1";"1";"7";"8";"0";"1";"1";"1";"0"
"22834";"84836112";"22834";"13";"1";"1";"7";"6";"0";"1";"1";"1";"0"
"22835";"84836201";"22835";"72";"1";"1";"7";"6";"0";"1";"1";"1";"0"
"22836";"84836202";"22836";"14";"1";"1";"7";"3";"0";"1";"2";"1";"0"
"22837";"84836202";"22837";"14";"3";"1";"7";"6";"0";"1";"0";"1";"0"
"22838";"84836202";"22838";"14";"1";"1";"7";"6";"0";"1";"1";"1";"0"
"22839";"84836202";"22839";"14";"1";"1";"7";"6";"0";"2";"0";"1";"0"
"22840";"84836202";"22840";"14";"1";"1";"7";"6";"0";"1";"1";"1";"0"
"22841";"84836202";"22841";"81";"3";"1";"7";"6";"0";"1";"1";"1";"0"
"22842";"84836202";"22842";"14";"1";"1";"7";"6";"0";"2";"0";"1";"0"
"22843";"84836202";"22843";"14";"1";"1";"7";"6";"0";"1";"1";"1";"0"
"22844";"84836202";"22844";"14";"1";"1";"7";"6";"0";"1";"1";"1";"0"
"22845";"84836202";"22845";"14";"1";"1";"7";"5";"0";"1";"1";"1";"0"
"22846";"84836202";"22846";"81";"3";"3";"1";"8";"1";"0";"1";"2";"0"
"22847";"84836202";"22847";"17";"2";"1";"7";"1";"0";"1";"1";"1";"0"
"22848";"84836202";"22848";"14";"1";"1";"7";"3";"0";"1";"1";"1";"0"
"22849";"84836202";"22849";"14";"3";"1";"7";"6";"0";"1";"1";"1";"0"
"22850";"84836202";"22850";"13";"3";"1";"1";"6";"0";"3";"0";"1";"0"
"22851";"84836204";"22851";"71";"1";"1";"7";"6";"0";"1";"1";"1";"0"
"22852";"84836207";"22852";"14";"1";"1";"1";"6";"0";"1";"1";"1";"0"
"22853";"84836301";"22853";"27";"1";"1";"2";"0";"0";"1";"0";"1";"0"
"22854";"84836301";"22854";"11";"3";"1";"1";"6";"1";"0";"2";"2";"0"
"22855";"84836301";"22855";"51";"3";"1";"1";"6";"0";"1";"1";"1";"0"
"22856";"84836301";"22856";"16";"3";"3";"1";"6";"0";"1";"1";"1";"0"
"22857";"84836301";"22857";"19";"1";"1";"1";"6";"0";"1";"1";"1";"0"
"22858";"84836301";"22858";"51";"1";"1";"1";"4";"1";"1";"1";"2";"0"
"22859";"84836301";"22859";"16";"1";"1";"7";"6";"0";"1";"1";"1";"0"
"22860";"84836301";"22860";"52";"3";"3";"1";"0";"1";"0";"0";"2";"0"
"22861";"84836301";"22861";"16";"1";"1";"7";"5";"0";"0";"1";"3";"0"
"22862";"84836301";"22862";"11";"3";"1";"7";"6";"0";"2";"0";"1";"0"
"22863";"84836303";"22863";"17";"3";"1";"7";"2";"1";"0";"1";"2";"0"
"22864";"84836303";"22864";"31";"1";"1";"7";"6";"0";"1";"1";"1";"0"
"22865";"84836303";"22865";"17";"1";"1";"7";"2";"0";"1";"1";"1";"0"
"22866";"84836303";"22866";"13";"1";"1";"7";"6";"0";"2";"0";"1";"0"
"22867";"84836501";"22867";"63";"3";"3";"2";"4";"0";"1";"1";"1";"0"
"22868";"84836501";"22868";"13";"2";"1";"7";"6";"0";"3";"0";"1";"0"
"22869";"84836503";"22869";"72";"1";"3";"1";"6";"0";"1";"1";"1";"0"
"22870";"84836504";"22870";"16";"1";"1";"7";"4";"0";"1";"1";"1";"0"
"22871";"84836504";"22871";"61";"1";"3";"1";"3";"0";"1";"1";"1";"0"
"22872";"84836504";"22872";"16";"1";"1";"7";"6";"0";"1";"1";"1";"0"
"22873";"84836504";"22873";"31";"1";"1";"7";"6";"0";"1";"1";"1";"0"
"22874";"84836504";"22874";"16";"1";"1";"7";"6";"0";"2";"0";"1";"0"
"22875";"84836505";"22875";"81";"1";"3";"1";"6";"0";"1";"1";"1";"0"
"22876";"84836514";"22876";"81";"3";"1";"7";"0";"1";"0";"0";"2";"0"
"22877";"84837104";"15338";"16";"3";"1";"2";"4";"0";"1";"1";"1";"0"
"22878";"84837104";"22878";"71";"1";"1";"7";"6";"0";"1";"1";"1";"0"
"22879";"84837104";"22879";"16";"1";"1";"7";"4";"0";"1";"1";"1";"0"
"22880";"84837104";"22880";"11";"1";"1";"7";"6";"0";"1";"1";"1";"0"
"22881";"84837104";"22881";"11";"1";"1";"7";"5";"0";"1";"1";"1";"0"
"22882";"84837104";"22882";"81";"2";"6";"1";"6";"0";"1";"1";"1";"0"
"22883";"84837104";"22883";"11";"1";"1";"7";"4";"0";"1";"1";"1";"0"
"22884";"84837104";"22884";"31";"3";"1";"7";"6";"0";"2";"0";"3";"0"
"22885";"84837104";"22885";"17";"1";"1";"7";"2";"0";"1";"1";"1";"0"
"22886";"84837104";"22886";"16";"3";"3";"1";"4";"0";"1";"1";"1";"0"
"22887";"84837104";"22887";"18";"1";"1";"7";"5";"0";"1";"1";"1";"0"
"22888";"84837106";"22888";"19";"3";"1";"1";"3";"0";"1";"1";"1";"0"
"22889";"84837202";"22889";"14";"3";"1";"7";"6";"0";"1";"1";"1";"0"
"22890";"84837202";"22890";"20";"1";"1";"7";"6";"0";"1";"1";"1";"0"
"22891";"84837202";"22891";"17";"1";"1";"1";"2";"0";"1";"1";"1";"0"
"22892";"84837204";"22892";"19";"1";"1";"7";"4";"1";"0";"1";"2";"0"
"22893";"84837204";"22893";"19";"3";"1";"7";"6";"0";"1";"1";"1";"0"
"22894";"84837413";"22894";"17";"1";"1";"7";"2";"0";"1";"1";"1";"0"
"22895";"84837413";"22895";"51";"1";"1";"7";"6";"0";"1";"2";"1";"0"
"22896";"84837413";"22896";"11";"1";"1";"7";"6";"0";"3";"1";"1";"0"
"22897";"84837413";"22897";"16";"1";"1";"1";"4";"0";"1";"1";"1";"0"
"22898";"84837413";"22898";"16";"3";"1";"7";"6";"0";"5";"0";"1";"0"
"22899";"84837413";"22899";"11";"3";"1";"7";"6";"0";"1";"1";"1";"0"
"22900";"84837413";"22900";"19";"1";"1";"7";"7";"0";"1";"1";"1";"0"
"22901";"84837413";"22901";"16";"1";"1";"7";"6";"1";"1";"1";"2";"0"
"22902";"84837413";"22902";"64";"1";"1";"7";"6";"1";"0";"1";"2";"0"
"22903";"84837413";"22903";"11";"1";"1";"7";"6";"0";"2";"0";"1";"0"
"22904";"84837413";"22904";"16";"3";"1";"7";"6";"1";"2";"2";"2";"0"
"22905";"84837501";"22905";"16";"3";"1";"7";"4";"0";"1";"1";"1";"0"
"22906";"84837503";"22906";"14";"1";"1";"7";"6";"0";"3";"1";"1";"0"
"22907";"84837503";"22907";"14";"3";"3";"1";"6";"0";"1";"1";"1";"0"
"22908";"84837503";"22908";"71";"5";"1";"7";"6";"0";"0";"1";"3";"0"
"22909";"84842105";"22909";"11";"1";"1";"7";"6";"1";"0";"1";"2";"0"
"22910";"84842105";"22910";"81";"3";"1";"7";"4";"0";"1";"1";"1";"0"
"22911";"84842105";"22911";"42";"1";"1";"7";"6";"0";"1";"3";"1";"0"
"22912";"84842105";"22912";"17";"1";"1";"7";"2";"0";"1";"1";"1";"0"
"22913";"84842105";"22913";"51";"3";"1";"7";"6";"0";"1";"1";"1";"0"
"22914";"84842105";"22914";"81";"1";"2";"1";"6";"0";"3";"0";"1";"0"
"22915";"84842105";"22915";"11";"1";"1";"7";"6";"0";"1";"1";"1";"0"
"22916";"84842105";"22916";"11";"3";"1";"7";"6";"0";"3";"0";"1";"0"
"22917";"84842106";"22917";"43";"1";"1";"7";"6";"0";"1";"1";"1";"0"
"22918";"84842106";"15330";"43";"1";"1";"7";"4";"0";"1";"1";"1";"0"
"22919";"84842110";"22919";"13";"1";"1";"1";"4";"0";"1";"1";"1";"0"
"22920";"84842204";"22920";"43";"3";"1";"1";"6";"0";"1";"1";"1";"0"
"22921";"84842204";"22921";"42";"1";"1";"7";"6";"0";"2";"0";"1";"0"
"22922";"84842302";"22922";"21";"1";"1";"7";"4";"0";"1";"1";"1";"0"
"22923";"84842302";"22923";"99";"1";"1";"1";"6";"0";"2";"1";"1";"0"
"22924";"84842403";"22924";"14";"1";"1";"7";"6";"0";"2";"0";"1";"0"
"22925";"84842403";"22925";"14";"1";"1";"7";"6";"0";"1";"2";"1";"0"
"22926";"84842404";"22926";"71";"1";"1";"7";"6";"0";"1";"1";"1";"0"
"22927";"84844102";"22927";"17";"1";"1";"7";"1";"1";"0";"1";"2";"0"
"22928";"84844203";"22928";"14";"1";"1";"7";"6";"0";"1";"1";"1";"0"
"22929";"84844402";"22929";"16";"3";"1";"7";"4";"1";"0";"1";"2";"0"
"22930";"84844503";"22930";"14";"1";"1";"7";"6";"0";"1";"1";"1";"0"
"22931";"84846101";"22931";"13";"1";"1";"7";"6";"0";"3";"0";"1";"0"
"22932";"84846101";"22932";"17";"1";"1";"7";"2";"0";"1";"1";"1";"0"
"22933";"84846101";"22933";"13";"1";"1";"7";"6";"0";"3";"0";"1";"0"
"22934";"84846102";"22934";"17";"1";"1";"7";"2";"1";"0";"1";"2";"0"
"22935";"84846201";"22935";"18";"1";"3";"2";"6";"0";"1";"1";"1";"0"
"22936";"84846203";"22936";"14";"1";"1";"7";"6";"0";"1";"1";"1";"0"
"22937";"84846405";"22937";"13";"1";"1";"7";"5";"0";"1";"1";"1";"0"
"22938";"84846501";"22938";"11";"1";"1";"7";"6";"0";"1";"1";"1";"0"
"22939";"84846501";"6853";"42";"1";"1";"7";"4";"0";"1";"1";"1";"0"
"22940";"84846501";"22940";"43";"2";"1";"7";"6";"0";"2";"0";"1";"0"
"22941";"84846501";"22941";"11";"1";"1";"7";"6";"0";"3";"0";"1";"0"
"22942";"84846501";"22942";"11";"3";"1";"7";"6";"0";"2";"1";"1";"0"
"22943";"84846501";"22943";"36";"1";"1";"7";"3";"1";"0";"1";"2";"0"
"22944";"84846501";"22944";"16";"3";"1";"7";"6";"0";"2";"0";"1";"0"
"22945";"84846501";"22945";"15";"1";"1";"7";"6";"0";"1";"1";"1";"0"
"22946";"84846501";"22946";"19";"3";"1";"7";"6";"1";"2";"0";"2";"0"
"22947";"84846501";"22947";"11";"1";"1";"7";"6";"0";"2";"0";"1";"0"
"22948";"84846501";"22948";"11";"1";"1";"7";"6";"0";"3";"2";"1";"0"
"22949";"84846501";"22949";"11";"3";"6";"7";"6";"0";"1";"1";"1";"0"
"22950";"84846501";"22950";"11";"3";"1";"7";"6";"1";"0";"1";"2";"0"
"22951";"84846501";"22951";"11";"1";"3";"1";"6";"1";"0";"1";"2";"0"
"22952";"84846501";"22952";"11";"3";"3";"1";"6";"0";"2";"0";"1";"0"
"22953";"84846501";"22953";"11";"1";"2";"1";"6";"0";"1";"1";"1";"0"
"22954";"84846501";"22954";"42";"3";"2";"1";"6";"0";"3";"0";"1";"0"
"22955";"84846501";"22955";"16";"3";"1";"7";"6";"0";"4";"0";"1";"0"
"22956";"84846502";"22956";"12";"1";"3";"2";"5";"1";"0";"1";"2";"0"
"22957";"84846502";"22957";"17";"1";"1";"7";"2";"1";"0";"1";"2";"0"
"22958";"84846502";"11925";"43";"3";"1";"7";"6";"0";"1";"1";"1";"0"
"22959";"84846502";"22959";"43";"1";"1";"7";"4";"0";"1";"1";"1";"0"
"22960";"84846502";"22960";"71";"1";"1";"7";"6";"0";"1";"1";"1";"0"
"22961";"84846503";"22961";"42";"1";"1";"7";"6";"0";"3";"0";"1";"0"
"22962";"84846503";"22962";"42";"1";"1";"7";"6";"0";"1";"1";"1";"0"
"22963";"84846503";"22963";"43";"3";"3";"1";"6";"0";"1";"1";"1";"0"
"22964";"84847123";"22964";"52";"3";"1";"7";"6";"0";"1";"1";"1";"0"
"22965";"84847123";"22965";"13";"2";"1";"7";"6";"1";"0";"1";"2";"0"
"22966";"84847123";"22966";"81";"3";"1";"7";"8";"0";"1";"2";"1";"0"
"22967";"84847123";"22967";"85";"3";"1";"7";"6";"0";"1";"1";"1";"0"
"22968";"84847205";"22968";"13";"1";"1";"7";"5";"0";"1";"1";"1";"0"
"22969";"84847316";"22969";"21";"1";"1";"7";"4";"1";"0";"1";"2";"0"
"22970";"84847323";"22970";"16";"1";"1";"7";"6";"0";"1";"1";"1";"0"
"22971";"84847323";"22971";"16";"3";"1";"7";"4";"0";"1";"1";"1";"0"
"22972";"84847324";"22972";"72";"1";"1";"7";"6";"0";"1";"1";"1";"0"
"22973";"84847324";"22973";"16";"3";"1";"7";"4";"1";"0";"1";"2";"0"
"22974";"84847324";"19114";"16";"3";"2";"2";"4";"0";"1";"1";"1";"0"
"22975";"84847324";"22975";"16";"3";"1";"7";"4";"0";"2";"1";"1";"0"
"22976";"84847324";"22970";"16";"1";"1";"7";"6";"0";"1";"1";"1";"0"
"22977";"84847402";"22977";"41";"1";"1";"7";"6";"0";"2";"1";"1";"0"
"22978";"84847402";"2229";"51";"1";"1";"7";"6";"1";"0";"1";"2";"0"
"22979";"84847508";"22979";"12";"1";"1";"7";"6";"0";"1";"1";"1";"0"
"22980";"84851303";"22980";"71";"1";"1";"7";"6";"0";"1";"1";"1";"0"
"22981";"84851311";"22981";"14";"1";"1";"7";"6";"0";"1";"1";"1";"0"
"22982";"84851401";"22982";"16";"1";"1";"7";"3";"0";"1";"1";"1";"0"
"22983";"84851401";"22983";"16";"1";"1";"7";"6";"1";"0";"1";"2";"0"
"22984";"84851401";"22984";"16";"1";"1";"7";"4";"0";"1";"1";"1";"0"
"22985";"84851401";"22985";"51";"1";"1";"7";"6";"0";"1";"0";"1";"0"
"22986";"84851401";"22986";"41";"1";"1";"7";"4";"0";"1";"1";"1";"0"
"22987";"84851401";"22987";"71";"3";"1";"7";"6";"0";"1";"1";"1";"0"
"22988";"84851401";"22988";"16";"3";"3";"1";"6";"0";"2";"0";"1";"0"