"accident_id";"lieu_id";"date_id";"cause_id";"lum_id";"intemp_id";"etat_surface_id";"impliq_id";"nb_blesses_graves";"nb_blesses_legers";"nb_indemnes";"gravite";"nb_morts"
"22989";"84851401";"22989";"31";"1";"1";"1";"6";"0";"1";"0";"1";"0"
"22990";"84851404";"22990";"71";"1";"3";"2";"6";"0";"1";"1";"1";"0"
"22991";"84851404";"22991";"16";"3";"1";"7";"4";"0";"1";"1";"1";"0"
"22992";"84851404";"22992";"23";"1";"1";"7";"6";"0";"1";"5";"1";"0"
"22993";"84851404";"22993";"71";"1";"1";"7";"6";"0";"1";"1";"1";"0"
"22994";"84851404";"22994";"16";"1";"1";"1";"6";"0";"1";"1";"1";"0"
"22995";"84851407";"22995";"16";"3";"1";"7";"4";"0";"1";"1";"1";"0"
"22996";"84851409";"22996";"19";"3";"1";"7";"4";"0";"1";"2";"1";"0"
"22997";"84851409";"22997";"19";"1";"1";"7";"6";"0";"1";"1";"1";"0"
"22998";"84851409";"22998";"51";"1";"3";"1";"6";"0";"1";"1";"1";"0"
"22999";"84851501";"22999";"71";"1";"1";"7";"6";"0";"1";"1";"1";"0"
"23000";"84851502";"23000";"52";"3";"1";"7";"0";"1";"0";"0";"2";"0"
"23001";"84851502";"23001";"51";"2";"1";"7";"3";"0";"1";"1";"1";"0"
"23002";"84851502";"23002";"35";"1";"1";"7";"3";"0";"1";"1";"1";"0"
"23003";"84852406";"23003";"16";"1";"1";"7";"4";"0";"1";"1";"1";"0"
"23004";"84852406";"23004";"72";"4";"3";"2";"6";"1";"0";"1";"2";"0"
"23005";"84852406";"23005";"51";"1";"1";"7";"6";"0";"1";"1";"1";"0"
"23006";"84852409";"23006";"53";"1";"1";"7";"2";"0";"1";"1";"1";"0"
"23007";"84852409";"23007";"16";"1";"1";"2";"4";"1";"0";"1";"2";"0"
"23008";"84852409";"23008";"11";"3";"1";"7";"6";"0";"1";"1";"1";"0"
"23009";"84852409";"23009";"81";"3";"6";"1";"0";"0";"1";"0";"1";"0"
"23010";"84852409";"23010";"61";"1";"1";"7";"4";"0";"1";"1";"1";"0"
"23011";"84852409";"23011";"11";"1";"1";"7";"6";"0";"1";"1";"1";"0"
"23012";"84852409";"23012";"51";"1";"1";"7";"6";"0";"1";"2";"1";"0"
"23013";"84852504";"23013";"71";"1";"1";"7";"6";"0";"1";"1";"1";"0"
"23014";"84853502";"23014";"19";"1";"3";"1";"6";"0";"1";"1";"1";"0"
"23015";"84853502";"23015";"19";"1";"1";"7";"4";"0";"1";"1";"1";"0"
"23016";"84853502";"23016";"19";"1";"1";"7";"6";"0";"2";"0";"1";"0"
"23017";"84853502";"23017";"19";"1";"1";"7";"6";"0";"1";"1";"1";"0"
"23018";"84853502";"23018";"19";"1";"1";"7";"6";"0";"2";"1";"1";"0"
"23019";"84853502";"23019";"19";"1";"1";"7";"6";"0";"1";"1";"1";"0"
"23020";"84853502";"23020";"19";"1";"1";"7";"4";"0";"2";"0";"1";"0"
"23021";"84853502";"23021";"19";"1";"1";"7";"6";"0";"1";"0";"1";"0"
"23022";"84853502";"23022";"19";"1";"1";"2";"4";"0";"1";"1";"1";"0"
"23023";"84853502";"23023";"23";"1";"1";"7";"4";"0";"1";"1";"1";"0"
"23024";"84853502";"23024";"19";"1";"1";"7";"6";"1";"0";"1";"2";"0"
"23025";"84853502";"23025";"17";"1";"1";"7";"2";"0";"1";"1";"1";"0"
"23026";"84853502";"23026";"19";"1";"1";"7";"6";"0";"1";"2";"1";"0"
"23027";"84853502";"23027";"19";"1";"1";"7";"6";"0";"1";"1";"1";"0"
"23028";"84853502";"23028";"81";"1";"1";"7";"6";"0";"1";"1";"1";"0"
"23029";"84853502";"23029";"19";"1";"3";"1";"8";"0";"1";"1";"1";"0"
"23030";"84853502";"23030";"11";"3";"2";"1";"6";"0";"1";"1";"1";"0"
"23031";"84853503";"23031";"16";"1";"1";"1";"6";"0";"1";"1";"1";"0"
"23032";"84854106";"23032";"13";"1";"1";"7";"4";"0";"1";"1";"1";"0"
"23033";"84854106";"23033";"17";"1";"1";"7";"1";"0";"2";"1";"1";"0"
"23034";"84854106";"23034";"81";"1";"1";"7";"6";"0";"1";"2";"1";"0"
"23035";"84854203";"23035";"16";"1";"1";"2";"4";"0";"1";"1";"1";"0"
"23036";"84854402";"23036";"21";"1";"1";"7";"6";"0";"1";"1";"1";"0"
"23037";"84854402";"23037";"14";"1";"1";"1";"6";"0";"1";"1";"1";"0"
"23038";"84854402";"23038";"14";"1";"1";"7";"6";"0";"2";"1";"1";"0"
"23039";"84854402";"23039";"17";"1";"1";"1";"2";"0";"1";"1";"1";"0"
"23040";"84854402";"23040";"71";"3";"3";"1";"6";"0";"1";"1";"1";"0"
"23041";"84854403";"23041";"16";"2";"3";"2";"6";"0";"1";"1";"1";"0"
"23042";"84854403";"23042";"19";"3";"1";"1";"6";"0";"3";"0";"1";"0"
"23043";"84854403";"23043";"17";"3";"1";"1";"2";"0";"1";"1";"1";"0"
"23044";"84854403";"23044";"17";"1";"1";"7";"1";"0";"0";"1";"3";"0"
"23045";"84854403";"23045";"16";"3";"1";"7";"4";"1";"0";"1";"2";"0"
"23046";"84854405";"23046";"19";"1";"1";"7";"6";"0";"3";"0";"1";"0"
"23047";"84854405";"23047";"14";"1";"1";"7";"3";"0";"1";"1";"1";"0"
"23048";"84854405";"23048";"19";"1";"1";"7";"6";"0";"1";"1";"1";"0"
"23049";"84854405";"23049";"13";"1";"1";"2";"4";"0";"1";"1";"1";"0"
"23050";"84854405";"23050";"71";"1";"1";"7";"4";"1";"0";"1";"2";"0"
"23051";"84854405";"23051";"19";"1";"1";"7";"4";"1";"0";"1";"2";"0"
"23052";"84854405";"23052";"19";"1";"1";"1";"6";"0";"1";"1";"1";"0"
"23053";"84854405";"23053";"19";"1";"1";"7";"6";"0";"1";"1";"1";"0"
"23054";"84854405";"23054";"17";"3";"1";"7";"2";"0";"1";"1";"1";"0"
"23055";"84854501";"23055";"19";"1";"1";"1";"4";"0";"1";"1";"1";"0"
"23056";"84854505";"23056";"14";"1";"3";"1";"4";"0";"1";"1";"1";"0"
"23057";"84854505";"23057";"14";"1";"1";"7";"6";"0";"1";"1";"1";"0"
"23058";"84855105";"23058";"21";"1";"1";"1";"6";"0";"4";"0";"1";"0"
"23059";"84855107";"23059";"14";"3";"3";"1";"6";"0";"1";"1";"1";"0"
"23060";"84855107";"23060";"14";"3";"3";"2";"6";"0";"2";"0";"1";"0"
"23061";"84855201";"5020";"71";"1";"2";"1";"6";"0";"1";"1";"1";"0"
"23062";"84855302";"6458";"14";"1";"1";"7";"4";"0";"1";"1";"1";"0"
"23063";"84855401";"23063";"17";"3";"1";"7";"2";"1";"0";"1";"2";"0"
"23064";"84855401";"23064";"14";"3";"1";"7";"6";"0";"1";"1";"1";"0"
"23065";"84855401";"23065";"71";"1";"2";"1";"6";"0";"2";"1";"1";"0"
"23066";"84855401";"23066";"81";"3";"1";"7";"4";"0";"1";"1";"1";"0"
"23067";"84855401";"23067";"14";"1";"1";"7";"6";"0";"1";"3";"1";"0"
"23068";"84855403";"23068";"14";"1";"1";"7";"6";"0";"2";"1";"1";"0"
"23069";"84855403";"23069";"67";"3";"1";"7";"5";"0";"1";"1";"1";"0"
"23070";"84855403";"23070";"17";"2";"1";"7";"2";"1";"1";"1";"2";"0"
"23071";"84855403";"23071";"17";"2";"1";"7";"2";"0";"1";"1";"1";"0"
"23072";"84856205";"23072";"23";"1";"1";"7";"5";"0";"0";"1";"3";"0"
"23073";"84856205";"23073";"14";"1";"1";"7";"6";"0";"1";"1";"1";"0"
"23074";"84856303";"23074";"99";"1";"1";"7";"3";"0";"0";"1";"3";"0"
"23075";"84856303";"23075";"14";"3";"1";"7";"6";"0";"1";"1";"1";"0"
"23076";"84856303";"23076";"14";"3";"1";"7";"6";"0";"1";"1";"1";"0"
"23077";"84856303";"23077";"16";"1";"1";"7";"6";"0";"1";"1";"1";"0"
"23078";"84856303";"23078";"14";"4";"1";"7";"6";"0";"1";"1";"1";"0"
"23079";"84856303";"23079";"16";"1";"3";"2";"3";"0";"1";"1";"1";"0"
"23080";"84856303";"23080";"86";"1";"1";"7";"6";"0";"1";"1";"1";"0"
"23081";"84856401";"23081";"42";"2";"1";"7";"6";"0";"0";"1";"3";"0"
"23082";"84856404";"23082";"17";"1";"1";"7";"2";"1";"0";"1";"2";"0"
"23083";"84856405";"23083";"22";"1";"1";"7";"3";"0";"1";"1";"1";"0"
"23084";"84856406";"23084";"81";"1";"3";"1";"6";"0";"1";"1";"1";"0"
"23085";"84856501";"23085";"32";"1";"1";"7";"6";"0";"1";"1";"1";"0"
"23086";"84856501";"23086";"17";"1";"1";"7";"1";"0";"1";"1";"1";"0"
"23087";"84856501";"23087";"17";"1";"1";"7";"2";"0";"1";"1";"1";"0"
"23088";"84856501";"23088";"23";"1";"1";"7";"6";"0";"1";"1";"1";"0"
"23089";"84856501";"23089";"64";"1";"1";"7";"6";"0";"1";"1";"1";"0"
"23090";"84856502";"23090";"72";"1";"1";"7";"3";"0";"2";"0";"1";"0"
"23091";"84857205";"23091";"11";"1";"1";"7";"6";"0";"1";"1";"1";"0"
"23092";"84857205";"23092";"71";"1";"1";"7";"6";"0";"2";"0";"1";"0"
"23093";"84857209";"23093";"11";"3";"2";"2";"6";"0";"1";"1";"1";"0"
"23094";"84857209";"23094";"35";"1";"1";"7";"4";"0";"1";"1";"1";"0"
"23095";"84857209";"23095";"11";"1";"1";"7";"6";"0";"1";"1";"1";"0"
"23096";"84857209";"23096";"11";"1";"1";"7";"6";"0";"1";"1";"1";"0"
"23097";"84857209";"23097";"11";"2";"1";"7";"6";"0";"3";"0";"1";"0"
"23098";"84857209";"16423";"71";"1";"1";"7";"6";"0";"0";"1";"3";"0"
"23099";"84857209";"23099";"32";"1";"1";"1";"7";"0";"1";"1";"1";"0"
"23100";"84857209";"23100";"16";"1";"1";"7";"9";"0";"1";"1";"1";"0"
"23101";"84857209";"23101";"11";"1";"1";"7";"6";"0";"1";"1";"1";"0"
"23102";"84857209";"23102";"11";"3";"7";"6";"6";"0";"1";"3";"1";"0"
"23103";"84857209";"23103";"71";"1";"1";"7";"2";"1";"0";"1";"2";"0"
"23104";"84857209";"23104";"16";"1";"1";"7";"6";"0";"1";"0";"1";"0"
"23105";"84857209";"23105";"16";"1";"1";"7";"6";"1";"1";"0";"2";"0"
"23106";"84857209";"23106";"16";"1";"1";"7";"6";"0";"1";"1";"1";"0"
"23107";"84857209";"23107";"52";"1";"2";"1";"6";"0";"1";"2";"1";"0"
"23108";"84857303";"23108";"13";"1";"1";"7";"6";"0";"1";"1";"1";"0"
"23109";"84857303";"23109";"31";"1";"1";"7";"6";"0";"1";"2";"1";"0"
"23110";"84857404";"23110";"11";"4";"1";"7";"6";"0";"2";"0";"1";"0"
"23111";"84857404";"23111";"17";"1";"3";"2";"2";"1";"0";"1";"2";"0"
"23112";"84857404";"6726";"14";"3";"1";"7";"8";"1";"0";"1";"2";"0"
"23113";"84857404";"23113";"51";"1";"1";"7";"7";"0";"1";"1";"1";"0"
"23114";"84857404";"23114";"11";"3";"1";"7";"6";"0";"1";"1";"1";"0"
"23115";"84857404";"23115";"11";"1";"1";"7";"6";"0";"1";"1";"1";"0"
"23116";"84857404";"23116";"11";"3";"1";"7";"6";"0";"3";"0";"1";"0"
"23117";"84857404";"23117";"12";"1";"1";"7";"6";"0";"1";"3";"1";"0"
"23118";"84857404";"23118";"11";"1";"3";"2";"6";"0";"1";"1";"1";"0"
"23119";"84857404";"23119";"51";"1";"1";"7";"6";"0";"1";"1";"1";"0"
"23120";"84857404";"23120";"11";"1";"1";"7";"6";"0";"1";"0";"1";"0"
"23121";"84857404";"23121";"11";"1";"1";"7";"6";"0";"1";"1";"1";"0"
"23122";"84857501";"2080";"11";"3";"1";"7";"6";"0";"1";"1";"1";"0"
"23123";"84857501";"23123";"11";"3";"1";"7";"4";"0";"2";"0";"1";"0"
"23124";"84857501";"23124";"11";"1";"1";"7";"6";"0";"1";"0";"3";"0"
"23125";"84857501";"23125";"51";"1";"1";"7";"6";"0";"1";"1";"1";"0"
"23126";"84857501";"23126";"15";"1";"1";"7";"6";"0";"2";"0";"1";"0"
"23127";"84857501";"23127";"11";"1";"1";"7";"6";"0";"3";"0";"1";"0"
"23128";"84857501";"23128";"17";"3";"1";"7";"2";"0";"1";"1";"1";"0"
"23129";"84857501";"23129";"11";"1";"3";"1";"6";"0";"1";"1";"1";"0"
"23130";"84857501";"23130";"71";"3";"1";"7";"6";"0";"1";"1";"1";"0"
"23131";"84857505";"22052";"19";"1";"3";"2";"4";"1";"0";"1";"2";"0"
"23132";"84857505";"23132";"11";"1";"1";"7";"6";"0";"1";"1";"1";"0"
"23133";"84857507";"23133";"14";"1";"1";"7";"6";"0";"1";"1";"1";"0"
"23134";"84857507";"23134";"17";"1";"1";"7";"4";"0";"1";"1";"1";"0"
"23135";"84857507";"23135";"17";"1";"1";"7";"2";"0";"1";"1";"1";"0"
"23136";"84857507";"23136";"19";"1";"1";"7";"4";"0";"1";"1";"1";"0"
"23137";"84857507";"23137";"51";"1";"1";"7";"6";"0";"1";"1";"1";"0"
"23138";"84857507";"23138";"41";"1";"1";"7";"4";"0";"2";"0";"1";"0"
"23139";"84861104";"3464";"17";"1";"1";"1";"1";"0";"1";"1";"1";"0"
"23140";"84861104";"23140";"52";"1";"3";"1";"0";"0";"1";"0";"1";"0"
"23141";"84861104";"23141";"14";"1";"1";"7";"6";"1";"0";"1";"2";"0"
"23142";"84861203";"23142";"14";"1";"1";"1";"6";"0";"1";"1";"1";"0"
"23143";"84861203";"23143";"81";"3";"1";"1";"6";"1";"0";"2";"2";"0"
"23144";"84861303";"23144";"51";"1";"1";"7";"6";"0";"1";"1";"1";"0"
"23145";"84861303";"23145";"31";"1";"1";"7";"6";"0";"1";"1";"1";"0"
"23146";"84861403";"23146";"14";"3";"3";"1";"6";"0";"3";"0";"1";"0"
"23147";"84861403";"23147";"14";"1";"1";"7";"6";"0";"1";"1";"1";"0"
"23148";"84861405";"23148";"31";"1";"1";"7";"6";"0";"1";"1";"1";"0"
"23149";"84861408";"23149";"23";"1";"3";"1";"5";"0";"1";"1";"1";"0"
"23150";"84861501";"23150";"13";"1";"3";"1";"6";"0";"1";"1";"1";"0"
"23151";"84861501";"23151";"51";"3";"1";"7";"6";"0";"1";"1";"1";"0"
"23152";"84861501";"23152";"17";"1";"1";"7";"2";"1";"0";"1";"2";"0"
"23153";"84861501";"23153";"16";"3";"1";"1";"4";"0";"1";"1";"1";"0"
"23154";"84861501";"23154";"13";"3";"1";"1";"6";"0";"3";"0";"1";"0"
"23155";"84861501";"23155";"71";"1";"1";"7";"6";"1";"0";"1";"2";"0"
"23156";"84861501";"23156";"17";"2";"4";"4";"2";"0";"1";"1";"1";"0"
"23157";"84861501";"23157";"17";"1";"1";"7";"2";"0";"1";"1";"1";"0"
"23158";"84861501";"23158";"17";"1";"3";"1";"2";"1";"0";"1";"2";"0"
"23159";"84861501";"23159";"17";"1";"2";"1";"2";"0";"1";"1";"1";"0"
"23160";"84861501";"23160";"17";"1";"1";"1";"2";"1";"0";"1";"2";"0"
"23161";"84861501";"23161";"13";"3";"1";"7";"4";"0";"1";"1";"1";"0"
"23162";"84861501";"23162";"13";"1";"1";"7";"4";"0";"1";"1";"1";"0"
"23163";"84861501";"23163";"13";"3";"1";"1";"4";"0";"1";"1";"1";"0"
"23164";"84861503";"23164";"81";"3";"1";"7";"5";"1";"0";"1";"2";"0"
"23165";"84861505";"23165";"72";"1";"1";"7";"6";"0";"1";"1";"1";"0"
"23166";"84862101";"23166";"19";"1";"1";"7";"4";"0";"1";"1";"1";"0"
"23167";"84862101";"23167";"19";"3";"1";"7";"4";"1";"0";"1";"2";"0"
"23168";"84862101";"23168";"16";"1";"1";"7";"6";"0";"1";"2";"1";"0"
"23169";"84862101";"2413";"19";"1";"1";"7";"4";"0";"1";"1";"1";"0"
"23170";"84862101";"23170";"14";"1";"1";"7";"4";"0";"1";"1";"1";"0"
"23171";"84862101";"23171";"16";"1";"1";"7";"4";"0";"1";"1";"1";"0"
"23172";"84862101";"23172";"19";"1";"6";"1";"6";"0";"1";"1";"1";"0"
"23173";"84862101";"23173";"51";"1";"1";"7";"6";"0";"1";"1";"1";"0"
"23174";"84862101";"23174";"19";"3";"3";"2";"4";"1";"0";"1";"2";"0"
"23175";"84862101";"23175";"35";"1";"3";"2";"4";"0";"1";"1";"1";"0"
"23176";"84862101";"23176";"19";"1";"1";"7";"4";"0";"1";"1";"1";"0"
"23177";"84862101";"23177";"17";"1";"1";"7";"1";"0";"1";"1";"1";"0"
"23178";"84862101";"13159";"19";"1";"3";"1";"4";"0";"1";"1";"1";"0"
"23179";"84862101";"23179";"19";"1";"1";"7";"6";"0";"1";"1";"1";"0"
"23180";"84862101";"23180";"19";"1";"1";"7";"4";"0";"1";"1";"1";"0"
"23181";"84862101";"23181";"19";"1";"1";"1";"3";"1";"0";"1";"2";"0"
"23182";"84862101";"23182";"19";"1";"3";"1";"4";"0";"1";"2";"1";"0"
"23183";"84862101";"23183";"19";"2";"1";"7";"4";"0";"1";"1";"1";"0"
"23184";"84862101";"23184";"19";"3";"1";"4";"6";"0";"3";"0";"1";"0"
"23185";"84862101";"23185";"19";"1";"1";"7";"4";"0";"1";"1";"1";"0"
"23186";"84862101";"23186";"19";"3";"1";"7";"4";"0";"1";"1";"1";"0"
"23187";"84862102";"11620";"16";"1";"1";"7";"4";"0";"1";"1";"1";"0"
"23188";"84862102";"23188";"19";"3";"1";"1";"4";"1";"0";"1";"2";"0"
"23189";"84862102";"23189";"17";"1";"1";"7";"1";"0";"1";"1";"1";"0"
"23190";"84862103";"23190";"52";"3";"1";"1";"0";"0";"2";"0";"1";"0"
"23191";"84862103";"23191";"72";"1";"1";"7";"6";"0";"1";"1";"1";"0"
"23192";"84862103";"23192";"51";"3";"1";"7";"4";"1";"0";"1";"2";"0"
"23193";"84862206";"23193";"14";"1";"1";"7";"6";"0";"1";"1";"1";"0"
"23194";"84862206";"23194";"14";"1";"1";"7";"4";"1";"0";"1";"2";"0"
"23195";"84862206";"23195";"14";"1";"1";"7";"6";"0";"2";"0";"1";"0"
"23196";"84862206";"13703";"14";"1";"1";"7";"6";"0";"2";"0";"1";"0"
"23197";"84862206";"23197";"19";"3";"1";"7";"6";"0";"3";"0";"1";"0"
"23198";"84862206";"23198";"19";"3";"1";"7";"4";"0";"1";"1";"1";"0"
"23199";"84862206";"23199";"19";"2";"1";"7";"6";"0";"1";"1";"1";"0"
"23200";"84862206";"23200";"17";"3";"2";"1";"1";"1";"0";"1";"2";"0"
"23201";"84862206";"23201";"19";"1";"3";"1";"6";"0";"2";"0";"1";"0"
"23202";"84862403";"23202";"13";"2";"1";"7";"5";"0";"1";"1";"1";"0"
"23203";"84862403";"23203";"17";"1";"1";"7";"2";"1";"0";"1";"2";"0"
"23204";"84862403";"23204";"13";"3";"1";"7";"6";"0";"1";"1";"1";"0"
"23205";"84862405";"23205";"71";"2";"1";"7";"5";"0";"1";"0";"3";"0"
"23206";"84862405";"23206";"17";"1";"1";"2";"2";"0";"1";"1";"1";"0"
"23207";"84862405";"23207";"16";"2";"1";"7";"6";"0";"1";"1";"1";"0"
"23208";"84862405";"23208";"81";"3";"1";"1";"4";"0";"1";"1";"1";"0"
"23209";"84862405";"23209";"16";"2";"1";"7";"6";"0";"1";"1";"1";"0"
"23210";"84862405";"23210";"16";"2";"1";"7";"6";"0";"1";"1";"1";"0"
"23211";"84862405";"23211";"13";"3";"1";"7";"6";"0";"5";"0";"1";"0"
"23212";"84862502";"23212";"21";"1";"1";"7";"6";"0";"1";"1";"1";"0"
"23213";"84863105";"23213";"16";"1";"1";"7";"3";"0";"1";"1";"1";"0"
"23214";"84863203";"23214";"81";"1";"1";"7";"6";"0";"1";"1";"1";"0"
"23215";"84863203";"23215";"19";"1";"1";"7";"4";"0";"1";"1";"1";"0"
"23216";"84863203";"23216";"19";"2";"1";"7";"6";"0";"1";"1";"1";"0"
"23217";"84863206";"21897";"19";"1";"1";"7";"6";"0";"1";"1";"1";"0"
"23218";"84863206";"23218";"17";"1";"3";"2";"1";"0";"1";"1";"1";"0"
"23219";"84863206";"23219";"17";"3";"1";"1";"2";"0";"1";"1";"1";"0"
"23220";"84863206";"23220";"19";"1";"1";"1";"4";"0";"1";"1";"1";"0"
"23221";"84863206";"23221";"71";"1";"1";"7";"6";"0";"1";"1";"1";"0"
"23222";"84863303";"23222";"11";"3";"3";"1";"4";"0";"1";"1";"1";"0"
"23223";"84863303";"23223";"11";"1";"1";"7";"6";"0";"1";"1";"1";"0"
"23224";"84863303";"23224";"11";"1";"1";"7";"6";"0";"1";"1";"1";"0"
"23225";"84863303";"23225";"71";"1";"1";"7";"6";"0";"1";"1";"1";"0"
"23226";"84863303";"23226";"15";"3";"3";"1";"6";"0";"1";"1";"1";"0"
"23227";"84863303";"23227";"15";"3";"1";"7";"6";"0";"1";"1";"1";"0"
"23228";"84863303";"23228";"16";"3";"1";"1";"6";"0";"1";"1";"1";"0"
"23229";"84863303";"23229";"16";"1";"1";"7";"6";"0";"1";"0";"1";"0"
"23230";"84863303";"23230";"16";"1";"1";"7";"4";"0";"1";"1";"1";"0"
"23231";"84863303";"23231";"17";"1";"1";"7";"2";"0";"1";"1";"1";"0"
"23232";"84863303";"23232";"17";"1";"1";"7";"2";"0";"1";"1";"1";"0"
"23233";"84863303";"23233";"51";"1";"1";"7";"6";"0";"1";"1";"1";"0"
"23234";"84863303";"23234";"17";"1";"1";"7";"2";"0";"1";"1";"1";"0"
"23235";"84863303";"23235";"17";"1";"1";"7";"1";"1";"0";"1";"2";"0"
"23236";"84863401";"23236";"16";"1";"1";"7";"4";"1";"0";"1";"2";"0"
"23237";"84863401";"23237";"72";"1";"1";"1";"6";"0";"1";"1";"1";"0"
"23238";"84863401";"23238";"16";"1";"1";"7";"4";"0";"1";"1";"1";"0"
"23239";"84863401";"23239";"16";"1";"1";"7";"4";"0";"1";"1";"1";"0"
"23240";"84863401";"14726";"17";"1";"1";"7";"2";"0";"1";"1";"1";"0"
"23241";"84863402";"23241";"71";"1";"1";"7";"6";"0";"1";"1";"1";"0"
"23242";"84863402";"23242";"13";"2";"1";"2";"6";"0";"1";"1";"1";"0"
"23243";"84863402";"23243";"13";"1";"1";"7";"6";"0";"2";"0";"1";"0"
"23244";"84863402";"23244";"51";"1";"1";"7";"3";"0";"1";"1";"1";"0"
"23245";"84863402";"23245";"81";"1";"1";"7";"6";"1";"0";"1";"2";"0"
"23246";"84863402";"23246";"13";"1";"1";"7";"5";"0";"1";"1";"1";"0"
"23247";"84863402";"23247";"13";"1";"1";"7";"4";"1";"1";"1";"2";"0"
"23248";"84863402";"23248";"16";"1";"1";"7";"6";"0";"1";"1";"1";"0"
"23249";"84863404";"23249";"14";"3";"2";"1";"6";"0";"1";"1";"1";"0"
"23250";"84863506";"23250";"25";"1";"1";"1";"6";"0";"1";"1";"1";"0"
"23251";"84863506";"23251";"81";"3";"1";"7";"4";"1";"0";"1";"2";"0"
"23252";"84864202";"23252";"14";"1";"1";"7";"4";"0";"1";"1";"1";"0"
"23253";"84864202";"23253";"16";"1";"1";"7";"4";"0";"1";"0";"1";"0"
"23254";"84864202";"23254";"41";"1";"1";"7";"6";"1";"0";"1";"2";"0"
"23255";"84864301";"23255";"14";"1";"3";"1";"6";"0";"1";"2";"1";"0"
"23256";"84864301";"23256";"14";"1";"1";"1";"6";"0";"1";"1";"1";"0"
"23257";"84864305";"23257";"16";"1";"1";"1";"7";"0";"1";"1";"1";"0"
"23258";"84864305";"23258";"17";"3";"1";"2";"2";"0";"1";"1";"1";"0"
"23259";"84864305";"23259";"14";"1";"3";"1";"6";"0";"1";"1";"1";"0"
"23260";"84864305";"23260";"14";"3";"1";"1";"6";"0";"2";"0";"1";"0"
"23261";"84864305";"23261";"14";"1";"1";"1";"6";"0";"2";"0";"1";"0"
"23262";"84864305";"23262";"14";"1";"3";"1";"6";"0";"1";"1";"1";"0"
"23263";"84864305";"23263";"14";"3";"3";"1";"6";"0";"1";"1";"1";"0"
"23264";"84864305";"23264";"21";"1";"2";"1";"6";"0";"1";"1";"1";"0"
"23265";"84864305";"23265";"86";"1";"1";"7";"2";"0";"1";"1";"1";"0"
"23266";"84864305";"23266";"19";"3";"3";"1";"6";"0";"4";"0";"1";"0"
"23267";"84864305";"23267";"19";"1";"1";"7";"4";"0";"1";"1";"1";"0"
"23268";"84864502";"23268";"51";"1";"1";"7";"7";"0";"1";"1";"1";"0"
"23269";"84864502";"23269";"13";"1";"1";"2";"4";"0";"1";"1";"1";"0"
"23270";"84864508";"23270";"81";"2";"1";"7";"0";"1";"1";"0";"2";"0"
"23271";"84864510";"23271";"71";"1";"1";"7";"6";"0";"1";"1";"1";"0"
"23272";"84864510";"12960";"13";"1";"1";"7";"4";"0";"1";"1";"1";"0"
"23273";"84864511";"1773";"16";"1";"1";"7";"4";"0";"1";"1";"1";"0"
"23274";"84864511";"23274";"85";"1";"1";"7";"6";"0";"1";"1";"1";"0"
"23275";"84864511";"23275";"16";"1";"3";"1";"6";"0";"1";"1";"1";"0"
"23276";"84864511";"23276";"71";"1";"1";"7";"6";"0";"1";"1";"1";"0"
"23277";"84864512";"23277";"13";"1";"3";"2";"6";"0";"1";"1";"1";"0"
"23278";"84864512";"23278";"13";"1";"1";"7";"4";"0";"1";"1";"1";"0"
"23279";"84864512";"23279";"16";"1";"1";"7";"4";"0";"1";"1";"1";"0"
"23280";"84864512";"23280";"16";"3";"1";"1";"4";"1";"0";"1";"2";"0"
"23281";"84864512";"23281";"71";"1";"3";"1";"6";"1";"0";"1";"2";"0"
"23282";"84864512";"23282";"13";"1";"1";"1";"6";"0";"1";"1";"1";"0"
"23283";"84864512";"23283";"23";"3";"1";"7";"4";"0";"1";"1";"1";"0"
"23284";"84864512";"23284";"13";"3";"3";"1";"4";"0";"1";"0";"1";"0"
"23285";"84864514";"23285";"19";"1";"1";"7";"6";"0";"1";"1";"1";"0"
"23286";"84864514";"23286";"71";"2";"1";"7";"6";"0";"1";"1";"1";"0"
"23287";"84865102";"23287";"71";"1";"1";"7";"6";"0";"1";"1";"1";"0"
"23288";"84865102";"23288";"11";"1";"1";"7";"6";"0";"1";"1";"1";"0"
"23289";"84865102";"23289";"16";"2";"1";"7";"4";"0";"1";"1";"1";"0"
"23290";"84865102";"23290";"16";"1";"1";"7";"4";"0";"1";"0";"1";"0"
"23291";"84865103";"23291";"21";"1";"1";"7";"8";"0";"1";"1";"1";"0"
"23292";"84865103";"23292";"14";"3";"3";"1";"6";"0";"1";"1";"1";"0"
"23293";"84865206";"23293";"11";"1";"1";"7";"2";"0";"2";"0";"1";"0"
"23294";"84865210";"23294";"71";"1";"1";"7";"5";"0";"1";"1";"1";"0"
"23295";"84865210";"23295";"11";"1";"1";"7";"6";"1";"0";"1";"2";"0"
"23296";"84865210";"23296";"52";"3";"3";"1";"2";"0";"1";"1";"1";"0"
"23297";"84865302";"23297";"11";"1";"1";"7";"3";"0";"1";"1";"1";"0"
"23298";"84865302";"14600";"16";"3";"1";"7";"6";"0";"2";"0";"1";"0"