"accident_id";"lieu_id";"date_id";"cause_id";"lum_id";"intemp_id";"etat_surface_id";"impliq_id";"nb_blesses_graves";"nb_blesses_legers";"nb_indemnes";"gravite";"nb_morts"
"23299";"84865302";"2674";"11";"1";"1";"7";"3";"1";"0";"1";"2";"0"
"23300";"84865302";"23300";"16";"1";"1";"7";"3";"0";"1";"1";"1";"0"
"23301";"84865302";"23301";"81";"3";"1";"7";"6";"0";"4";"0";"1";"0"
"23302";"84865302";"23302";"11";"3";"1";"1";"6";"0";"1";"2";"1";"0"
"23303";"84865302";"23303";"19";"3";"3";"1";"6";"0";"6";"0";"1";"0"
"23304";"84865302";"23304";"11";"1";"1";"7";"6";"0";"2";"3";"1";"0"
"23305";"84865304";"23305";"15";"1";"1";"2";"3";"0";"1";"1";"1";"0"
"23306";"84865304";"23306";"81";"3";"6";"4";"6";"0";"1";"1";"1";"0"
"23307";"84865304";"23307";"11";"1";"3";"1";"6";"0";"1";"1";"1";"0"
"23308";"84865304";"23308";"52";"3";"1";"4";"0";"1";"0";"0";"2";"0"
"23309";"84865304";"13626";"51";"2";"3";"1";"6";"0";"1";"3";"1";"0"
"23310";"84866105";"23310";"81";"1";"1";"7";"4";"1";"0";"1";"2";"0"
"23311";"84866203";"23311";"16";"1";"3";"1";"4";"0";"2";"0";"1";"0"
"23312";"84866203";"23312";"14";"1";"1";"7";"6";"0";"1";"1";"1";"0"
"23313";"84866203";"23313";"14";"1";"1";"7";"4";"0";"1";"1";"1";"0"
"23314";"84866203";"23314";"17";"1";"1";"7";"2";"0";"1";"1";"1";"0"
"23315";"84866203";"23315";"17";"2";"1";"7";"2";"1";"0";"1";"2";"0"
"23316";"84866301";"23316";"11";"1";"1";"7";"4";"0";"1";"1";"1";"0"
"23317";"84866301";"23317";"51";"1";"3";"2";"6";"0";"1";"1";"1";"0"
"23318";"84866301";"23318";"71";"1";"1";"1";"6";"0";"1";"1";"1";"0"
"23319";"84866402";"23319";"11";"3";"1";"1";"4";"1";"0";"1";"2";"0"
"23320";"84866402";"23320";"14";"1";"2";"2";"6";"0";"1";"1";"1";"0"
"23321";"84866402";"23321";"71";"1";"1";"5";"6";"0";"1";"1";"1";"0"
"23322";"84866402";"23322";"19";"3";"1";"7";"6";"0";"1";"1";"1";"0"
"23323";"84866402";"23323";"14";"1";"3";"1";"3";"0";"1";"1";"1";"0"
"23324";"84866402";"23324";"11";"3";"1";"7";"6";"0";"1";"1";"1";"0"
"23325";"84866402";"23325";"11";"1";"1";"7";"6";"0";"1";"0";"1";"0"
"23326";"84866402";"23326";"11";"1";"1";"7";"6";"0";"1";"1";"1";"0"
"23327";"84866501";"23327";"11";"1";"1";"7";"6";"0";"1";"1";"1";"0"
"23328";"84866505";"23328";"52";"1";"1";"1";"7";"0";"1";"1";"1";"0"
"23329";"84866506";"23329";"52";"1";"1";"7";"5";"0";"2";"1";"1";"0"
"23330";"84866512";"23330";"72";"1";"1";"1";"6";"0";"1";"1";"1";"0"
"23331";"84867107";"23331";"86";"1";"1";"7";"6";"0";"1";"1";"1";"0"
"23332";"84867107";"23332";"51";"1";"1";"1";"3";"0";"1";"2";"1";"0"
"23333";"84867107";"23333";"17";"1";"1";"7";"1";"0";"1";"1";"1";"0"
"23334";"84867201";"23334";"17";"1";"1";"7";"1";"0";"1";"1";"1";"0"
"23335";"84867206";"23335";"14";"2";"3";"2";"6";"0";"1";"1";"1";"0"
"23336";"84867206";"13261";"14";"1";"1";"7";"4";"0";"1";"1";"1";"0"
"23337";"84867206";"23337";"51";"1";"1";"7";"6";"0";"1";"1";"1";"0"
"23338";"84867206";"23338";"16";"2";"1";"7";"5";"0";"1";"1";"1";"0"
"23339";"84867206";"23339";"16";"3";"1";"7";"3";"1";"0";"1";"2";"0"
"23340";"84867206";"23340";"51";"1";"3";"1";"6";"0";"1";"1";"1";"0"
"23341";"84867206";"23341";"17";"1";"1";"7";"2";"0";"1";"1";"1";"0"
"23342";"84867206";"23342";"51";"1";"1";"7";"6";"0";"1";"0";"1";"0"
"23343";"84867206";"23343";"16";"3";"2";"1";"4";"0";"2";"1";"1";"0"
"23344";"84867305";"23344";"13";"1";"1";"1";"2";"0";"1";"1";"1";"0"
"23345";"84867305";"23345";"16";"1";"1";"7";"6";"0";"1";"1";"1";"0"
"23346";"84867306";"23346";"17";"1";"1";"7";"6";"0";"1";"1";"1";"0"
"23347";"84867306";"23347";"71";"1";"3";"2";"6";"0";"1";"1";"1";"0"
"23348";"84867306";"23348";"17";"1";"1";"7";"2";"0";"2";"0";"1";"0"
"23349";"84867306";"23349";"71";"1";"1";"7";"6";"0";"1";"1";"1";"0"
"23350";"84867306";"23350";"71";"1";"1";"7";"6";"0";"1";"1";"1";"0"
"23351";"84867308";"23351";"81";"3";"1";"7";"6";"0";"2";"0";"1";"0"
"23352";"84867308";"23352";"16";"3";"1";"7";"6";"0";"1";"1";"1";"0"
"23353";"84867308";"23353";"11";"2";"1";"7";"6";"0";"1";"1";"1";"0"
"23354";"84867308";"23354";"17";"1";"3";"1";"2";"1";"0";"1";"2";"0"
"23355";"84867308";"23355";"52";"1";"1";"7";"3";"0";"1";"1";"1";"0"
"23356";"84867318";"23356";"81";"3";"1";"1";"2";"0";"1";"1";"1";"0"
"23357";"84867318";"23357";"16";"3";"1";"7";"3";"0";"1";"1";"1";"0"
"23358";"84867318";"23358";"17";"1";"1";"7";"2";"0";"1";"1";"1";"0"
"23359";"84867318";"16715";"16";"3";"1";"7";"3";"0";"1";"1";"1";"0"
"23360";"84867403";"23360";"51";"1";"1";"7";"6";"0";"1";"1";"1";"0"
"23361";"84867403";"23361";"11";"3";"1";"1";"6";"1";"0";"1";"2";"0"
"23362";"84867403";"23362";"11";"1";"1";"1";"6";"0";"1";"0";"1";"0"
"23363";"84871108";"23363";"81";"3";"1";"7";"5";"1";"0";"1";"2";"0"
"23364";"84871108";"23364";"12";"1";"1";"7";"6";"0";"2";"0";"1";"0"
"23365";"84871108";"23365";"11";"3";"1";"7";"6";"0";"1";"1";"1";"0"
"23366";"84871108";"7805";"11";"1";"1";"7";"6";"0";"1";"1";"1";"0"
"23367";"84871108";"23367";"16";"1";"1";"7";"4";"0";"1";"1";"1";"0"
"23368";"84871108";"23368";"51";"1";"1";"7";"6";"0";"1";"3";"1";"0"
"23369";"84871108";"23369";"16";"1";"1";"1";"6";"0";"1";"1";"1";"0"
"23370";"84871108";"23370";"19";"1";"1";"7";"6";"0";"1";"1";"1";"0"
"23371";"84871108";"8525";"16";"1";"1";"7";"4";"0";"1";"1";"1";"0"
"23372";"84871108";"23372";"11";"1";"1";"7";"6";"0";"2";"1";"1";"0"
"23373";"84871108";"23373";"16";"3";"1";"7";"5";"1";"2";"1";"2";"0"
"23374";"84871108";"23374";"16";"2";"1";"7";"6";"1";"5";"0";"2";"0"
"23375";"84871108";"23375";"16";"1";"1";"7";"6";"0";"2";"0";"1";"0"
"23376";"84871108";"23376";"16";"1";"1";"7";"6";"0";"1";"1";"1";"0"
"23377";"84871108";"23377";"14";"1";"1";"7";"5";"0";"1";"1";"1";"0"
"23378";"84871108";"21125";"11";"1";"3";"2";"6";"0";"2";"0";"1";"0"
"23379";"84871108";"23379";"11";"1";"1";"2";"6";"0";"3";"0";"1";"0"
"23380";"84871108";"23380";"16";"1";"3";"2";"6";"0";"2";"1";"1";"0"
"23381";"84871108";"23381";"16";"1";"1";"1";"4";"0";"1";"1";"1";"0"
"23382";"84871108";"23382";"51";"1";"4";"5";"6";"0";"1";"1";"1";"0"
"23383";"84871108";"23383";"81";"3";"1";"7";"6";"0";"1";"1";"1";"0"
"23384";"84871108";"23384";"52";"3";"1";"7";"0";"0";"2";"0";"1";"0"
"23385";"84871108";"23385";"11";"1";"1";"7";"6";"0";"4";"0";"1";"0"
"23386";"84871108";"23386";"52";"3";"1";"4";"0";"0";"2";"0";"1";"0"
"23387";"84871108";"23387";"18";"1";"1";"7";"3";"0";"1";"1";"1";"0"
"23388";"84871108";"23388";"11";"5";"1";"7";"6";"0";"3";"0";"1";"0"
"23389";"84871108";"23389";"11";"1";"1";"7";"6";"0";"2";"1";"1";"0"
"23390";"84871108";"23390";"11";"3";"1";"7";"6";"0";"1";"1";"1";"0"
"23391";"84871108";"23391";"11";"3";"1";"7";"6";"1";"0";"1";"2";"0"
"23392";"84871108";"23392";"11";"1";"1";"7";"6";"0";"1";"1";"1";"0"
"23393";"84871108";"23393";"71";"1";"1";"1";"6";"0";"1";"1";"1";"0"
"23394";"84871108";"23394";"11";"1";"3";"1";"6";"0";"1";"1";"1";"0"
"23395";"84871306";"23395";"13";"1";"1";"7";"6";"0";"1";"1";"1";"0"
"23396";"84871306";"23396";"13";"1";"1";"7";"6";"0";"2";"0";"1";"0"
"23397";"84871503";"23397";"52";"1";"1";"1";"0";"0";"1";"0";"1";"0"
"23398";"84871503";"23398";"14";"3";"1";"1";"6";"0";"1";"1";"1";"0"
"23399";"84871503";"23399";"51";"1";"1";"7";"6";"0";"2";"2";"1";"0"
"23400";"84871503";"23400";"13";"1";"1";"7";"6";"0";"3";"0";"1";"0"
"23401";"84871505";"23401";"71";"1";"1";"1";"5";"0";"1";"1";"1";"0"
"23402";"84872103";"23402";"16";"1";"1";"7";"3";"0";"1";"1";"1";"0"
"23403";"84872104";"23403";"13";"1";"1";"7";"4";"0";"1";"1";"1";"0"
"23404";"84872104";"23404";"13";"2";"6";"7";"4";"1";"0";"1";"2";"0"
"23405";"84872205";"23405";"18";"1";"1";"7";"6";"0";"2";"1";"1";"0"
"23406";"84872205";"23406";"13";"1";"1";"7";"6";"1";"2";"0";"2";"0"
"23407";"84872205";"23407";"71";"1";"1";"7";"6";"1";"0";"1";"2";"0"
"23408";"84872205";"23408";"23";"1";"1";"7";"5";"1";"0";"1";"2";"0"
"23409";"84872205";"23409";"13";"1";"1";"7";"6";"0";"1";"1";"1";"0"
"23410";"84872205";"23410";"17";"1";"1";"7";"2";"0";"1";"1";"1";"0"
"23411";"84872301";"23411";"13";"1";"1";"7";"6";"0";"2";"1";"1";"0"
"23412";"84872302";"23412";"35";"1";"1";"7";"6";"0";"1";"1";"1";"0"
"23413";"84872402";"20602";"23";"1";"3";"1";"4";"0";"1";"1";"1";"0"
"23414";"84872402";"23414";"14";"1";"1";"7";"6";"0";"3";"1";"1";"0"
"23415";"84872403";"23415";"16";"1";"2";"2";"6";"0";"1";"1";"1";"0"
"23416";"84872403";"23416";"52";"2";"1";"7";"0";"0";"2";"0";"1";"0"
"23417";"84872404";"23417";"31";"1";"1";"7";"6";"0";"1";"1";"1";"0"
"23418";"84872507";"23418";"14";"1";"3";"2";"6";"0";"2";"0";"1";"0"
"23419";"84873102";"23419";"13";"1";"3";"1";"6";"0";"1";"1";"1";"0"
"23420";"84873103";"23420";"17";"4";"1";"7";"2";"0";"1";"1";"1";"0"
"23421";"84873103";"23421";"64";"3";"1";"7";"4";"0";"1";"1";"1";"0"
"23422";"84873103";"23422";"16";"1";"1";"7";"5";"0";"2";"1";"1";"0"
"23423";"84873103";"23423";"17";"1";"1";"7";"1";"1";"0";"1";"2";"0"
"23424";"84873103";"23424";"17";"1";"1";"1";"2";"0";"1";"1";"1";"0"
"23425";"84873103";"23425";"71";"1";"1";"1";"6";"0";"1";"1";"1";"0"
"23426";"84873103";"23426";"16";"1";"1";"7";"6";"0";"3";"0";"1";"0"
"23427";"84873103";"23427";"17";"1";"1";"7";"2";"0";"1";"1";"1";"0"
"23428";"84873107";"23428";"35";"1";"1";"7";"3";"0";"1";"1";"1";"0"
"23429";"84873202";"23429";"21";"2";"1";"1";"6";"0";"3";"0";"1";"0"
"23430";"84873303";"23430";"16";"1";"1";"7";"4";"0";"1";"1";"1";"0"
"23431";"84873303";"23431";"16";"3";"1";"7";"6";"1";"0";"1";"2";"0"
"23432";"84873303";"23432";"11";"3";"1";"1";"6";"0";"3";"1";"1";"0"
"23433";"84873303";"23433";"17";"1";"1";"7";"2";"0";"1";"1";"1";"0"
"23434";"84873303";"23434";"16";"1";"1";"7";"6";"0";"1";"1";"1";"0"
"23435";"84873303";"23435";"81";"5";"1";"7";"6";"0";"1";"1";"1";"0"
"23436";"84873303";"23436";"16";"1";"1";"7";"6";"1";"1";"1";"2";"0"
"23437";"84873303";"23437";"51";"3";"3";"1";"6";"0";"1";"2";"1";"0"
"23438";"84873303";"23438";"15";"1";"1";"7";"6";"1";"0";"1";"2";"0"
"23439";"84873303";"23439";"16";"3";"1";"7";"6";"0";"1";"1";"1";"0"
"23440";"84873303";"3198";"11";"3";"1";"7";"2";"0";"1";"1";"1";"0"
"23441";"84873303";"23441";"16";"1";"1";"7";"6";"0";"2";"0";"1";"0"
"23442";"84873303";"23442";"51";"1";"1";"7";"3";"0";"1";"1";"1";"0"
"23443";"84873303";"23443";"11";"3";"1";"7";"6";"0";"0";"1";"3";"0"
"23444";"84873303";"23444";"51";"3";"3";"2";"6";"0";"1";"1";"1";"0"
"23445";"84873303";"23445";"17";"1";"1";"7";"2";"0";"1";"1";"1";"0"
"23446";"84873303";"23446";"17";"1";"1";"7";"2";"0";"1";"1";"1";"0"
"23447";"84873303";"23447";"11";"1";"1";"7";"6";"0";"1";"1";"1";"0"
"23448";"84873303";"23448";"71";"3";"1";"7";"6";"1";"0";"1";"2";"0"
"23449";"84873303";"23449";"15";"3";"1";"7";"6";"0";"3";"0";"1";"0"
"23450";"84873303";"23450";"11";"3";"1";"7";"6";"0";"1";"1";"1";"0"
"23451";"84873303";"23451";"17";"2";"1";"1";"2";"1";"0";"1";"2";"0"
"23452";"84873303";"23452";"11";"3";"3";"1";"6";"0";"3";"0";"1";"0"
"23453";"84873303";"23453";"11";"1";"1";"7";"6";"0";"2";"1";"1";"0"
"23454";"84873303";"23454";"19";"3";"2";"1";"6";"0";"2";"0";"1";"0"
"23455";"84873303";"23455";"81";"3";"4";"1";"6";"0";"2";"1";"1";"0"
"23456";"84873303";"23456";"12";"1";"1";"7";"6";"0";"6";"0";"1";"0"
"23457";"84873501";"23457";"16";"1";"1";"7";"6";"0";"1";"1";"1";"0"
"23458";"84873504";"10193";"52";"1";"1";"7";"0";"1";"0";"0";"3";"0"
"23459";"84873505";"23459";"14";"1";"3";"2";"3";"1";"0";"1";"2";"0"
"23460";"84874104";"23460";"72";"2";"1";"7";"6";"0";"1";"1";"1";"0"
"23461";"84874104";"23461";"52";"3";"1";"7";"0";"0";"1";"0";"1";"0"
"23462";"84874201";"23462";"71";"1";"1";"7";"8";"0";"1";"1";"1";"0"
"23463";"84874201";"23463";"14";"1";"1";"7";"6";"0";"1";"1";"1";"0"
"23464";"84874307";"23464";"31";"1";"1";"7";"6";"0";"1";"1";"1";"0"
"23465";"84874402";"23465";"19";"1";"1";"7";"7";"2";"3";"1";"2";"0"
"23466";"84874402";"23466";"41";"3";"1";"7";"6";"0";"1";"1";"1";"0"
"23467";"84874402";"13671";"11";"1";"1";"7";"6";"2";"3";"0";"2";"0"
"23468";"84874402";"23468";"18";"1";"1";"7";"4";"0";"1";"1";"1";"0"
"23469";"84874402";"23469";"22";"1";"1";"2";"6";"0";"1";"1";"1";"0"
"23470";"84874402";"23470";"17";"1";"1";"7";"2";"1";"1";"1";"2";"0"
"23471";"84874402";"23471";"11";"3";"3";"2";"6";"1";"6";"0";"2";"0"
"23472";"84874402";"23472";"71";"1";"1";"1";"6";"0";"1";"1";"1";"0"
"23473";"84874402";"23473";"52";"3";"1";"7";"0";"2";"2";"0";"2";"0"
"23474";"84874402";"23474";"11";"1";"1";"1";"2";"0";"1";"1";"1";"0"
"23475";"84874402";"23475";"51";"1";"1";"7";"6";"1";"0";"1";"2";"0"
"23476";"84874402";"23476";"11";"3";"1";"1";"6";"0";"2";"0";"1";"0"
"23477";"84874402";"23477";"35";"3";"1";"7";"4";"0";"1";"1";"1";"0"
"23478";"84874402";"23478";"16";"1";"2";"1";"6";"0";"1";"1";"1";"0"
"23479";"84875101";"23479";"71";"3";"1";"7";"6";"1";"0";"1";"2";"0"
"23480";"84875103";"23480";"17";"1";"1";"7";"1";"0";"1";"1";"1";"0"
"23481";"84875105";"23481";"19";"1";"1";"7";"6";"0";"0";"2";"0";"0"
"23482";"84875105";"23482";"71";"1";"1";"7";"6";"0";"1";"1";"1";"0"
"23483";"84875204";"8598";"17";"1";"2";"2";"1";"0";"1";"1";"1";"0"
"23484";"84875204";"23484";"13";"3";"1";"7";"6";"0";"2";"0";"1";"0"
"23485";"84875204";"23485";"13";"1";"1";"7";"5";"0";"2";"1";"1";"0"
"23486";"84875209";"23486";"17";"1";"1";"7";"1";"1";"1";"1";"2";"0"
"23487";"84875210";"23487";"35";"1";"1";"7";"4";"0";"1";"1";"1";"0"
"23488";"84875210";"23488";"17";"1";"1";"7";"2";"0";"1";"1";"1";"0"
"23489";"84875301";"23489";"14";"1";"1";"7";"6";"0";"1";"1";"1";"0"
"23490";"84875301";"23490";"14";"3";"3";"1";"6";"0";"3";"1";"1";"0"
"23491";"84875301";"23491";"81";"3";"1";"7";"6";"0";"4";"0";"1";"0"
"23492";"84875301";"23492";"71";"1";"1";"1";"6";"0";"1";"1";"1";"0"
"23493";"84875301";"23493";"14";"3";"1";"7";"6";"0";"2";"0";"1";"0"
"23494";"84875302";"23494";"21";"1";"1";"7";"7";"0";"1";"1";"1";"0"
"23495";"84875303";"23495";"51";"1";"1";"7";"6";"0";"1";"1";"1";"0"
"23496";"84875305";"23496";"14";"1";"1";"2";"6";"0";"1";"1";"1";"0"
"23497";"84875403";"23497";"14";"1";"1";"7";"6";"0";"1";"1";"1";"0"
"23498";"84875501";"23498";"11";"3";"2";"2";"6";"1";"0";"1";"2";"0"
"23499";"84875501";"5158";"81";"1";"1";"7";"6";"0";"2";"0";"1";"0"
"23500";"84875501";"23500";"17";"1";"1";"7";"2";"0";"2";"1";"1";"0"
"23501";"84875501";"23501";"17";"1";"1";"7";"2";"0";"1";"1";"1";"0"
"23502";"84875501";"23502";"11";"3";"1";"1";"6";"0";"2";"0";"1";"0"
"23503";"84875501";"23503";"81";"3";"3";"1";"6";"2";"2";"1";"2";"0"
"23504";"84875501";"6501";"22";"1";"1";"1";"3";"1";"0";"1";"2";"0"
"23505";"84875501";"23505";"51";"2";"1";"2";"6";"0";"1";"1";"1";"0"
"23506";"84875501";"23506";"53";"1";"1";"7";"6";"0";"2";"0";"1";"0"
"23507";"84875501";"23507";"51";"1";"1";"7";"3";"0";"1";"1";"1";"0"
"23508";"84875502";"23508";"51";"1";"3";"1";"6";"0";"2";"1";"1";"0"
"23509";"84875502";"23509";"17";"3";"6";"1";"2";"0";"1";"1";"1";"0"
"23510";"84875502";"23510";"16";"3";"3";"1";"5";"1";"0";"1";"2";"0"
"23511";"84875502";"23511";"13";"1";"1";"1";"5";"1";"1";"1";"2";"0"
"23512";"84875502";"23512";"63";"1";"3";"1";"6";"0";"2";"0";"1";"0"
"23513";"84875502";"23513";"16";"1";"1";"7";"4";"0";"1";"1";"1";"0"
"23514";"84875502";"23514";"71";"1";"1";"7";"6";"0";"1";"1";"1";"0"
"23515";"84876101";"23515";"71";"1";"1";"7";"6";"0";"1";"1";"1";"0"
"23516";"84876101";"23516";"72";"1";"3";"1";"6";"0";"1";"0";"1";"0"
"23517";"84876104";"23517";"31";"1";"3";"2";"3";"0";"1";"1";"1";"0"
"23518";"84876107";"23518";"72";"1";"1";"7";"6";"0";"1";"1";"1";"0"
"23519";"84876205";"23519";"72";"3";"1";"7";"6";"0";"1";"1";"1";"0"
"23520";"84876212";"23520";"14";"1";"1";"7";"6";"0";"1";"1";"1";"0"
"23521";"84876506";"23521";"13";"1";"3";"2";"6";"0";"1";"1";"1";"0"
"23522";"84876506";"23522";"13";"1";"1";"1";"5";"1";"0";"1";"2";"0"
"23523";"84876506";"23523";"16";"1";"1";"1";"6";"1";"1";"0";"3";"0"
"23524";"84876506";"23524";"22";"1";"1";"7";"6";"0";"4";"0";"1";"0"
"23525";"84876506";"23525";"31";"1";"1";"7";"7";"0";"1";"1";"1";"0"
"23526";"84876506";"23526";"71";"3";"1";"7";"6";"0";"0";"1";"3";"0"
"23527";"84876506";"23527";"17";"1";"1";"7";"2";"0";"1";"1";"1";"0"
"23528";"84876506";"23528";"16";"3";"3";"1";"6";"0";"1";"1";"1";"0"
"23529";"84876506";"23529";"11";"2";"1";"1";"5";"0";"1";"1";"1";"0"
"23530";"84876506";"23530";"13";"2";"3";"1";"6";"0";"2";"2";"1";"0"
"23531";"84876506";"23531";"51";"1";"1";"7";"6";"0";"1";"1";"1";"0"
"23532";"84876506";"23532";"52";"3";"3";"1";"5";"1";"0";"1";"2";"0"
"23533";"84876506";"23533";"16";"1";"3";"1";"6";"0";"1";"1";"1";"0"
"23534";"84876506";"23534";"16";"3";"1";"7";"6";"0";"1";"1";"1";"0"
"23535";"84876506";"23535";"52";"3";"1";"7";"0";"0";"1";"0";"1";"0"
"23536";"84876506";"23536";"51";"1";"1";"7";"6";"0";"1";"3";"1";"0"
"23537";"84876506";"2428";"52";"1";"1";"1";"0";"0";"2";"0";"1";"0"
"23538";"84876506";"23538";"64";"1";"1";"7";"6";"0";"1";"1";"1";"0"
"23539";"84876507";"23539";"13";"1";"1";"7";"4";"0";"1";"1";"1";"0"
"23540";"84876507";"23540";"13";"1";"1";"7";"6";"0";"1";"2";"1";"0"
"23541";"84876507";"23541";"17";"1";"1";"1";"2";"0";"1";"1";"1";"0"
"23542";"84876507";"23542";"13";"1";"1";"7";"6";"0";"3";"1";"1";"0"
"23543";"84876507";"23543";"13";"1";"1";"7";"4";"0";"1";"1";"1";"0"
"23544";"84876507";"23544";"23";"1";"1";"7";"5";"1";"0";"1";"2";"0"
"23545";"84877103";"23545";"71";"1";"1";"7";"6";"0";"1";"1";"1";"0"
"23546";"84877104";"23546";"14";"1";"3";"1";"6";"0";"1";"1";"1";"0"
"23547";"84877104";"23547";"14";"1";"1";"7";"4";"0";"1";"1";"1";"0"
"23548";"84877104";"23548";"51";"1";"1";"7";"6";"0";"1";"1";"1";"0"
"23549";"84877104";"23549";"14";"3";"1";"1";"6";"0";"1";"0";"1";"0"
"23550";"84877208";"23550";"17";"1";"1";"7";"1";"0";"1";"1";"1";"0"
"23551";"84877208";"23551";"14";"1";"3";"2";"6";"0";"1";"1";"1";"0"
"23552";"84877208";"23552";"14";"3";"3";"2";"6";"0";"1";"1";"1";"0"
"23553";"84877208";"23553";"14";"1";"1";"7";"6";"0";"1";"1";"1";"0"
"23554";"84877208";"23554";"14";"1";"3";"1";"6";"0";"1";"1";"1";"0"
"23555";"84877208";"23555";"14";"1";"1";"7";"6";"0";"2";"0";"1";"0"
"23556";"84877208";"23556";"14";"1";"1";"7";"6";"0";"1";"1";"1";"0"
"23557";"84877208";"23557";"14";"3";"3";"1";"6";"0";"1";"1";"1";"0"
"23558";"84877208";"23558";"14";"1";"1";"7";"6";"0";"1";"1";"1";"0"
"23559";"84877208";"23559";"14";"1";"1";"7";"6";"0";"2";"0";"1";"0"
"23560";"84877212";"23560";"73";"1";"1";"7";"6";"0";"1";"1";"1";"0"
"23561";"84877213";"23561";"17";"1";"1";"7";"2";"0";"1";"1";"1";"0"
"23562";"84877213";"23562";"81";"1";"1";"1";"6";"0";"1";"1";"1";"0"
"23563";"84877213";"23563";"14";"1";"1";"7";"6";"0";"1";"1";"1";"0"
"23564";"84877213";"23564";"64";"1";"1";"1";"6";"0";"2";"0";"1";"0"
"23565";"84877301";"23565";"17";"1";"2";"1";"2";"0";"1";"1";"1";"0"
"23566";"84877304";"23566";"14";"1";"1";"7";"4";"0";"1";"1";"1";"0"
"23567";"84877304";"2035";"25";"1";"1";"7";"6";"0";"1";"1";"1";"0"
"23568";"84877304";"23568";"14";"1";"1";"7";"6";"0";"1";"1";"1";"0"
"23569";"84877304";"23569";"14";"1";"1";"7";"4";"0";"1";"1";"1";"0"
"23570";"84877306";"23570";"14";"1";"1";"7";"6";"0";"1";"1";"1";"0"
"23571";"84877306";"23571";"14";"1";"1";"7";"6";"0";"1";"1";"1";"0"
"23572";"84877401";"23572";"14";"1";"1";"1";"6";"0";"1";"1";"1";"0"
"23573";"84877402";"23573";"14";"1";"1";"7";"6";"0";"2";"2";"1";"0"
"23574";"84877402";"23574";"14";"1";"1";"7";"6";"1";"0";"1";"2";"0"
"23575";"84877402";"23575";"16";"3";"1";"7";"6";"1";"0";"1";"2";"0"
"23576";"84877402";"23576";"14";"1";"1";"7";"6";"1";"4";"0";"2";"0"
"23577";"84877402";"23577";"14";"1";"1";"7";"6";"0";"1";"1";"1";"0"
"23578";"84877402";"23578";"14";"3";"1";"7";"6";"0";"1";"2";"1";"0"
"23579";"84877402";"23579";"72";"1";"1";"7";"6";"1";"0";"1";"2";"0"
"23580";"84877406";"23580";"25";"3";"1";"7";"6";"0";"2";"0";"1";"0"
"23581";"84877406";"23581";"51";"3";"1";"7";"3";"0";"1";"1";"1";"0"
"23582";"84877406";"23582";"16";"1";"1";"7";"6";"0";"1";"1";"1";"0"
"23583";"84877407";"23583";"14";"1";"2";"2";"3";"0";"1";"1";"1";"0"
"23584";"84877506";"23584";"22";"1";"1";"7";"6";"1";"0";"2";"2";"0"
"23585";"84877506";"23585";"16";"1";"1";"7";"4";"0";"1";"1";"1";"0"
"23586";"84877506";"23586";"13";"3";"1";"4";"5";"0";"1";"1";"1";"0"
"23587";"84877506";"23587";"81";"3";"1";"1";"6";"0";"1";"1";"1";"0"
"23588";"84877506";"1931";"13";"1";"1";"7";"4";"0";"1";"1";"1";"0"
"23589";"84877506";"23589";"51";"1";"1";"7";"6";"0";"2";"2";"1";"0"
"23590";"84877506";"9101";"17";"1";"1";"7";"2";"0";"1";"1";"1";"0"
"23591";"84877506";"23591";"17";"5";"3";"1";"2";"0";"0";"1";"3";"0"
"23592";"84877507";"23592";"13";"3";"1";"7";"6";"0";"1";"1";"1";"0"
"23593";"84877507";"23593";"71";"1";"1";"7";"5";"1";"1";"0";"2";"0"
"23594";"84877513";"23594";"52";"3";"1";"7";"0";"2";"0";"0";"2";"0"
"23595";"84877513";"23595";"13";"3";"3";"1";"3";"0";"1";"1";"1";"0"
"23596";"84877513";"23596";"13";"1";"1";"7";"3";"0";"1";"1";"1";"0"
"23597";"84877513";"23597";"13";"1";"1";"7";"4";"1";"0";"1";"2";"0"
"23598";"84877513";"23598";"13";"1";"4";"1";"4";"0";"1";"1";"1";"0"
"23599";"84877513";"23599";"13";"3";"1";"7";"6";"0";"1";"1";"1";"0"
"23600";"84877513";"23600";"13";"2";"1";"1";"3";"0";"1";"1";"1";"0"
"23601";"84877513";"23601";"18";"1";"1";"7";"6";"0";"1";"1";"1";"0"
"23602";"84877513";"23602";"13";"3";"3";"2";"6";"0";"1";"1";"1";"0"
"23603";"84877513";"23603";"72";"1";"1";"7";"7";"0";"0";"1";"3";"0"
"23604";"84882104";"23604";"14";"1";"1";"7";"6";"0";"1";"1";"1";"0"
"23605";"84882104";"23605";"14";"1";"1";"1";"6";"0";"1";"1";"1";"0"
"23606";"84882104";"23606";"85";"3";"1";"7";"6";"0";"1";"1";"1";"0"
"23607";"84882104";"23607";"19";"1";"1";"7";"6";"0";"1";"1";"1";"0"
"23608";"84882104";"23608";"21";"1";"1";"2";"6";"0";"2";"0";"1";"0"
"23609";"84882104";"23609";"19";"1";"1";"7";"6";"0";"3";"1";"1";"0"