"accident_id";"lieu_id";"date_id";"cause_id";"lum_id";"intemp_id";"etat_surface_id";"impliq_id";"nb_blesses_graves";"nb_blesses_legers";"nb_indemnes";"gravite";"nb_morts"
"23920";"85811509";"23920";"16";"1";"1";"7";"4";"0";"1";"1";"1";"0"
"23921";"85811509";"23921";"71";"1";"1";"7";"6";"0";"1";"1";"1";"0"
"23922";"85811509";"23922";"17";"1";"1";"7";"2";"0";"1";"1";"1";"0"
"23923";"85812203";"23923";"17";"3";"1";"7";"2";"0";"1";"1";"1";"0"
"23924";"85812203";"23924";"51";"1";"1";"7";"6";"0";"1";"2";"1";"0"
"23925";"85812203";"23925";"16";"1";"1";"7";"6";"0";"3";"0";"1";"0"
"23926";"85812203";"23926";"16";"3";"1";"7";"6";"0";"4";"3";"1";"0"
"23927";"85812203";"23927";"11";"3";"1";"7";"6";"0";"1";"1";"1";"0"
"23928";"85812203";"23928";"16";"1";"1";"7";"4";"0";"1";"1";"1";"0"
"23929";"85812203";"23929";"16";"3";"1";"7";"6";"0";"1";"2";"1";"0"
"23930";"85812203";"23930";"16";"1";"1";"7";"5";"0";"1";"1";"1";"0"
"23931";"85812203";"23931";"16";"3";"1";"7";"6";"0";"3";"0";"1";"0"
"23932";"85812203";"23932";"11";"1";"1";"7";"6";"0";"1";"1";"1";"0"
"23933";"85812203";"23933";"51";"1";"1";"7";"6";"0";"1";"0";"1";"0"
"23934";"85812203";"23934";"11";"3";"1";"7";"6";"0";"2";"1";"1";"0"
"23935";"85812203";"23935";"11";"5";"1";"7";"6";"2";"0";"1";"2";"0"
"23936";"85812203";"23936";"81";"3";"3";"1";"6";"0";"3";"1";"1";"0"
"23937";"85812203";"23937";"16";"3";"1";"7";"5";"0";"2";"1";"1";"0"
"23938";"85812203";"23938";"11";"1";"3";"1";"6";"0";"1";"1";"1";"0"
"23939";"85812203";"23939";"16";"1";"1";"7";"4";"0";"1";"1";"1";"0"
"23940";"85812203";"23940";"11";"1";"1";"7";"6";"0";"1";"1";"1";"0"
"23941";"85812203";"23941";"11";"3";"1";"7";"6";"0";"1";"1";"1";"0"
"23942";"85812203";"23942";"16";"3";"1";"7";"6";"0";"1";"1";"1";"0"
"23943";"85812203";"23943";"11";"1";"3";"1";"2";"0";"1";"1";"1";"0"
"23944";"85812203";"23944";"16";"3";"1";"7";"5";"0";"1";"1";"1";"0"
"23945";"85812401";"23945";"14";"1";"2";"2";"6";"0";"1";"1";"1";"0"
"23946";"85812401";"23946";"14";"1";"1";"7";"6";"0";"1";"1";"1";"0"
"23947";"85813205";"23947";"31";"1";"1";"7";"3";"0";"1";"2";"1";"0"
"23948";"85813205";"23948";"14";"1";"1";"7";"6";"2";"0";"1";"2";"0"
"23949";"85813205";"23949";"19";"1";"1";"7";"4";"0";"1";"1";"1";"0"
"23950";"85813205";"23950";"14";"1";"1";"7";"3";"1";"0";"1";"2";"0"
"23951";"85813205";"23951";"16";"1";"3";"1";"4";"1";"0";"1";"2";"0"
"23952";"85813205";"23952";"14";"1";"2";"1";"6";"0";"1";"2";"1";"0"
"23953";"85813205";"23953";"71";"3";"1";"7";"6";"0";"1";"1";"1";"0"
"23954";"85813206";"23954";"14";"1";"1";"7";"6";"0";"2";"1";"1";"0"
"23955";"85813206";"23955";"52";"3";"6";"7";"0";"1";"3";"0";"2";"0"
"23956";"85813206";"23956";"52";"1";"1";"7";"0";"0";"1";"0";"1";"0"
"23957";"85813303";"23957";"21";"1";"1";"7";"6";"0";"6";"0";"1";"0"
"23958";"85813303";"23958";"16";"1";"1";"7";"5";"0";"2";"1";"1";"0"
"23959";"85813303";"23959";"52";"3";"1";"7";"0";"1";"0";"0";"2";"0"
"23960";"85813303";"23960";"16";"3";"1";"1";"3";"0";"1";"1";"1";"0"
"23961";"85813303";"23961";"16";"1";"1";"1";"4";"0";"1";"1";"1";"0"
"23962";"85813501";"23962";"11";"1";"1";"7";"6";"0";"1";"1";"1";"0"
"23963";"85813501";"23963";"17";"1";"1";"7";"1";"0";"1";"1";"1";"0"
"23964";"85813501";"23964";"11";"1";"1";"1";"4";"1";"0";"2";"2";"0"
"23965";"85813501";"23965";"11";"1";"1";"7";"6";"0";"2";"2";"1";"0"
"23966";"85813501";"23966";"17";"2";"1";"7";"2";"0";"1";"0";"1";"0"
"23967";"85813501";"23967";"16";"1";"1";"7";"3";"0";"1";"1";"1";"0"
"23968";"85813501";"23968";"16";"1";"3";"1";"6";"0";"2";"0";"1";"0"
"23969";"85813501";"23969";"16";"1";"3";"1";"4";"0";"1";"1";"1";"0"
"23970";"85813501";"23970";"51";"3";"1";"7";"6";"0";"3";"1";"1";"0"
"23971";"85813501";"23971";"51";"1";"1";"7";"6";"0";"1";"1";"1";"0"
"23972";"85814103";"23972";"19";"1";"1";"7";"5";"0";"1";"1";"1";"0"
"23973";"85814103";"23973";"12";"1";"1";"7";"2";"0";"1";"1";"1";"0"
"23974";"85814201";"23974";"16";"1";"1";"7";"4";"0";"1";"1";"1";"0"
"23975";"85814201";"23975";"16";"1";"1";"7";"4";"0";"1";"1";"1";"0"
"23976";"85814201";"23976";"17";"3";"1";"7";"1";"0";"1";"1";"1";"0"
"23977";"85814201";"10840";"11";"1";"1";"7";"4";"0";"1";"1";"1";"0"
"23978";"85814201";"23978";"16";"1";"1";"7";"6";"0";"1";"2";"1";"0"
"23979";"85814201";"23979";"16";"1";"1";"7";"6";"0";"1";"1";"1";"0"
"23980";"85814201";"23980";"51";"1";"1";"7";"6";"0";"1";"1";"1";"0"
"23981";"85814201";"23981";"16";"3";"3";"1";"6";"0";"1";"1";"1";"0"
"23982";"85814201";"23982";"11";"3";"1";"7";"6";"0";"1";"0";"1";"0"
"23983";"85814403";"23983";"64";"1";"1";"7";"4";"0";"2";"0";"1";"0"
"23984";"85814403";"23984";"41";"1";"3";"2";"6";"1";"0";"2";"2";"0"
"23985";"85814403";"23985";"64";"1";"1";"7";"6";"0";"1";"1";"1";"0"
"23986";"85814405";"23986";"11";"3";"1";"7";"6";"0";"2";"1";"1";"0"
"23987";"85814405";"23987";"15";"3";"3";"1";"6";"0";"3";"2";"1";"0"
"23988";"85814405";"23988";"17";"1";"1";"7";"2";"0";"1";"1";"1";"0"
"23989";"85814405";"23989";"11";"3";"1";"7";"2";"1";"0";"1";"2";"0"
"23990";"85814405";"23990";"41";"1";"1";"2";"6";"0";"1";"2";"1";"0"
"23991";"85814405";"23991";"18";"1";"1";"7";"6";"1";"0";"3";"2";"0"
"23992";"85814405";"23992";"17";"1";"1";"7";"4";"0";"1";"1";"1";"0"
"23993";"85814405";"23993";"16";"3";"1";"7";"4";"0";"1";"1";"1";"0"
"23994";"85814405";"23994";"17";"2";"1";"7";"2";"1";"0";"1";"2";"0"
"23995";"85814405";"23995";"16";"1";"1";"7";"6";"0";"1";"0";"1";"0"
"23996";"85814405";"23996";"16";"3";"1";"7";"4";"0";"1";"1";"1";"0"
"23997";"85814405";"23997";"11";"1";"3";"2";"2";"1";"0";"0";"2";"0"
"23998";"85814405";"23998";"11";"2";"1";"7";"4";"0";"1";"1";"1";"0"
"23999";"85814405";"23999";"17";"1";"3";"1";"2";"0";"1";"1";"1";"0"
"24000";"85814405";"24000";"35";"1";"1";"7";"6";"0";"1";"1";"1";"0"
"24001";"85814405";"24001";"11";"1";"1";"7";"6";"0";"1";"1";"1";"0"
"24002";"85814405";"24002";"17";"1";"1";"7";"4";"0";"1";"1";"1";"0"
"24003";"85814405";"24003";"16";"3";"1";"7";"5";"0";"1";"1";"1";"0"
"24004";"85814405";"24004";"17";"1";"1";"7";"2";"1";"0";"1";"2";"0"
"24005";"85814405";"24005";"11";"3";"1";"1";"6";"0";"2";"1";"1";"0"
"24006";"85814405";"24006";"17";"3";"1";"7";"2";"0";"1";"1";"1";"0"
"24007";"85814405";"24007";"51";"1";"1";"7";"6";"0";"1";"3";"1";"0"
"24008";"85814405";"24008";"11";"1";"1";"7";"6";"0";"1";"1";"1";"0"
"24009";"85814405";"24009";"53";"1";"1";"7";"6";"0";"2";"1";"1";"0"
"24010";"85814405";"24010";"11";"3";"1";"7";"2";"0";"0";"1";"3";"0"
"24011";"85814405";"24011";"16";"1";"1";"7";"6";"0";"1";"2";"1";"0"
"24012";"85814405";"24012";"16";"1";"1";"7";"6";"0";"1";"3";"1";"0"
"24013";"85814405";"24013";"71";"1";"1";"7";"9";"0";"1";"1";"1";"0"
"24014";"85814405";"24014";"16";"1";"1";"7";"4";"0";"1";"1";"1";"0"
"24015";"85814405";"24015";"11";"1";"1";"7";"4";"0";"1";"0";"1";"0"
"24016";"85814501";"24016";"18";"1";"1";"7";"4";"0";"1";"1";"1";"0"
"24017";"85814502";"24017";"16";"3";"1";"7";"4";"0";"1";"1";"1";"0"
"24018";"85814502";"24018";"71";"1";"1";"7";"6";"0";"1";"1";"1";"0"
"24019";"85814503";"24019";"14";"3";"1";"7";"6";"0";"1";"1";"1";"0"
"24020";"85814503";"24020";"14";"1";"1";"1";"6";"0";"1";"1";"1";"0"
"24021";"85814503";"24021";"14";"1";"3";"1";"4";"0";"1";"1";"1";"0"
"24022";"85814503";"24022";"17";"2";"1";"7";"2";"0";"1";"1";"1";"0"
"24023";"85814504";"24023";"21";"1";"3";"2";"4";"0";"1";"1";"1";"0"
"24024";"85815302";"22808";"74";"1";"1";"7";"6";"0";"1";"1";"1";"0"
"24025";"85815302";"24025";"19";"1";"1";"7";"6";"0";"1";"1";"1";"0"
"24026";"85815302";"24026";"19";"1";"3";"1";"6";"0";"2";"0";"1";"0"
"24027";"85815302";"24027";"19";"1";"1";"7";"4";"0";"1";"1";"1";"0"
"24028";"85815302";"24028";"51";"3";"3";"1";"0";"0";"1";"0";"1";"0"
"24029";"85815302";"24029";"51";"3";"3";"1";"0";"0";"1";"0";"1";"0"
"24030";"85815302";"24030";"51";"3";"1";"7";"0";"0";"1";"0";"1";"0"
"24031";"85815302";"24031";"19";"1";"1";"7";"6";"0";"1";"2";"1";"0"
"24032";"85815302";"24032";"19";"1";"1";"7";"6";"0";"2";"0";"1";"0"
"24033";"85815302";"24033";"17";"3";"1";"7";"2";"0";"1";"1";"1";"0"
"24034";"85815302";"24034";"19";"1";"1";"1";"4";"0";"1";"3";"1";"0"
"24035";"85815302";"24035";"19";"1";"1";"7";"6";"0";"1";"1";"1";"0"
"24036";"85815302";"24036";"17";"3";"3";"1";"2";"0";"1";"1";"1";"0"
"24037";"85815303";"24037";"16";"3";"1";"7";"6";"0";"1";"1";"1";"0"
"24038";"85815303";"24038";"51";"3";"1";"7";"0";"0";"2";"0";"1";"0"
"24039";"85815303";"24039";"14";"1";"1";"7";"3";"1";"0";"1";"2";"0"
"24040";"85815303";"24040";"51";"1";"1";"7";"6";"0";"1";"0";"1";"0"
"24041";"85815401";"24041";"19";"1";"1";"7";"6";"0";"2";"2";"1";"0"
"24042";"85815401";"24042";"19";"1";"1";"7";"5";"1";"0";"1";"2";"0"
"24043";"85815401";"24043";"19";"1";"1";"7";"5";"0";"1";"1";"1";"0"
"24044";"85815401";"24044";"72";"1";"1";"7";"6";"0";"1";"1";"1";"0"
"24045";"85815401";"24045";"19";"1";"1";"7";"4";"0";"1";"1";"1";"0"
"24046";"85815401";"24046";"19";"1";"1";"1";"6";"0";"1";"0";"1";"0"
"24047";"85815501";"3420";"51";"3";"1";"7";"6";"0";"1";"1";"1";"0"
"24048";"85815501";"24048";"11";"3";"1";"7";"6";"0";"3";"0";"1";"0"
"24049";"85815501";"11314";"17";"1";"1";"7";"2";"0";"1";"1";"1";"0"
"24050";"85815501";"24050";"11";"1";"1";"7";"4";"0";"1";"1";"1";"0"
"24051";"85815501";"24051";"17";"2";"1";"7";"2";"0";"1";"1";"1";"0"
"24052";"85815501";"24052";"75";"1";"1";"7";"6";"0";"1";"1";"1";"0"
"24053";"85815501";"24053";"51";"1";"3";"2";"6";"0";"1";"1";"1";"0"
"24054";"85815501";"24054";"11";"3";"2";"2";"2";"0";"1";"1";"1";"0"
"24055";"85815501";"24055";"16";"1";"1";"7";"5";"0";"1";"1";"1";"0"
"24056";"85815501";"24056";"11";"3";"1";"1";"6";"0";"1";"1";"1";"0"
"24057";"85815501";"24057";"11";"3";"1";"7";"6";"0";"2";"0";"1";"0"
"24058";"85815501";"24058";"51";"1";"1";"7";"6";"0";"1";"1";"1";"0"
"24059";"85815501";"24059";"51";"3";"1";"7";"6";"0";"2";"2";"1";"0"
"24060";"85815501";"24060";"11";"1";"1";"7";"6";"0";"1";"1";"1";"0"
"24061";"85815501";"24061";"11";"1";"1";"7";"6";"0";"1";"1";"1";"0"
"24062";"85815501";"24062";"11";"3";"3";"1";"6";"0";"1";"1";"1";"0"
"24063";"85815502";"24063";"17";"3";"3";"1";"4";"0";"1";"1";"1";"0"
"24064";"85815502";"24064";"18";"1";"1";"7";"6";"0";"2";"1";"1";"0"
"24065";"85815502";"24065";"14";"1";"1";"7";"6";"0";"1";"1";"1";"0"
"24066";"85815502";"24066";"16";"2";"1";"7";"4";"0";"1";"1";"1";"0"
"24067";"85815502";"24067";"16";"1";"1";"7";"4";"0";"1";"1";"1";"0"
"24068";"85815502";"24068";"72";"1";"1";"7";"4";"0";"2";"0";"1";"0"
"24069";"85815502";"24069";"13";"1";"1";"7";"6";"0";"1";"1";"1";"0"
"24070";"85815502";"24070";"21";"3";"1";"7";"4";"0";"1";"1";"1";"0"
"24071";"85815502";"24071";"13";"3";"1";"7";"6";"0";"1";"1";"1";"0"
"24072";"85815502";"24072";"13";"3";"3";"1";"6";"0";"1";"1";"1";"0"
"24073";"85815502";"24073";"12";"1";"1";"7";"9";"0";"1";"1";"1";"0"
"24074";"85815502";"24074";"52";"3";"3";"1";"0";"0";"2";"0";"1";"0"
"24075";"85815502";"24075";"11";"1";"1";"7";"9";"0";"1";"0";"1";"0"
"24076";"85816101";"24076";"16";"1";"1";"7";"6";"0";"1";"1";"1";"0"
"24077";"85816101";"24077";"13";"1";"1";"7";"6";"0";"2";"2";"1";"0"
"24078";"85816101";"24078";"16";"1";"1";"7";"6";"0";"2";"0";"1";"0"
"24079";"85816101";"24079";"13";"3";"1";"7";"6";"0";"3";"1";"1";"0"
"24080";"85816101";"24080";"13";"3";"1";"7";"4";"0";"1";"1";"1";"0"
"24081";"85816101";"24081";"13";"1";"1";"7";"6";"0";"1";"1";"1";"0"
"24082";"85816101";"24082";"51";"2";"2";"1";"7";"1";"0";"1";"2";"0"
"24083";"85816101";"24083";"16";"3";"1";"7";"6";"0";"1";"1";"1";"0"
"24084";"85816101";"24084";"35";"1";"1";"7";"4";"0";"1";"2";"1";"0"
"24085";"85816201";"24085";"14";"1";"1";"7";"6";"0";"1";"1";"1";"0"
"24086";"85816201";"24086";"74";"1";"1";"1";"6";"0";"1";"1";"1";"0"
"24087";"85816401";"24087";"19";"1";"1";"7";"6";"0";"1";"1";"1";"0"
"24088";"85816401";"24088";"19";"2";"3";"2";"6";"0";"3";"0";"1";"0"
"24089";"85816401";"24089";"51";"3";"1";"7";"0";"0";"2";"2";"1";"0"
"24090";"85816401";"24090";"21";"2";"3";"1";"6";"0";"1";"1";"1";"0"
"24091";"85817103";"24091";"14";"1";"1";"7";"5";"1";"0";"1";"2";"0"
"24092";"85817201";"24092";"16";"3";"1";"7";"3";"0";"1";"1";"1";"0"
"24093";"85817201";"24093";"16";"3";"1";"4";"4";"0";"1";"1";"1";"0"
"24094";"85817201";"24094";"19";"2";"2";"1";"4";"0";"1";"1";"1";"0"
"24095";"85817201";"24095";"16";"3";"2";"1";"3";"0";"2";"0";"1";"0"
"24096";"85817201";"24096";"16";"5";"1";"7";"6";"0";"1";"0";"1";"0"
"24097";"85817201";"24097";"16";"3";"2";"1";"3";"0";"1";"1";"1";"0"
"24098";"85817402";"24098";"19";"1";"1";"7";"6";"0";"1";"1";"1";"0"
"24099";"85817402";"24099";"19";"1";"1";"7";"6";"0";"2";"1";"1";"0"
"24100";"85817402";"24100";"19";"1";"1";"7";"6";"0";"4";"0";"1";"0"
"24101";"85817402";"24101";"41";"1";"1";"1";"6";"0";"1";"1";"1";"0"
"24102";"85817402";"24102";"13";"1";"3";"2";"6";"0";"1";"2";"1";"0"
"24103";"85817402";"24103";"13";"1";"2";"2";"6";"0";"1";"2";"1";"0"
"24104";"85817402";"24104";"19";"3";"1";"7";"6";"0";"1";"1";"1";"0"
"24105";"85817402";"24105";"13";"1";"1";"7";"6";"0";"3";"1";"1";"0"
"24106";"85817402";"24106";"13";"1";"1";"7";"6";"0";"4";"2";"1";"0"
"24107";"85817402";"24107";"13";"3";"1";"4";"6";"0";"5";"1";"1";"0"
"24108";"85817501";"24108";"18";"1";"1";"7";"6";"0";"1";"1";"1";"0"
"24109";"85817501";"24109";"11";"1";"1";"7";"6";"0";"1";"1";"1";"0"
"24110";"85817501";"24110";"16";"1";"1";"7";"5";"0";"1";"1";"1";"0"
"24111";"85817501";"24111";"11";"1";"1";"7";"2";"0";"1";"0";"1";"0"
"24112";"85817501";"24112";"11";"1";"1";"7";"6";"0";"1";"2";"1";"0"
"24113";"85817502";"24113";"11";"1";"1";"7";"6";"0";"1";"3";"1";"0"
"24114";"85817506";"24114";"15";"3";"1";"7";"6";"0";"2";"0";"1";"0"
"24115";"85817506";"24115";"11";"1";"1";"7";"6";"0";"2";"0";"1";"0"
"24116";"85817506";"24116";"11";"1";"1";"7";"6";"0";"1";"2";"1";"0"
"24117";"85817506";"24117";"11";"1";"1";"7";"6";"0";"2";"0";"1";"0"
"24118";"85817506";"24118";"51";"1";"1";"7";"3";"0";"0";"1";"3";"0"
"24119";"85817506";"8596";"11";"1";"1";"7";"6";"0";"1";"1";"1";"0"
"24120";"85817506";"24120";"11";"1";"1";"7";"6";"0";"1";"1";"1";"0"
"24121";"85817506";"24121";"32";"1";"1";"7";"6";"0";"1";"1";"1";"0"
"24122";"85817506";"24122";"11";"1";"1";"7";"6";"0";"2";"0";"1";"0"
"24123";"85817506";"24123";"11";"1";"1";"7";"4";"0";"1";"1";"1";"0"
"24124";"85817506";"24124";"11";"1";"1";"7";"6";"0";"2";"0";"1";"0"
"24125";"85817507";"24125";"19";"1";"1";"7";"6";"0";"2";"1";"1";"0"
"24126";"85821115";"24126";"31";"1";"2";"2";"6";"0";"1";"3";"1";"0"
"24127";"85821115";"24127";"23";"1";"1";"7";"4";"0";"1";"1";"1";"0"
"24128";"85821203";"24128";"85";"3";"1";"7";"6";"1";"0";"1";"2";"0"
"24129";"85821203";"24129";"14";"1";"2";"2";"6";"0";"1";"3";"1";"0"
"24130";"85821203";"24130";"23";"3";"1";"7";"4";"0";"1";"1";"1";"0"
"24131";"85821203";"24131";"14";"1";"1";"1";"6";"0";"1";"0";"1";"0"
"24132";"85821203";"24132";"16";"1";"3";"2";"6";"0";"3";"0";"1";"0"
"24133";"85821203";"24133";"61";"1";"1";"4";"6";"0";"1";"1";"1";"0"
"24134";"85821203";"24134";"16";"1";"1";"7";"4";"0";"1";"1";"1";"0"
"24135";"85821203";"24135";"16";"2";"2";"1";"6";"0";"1";"1";"1";"0"
"24136";"85821203";"24136";"16";"1";"1";"7";"4";"0";"1";"1";"1";"0"
"24137";"85821203";"24137";"16";"1";"1";"7";"6";"0";"1";"1";"1";"0"
"24138";"85821203";"24138";"17";"1";"1";"7";"2";"0";"2";"0";"1";"0"
"24139";"85821205";"24139";"32";"3";"1";"7";"6";"0";"1";"1";"1";"0"
"24140";"85821307";"24140";"17";"1";"1";"7";"2";"0";"1";"1";"1";"0"
"24141";"85821307";"24141";"17";"1";"1";"7";"1";"0";"1";"2";"1";"0"
"24142";"85821307";"24142";"16";"3";"1";"7";"4";"0";"1";"1";"1";"0"
"24143";"85821307";"24143";"14";"1";"1";"7";"6";"0";"1";"2";"1";"0"
"24144";"85821307";"1925";"16";"1";"1";"7";"3";"0";"1";"1";"1";"0"
"24145";"85821307";"24145";"17";"3";"1";"7";"2";"0";"1";"1";"1";"0"
"24146";"85821307";"24146";"17";"1";"1";"7";"1";"0";"2";"0";"1";"0"
"24147";"85821307";"24147";"71";"3";"3";"1";"6";"0";"1";"1";"1";"0"
"24148";"85821307";"24148";"71";"3";"1";"7";"6";"0";"1";"1";"1";"0"
"24149";"85821307";"24149";"17";"1";"3";"1";"2";"0";"2";"1";"1";"0"
"24150";"85821312";"24150";"51";"3";"1";"7";"4";"0";"1";"1";"1";"0"
"24151";"85821312";"24151";"14";"1";"1";"7";"4";"0";"1";"2";"1";"0"
"24152";"85821312";"24152";"17";"3";"3";"1";"2";"0";"1";"1";"1";"0"
"24153";"85821312";"24153";"17";"3";"1";"7";"2";"0";"1";"1";"1";"0"
"24154";"85821312";"24154";"17";"1";"1";"7";"2";"0";"1";"1";"1";"0"
"24155";"85821312";"24155";"17";"1";"1";"7";"2";"0";"1";"1";"1";"0"
"24156";"85821312";"24156";"14";"3";"1";"7";"4";"0";"1";"1";"1";"0"
"24157";"85821408";"24157";"14";"1";"3";"2";"6";"0";"2";"0";"1";"0"
"24158";"85821501";"24158";"74";"1";"1";"7";"6";"0";"1";"1";"1";"0"
"24159";"85821501";"24159";"31";"1";"1";"7";"4";"0";"1";"1";"1";"0"
"24160";"85821501";"24160";"11";"3";"1";"7";"6";"0";"6";"0";"1";"0"
"24161";"85821501";"24161";"11";"1";"1";"7";"6";"0";"2";"1";"1";"0"
"24162";"85821505";"24162";"19";"1";"3";"1";"6";"0";"1";"2";"1";"0"
"24163";"85822104";"7460";"99";"1";"1";"7";"4";"0";"1";"1";"1";"0"
"24164";"85822104";"24164";"17";"1";"1";"7";"2";"0";"1";"1";"1";"0"
"24165";"85822107";"24165";"19";"1";"1";"7";"6";"0";"1";"0";"1";"0"
"24166";"85822107";"24166";"19";"3";"1";"7";"6";"0";"1";"0";"1";"0"
"24167";"85822107";"24167";"17";"1";"1";"1";"1";"0";"1";"1";"1";"0"
"24168";"85822107";"24168";"19";"3";"1";"1";"6";"0";"1";"1";"1";"0"
"24169";"85822107";"24169";"19";"1";"1";"7";"6";"0";"1";"3";"1";"0"
"24170";"85822107";"24170";"19";"1";"1";"7";"6";"0";"1";"1";"1";"0"
"24171";"85822107";"24171";"17";"1";"1";"7";"2";"0";"1";"0";"1";"0"
"24172";"85822107";"24172";"81";"1";"1";"7";"4";"0";"1";"1";"1";"0"
"24173";"85822201";"24173";"14";"1";"3";"2";"6";"0";"1";"1";"1";"0"
"24174";"85822204";"24174";"17";"1";"1";"7";"1";"0";"1";"1";"1";"0"
"24175";"85822301";"24175";"17";"1";"1";"7";"2";"0";"1";"1";"1";"0"
"24176";"85822301";"24176";"21";"1";"1";"7";"6";"0";"1";"1";"1";"0"
"24177";"85822302";"24177";"52";"1";"1";"7";"6";"1";"0";"1";"2";"0"
"24178";"85822307";"24178";"14";"3";"1";"7";"6";"0";"1";"1";"1";"0"
"24179";"85822402";"24179";"17";"1";"1";"7";"2";"0";"1";"1";"1";"0"
"24180";"85822402";"24180";"16";"1";"1";"7";"6";"0";"2";"0";"1";"0"
"24181";"85822402";"24181";"14";"3";"1";"1";"6";"0";"1";"1";"1";"0"
"24182";"85822402";"24182";"16";"1";"1";"7";"3";"0";"1";"1";"1";"0"
"24183";"85822403";"24183";"72";"1";"1";"7";"7";"0";"1";"1";"1";"0"
"24184";"85822403";"24184";"71";"1";"1";"7";"6";"0";"1";"1";"1";"0"
"24185";"85822404";"24185";"71";"1";"1";"7";"6";"0";"1";"1";"1";"0"
"24186";"85822404";"24186";"16";"3";"1";"7";"4";"0";"1";"1";"1";"0"
"24187";"85822404";"24187";"16";"1";"1";"7";"3";"0";"1";"0";"1";"0"
"24188";"85822406";"24188";"17";"1";"3";"1";"2";"0";"1";"1";"1";"0"
"24189";"85822406";"24189";"14";"3";"1";"7";"6";"0";"1";"1";"1";"0"
"24190";"85822406";"24190";"41";"3";"3";"2";"6";"0";"3";"4";"1";"0"
"24191";"85822406";"24191";"32";"3";"1";"1";"6";"0";"1";"2";"1";"0"
"24192";"85822406";"24192";"11";"3";"1";"7";"6";"0";"1";"1";"1";"0"
"24193";"85822406";"24193";"51";"1";"1";"7";"6";"0";"1";"1";"1";"0"
"24194";"85822406";"24194";"11";"3";"1";"7";"6";"0";"1";"0";"1";"0"
"24195";"85822406";"24195";"81";"3";"1";"7";"6";"0";"2";"0";"1";"0"
"24196";"85822406";"24196";"11";"3";"1";"7";"6";"0";"1";"1";"1";"0"
"24197";"85822406";"24197";"17";"1";"1";"7";"2";"0";"1";"1";"1";"0"
"24198";"85822406";"24198";"16";"1";"1";"7";"4";"0";"1";"1";"1";"0"
"24199";"85822406";"24199";"11";"3";"1";"7";"6";"0";"3";"1";"1";"0"
"24200";"85822406";"24200";"71";"1";"1";"7";"4";"0";"1";"1";"1";"0"
"24201";"85822406";"24201";"11";"1";"2";"1";"6";"0";"1";"1";"1";"0"
"24202";"85822406";"24202";"11";"3";"1";"7";"6";"0";"1";"1";"1";"0"
"24203";"85822406";"24203";"17";"3";"3";"1";"2";"1";"0";"0";"2";"0"
"24204";"85822406";"24204";"11";"1";"1";"7";"6";"0";"1";"1";"1";"0"
"24205";"85822409";"24205";"51";"1";"4";"1";"6";"0";"1";"3";"1";"0"
"24206";"85822409";"24206";"17";"2";"1";"7";"2";"0";"1";"1";"1";"0"
"24207";"85822504";"24207";"21";"1";"1";"7";"6";"0";"1";"1";"1";"0"
"24208";"85822505";"24208";"35";"1";"1";"7";"3";"0";"1";"1";"1";"0"
"24209";"85822507";"24209";"14";"1";"1";"7";"6";"0";"2";"0";"1";"0"
"24210";"85822507";"24210";"19";"1";"1";"7";"6";"0";"1";"1";"1";"0"
"24211";"85822507";"24211";"19";"1";"1";"7";"6";"0";"1";"1";"1";"0"
"24212";"85822507";"24212";"19";"1";"1";"7";"6";"0";"2";"1";"1";"0"
"24213";"85822507";"24213";"19";"1";"3";"1";"6";"0";"1";"0";"1";"0"
"24214";"85823103";"24214";"16";"3";"1";"7";"3";"0";"1";"1";"1";"0"
"24215";"85823104";"24215";"72";"1";"1";"7";"6";"0";"1";"1";"1";"0"
"24216";"85823109";"24216";"13";"3";"3";"2";"6";"0";"2";"1";"1";"0"
"24217";"85823109";"24217";"13";"3";"1";"7";"6";"0";"1";"1";"1";"0"
"24218";"85823109";"24218";"13";"1";"1";"7";"6";"0";"2";"2";"1";"0"
"24219";"85823109";"24219";"13";"3";"1";"7";"6";"0";"1";"1";"1";"0"
"24220";"85823109";"24220";"13";"1";"1";"7";"5";"0";"1";"2";"1";"0"
"24221";"85823109";"24221";"13";"2";"1";"7";"3";"0";"1";"1";"1";"0"
"24222";"85823109";"24222";"51";"1";"3";"1";"4";"0";"1";"1";"1";"0"
"24223";"85823109";"24223";"71";"1";"1";"7";"6";"0";"1";"0";"1";"0"
"24224";"85823201";"24224";"19";"1";"1";"7";"4";"0";"1";"1";"1";"0"
"24225";"85823201";"24225";"19";"1";"1";"7";"6";"0";"1";"2";"1";"0"
"24226";"85823201";"24226";"19";"1";"1";"7";"6";"0";"1";"1";"1";"0"
"24227";"85823201";"24227";"19";"1";"1";"7";"6";"0";"2";"0";"1";"0"
"24228";"85823201";"24228";"71";"1";"1";"7";"6";"0";"1";"1";"1";"0"
"24229";"85823201";"24229";"19";"3";"1";"7";"6";"0";"2";"2";"1";"0"