"accident_id";"lieu_id";"date_id";"cause_id";"lum_id";"intemp_id";"etat_surface_id";"impliq_id";"nb_blesses_graves";"nb_blesses_legers";"nb_indemnes";"gravite";"nb_morts"
"24540";"85832101";"24540";"16";"1";"1";"7";"6";"0";"1";"1";"1";"0"
"24541";"85832101";"24541";"17";"1";"1";"7";"2";"0";"1";"1";"1";"0"
"24542";"85832105";"24542";"52";"3";"1";"2";"0";"0";"4";"0";"1";"0"
"24543";"85832105";"24543";"11";"1";"1";"7";"4";"0";"1";"0";"1";"0"
"24544";"85832105";"24544";"15";"1";"1";"1";"6";"0";"2";"2";"1";"0"
"24545";"85832203";"24545";"19";"3";"1";"7";"6";"0";"2";"0";"1";"0"
"24546";"85832203";"24546";"19";"1";"1";"7";"4";"0";"1";"1";"1";"0"
"24547";"85832203";"24547";"17";"3";"3";"1";"2";"0";"1";"1";"1";"0"
"24548";"85832203";"24548";"17";"1";"1";"7";"2";"0";"1";"1";"1";"0"
"24549";"85832501";"24549";"11";"1";"1";"7";"4";"0";"1";"1";"1";"0"
"24550";"85832501";"24550";"16";"3";"1";"7";"3";"0";"1";"1";"1";"0"
"24551";"85832501";"24551";"51";"3";"1";"7";"0";"0";"1";"1";"1";"0"
"24552";"85832501";"24552";"16";"1";"1";"7";"6";"0";"1";"1";"1";"0"
"24553";"85832501";"24553";"81";"1";"3";"1";"2";"0";"1";"1";"1";"0"
"24554";"85833103";"24554";"14";"1";"1";"7";"6";"0";"1";"1";"1";"0"
"24555";"85833103";"24555";"14";"1";"1";"7";"6";"0";"2";"0";"1";"0"
"24556";"85833103";"24556";"19";"3";"1";"1";"6";"0";"1";"0";"1";"0"
"24557";"85833205";"24557";"51";"3";"1";"7";"6";"0";"1";"3";"1";"0"
"24558";"85833205";"24558";"18";"1";"1";"7";"6";"0";"1";"1";"1";"0"
"24559";"85833208";"24559";"52";"1";"1";"7";"2";"0";"1";"1";"1";"0"
"24560";"85833208";"24560";"72";"2";"1";"7";"6";"0";"1";"1";"1";"0"
"24561";"85833208";"24561";"41";"1";"1";"7";"6";"0";"1";"1";"1";"0"
"24562";"85833208";"24562";"17";"1";"1";"7";"2";"0";"1";"1";"1";"0"
"24563";"85833208";"24563";"72";"1";"1";"7";"6";"0";"1";"3";"1";"0"
"24564";"85833208";"24564";"17";"1";"1";"7";"2";"0";"1";"1";"1";"0"
"24565";"85833211";"24565";"11";"1";"1";"7";"6";"0";"1";"1";"1";"0"
"24566";"85833211";"24566";"11";"1";"1";"7";"6";"1";"0";"2";"2";"0"
"24567";"85833211";"24567";"11";"1";"1";"7";"6";"0";"1";"3";"1";"0"
"24568";"85833211";"24568";"11";"1";"1";"7";"7";"0";"2";"1";"1";"0"
"24569";"85833211";"24569";"12";"1";"1";"7";"4";"0";"1";"1";"1";"0"
"24570";"85833211";"24570";"15";"3";"3";"1";"6";"0";"2";"0";"1";"0"
"24571";"85833211";"24571";"51";"1";"1";"7";"6";"0";"2";"2";"1";"0"
"24572";"85833211";"24572";"11";"1";"1";"7";"6";"0";"1";"1";"1";"0"
"24573";"85833211";"24573";"16";"1";"1";"7";"6";"0";"1";"1";"1";"0"
"24574";"85833211";"24574";"11";"3";"1";"7";"6";"0";"1";"2";"1";"0"
"24575";"85833211";"24575";"11";"1";"3";"2";"6";"0";"1";"2";"1";"0"
"24576";"85833211";"24576";"16";"1";"1";"7";"6";"0";"2";"0";"1";"0"
"24577";"85833211";"24577";"11";"1";"1";"7";"6";"1";"0";"1";"2";"0"
"24578";"85833211";"24578";"42";"1";"1";"7";"6";"0";"1";"3";"1";"0"
"24579";"85833211";"24579";"16";"1";"1";"7";"6";"0";"1";"2";"1";"0"
"24580";"85833211";"24580";"42";"1";"1";"7";"4";"0";"1";"1";"1";"0"
"24581";"85833211";"24581";"16";"3";"3";"1";"6";"0";"1";"2";"1";"0"
"24582";"85833301";"24582";"71";"1";"1";"7";"6";"0";"1";"1";"1";"0"
"24583";"85833301";"24583";"17";"3";"3";"2";"1";"0";"1";"1";"1";"0"
"24584";"85833301";"24584";"17";"3";"1";"1";"2";"0";"1";"1";"1";"0"
"24585";"85833301";"24585";"18";"1";"1";"7";"4";"0";"1";"1";"1";"0"
"24586";"85833301";"19672";"71";"3";"1";"7";"5";"0";"1";"1";"1";"0"
"24587";"85833301";"24587";"17";"1";"1";"7";"2";"0";"1";"1";"1";"0"
"24588";"85833305";"24588";"72";"1";"1";"7";"6";"0";"1";"0";"1";"0"
"24589";"85833306";"24589";"23";"1";"1";"7";"4";"0";"1";"1";"1";"0"
"24590";"85833306";"24590";"35";"1";"1";"7";"3";"0";"1";"1";"1";"0"
"24591";"85833306";"24591";"51";"1";"1";"7";"6";"0";"1";"1";"1";"0"
"24592";"85833308";"24592";"41";"1";"1";"7";"6";"0";"1";"3";"1";"0"
"24593";"85833308";"24593";"41";"1";"3";"2";"6";"0";"1";"1";"1";"0"
"24594";"85833308";"24594";"19";"1";"1";"7";"4";"0";"1";"1";"1";"0"
"24595";"85833401";"24595";"18";"1";"1";"7";"4";"0";"1";"1";"1";"0"
"24596";"85833401";"24596";"42";"1";"1";"7";"4";"0";"1";"0";"1";"0"
"24597";"85833401";"24597";"17";"1";"1";"7";"2";"1";"0";"1";"2";"0"
"24598";"85834101";"24598";"51";"3";"1";"7";"4";"0";"1";"0";"1";"0"
"24599";"85834102";"24599";"17";"1";"1";"7";"2";"1";"0";"1";"2";"0"
"24600";"85834102";"24600";"19";"1";"1";"1";"4";"0";"1";"1";"1";"0"
"24601";"85834102";"24601";"23";"1";"1";"7";"6";"0";"2";"1";"1";"0"
"24602";"85834102";"24602";"14";"1";"1";"7";"5";"0";"1";"1";"1";"0"
"24603";"85834103";"24603";"14";"1";"1";"7";"6";"0";"2";"2";"1";"0"
"24604";"85834103";"24604";"41";"1";"1";"7";"6";"0";"1";"0";"1";"0"
"24605";"85834103";"24605";"41";"3";"1";"7";"6";"0";"5";"1";"1";"0"
"24606";"85834103";"24606";"14";"1";"1";"7";"6";"0";"1";"0";"1";"0"
"24607";"85834103";"24607";"14";"1";"1";"7";"6";"0";"1";"0";"1";"0"
"24608";"85834104";"24608";"16";"1";"3";"2";"6";"0";"1";"2";"1";"0"
"24609";"85834104";"24609";"18";"1";"1";"7";"5";"0";"2";"0";"1";"0"
"24610";"85834104";"12573";"81";"1";"1";"7";"6";"0";"1";"3";"1";"0"
"24611";"85834104";"24611";"16";"3";"1";"7";"6";"0";"1";"1";"1";"0"
"24612";"85834104";"24612";"16";"1";"1";"7";"6";"0";"1";"3";"1";"0"
"24613";"85834104";"24613";"52";"3";"1";"7";"0";"0";"1";"1";"1";"0"
"24614";"85834104";"24614";"16";"3";"1";"7";"6";"0";"2";"0";"1";"0"
"24615";"85834104";"24615";"17";"1";"3";"7";"2";"0";"1";"1";"1";"0"
"24616";"85834104";"24616";"16";"1";"1";"7";"6";"0";"2";"1";"1";"0"
"24617";"85834104";"24617";"16";"1";"1";"7";"6";"0";"1";"1";"1";"0"
"24618";"85834104";"24618";"16";"1";"1";"7";"6";"0";"1";"2";"1";"0"
"24619";"85834104";"24619";"17";"3";"2";"1";"2";"0";"1";"1";"1";"0"
"24620";"85834104";"24620";"16";"3";"1";"7";"6";"0";"1";"2";"1";"0"
"24621";"85834104";"24621";"16";"1";"1";"7";"6";"0";"3";"0";"1";"0"
"24622";"85834106";"24622";"51";"1";"1";"7";"2";"0";"1";"2";"1";"0"
"24623";"85834106";"24623";"19";"1";"1";"7";"6";"0";"1";"0";"1";"0"
"24624";"85834106";"24624";"23";"2";"1";"2";"2";"1";"0";"2";"2";"0"
"24625";"85834106";"24625";"17";"3";"1";"7";"2";"1";"0";"1";"2";"0"
"24626";"85834106";"24626";"17";"1";"1";"7";"2";"0";"1";"1";"1";"0"
"24627";"85834107";"24627";"21";"3";"3";"2";"6";"0";"1";"1";"1";"0"
"24628";"85834210";"24628";"15";"1";"1";"7";"6";"0";"2";"0";"1";"0"
"24629";"85834210";"24629";"11";"1";"1";"7";"6";"0";"2";"4";"1";"0"
"24630";"85834210";"24630";"16";"1";"1";"7";"6";"0";"1";"1";"1";"0"
"24631";"85834210";"10667";"11";"1";"1";"7";"6";"0";"1";"1";"1";"0"
"24632";"85834210";"24632";"51";"1";"1";"7";"6";"0";"1";"1";"1";"0"
"24633";"85834210";"24633";"31";"1";"1";"7";"6";"0";"1";"1";"1";"0"
"24634";"85834210";"6671";"17";"1";"1";"7";"2";"0";"1";"1";"1";"0"
"24635";"85834210";"24635";"11";"1";"1";"7";"6";"0";"1";"2";"1";"0"
"24636";"85834210";"24636";"16";"3";"1";"1";"6";"0";"2";"1";"1";"0"
"24637";"85834210";"24637";"18";"2";"1";"7";"4";"0";"1";"0";"1";"0"
"24638";"85834210";"24638";"11";"2";"1";"7";"6";"0";"1";"1";"1";"0"
"24639";"85834302";"24639";"19";"1";"1";"7";"4";"0";"1";"0";"1";"0"
"24640";"85834302";"24640";"64";"1";"1";"7";"4";"0";"1";"2";"1";"0"
"24641";"85834302";"24641";"17";"3";"1";"7";"2";"0";"1";"1";"1";"0"
"24642";"85834308";"24642";"51";"1";"1";"7";"6";"0";"1";"3";"1";"0"
"24643";"85834308";"24643";"11";"1";"1";"1";"6";"1";"0";"1";"2";"0"
"24644";"85834308";"24644";"11";"1";"1";"7";"4";"0";"1";"1";"1";"0"
"24645";"85834308";"24645";"15";"1";"1";"7";"4";"0";"1";"1";"1";"0"
"24646";"85834308";"24646";"18";"1";"1";"7";"6";"0";"1";"1";"1";"0"
"24647";"85834308";"24647";"16";"1";"1";"7";"6";"0";"1";"2";"1";"0"
"24648";"85834308";"24648";"11";"1";"3";"2";"6";"0";"1";"1";"1";"0"
"24649";"85834308";"24649";"11";"1";"1";"2";"2";"0";"0";"2";"3";"0"
"24650";"85834308";"24650";"16";"1";"1";"7";"4";"0";"1";"1";"1";"0"
"24651";"85834308";"24651";"11";"1";"3";"1";"6";"0";"3";"0";"1";"0"
"24652";"85834308";"2184";"51";"3";"1";"1";"6";"0";"1";"0";"1";"0"
"24653";"85834308";"24653";"14";"3";"1";"7";"6";"0";"3";"3";"1";"0"
"24654";"85834308";"24654";"11";"1";"1";"7";"6";"0";"1";"1";"1";"0"
"24655";"85834308";"24655";"17";"1";"1";"7";"2";"0";"1";"1";"1";"0"
"24656";"85834308";"24656";"11";"1";"1";"7";"6";"0";"1";"1";"1";"0"
"24657";"85834308";"24657";"11";"1";"3";"1";"6";"0";"1";"1";"1";"0"
"24658";"85834308";"24658";"42";"1";"1";"7";"6";"1";"0";"1";"2";"0"
"24659";"85834308";"24659";"71";"1";"1";"7";"6";"0";"1";"1";"1";"0"
"24660";"85834308";"24660";"42";"1";"1";"7";"2";"0";"1";"1";"1";"0"
"24661";"85834308";"24661";"35";"1";"1";"7";"4";"0";"1";"1";"1";"0"
"24662";"85834308";"24662";"16";"1";"1";"7";"4";"0";"1";"1";"1";"0"
"24663";"85834308";"24663";"16";"3";"1";"7";"6";"0";"2";"2";"1";"0"
"24664";"85834308";"2245";"17";"1";"1";"1";"2";"0";"1";"1";"1";"0"
"24665";"85834308";"24665";"11";"1";"1";"7";"6";"0";"1";"1";"1";"0"
"24666";"85834308";"24666";"81";"3";"1";"1";"6";"1";"8";"0";"2";"0"
"24667";"85834308";"24667";"16";"1";"3";"1";"6";"0";"1";"2";"1";"0"
"24668";"85834308";"24668";"16";"2";"1";"7";"6";"0";"1";"1";"1";"0"
"24669";"85834308";"24669";"81";"3";"1";"7";"6";"0";"1";"3";"1";"0"
"24670";"85834308";"24670";"17";"1";"1";"7";"2";"0";"1";"1";"1";"0"
"24671";"85834308";"24671";"11";"1";"1";"7";"2";"1";"0";"2";"2";"0"
"24672";"85834308";"24672";"12";"2";"3";"1";"7";"0";"4";"0";"1";"0"
"24673";"85834308";"24673";"71";"3";"1";"7";"6";"0";"1";"1";"1";"0"
"24674";"85834308";"24674";"11";"3";"1";"1";"2";"0";"1";"1";"1";"0"
"24675";"85834308";"24675";"11";"3";"1";"7";"6";"0";"1";"1";"1";"0"
"24676";"85834402";"24676";"31";"3";"1";"7";"3";"0";"1";"0";"1";"0"
"24677";"85834407";"24677";"18";"1";"1";"7";"5";"0";"2";"0";"1";"0"
"24678";"85834407";"24678";"41";"3";"1";"7";"6";"0";"1";"1";"1";"0"
"24679";"85834407";"24679";"19";"1";"1";"7";"6";"0";"1";"2";"1";"0"
"24680";"85834407";"24680";"16";"1";"3";"1";"6";"0";"1";"2";"1";"0"
"24681";"85834409";"24681";"17";"1";"1";"7";"6";"0";"1";"1";"1";"0"
"24682";"85834504";"24682";"21";"1";"1";"7";"6";"0";"2";"1";"1";"0"
"24683";"85834507";"24683";"72";"1";"1";"7";"6";"0";"1";"1";"1";"0"
"24684";"85835102";"24684";"81";"3";"1";"7";"6";"0";"1";"1";"1";"0"
"24685";"85835104";"24685";"17";"1";"1";"7";"1";"0";"1";"1";"1";"0"
"24686";"85835104";"24686";"19";"3";"1";"7";"3";"0";"1";"0";"1";"0"
"24687";"85835104";"24687";"16";"1";"1";"7";"6";"0";"1";"3";"1";"0"
"24688";"85835104";"24688";"63";"1";"1";"7";"6";"0";"2";"1";"1";"0"
"24689";"85835109";"24689";"19";"1";"1";"1";"6";"0";"2";"1";"1";"0"
"24690";"85835109";"24690";"19";"3";"1";"7";"6";"0";"1";"1";"1";"0"
"24691";"85835109";"24691";"52";"1";"1";"7";"6";"0";"1";"1";"1";"0"
"24692";"85835109";"24692";"17";"1";"1";"4";"2";"0";"1";"1";"1";"0"
"24693";"85835109";"24693";"41";"2";"1";"7";"5";"0";"1";"1";"1";"0"
"24694";"85835207";"24694";"71";"3";"1";"7";"6";"0";"2";"1";"1";"0"
"24695";"85835212";"24695";"19";"1";"1";"7";"6";"0";"2";"0";"1";"0"
"24696";"85835212";"24696";"19";"1";"1";"7";"4";"0";"1";"1";"1";"0"
"24697";"85835212";"24697";"18";"1";"1";"7";"6";"0";"1";"2";"1";"0"
"24698";"85835212";"24698";"19";"3";"1";"7";"4";"0";"1";"1";"1";"0"
"24699";"85835212";"24699";"19";"1";"3";"1";"6";"0";"3";"2";"1";"0"
"24700";"85835212";"24700";"19";"1";"1";"7";"4";"0";"1";"1";"1";"0"
"24701";"85835212";"24701";"19";"3";"1";"7";"4";"0";"1";"1";"1";"0"
"24702";"85835212";"24702";"19";"1";"4";"3";"3";"0";"1";"1";"1";"0"
"24703";"85835212";"22374";"19";"1";"1";"7";"4";"0";"1";"1";"1";"0"
"24704";"85835212";"24704";"19";"1";"1";"7";"6";"0";"1";"0";"1";"0"
"24705";"85835212";"24705";"19";"1";"1";"7";"6";"0";"2";"2";"1";"0"
"24706";"85835212";"24706";"19";"1";"1";"7";"6";"0";"1";"2";"1";"0"
"24707";"85835212";"24707";"71";"3";"1";"7";"6";"0";"0";"1";"3";"0"
"24708";"85835212";"24708";"51";"1";"1";"7";"3";"0";"0";"1";"3";"0"
"24709";"85835212";"24709";"16";"1";"1";"7";"6";"0";"2";"1";"1";"0"
"24710";"85835212";"24710";"19";"1";"1";"7";"4";"0";"1";"2";"1";"0"
"24711";"85835212";"24711";"19";"3";"1";"1";"4";"1";"0";"2";"2";"0"
"24712";"85835212";"24712";"19";"1";"1";"7";"6";"0";"1";"3";"1";"0"
"24713";"85835212";"24713";"19";"1";"1";"7";"6";"0";"5";"1";"1";"0"
"24714";"85835212";"24714";"19";"1";"3";"2";"4";"0";"1";"1";"1";"0"
"24715";"85835212";"24715";"19";"1";"1";"7";"3";"0";"1";"1";"1";"0"
"24716";"85835212";"24716";"17";"3";"1";"7";"2";"0";"1";"0";"1";"0"
"24717";"85835212";"24717";"19";"2";"1";"7";"5";"0";"1";"1";"1";"0"
"24718";"85835212";"24718";"19";"1";"3";"2";"6";"0";"1";"1";"1";"0"
"24719";"85835212";"24719";"19";"3";"3";"2";"4";"0";"1";"0";"1";"0"
"24720";"85835212";"24720";"19";"1";"1";"7";"6";"0";"2";"1";"1";"0"
"24721";"85835212";"24721";"19";"1";"3";"2";"6";"0";"2";"4";"1";"0"
"24722";"85835212";"24722";"19";"1";"1";"7";"4";"0";"1";"1";"1";"0"
"24723";"85835212";"24723";"19";"1";"1";"7";"3";"0";"1";"1";"1";"0"
"24724";"85835212";"24724";"19";"1";"1";"7";"6";"0";"3";"2";"1";"0"
"24725";"85835212";"24725";"19";"3";"1";"1";"4";"0";"1";"1";"1";"0"
"24726";"85835212";"24726";"16";"1";"1";"7";"6";"0";"1";"0";"1";"0"
"24727";"85835212";"4642";"17";"1";"1";"7";"4";"0";"1";"1";"1";"0"
"24728";"85835212";"24728";"18";"1";"1";"7";"6";"0";"2";"1";"1";"0"
"24729";"85835212";"24729";"19";"1";"1";"1";"4";"0";"1";"2";"1";"0"
"24730";"85835212";"24730";"19";"2";"3";"1";"6";"0";"3";"1";"1";"0"
"24731";"85835212";"24731";"11";"1";"1";"7";"6";"0";"1";"1";"1";"0"
"24732";"85835212";"24732";"11";"1";"1";"7";"6";"0";"1";"1";"1";"0"
"24733";"85835212";"24733";"16";"1";"1";"7";"6";"0";"1";"1";"1";"0"
"24734";"85835212";"24734";"51";"1";"1";"7";"6";"0";"1";"1";"1";"0"
"24735";"85835303";"24735";"99";"3";"1";"7";"4";"0";"1";"1";"1";"0"
"24736";"85835303";"24736";"75";"1";"1";"7";"0";"0";"1";"2";"1";"0"
"24737";"85835303";"24737";"71";"1";"1";"7";"6";"0";"1";"1";"1";"0"
"24738";"85835303";"24738";"14";"1";"1";"7";"6";"0";"1";"1";"1";"0"
"24739";"85835303";"24739";"14";"1";"1";"7";"6";"0";"1";"2";"1";"0"
"24740";"85835303";"24740";"14";"1";"1";"7";"6";"0";"1";"0";"1";"0"
"24741";"85835303";"24741";"14";"2";"1";"7";"6";"0";"2";"0";"1";"0"
"24742";"85835303";"24742";"14";"1";"1";"7";"4";"1";"0";"1";"2";"0"
"24743";"85835303";"24743";"72";"1";"1";"7";"6";"0";"1";"1";"1";"0"
"24744";"85835304";"24744";"14";"3";"3";"2";"3";"0";"1";"2";"1";"0"
"24745";"85835401";"24745";"71";"1";"3";"2";"6";"0";"1";"1";"1";"0"
"24746";"85835401";"24746";"71";"1";"1";"7";"6";"0";"1";"1";"1";"0"
"24747";"85835401";"24747";"18";"1";"1";"7";"6";"0";"1";"1";"1";"0"
"24748";"85835401";"24748";"71";"1";"1";"7";"6";"0";"1";"1";"1";"0"
"24749";"85835401";"24749";"16";"1";"1";"7";"4";"1";"0";"1";"2";"0"
"24750";"85835401";"24750";"11";"1";"1";"7";"8";"0";"3";"3";"1";"0"
"24751";"85835401";"24751";"21";"3";"1";"7";"6";"0";"1";"3";"1";"0"
"24752";"85835401";"4276";"16";"1";"1";"7";"4";"0";"2";"1";"1";"0"
"24753";"85835405";"24753";"14";"1";"3";"2";"6";"0";"1";"1";"1";"0"
"24754";"85835405";"24754";"19";"3";"2";"2";"4";"0";"1";"1";"1";"0"
"24755";"85835405";"24755";"71";"1";"1";"7";"6";"1";"0";"1";"2";"0"
"24756";"85835405";"24756";"17";"1";"1";"7";"1";"0";"1";"1";"1";"0"
"24757";"85835405";"24757";"19";"3";"1";"7";"5";"0";"4";"0";"1";"0"
"24758";"85835405";"24758";"19";"1";"1";"7";"6";"0";"1";"1";"1";"0"
"24759";"85835406";"24759";"14";"1";"3";"2";"6";"0";"1";"4";"1";"0"
"24760";"85835406";"24760";"14";"1";"1";"1";"6";"0";"1";"1";"1";"0"
"24761";"85835406";"24761";"14";"3";"1";"7";"6";"0";"1";"1";"1";"0"
"24762";"85835406";"24762";"14";"1";"1";"7";"6";"0";"1";"1";"1";"0"
"24763";"85835406";"24763";"14";"1";"1";"7";"3";"0";"1";"1";"1";"0"
"24764";"85835406";"24764";"14";"1";"1";"7";"6";"0";"2";"0";"1";"0"
"24765";"85835406";"24765";"81";"3";"1";"7";"6";"0";"1";"2";"1";"0"
"24766";"85835407";"24766";"14";"1";"1";"7";"6";"0";"1";"1";"1";"0"
"24767";"85835407";"24767";"81";"1";"3";"2";"2";"0";"1";"1";"1";"0"
"24768";"85835407";"24768";"14";"3";"1";"7";"6";"0";"1";"1";"1";"0"
"24769";"85835407";"24769";"51";"3";"1";"7";"2";"0";"1";"1";"1";"0"
"24770";"85835407";"24770";"21";"1";"1";"7";"6";"0";"5";"0";"1";"0"
"24771";"85835407";"24771";"17";"1";"3";"1";"2";"0";"1";"1";"1";"0"
"24772";"85835506";"24772";"72";"1";"1";"7";"6";"0";"1";"1";"1";"0"
"24773";"85835506";"24773";"18";"1";"1";"7";"6";"0";"1";"1";"1";"0"
"24774";"85835507";"24774";"72";"1";"1";"7";"6";"0";"1";"1";"1";"0"
"24775";"85836106";"24775";"16";"1";"1";"7";"3";"0";"1";"1";"1";"0"
"24776";"85836106";"24776";"17";"1";"1";"7";"2";"0";"2";"0";"1";"0"
"24777";"85836106";"24777";"16";"2";"6";"1";"6";"0";"1";"1";"1";"0"
"24778";"85836106";"24778";"17";"1";"1";"7";"2";"1";"0";"1";"2";"0"
"24779";"85836106";"24779";"16";"1";"2";"2";"6";"0";"1";"1";"1";"0"
"24780";"85836106";"24780";"51";"1";"1";"7";"7";"0";"2";"1";"1";"0"
"24781";"85836106";"24781";"11";"1";"1";"7";"6";"0";"1";"1";"1";"0"
"24782";"85836106";"24782";"81";"1";"1";"7";"6";"0";"1";"3";"1";"0"
"24783";"85836106";"24783";"11";"1";"1";"7";"6";"0";"1";"1";"1";"0"
"24784";"85836106";"24784";"11";"1";"1";"7";"6";"1";"3";"0";"2";"0"
"24785";"85836106";"24785";"17";"3";"3";"1";"2";"0";"1";"1";"1";"0"
"24786";"85836106";"24786";"31";"1";"1";"7";"4";"0";"1";"1";"1";"0"
"24787";"85836106";"24787";"16";"1";"3";"1";"6";"0";"1";"1";"1";"0"
"24788";"85836106";"24788";"17";"1";"1";"7";"2";"0";"1";"1";"1";"0"
"24789";"85836106";"24789";"51";"1";"1";"7";"9";"0";"1";"0";"1";"0"
"24790";"85836106";"24790";"11";"1";"1";"7";"6";"0";"1";"1";"1";"0"
"24791";"85836106";"24791";"11";"1";"1";"7";"6";"0";"1";"1";"1";"0"
"24792";"85836106";"24792";"16";"1";"1";"7";"6";"1";"6";"0";"2";"0"
"24793";"85836106";"24793";"11";"2";"1";"7";"6";"0";"1";"1";"1";"0"
"24794";"85836106";"24794";"16";"3";"1";"7";"6";"0";"1";"2";"1";"0"
"24795";"85836106";"24795";"11";"3";"1";"7";"6";"0";"2";"2";"1";"0"
"24796";"85836106";"24796";"71";"1";"1";"7";"6";"0";"1";"2";"1";"0"
"24797";"85836301";"24797";"71";"1";"1";"7";"6";"0";"1";"1";"1";"0"
"24798";"85836303";"24798";"14";"1";"1";"7";"6";"0";"1";"3";"1";"0"
"24799";"85836303";"24799";"14";"1";"1";"1";"6";"0";"2";"1";"1";"0"
"24800";"85836303";"24800";"14";"1";"1";"7";"6";"0";"1";"1";"1";"0"
"24801";"85836303";"24801";"14";"3";"1";"7";"6";"0";"1";"0";"1";"0"
"24802";"85836303";"24802";"14";"1";"1";"7";"6";"0";"1";"1";"1";"0"
"24803";"85836303";"24803";"17";"1";"1";"7";"1";"1";"0";"1";"2";"0"
"24804";"85836303";"24804";"41";"3";"1";"7";"6";"0";"1";"1";"1";"0"
"24805";"85836303";"24805";"14";"1";"1";"7";"6";"0";"1";"2";"1";"0"
"24806";"85836303";"24806";"14";"1";"3";"1";"6";"0";"1";"1";"1";"0"
"24807";"85836303";"24807";"41";"1";"1";"7";"6";"0";"1";"1";"1";"0"
"24808";"85836303";"24808";"19";"1";"1";"7";"6";"1";"0";"1";"2";"0"
"24809";"85836303";"24809";"19";"1";"1";"7";"6";"0";"2";"0";"1";"0"
"24810";"85836401";"24810";"52";"1";"1";"7";"6";"0";"1";"0";"1";"0"
"24811";"85836402";"24811";"14";"1";"1";"7";"6";"0";"2";"1";"1";"0"
"24812";"85836402";"24812";"14";"1";"3";"2";"6";"0";"1";"1";"1";"0"
"24813";"85836404";"24813";"14";"1";"1";"7";"6";"0";"1";"1";"1";"0"
"24814";"85836404";"24814";"71";"1";"1";"7";"6";"0";"1";"1";"1";"0"
"24815";"85836404";"24815";"71";"1";"1";"7";"6";"0";"1";"1";"1";"0"
"24816";"85836404";"24816";"17";"1";"1";"7";"2";"0";"1";"1";"1";"0"
"24817";"85836404";"24817";"17";"3";"1";"7";"2";"0";"1";"1";"1";"0"
"24818";"85836405";"24818";"14";"1";"1";"7";"4";"0";"1";"1";"1";"0"
"24819";"85836405";"6617";"31";"1";"1";"7";"7";"0";"1";"1";"1";"0"
"24820";"85836503";"24820";"16";"1";"1";"7";"4";"0";"1";"3";"1";"0"
"24821";"85836503";"24821";"17";"2";"1";"7";"1";"0";"1";"1";"1";"0"
"24822";"85836503";"24822";"17";"1";"1";"7";"2";"0";"1";"1";"1";"0"
"24823";"85836503";"24823";"71";"1";"2";"1";"6";"0";"1";"1";"1";"0"
"24824";"85836503";"24824";"16";"3";"3";"1";"5";"0";"2";"0";"1";"0"
"24825";"85836503";"24825";"17";"3";"4";"1";"2";"0";"1";"0";"1";"0"
"24826";"85836503";"24826";"19";"1";"3";"1";"4";"0";"1";"1";"1";"0"
"24827";"85836508";"24827";"81";"1";"1";"7";"6";"0";"1";"1";"1";"0"
"24828";"85836508";"24828";"52";"2";"1";"7";"0";"0";"3";"0";"1";"0"
"24829";"85837101";"24829";"17";"1";"1";"7";"2";"0";"1";"1";"1";"0"
"24830";"85837101";"24830";"17";"1";"1";"7";"2";"0";"1";"1";"1";"0"
"24831";"85837101";"24831";"51";"3";"1";"7";"6";"0";"1";"1";"1";"0"
"24832";"85837101";"24832";"11";"1";"1";"7";"6";"0";"1";"2";"1";"0"
"24833";"85837101";"24833";"16";"3";"1";"7";"6";"0";"1";"3";"1";"0"
"24834";"85837101";"24834";"11";"1";"3";"1";"6";"0";"1";"1";"1";"0"
"24835";"85837103";"24835";"51";"1";"3";"1";"0";"0";"4";"0";"1";"0"
"24836";"85837103";"23621";"19";"1";"1";"7";"3";"0";"1";"1";"1";"0"
"24837";"85837301";"24837";"14";"1";"1";"7";"6";"0";"1";"1";"1";"0"
"24838";"85837302";"24838";"14";"1";"1";"7";"6";"0";"2";"1";"1";"0"
"24839";"85837402";"24839";"19";"3";"1";"7";"3";"0";"1";"1";"1";"0"
"24840";"85837402";"24840";"18";"1";"1";"7";"6";"0";"2";"5";"1";"0"
"24841";"85837402";"24841";"17";"3";"3";"2";"2";"0";"1";"1";"1";"0"
"24842";"85837402";"24842";"17";"3";"3";"1";"2";"0";"1";"1";"1";"0"
"24843";"85837402";"24843";"72";"3";"1";"7";"3";"0";"1";"1";"1";"0"
"24844";"85837402";"24844";"17";"1";"1";"7";"2";"0";"1";"1";"1";"0"
"24845";"85837402";"24845";"51";"3";"1";"1";"6";"0";"1";"0";"1";"0"
"24846";"85837402";"372";"17";"3";"1";"7";"2";"1";"0";"1";"2";"0"
"24847";"85837402";"24847";"19";"1";"1";"7";"4";"0";"1";"1";"1";"0"
"24848";"85837402";"24848";"20";"3";"1";"7";"2";"0";"1";"1";"1";"0"
"24849";"85837403";"24849";"51";"1";"1";"7";"6";"0";"1";"1";"1";"0"