"accident_id";"lieu_id";"date_id";"cause_id";"lum_id";"intemp_id";"etat_surface_id";"impliq_id";"nb_blesses_graves";"nb_blesses_legers";"nb_indemnes";"gravite";"nb_morts"
"25470";"85861204";"25470";"11";"3";"1";"7";"6";"1";"0";"1";"2";"0"
"25471";"85861205";"25471";"11";"1";"1";"7";"8";"0";"1";"1";"1";"0"
"25472";"85861205";"25472";"11";"1";"1";"7";"8";"0";"2";"1";"1";"0"
"25473";"85861205";"25473";"71";"1";"1";"7";"6";"0";"1";"1";"1";"0"
"25474";"85861205";"25474";"18";"1";"1";"7";"4";"0";"1";"1";"1";"0"
"25475";"85861205";"25475";"11";"1";"1";"7";"2";"0";"1";"1";"1";"0"
"25476";"85861205";"25476";"11";"1";"1";"7";"8";"0";"1";"1";"1";"0"
"25477";"85861205";"25477";"12";"1";"1";"7";"5";"0";"1";"1";"1";"0"
"25478";"85861205";"25478";"11";"1";"2";"1";"4";"0";"1";"1";"1";"0"
"25479";"85861211";"25479";"51";"1";"1";"7";"4";"0";"1";"1";"1";"0"
"25480";"85861211";"25480";"17";"1";"1";"7";"2";"0";"1";"1";"1";"0"
"25481";"85861211";"2221";"17";"1";"1";"1";"2";"0";"1";"1";"1";"0"
"25482";"85861211";"25482";"17";"1";"3";"2";"2";"0";"1";"1";"1";"0"
"25483";"85861211";"25483";"36";"1";"1";"7";"3";"0";"1";"1";"1";"0"
"25484";"85861211";"25484";"14";"3";"3";"1";"6";"0";"1";"0";"1";"0"
"25485";"85861211";"25485";"71";"1";"1";"7";"4";"0";"1";"1";"1";"0"
"25486";"85861211";"25486";"51";"1";"1";"7";"6";"0";"1";"1";"1";"0"
"25487";"85861211";"25487";"11";"1";"1";"7";"6";"0";"1";"1";"1";"0"
"25488";"85861211";"25488";"71";"1";"1";"7";"6";"1";"0";"1";"2";"0"
"25489";"85861217";"25489";"24";"1";"1";"7";"2";"0";"1";"1";"1";"0"
"25490";"85861301";"25490";"11";"1";"1";"7";"6";"0";"1";"1";"1";"0"
"25491";"85861301";"25491";"11";"3";"1";"7";"6";"1";"0";"1";"2";"0"
"25492";"85861301";"25492";"11";"1";"1";"7";"2";"0";"1";"1";"1";"0"
"25493";"85861302";"25493";"71";"2";"2";"2";"6";"0";"1";"1";"1";"0"
"25494";"85861302";"25494";"71";"1";"1";"7";"4";"1";"1";"0";"2";"0"
"25495";"85861302";"25495";"13";"1";"1";"7";"4";"0";"1";"1";"1";"0"
"25496";"85861302";"23252";"51";"1";"1";"7";"6";"0";"1";"1";"1";"0"
"25497";"85861302";"25497";"35";"1";"1";"7";"3";"0";"1";"1";"1";"0"
"25498";"85861302";"25498";"16";"3";"1";"1";"5";"0";"1";"1";"1";"0"
"25499";"85861302";"25499";"81";"3";"3";"1";"6";"2";"3";"0";"2";"0"
"25500";"85861302";"25500";"17";"1";"2";"1";"2";"1";"0";"1";"2";"0"
"25501";"85861304";"25501";"31";"1";"1";"7";"6";"0";"1";"1";"1";"0"
"25502";"85861304";"25502";"35";"1";"1";"7";"3";"0";"1";"1";"1";"0"
"25503";"85861304";"25503";"13";"1";"1";"7";"6";"0";"1";"1";"1";"0"
"25504";"85861304";"25504";"17";"1";"1";"7";"2";"0";"1";"1";"1";"0"
"25505";"85861304";"25505";"52";"3";"1";"7";"0";"0";"1";"0";"1";"0"
"25506";"85861401";"25506";"41";"1";"2";"2";"6";"0";"1";"1";"1";"0"
"25507";"85861401";"25507";"41";"1";"3";"1";"6";"0";"1";"1";"1";"0"
"25508";"85861401";"25508";"19";"1";"1";"7";"6";"0";"1";"1";"1";"0"
"25509";"85861401";"9987";"64";"1";"1";"7";"6";"0";"1";"1";"1";"0"
"25510";"85861401";"25510";"19";"1";"1";"7";"6";"0";"1";"1";"1";"0"
"25511";"85861502";"25511";"52";"3";"3";"1";"0";"0";"1";"0";"1";"0"
"25512";"85861502";"25512";"72";"2";"1";"7";"6";"0";"1";"1";"1";"0"
"25513";"85861502";"25513";"15";"1";"1";"7";"4";"0";"1";"1";"1";"0"
"25514";"85861502";"25514";"11";"2";"1";"7";"3";"0";"1";"1";"1";"0"
"25515";"85861502";"25515";"17";"3";"7";"1";"2";"1";"0";"1";"2";"0"
"25516";"85861502";"25516";"81";"3";"1";"7";"6";"0";"2";"1";"1";"0"
"25517";"85861502";"25517";"11";"3";"1";"7";"4";"0";"1";"1";"1";"0"
"25518";"85861503";"25518";"17";"1";"1";"7";"2";"0";"1";"1";"1";"0"
"25519";"85861503";"25519";"51";"1";"3";"1";"6";"0";"1";"1";"1";"0"
"25520";"85861505";"25520";"52";"1";"1";"7";"6";"0";"1";"1";"1";"0"
"25521";"85861505";"25521";"17";"1";"1";"7";"2";"0";"1";"2";"1";"0"
"25522";"85862101";"25522";"81";"3";"1";"7";"6";"0";"3";"0";"1";"0"
"25523";"85862101";"25523";"71";"1";"1";"1";"6";"1";"0";"1";"2";"0"
"25524";"85862101";"25524";"16";"1";"1";"7";"6";"0";"1";"1";"1";"0"
"25525";"85862101";"25525";"14";"2";"1";"7";"6";"0";"1";"1";"1";"0"
"25526";"85862101";"25526";"16";"1";"3";"1";"6";"0";"1";"1";"1";"0"
"25527";"85862101";"25527";"14";"1";"1";"7";"6";"0";"1";"1";"1";"0"
"25528";"85862101";"25528";"11";"1";"1";"7";"6";"0";"2";"0";"1";"0"
"25529";"85862101";"25529";"16";"1";"1";"1";"6";"0";"1";"1";"1";"0"
"25530";"85862101";"25530";"19";"1";"1";"7";"6";"0";"2";"1";"1";"0"
"25531";"85862101";"25531";"11";"3";"3";"1";"6";"0";"3";"0";"1";"0"
"25532";"85862101";"25532";"71";"1";"1";"2";"6";"0";"2";"1";"1";"0"
"25533";"85862101";"13316";"11";"1";"1";"7";"6";"1";"0";"1";"2";"0"
"25534";"85862101";"25534";"11";"1";"7";"1";"6";"0";"1";"1";"1";"0"
"25535";"85862101";"25535";"11";"1";"1";"7";"6";"0";"1";"1";"1";"0"
"25536";"85862101";"25536";"11";"1";"1";"7";"6";"0";"2";"0";"1";"0"
"25537";"85862101";"25537";"11";"1";"1";"7";"6";"0";"1";"1";"1";"0"
"25538";"85862101";"25538";"15";"1";"1";"7";"6";"0";"1";"2";"1";"0"
"25539";"85862101";"25539";"11";"3";"1";"7";"6";"0";"3";"0";"1";"0"
"25540";"85862101";"25540";"11";"1";"1";"7";"6";"0";"1";"1";"1";"0"
"25541";"85862101";"25541";"17";"1";"1";"7";"2";"0";"2";"0";"1";"0"
"25542";"85862101";"25542";"81";"3";"1";"7";"6";"0";"1";"1";"1";"0"
"25543";"85862101";"18445";"11";"3";"1";"7";"6";"0";"2";"0";"1";"0"
"25544";"85862101";"25544";"19";"1";"1";"7";"6";"0";"4";"2";"1";"0"
"25545";"85862101";"25545";"15";"3";"3";"1";"6";"0";"1";"0";"1";"0"
"25546";"85862103";"25546";"52";"3";"1";"1";"0";"0";"1";"0";"1";"0"
"25547";"85862201";"25547";"71";"1";"1";"7";"4";"0";"1";"1";"1";"0"
"25548";"85862201";"25548";"71";"1";"3";"1";"6";"0";"1";"1";"1";"0"
"25549";"85862201";"25549";"17";"1";"1";"7";"2";"0";"1";"1";"1";"0"
"25550";"85862203";"25550";"51";"1";"1";"7";"3";"0";"1";"0";"1";"0"
"25551";"85862203";"25551";"21";"3";"3";"5";"5";"0";"1";"1";"1";"0"
"25552";"85862204";"25552";"21";"1";"1";"1";"6";"0";"1";"1";"1";"0"
"25553";"85862204";"25553";"16";"1";"1";"7";"4";"0";"1";"1";"1";"0"
"25554";"85862301";"25554";"11";"1";"1";"7";"6";"1";"0";"1";"2";"0"
"25555";"85862301";"25555";"11";"1";"3";"1";"3";"0";"2";"0";"1";"0"
"25556";"85862301";"25556";"11";"3";"3";"1";"6";"0";"1";"0";"1";"0"
"25557";"85862306";"25557";"13";"1";"1";"7";"6";"0";"1";"1";"1";"0"
"25558";"85862306";"25558";"13";"1";"1";"7";"6";"0";"1";"0";"1";"0"
"25559";"85862306";"25559";"13";"1";"1";"7";"6";"0";"1";"1";"1";"0"
"25560";"85862306";"25560";"51";"2";"3";"2";"6";"0";"1";"2";"1";"0"
"25561";"85862306";"25561";"13";"1";"1";"7";"5";"0";"1";"1";"1";"0"
"25562";"85862306";"25562";"16";"1";"1";"7";"4";"0";"1";"1";"1";"0"
"25563";"85862320";"25563";"71";"1";"1";"7";"6";"0";"1";"1";"1";"0"
"25564";"85862403";"25564";"14";"1";"3";"1";"6";"0";"1";"1";"1";"0"
"25565";"85862406";"25565";"32";"1";"1";"7";"6";"0";"1";"1";"1";"0"
"25566";"85862406";"25566";"41";"3";"3";"1";"6";"0";"1";"1";"1";"0"
"25567";"85862406";"25567";"11";"1";"3";"1";"6";"0";"1";"1";"1";"0"
"25568";"85862407";"25568";"11";"1";"1";"7";"6";"0";"1";"1";"1";"0"
"25569";"85862407";"25569";"81";"1";"1";"7";"0";"0";"1";"0";"1";"0"
"25570";"85862407";"25570";"11";"1";"1";"1";"6";"0";"2";"0";"1";"0"
"25571";"85862503";"25571";"71";"1";"1";"7";"5";"0";"2";"0";"1";"0"
"25572";"85863101";"25572";"20";"1";"1";"7";"6";"0";"1";"1";"1";"0"
"25573";"85863105";"25573";"11";"1";"1";"1";"6";"0";"1";"1";"1";"0"
"25574";"85863202";"25574";"11";"1";"1";"7";"6";"0";"3";"1";"1";"0"
"25575";"85863202";"25575";"11";"1";"1";"7";"6";"0";"1";"1";"1";"0"
"25576";"85863202";"25576";"11";"1";"1";"7";"6";"0";"1";"1";"1";"0"
"25577";"85863202";"25577";"11";"1";"1";"7";"6";"0";"1";"1";"1";"0"
"25578";"85863202";"25578";"51";"1";"1";"7";"6";"0";"1";"1";"1";"0"
"25579";"85863210";"25579";"72";"1";"1";"7";"6";"0";"1";"1";"1";"0"
"25580";"85863303";"25580";"51";"3";"3";"1";"6";"1";"0";"1";"2";"0"
"25581";"85863303";"25581";"51";"3";"1";"7";"6";"0";"1";"0";"1";"0"
"25582";"85863401";"25582";"11";"3";"2";"1";"6";"0";"1";"2";"1";"0"
"25583";"85863401";"25583";"11";"1";"3";"2";"6";"1";"0";"1";"2";"0"
"25584";"85863401";"25584";"11";"1";"1";"7";"6";"0";"3";"0";"1";"0"
"25585";"85863401";"25585";"51";"1";"1";"7";"3";"0";"1";"1";"1";"0"
"25586";"85863401";"25586";"11";"1";"1";"1";"6";"0";"1";"1";"1";"0"
"25587";"85863401";"25587";"11";"1";"3";"1";"6";"0";"1";"1";"1";"0"
"25588";"85863401";"25588";"11";"1";"1";"7";"6";"0";"1";"2";"1";"0"
"25589";"85863401";"25589";"81";"3";"1";"7";"6";"0";"2";"0";"1";"0"
"25590";"85863401";"25590";"23";"1";"1";"7";"4";"0";"1";"1";"1";"0"
"25591";"85863401";"25591";"11";"3";"1";"7";"6";"0";"1";"1";"1";"0"
"25592";"85863401";"25592";"17";"3";"3";"1";"2";"0";"1";"1";"1";"0"
"25593";"85863401";"25593";"11";"3";"1";"1";"4";"0";"2";"1";"1";"0"
"25594";"85863401";"25594";"31";"2";"1";"7";"4";"0";"1";"1";"1";"0"
"25595";"85863401";"25595";"17";"1";"3";"1";"2";"0";"1";"1";"1";"0"
"25596";"85863402";"25596";"81";"3";"1";"7";"6";"0";"1";"1";"1";"0"
"25597";"85863402";"25597";"13";"3";"1";"1";"5";"1";"0";"1";"2";"0"
"25598";"85863402";"25598";"71";"2";"1";"7";"5";"0";"2";"0";"1";"0"
"25599";"85863402";"25599";"17";"1";"1";"7";"1";"0";"1";"0";"1";"0"
"25600";"85863402";"25600";"41";"3";"4";"3";"6";"0";"2";"1";"1";"0"
"25601";"85863402";"25601";"41";"3";"1";"4";"6";"0";"1";"0";"1";"0"
"25602";"85863402";"25602";"13";"1";"1";"2";"4";"0";"1";"1";"1";"0"
"25603";"85863402";"25603";"16";"1";"1";"7";"5";"0";"1";"1";"1";"0"
"25604";"85863402";"25604";"41";"1";"3";"1";"6";"0";"3";"0";"1";"0"
"25605";"85863402";"25605";"16";"3";"1";"7";"4";"0";"1";"1";"1";"0"
"25606";"85863402";"25606";"16";"1";"1";"7";"6";"0";"1";"1";"1";"0"
"25607";"85863402";"25607";"16";"1";"1";"7";"4";"0";"1";"1";"1";"0"
"25608";"85863402";"25608";"13";"1";"3";"1";"6";"0";"1";"1";"1";"0"
"25609";"85863402";"25609";"17";"1";"1";"7";"1";"0";"1";"1";"1";"0"
"25610";"85863402";"25610";"41";"1";"1";"7";"6";"0";"1";"1";"1";"0"
"25611";"85863502";"25611";"14";"1";"1";"7";"6";"0";"1";"1";"1";"0"
"25612";"85863502";"25612";"14";"2";"3";"2";"3";"0";"1";"1";"1";"0"
"25613";"85863502";"25613";"14";"1";"1";"7";"6";"0";"3";"1";"1";"0"
"25614";"85863502";"25614";"14";"1";"1";"7";"6";"0";"1";"1";"1";"0"
"25615";"85863502";"25615";"14";"1";"1";"1";"6";"0";"1";"1";"1";"0"
"25616";"85863502";"25616";"19";"1";"1";"7";"6";"0";"1";"1";"1";"0"
"25617";"85863502";"25617";"19";"1";"1";"7";"6";"1";"2";"0";"2";"0"
"25618";"85863502";"25618";"19";"1";"1";"7";"5";"0";"1";"1";"1";"0"
"25619";"85863502";"25619";"19";"1";"1";"7";"3";"0";"1";"1";"1";"0"
"25620";"85863502";"25620";"19";"3";"1";"7";"6";"0";"1";"0";"1";"0"
"25621";"85863502";"25621";"19";"3";"1";"7";"4";"0";"1";"1";"1";"0"
"25622";"85864102";"25622";"11";"1";"1";"7";"6";"1";"0";"1";"2";"0"
"25623";"85864102";"25623";"19";"1";"2";"1";"6";"0";"1";"1";"1";"0"
"25624";"85864102";"25624";"81";"3";"1";"7";"6";"0";"3";"0";"1";"0"
"25625";"85864102";"25625";"11";"3";"2";"1";"6";"0";"1";"1";"1";"0"
"25626";"85864102";"25626";"11";"1";"1";"7";"6";"0";"4";"1";"1";"0"
"25627";"85864102";"25627";"11";"1";"1";"7";"6";"0";"1";"1";"1";"0"
"25628";"85864102";"25628";"11";"1";"3";"1";"6";"0";"5";"0";"1";"0"
"25629";"85864201";"25629";"81";"1";"1";"7";"6";"0";"1";"1";"1";"0"
"25630";"85864201";"25630";"52";"3";"1";"7";"0";"0";"2";"0";"1";"0"
"25631";"85864201";"25631";"24";"1";"1";"7";"3";"0";"1";"1";"1";"0"
"25632";"85864201";"25632";"19";"1";"1";"7";"6";"0";"1";"1";"1";"0"
"25633";"85864201";"25633";"19";"1";"2";"1";"6";"1";"0";"1";"2";"0"
"25634";"85864204";"25634";"19";"3";"1";"7";"4";"0";"1";"1";"1";"0"
"25635";"85864204";"19399";"19";"1";"1";"7";"4";"0";"1";"1";"1";"0"
"25636";"85864204";"25636";"72";"1";"1";"7";"6";"0";"1";"1";"1";"0"
"25637";"85864204";"25637";"19";"1";"2";"2";"6";"0";"1";"2";"1";"0"
"25638";"85864204";"25638";"71";"3";"1";"2";"5";"0";"1";"1";"1";"0"
"25639";"85864204";"25639";"19";"1";"1";"7";"6";"0";"5";"0";"1";"0"
"25640";"85864204";"25640";"19";"3";"2";"1";"6";"0";"1";"1";"1";"0"
"25641";"85864204";"25641";"81";"1";"3";"1";"6";"0";"2";"0";"1";"0"
"25642";"85864204";"25642";"19";"3";"1";"7";"6";"0";"2";"0";"1";"0"
"25643";"85864401";"25643";"14";"1";"1";"7";"6";"0";"2";"1";"1";"0"
"25644";"85864401";"25644";"14";"1";"1";"7";"6";"0";"1";"1";"1";"0"
"25645";"85864401";"25645";"14";"1";"1";"1";"6";"0";"1";"1";"1";"0"
"25646";"85864401";"25646";"14";"3";"1";"7";"6";"0";"3";"0";"1";"0"
"25647";"85864401";"25647";"81";"3";"1";"7";"6";"0";"1";"1";"1";"0"
"25648";"85864401";"25648";"14";"1";"3";"1";"6";"0";"3";"0";"1";"0"
"25649";"85864401";"25649";"14";"1";"1";"7";"4";"0";"1";"1";"1";"0"
"25650";"85864401";"25650";"13";"1";"1";"7";"6";"1";"0";"1";"2";"0"
"25651";"85864401";"25651";"71";"1";"1";"7";"6";"1";"0";"1";"2";"0"
"25652";"85864401";"25652";"14";"1";"1";"7";"4";"0";"1";"1";"1";"0"
"25653";"85864401";"25653";"16";"3";"1";"1";"3";"0";"2";"1";"1";"0"
"25654";"85864401";"25654";"14";"1";"1";"7";"6";"0";"1";"1";"1";"0"
"25655";"85864401";"25655";"14";"3";"1";"7";"6";"0";"1";"1";"1";"0"
"25656";"85864401";"25656";"14";"1";"1";"7";"6";"0";"1";"0";"1";"0"
"25657";"85864403";"25657";"41";"1";"1";"7";"6";"0";"1";"1";"1";"0"
"25658";"85864403";"25658";"14";"3";"4";"2";"6";"1";"0";"1";"2";"0"
"25659";"85864403";"25659";"14";"1";"1";"7";"6";"0";"1";"1";"1";"0"
"25660";"85864503";"25660";"13";"2";"3";"2";"4";"0";"1";"1";"1";"0"
"25661";"85864503";"25661";"19";"1";"1";"7";"6";"0";"1";"1";"1";"0"
"25662";"85864503";"25662";"13";"1";"1";"7";"4";"0";"2";"1";"1";"0"
"25663";"85864503";"25663";"17";"1";"1";"7";"2";"0";"1";"1";"1";"0"
"25664";"85864503";"25664";"19";"1";"3";"1";"3";"0";"1";"1";"1";"0"
"25665";"85864503";"25665";"19";"1";"1";"7";"4";"0";"1";"1";"1";"0"
"25666";"85864504";"25666";"13";"3";"3";"1";"6";"0";"2";"0";"1";"0"
"25667";"85864504";"25667";"81";"2";"1";"7";"4";"1";"0";"1";"2";"0"
"25668";"85864504";"25668";"13";"1";"1";"7";"4";"1";"0";"2";"2";"0"
"25669";"85864504";"25669";"63";"1";"1";"7";"4";"0";"1";"1";"1";"0"
"25670";"85864504";"25670";"13";"1";"1";"7";"4";"0";"1";"1";"1";"0"
"25671";"85864504";"25671";"13";"2";"1";"1";"6";"0";"1";"3";"1";"0"
"25672";"85864504";"25672";"16";"1";"1";"7";"6";"0";"1";"2";"1";"0"
"25673";"85864504";"25673";"23";"3";"3";"1";"6";"0";"1";"1";"1";"0"
"25674";"85864504";"25674";"18";"3";"1";"7";"5";"0";"1";"1";"1";"0"
"25675";"85865102";"25675";"16";"1";"1";"7";"4";"0";"1";"1";"1";"0"
"25676";"85865102";"25676";"11";"1";"3";"2";"6";"1";"0";"1";"2";"0"
"25677";"85865102";"19544";"11";"1";"1";"7";"6";"0";"0";"1";"3";"0"
"25678";"85865102";"25678";"11";"1";"1";"7";"6";"0";"2";"1";"1";"0"
"25679";"85865103";"25679";"72";"1";"6";"1";"6";"1";"0";"1";"2";"0"
"25680";"85865103";"25680";"51";"1";"1";"7";"6";"0";"1";"1";"1";"0"
"25681";"85865103";"25681";"72";"1";"1";"7";"6";"0";"1";"1";"1";"0"
"25682";"85865103";"25682";"71";"1";"1";"7";"6";"1";"0";"1";"2";"0"
"25683";"85865205";"25683";"71";"1";"1";"7";"4";"0";"2";"0";"1";"0"
"25684";"85865207";"25684";"17";"1";"1";"7";"2";"0";"1";"1";"1";"0"
"25685";"85865207";"25685";"16";"1";"1";"7";"4";"1";"0";"1";"2";"0"
"25686";"85865207";"25686";"16";"1";"1";"7";"4";"1";"0";"1";"2";"0"
"25687";"85865207";"25687";"72";"1";"1";"7";"6";"0";"1";"1";"1";"0"
"25688";"85865207";"25688";"17";"1";"3";"1";"2";"0";"1";"1";"1";"0"
"25689";"85865207";"25689";"17";"1";"1";"7";"1";"1";"0";"1";"2";"0"
"25690";"85865305";"25690";"18";"1";"1";"7";"6";"0";"1";"1";"1";"0"
"25691";"85865306";"25691";"13";"3";"1";"7";"6";"0";"2";"0";"1";"0"
"25692";"85865306";"25692";"13";"1";"1";"7";"6";"0";"1";"1";"1";"0"
"25693";"85865306";"25693";"16";"1";"1";"7";"6";"0";"1";"2";"1";"0"
"25694";"85865306";"25694";"13";"2";"3";"1";"4";"0";"1";"1";"1";"0"
"25695";"85865306";"25695";"13";"1";"1";"2";"6";"0";"2";"1";"1";"0"
"25696";"85865306";"25696";"52";"1";"1";"7";"0";"0";"2";"1";"1";"0"
"25697";"85865306";"25697";"13";"1";"1";"7";"6";"0";"1";"1";"1";"0"
"25698";"85865306";"25698";"16";"1";"1";"7";"6";"1";"0";"1";"2";"0"
"25699";"85865306";"25699";"13";"1";"1";"7";"4";"0";"1";"1";"1";"0"
"25700";"85865306";"25700";"81";"1";"1";"7";"6";"0";"1";"1";"1";"0"
"25701";"85865306";"25701";"17";"1";"1";"7";"2";"0";"1";"1";"1";"0"
"25702";"85865306";"25702";"13";"1";"1";"7";"6";"0";"1";"1";"1";"0"
"25703";"85865306";"25703";"13";"1";"1";"7";"6";"0";"3";"0";"1";"0"
"25704";"85865306";"25704";"13";"1";"1";"7";"4";"0";"1";"1";"1";"0"
"25705";"85865306";"25705";"13";"1";"1";"7";"6";"0";"2";"0";"1";"0"
"25706";"85865306";"25706";"13";"1";"1";"7";"4";"0";"1";"1";"1";"0"
"25707";"85865306";"25707";"13";"1";"1";"7";"6";"0";"1";"1";"1";"0"
"25708";"85865306";"25708";"13";"2";"1";"7";"6";"0";"2";"0";"1";"0"
"25709";"85865306";"25709";"13";"3";"1";"1";"3";"0";"1";"1";"1";"0"
"25710";"85865306";"25710";"13";"3";"3";"1";"3";"0";"1";"1";"1";"0"
"25711";"85865306";"25711";"13";"1";"1";"7";"6";"1";"0";"1";"2";"0"
"25712";"85865306";"25712";"13";"1";"1";"7";"6";"0";"1";"1";"1";"0"
"25713";"85865306";"25713";"13";"3";"1";"7";"6";"1";"0";"1";"2";"0"
"25714";"85865306";"25714";"13";"1";"3";"1";"6";"0";"1";"1";"1";"0"
"25715";"85865306";"25715";"16";"1";"1";"7";"6";"0";"2";"0";"1";"0"
"25716";"85865306";"25716";"11";"1";"2";"1";"6";"0";"1";"1";"1";"0"
"25717";"85865306";"25717";"51";"2";"1";"7";"4";"0";"1";"1";"1";"0"
"25718";"85865401";"25718";"14";"1";"1";"7";"5";"0";"1";"1";"1";"0"
"25719";"85865502";"25719";"21";"1";"1";"7";"6";"0";"1";"1";"1";"0"
"25720";"85865502";"25720";"14";"1";"1";"7";"6";"0";"1";"1";"1";"0"
"25721";"85865503";"25721";"14";"3";"1";"7";"6";"0";"1";"1";"1";"0"
"25722";"85865503";"25722";"81";"3";"1";"7";"0";"0";"3";"0";"1";"0"
"25723";"85865503";"25723";"51";"1";"1";"7";"4";"1";"0";"1";"2";"0"
"25724";"85865503";"25724";"14";"1";"1";"1";"6";"0";"1";"1";"1";"0"
"25725";"85865503";"25725";"14";"3";"1";"7";"6";"0";"4";"0";"1";"0"
"25726";"85865503";"25726";"14";"5";"1";"7";"6";"0";"1";"1";"1";"0"
"25727";"85865504";"25727";"14";"3";"1";"7";"6";"0";"1";"1";"1";"0"
"25728";"85865504";"25728";"16";"1";"3";"1";"6";"0";"2";"1";"1";"0"
"25729";"85865505";"25729";"52";"2";"1";"7";"0";"1";"0";"0";"2";"0"
"25730";"85865505";"25730";"71";"1";"1";"7";"6";"0";"1";"1";"1";"0"
"25731";"85865507";"25731";"72";"1";"1";"7";"6";"0";"1";"1";"1";"0"
"25732";"85866102";"25732";"13";"3";"1";"1";"6";"0";"1";"1";"1";"0"
"25733";"85866103";"25733";"71";"3";"3";"1";"6";"0";"1";"1";"1";"0"
"25734";"85866207";"25734";"82";"1";"1";"7";"6";"0";"1";"0";"1";"0"
"25735";"85866304";"25735";"14";"1";"1";"7";"6";"0";"2";"1";"1";"0"
"25736";"85866304";"25736";"19";"1";"1";"7";"4";"0";"1";"1";"1";"0"
"25737";"85866304";"25737";"17";"1";"1";"7";"1";"1";"0";"1";"2";"0"
"25738";"85866304";"25738";"13";"3";"3";"2";"4";"0";"1";"1";"1";"0"
"25739";"85866304";"25739";"19";"2";"1";"7";"6";"0";"1";"1";"1";"0"
"25740";"85866304";"25740";"19";"3";"3";"1";"6";"0";"1";"1";"1";"0"
"25741";"85866304";"13833";"19";"3";"1";"7";"6";"0";"2";"0";"1";"0"
"25742";"85866304";"25742";"19";"1";"1";"7";"6";"0";"1";"2";"1";"0"
"25743";"85866304";"25743";"19";"1";"1";"7";"6";"0";"1";"3";"1";"0"
"25744";"85866304";"25744";"19";"1";"1";"7";"7";"0";"2";"0";"1";"0"
"25745";"85866307";"25745";"51";"1";"1";"7";"6";"0";"1";"1";"1";"0"
"25746";"85866307";"25746";"21";"3";"1";"7";"6";"0";"1";"1";"1";"0"
"25747";"85866309";"25747";"51";"2";"1";"2";"3";"0";"1";"1";"1";"0"
"25748";"85866402";"25748";"14";"2";"1";"7";"6";"0";"1";"1";"1";"0"
"25749";"85866402";"25749";"21";"1";"1";"1";"6";"0";"2";"1";"1";"0"
"25750";"85866402";"25750";"14";"1";"6";"7";"6";"0";"1";"2";"1";"0"
"25751";"85866502";"25751";"21";"1";"1";"1";"6";"0";"1";"1";"1";"0"
"25752";"85866502";"25752";"22";"1";"1";"7";"6";"0";"1";"1";"1";"0"
"25753";"85866505";"25753";"41";"1";"1";"7";"6";"0";"1";"1";"1";"0"
"25754";"85866515";"25754";"21";"1";"1";"7";"3";"0";"1";"1";"1";"0"
"25755";"85867102";"25755";"14";"1";"1";"7";"5";"0";"3";"0";"1";"0"
"25756";"85867201";"23619";"14";"1";"2";"1";"6";"0";"1";"1";"1";"0"
"25757";"85867202";"25757";"52";"1";"1";"1";"7";"1";"0";"1";"2";"0"
"25758";"85867203";"25758";"28";"1";"1";"7";"9";"0";"1";"1";"1";"0"
"25759";"85867204";"25759";"14";"2";"1";"7";"6";"0";"1";"1";"1";"0"
"25760";"85867306";"25760";"17";"1";"1";"7";"1";"0";"1";"1";"1";"0"
"25761";"85867407";"25761";"19";"1";"1";"7";"6";"0";"1";"1";"1";"0"
"25762";"85867502";"13257";"14";"1";"1";"7";"6";"0";"3";"0";"1";"0"
"25763";"85867502";"25763";"14";"1";"1";"7";"6";"0";"5";"0";"1";"0"
"25764";"85867502";"25764";"17";"1";"1";"1";"1";"0";"2";"1";"1";"0"
"25765";"85867502";"25765";"21";"1";"1";"7";"6";"0";"1";"1";"1";"0"
"25766";"85867502";"25766";"71";"1";"1";"7";"6";"0";"1";"1";"1";"0"
"25767";"85867502";"25767";"71";"2";"1";"1";"6";"0";"1";"1";"1";"0"
"25768";"85867502";"25768";"16";"3";"1";"7";"3";"0";"1";"1";"1";"0"
"25769";"85867502";"25769";"21";"1";"1";"7";"3";"0";"1";"1";"1";"0"
"25770";"85867502";"25770";"17";"1";"1";"7";"1";"0";"1";"1";"1";"0"
"25771";"85867502";"25771";"71";"1";"1";"7";"6";"0";"1";"1";"1";"0"
"25772";"85871109";"25772";"71";"3";"2";"2";"6";"0";"1";"1";"1";"0"
"25773";"85871109";"25773";"81";"1";"1";"7";"2";"0";"1";"1";"1";"0"
"25774";"85871109";"25774";"64";"1";"1";"7";"6";"0";"2";"0";"1";"0"
"25775";"85871109";"25775";"14";"1";"1";"7";"3";"0";"1";"1";"1";"0"
"25776";"85871111";"25776";"85";"3";"1";"7";"6";"0";"1";"1";"1";"0"
"25777";"85871111";"25777";"81";"3";"1";"7";"3";"0";"1";"1";"1";"0"
"25778";"85871111";"25778";"13";"1";"3";"1";"6";"0";"1";"1";"1";"0"
"25779";"85871111";"25779";"13";"1";"2";"1";"6";"0";"1";"1";"1";"0"