"accident_id";"lieu_id";"date_id";"cause_id";"lum_id";"intemp_id";"etat_surface_id";"impliq_id";"nb_blesses_graves";"nb_blesses_legers";"nb_indemnes";"gravite";"nb_morts"
"25780";"85871111";"25780";"17";"3";"1";"7";"2";"0";"1";"1";"1";"0"
"25781";"85871202";"25781";"31";"1";"1";"7";"6";"0";"1";"1";"1";"0"
"25782";"85871202";"25782";"52";"1";"1";"7";"2";"1";"0";"1";"2";"0"
"25783";"85871202";"25783";"71";"1";"1";"7";"4";"0";"2";"0";"1";"0"
"25784";"85871202";"25784";"13";"1";"1";"7";"3";"0";"1";"2";"1";"0"
"25785";"85871202";"25785";"51";"1";"1";"7";"6";"0";"1";"1";"1";"0"
"25786";"85871202";"25786";"22";"1";"1";"7";"6";"0";"2";"2";"1";"0"
"25787";"85871202";"25787";"11";"1";"1";"1";"4";"0";"1";"1";"1";"0"
"25788";"85871202";"25788";"13";"1";"1";"7";"4";"0";"1";"1";"1";"0"
"25789";"85871202";"25789";"21";"1";"1";"7";"8";"0";"1";"1";"1";"0"
"25790";"85871206";"14347";"13";"1";"1";"7";"5";"0";"1";"1";"1";"0"
"25791";"85871206";"25791";"13";"2";"3";"2";"4";"0";"1";"1";"1";"0"
"25792";"85871206";"25792";"13";"1";"1";"7";"4";"0";"2";"0";"1";"0"
"25793";"85871206";"25793";"71";"3";"4";"1";"6";"0";"1";"1";"1";"0"
"25794";"85871206";"25794";"17";"1";"1";"7";"1";"0";"1";"1";"1";"0"
"25795";"85871206";"25795";"13";"1";"1";"7";"4";"0";"1";"1";"1";"0"
"25796";"85871206";"25796";"17";"3";"2";"1";"2";"0";"1";"1";"1";"0"
"25797";"85871206";"25797";"16";"3";"1";"7";"4";"0";"1";"1";"1";"0"
"25798";"85871206";"25798";"73";"2";"1";"7";"6";"0";"1";"1";"1";"0"
"25799";"85871206";"25799";"23";"3";"1";"1";"4";"0";"1";"1";"1";"0"
"25800";"85871207";"25800";"13";"3";"3";"2";"4";"0";"2";"1";"1";"0"
"25801";"85871207";"25801";"81";"3";"1";"7";"0";"0";"1";"0";"1";"0"
"25802";"85871207";"25802";"63";"3";"1";"7";"4";"0";"1";"1";"1";"0"
"25803";"85871208";"25803";"52";"1";"1";"7";"0";"0";"1";"0";"1";"0"
"25804";"85871208";"25804";"13";"1";"1";"7";"4";"0";"1";"1";"1";"0"
"25805";"85871208";"25805";"13";"3";"1";"1";"6";"0";"1";"1";"1";"0"
"25806";"85871308";"25806";"14";"3";"1";"7";"6";"0";"1";"2";"1";"0"
"25807";"85871308";"25807";"71";"1";"3";"1";"6";"0";"1";"1";"1";"0"
"25808";"85871308";"25808";"19";"3";"3";"1";"6";"0";"4";"0";"1";"0"
"25809";"85871308";"25809";"19";"1";"1";"7";"6";"0";"1";"0";"1";"0"
"25810";"85871311";"25810";"23";"1";"1";"7";"6";"1";"1";"2";"2";"0"
"25811";"85872105";"25811";"24";"2";"1";"1";"3";"0";"1";"1";"1";"0"
"25812";"85872107";"25812";"31";"1";"1";"7";"6";"1";"0";"2";"2";"0"
"25813";"85872113";"25813";"21";"3";"1";"7";"6";"0";"4";"0";"1";"0"
"25814";"85872113";"25814";"21";"1";"1";"7";"6";"1";"1";"1";"2";"0"
"25815";"85872301";"2444";"21";"1";"3";"1";"6";"0";"2";"0";"1";"0"
"25816";"85872301";"25816";"21";"1";"1";"1";"6";"0";"1";"1";"1";"0"
"25817";"85872302";"25817";"13";"2";"3";"2";"6";"0";"2";"0";"1";"0"
"25818";"85872302";"25818";"13";"1";"1";"7";"4";"0";"1";"1";"1";"0"
"25819";"85872302";"25819";"13";"2";"3";"1";"4";"0";"1";"1";"1";"0"
"25820";"85872302";"25820";"13";"1";"1";"7";"5";"1";"0";"1";"2";"0"
"25821";"85872302";"25821";"16";"2";"1";"7";"4";"0";"1";"1";"1";"0"
"25822";"85872302";"25822";"13";"1";"3";"1";"6";"0";"2";"0";"1";"0"
"25823";"85872302";"25823";"13";"3";"1";"7";"6";"0";"1";"1";"1";"0"
"25824";"85872302";"25824";"13";"3";"3";"1";"6";"0";"1";"1";"1";"0"
"25825";"85872302";"25825";"16";"1";"1";"7";"4";"0";"1";"1";"1";"0"
"25826";"85872304";"25826";"21";"2";"1";"5";"3";"1";"0";"1";"2";"0"
"25827";"85872304";"25827";"13";"1";"1";"7";"6";"0";"1";"2";"1";"0"
"25828";"85872304";"25828";"52";"2";"1";"7";"6";"0";"1";"2";"1";"0"
"25829";"85872304";"25829";"13";"3";"1";"1";"4";"0";"1";"1";"1";"0"
"25830";"85872306";"25830";"72";"1";"1";"7";"6";"0";"1";"1";"1";"0"
"25831";"85872306";"25831";"71";"1";"1";"7";"5";"1";"0";"1";"2";"0"
"25832";"85872306";"25832";"51";"3";"1";"7";"6";"0";"1";"1";"1";"0"
"25833";"85872306";"25833";"16";"3";"1";"1";"3";"0";"2";"1";"1";"0"
"25834";"85872306";"25834";"13";"2";"3";"1";"6";"0";"1";"1";"1";"0"
"25835";"85872401";"25835";"75";"1";"3";"2";"6";"0";"1";"1";"1";"0"
"25836";"85872401";"25836";"13";"1";"1";"7";"5";"1";"2";"0";"2";"0"
"25837";"85872401";"25837";"52";"1";"1";"7";"0";"0";"1";"0";"1";"0"
"25838";"85872401";"25838";"71";"1";"3";"1";"6";"0";"1";"1";"1";"0"
"25839";"85872401";"25839";"16";"3";"3";"1";"4";"0";"1";"1";"1";"0"
"25840";"85872402";"25840";"14";"1";"1";"7";"6";"0";"1";"1";"1";"0"
"25841";"85872402";"25841";"14";"1";"1";"7";"4";"1";"0";"1";"2";"0"
"25842";"85872404";"25842";"13";"1";"3";"1";"6";"0";"3";"0";"1";"0"
"25843";"85872502";"25843";"31";"3";"1";"7";"6";"0";"2";"1";"1";"0"
"25844";"85872502";"3539";"16";"1";"1";"7";"4";"0";"1";"1";"1";"0"
"25845";"85872502";"4083";"16";"1";"3";"2";"6";"0";"1";"0";"1";"0"
"25846";"85873104";"25846";"14";"1";"1";"7";"6";"0";"1";"1";"1";"0"
"25847";"85873104";"25847";"19";"1";"1";"7";"6";"0";"1";"1";"1";"0"
"25848";"85873104";"25848";"19";"3";"1";"7";"6";"1";"0";"1";"2";"0"
"25849";"85873104";"25849";"35";"1";"1";"7";"3";"1";"0";"1";"2";"0"
"25850";"85873104";"25850";"19";"3";"1";"7";"4";"0";"1";"1";"1";"0"
"25851";"85873104";"25851";"16";"1";"1";"7";"6";"0";"1";"1";"1";"0"
"25852";"85873104";"25852";"19";"1";"1";"1";"4";"0";"1";"1";"1";"0"
"25853";"85873104";"25853";"71";"3";"1";"7";"6";"0";"1";"1";"1";"0"
"25854";"85873104";"25854";"19";"1";"1";"1";"6";"0";"2";"0";"1";"0"
"25855";"85873105";"25855";"71";"1";"1";"7";"6";"1";"0";"1";"2";"0"
"25856";"85873105";"12615";"19";"1";"1";"7";"3";"0";"1";"1";"1";"0"
"25857";"85873106";"25857";"14";"1";"3";"2";"6";"0";"2";"1";"1";"0"
"25858";"85873106";"25858";"16";"1";"1";"7";"4";"0";"1";"1";"1";"0"
"25859";"85873106";"25859";"19";"1";"1";"1";"6";"0";"1";"1";"1";"0"
"25860";"85873203";"25860";"72";"1";"1";"7";"6";"1";"0";"1";"2";"0"
"25861";"85873203";"25861";"51";"2";"3";"1";"3";"0";"1";"1";"1";"0"
"25862";"85873203";"25862";"16";"3";"1";"7";"4";"0";"1";"1";"1";"0"
"25863";"85873203";"25863";"16";"1";"1";"7";"3";"0";"1";"1";"1";"0"
"25864";"85873203";"25864";"16";"3";"1";"1";"3";"0";"1";"1";"1";"0"
"25865";"85873205";"25865";"71";"1";"1";"7";"6";"0";"1";"1";"1";"0"
"25866";"85873205";"25866";"17";"1";"1";"7";"2";"1";"0";"1";"2";"0"
"25867";"85873304";"25867";"72";"1";"3";"1";"6";"0";"1";"1";"1";"0"
"25868";"85873305";"25868";"71";"1";"1";"7";"6";"0";"1";"1";"1";"0"
"25869";"85873408";"25869";"14";"1";"1";"7";"6";"0";"1";"1";"1";"0"
"25870";"85873501";"25870";"14";"1";"1";"7";"4";"0";"1";"1";"1";"0"
"25871";"85873501";"25871";"14";"1";"1";"7";"6";"0";"1";"1";"1";"0"
"25872";"85873501";"25872";"14";"1";"1";"7";"6";"1";"1";"0";"2";"0"
"25873";"85873501";"25873";"14";"1";"1";"7";"6";"0";"1";"1";"1";"0"
"25874";"85873501";"25874";"14";"1";"1";"7";"6";"0";"1";"1";"1";"0"
"25875";"85873501";"25875";"14";"1";"1";"7";"6";"0";"1";"1";"1";"0"
"25876";"85873509";"25876";"17";"1";"1";"7";"1";"0";"1";"1";"1";"0"
"25877";"85874104";"25877";"16";"3";"1";"7";"6";"0";"3";"0";"1";"0"
"25878";"85874104";"25878";"13";"1";"1";"7";"5";"1";"0";"1";"2";"0"
"25879";"85874104";"25879";"13";"1";"3";"2";"6";"0";"2";"1";"1";"0"
"25880";"85874104";"25880";"16";"3";"1";"1";"4";"0";"1";"1";"1";"0"
"25881";"85874104";"25881";"16";"2";"1";"7";"3";"0";"1";"1";"1";"0"
"25882";"85874104";"7570";"13";"1";"1";"7";"4";"0";"1";"1";"1";"0"
"25883";"85874104";"25883";"16";"1";"2";"2";"6";"0";"1";"1";"1";"0"
"25884";"85874104";"25884";"13";"1";"1";"7";"6";"0";"2";"0";"1";"0"
"25885";"85874104";"25885";"13";"1";"1";"7";"6";"1";"1";"0";"2";"0"
"25886";"85874104";"25886";"17";"3";"1";"1";"2";"0";"1";"1";"1";"0"
"25887";"85874104";"25887";"18";"1";"1";"1";"6";"0";"1";"1";"1";"0"
"25888";"85874104";"25888";"51";"1";"1";"7";"6";"0";"1";"2";"1";"0"
"25889";"85874104";"25889";"17";"1";"1";"7";"2";"0";"1";"1";"1";"0"
"25890";"85874104";"25890";"81";"3";"6";"1";"6";"0";"1";"1";"1";"0"
"25891";"85874104";"25891";"16";"1";"1";"1";"4";"0";"1";"1";"1";"0"
"25892";"85874104";"25892";"16";"2";"1";"7";"5";"0";"2";"1";"1";"0"
"25893";"85874105";"25893";"71";"2";"1";"7";"6";"1";"0";"1";"2";"0"
"25894";"85874202";"25894";"16";"1";"1";"7";"4";"0";"1";"1";"1";"0"
"25895";"85874202";"25895";"72";"1";"1";"2";"6";"0";"1";"1";"1";"0"
"25896";"85874206";"25896";"51";"3";"3";"1";"5";"0";"1";"1";"1";"0"
"25897";"85874210";"25897";"13";"1";"1";"7";"6";"0";"2";"2";"1";"0"
"25898";"85874210";"25898";"17";"1";"1";"7";"2";"0";"1";"1";"1";"0"
"25899";"85874210";"25899";"13";"1";"1";"7";"6";"0";"3";"0";"1";"0"
"25900";"85874304";"25900";"16";"1";"1";"7";"6";"0";"1";"1";"1";"0"
"25901";"85874304";"25901";"51";"3";"1";"1";"6";"0";"1";"3";"1";"0"
"25902";"85874304";"25902";"11";"1";"1";"7";"6";"0";"1";"1";"1";"0"
"25903";"85874304";"25903";"11";"1";"1";"7";"6";"0";"2";"1";"1";"0"
"25904";"85874304";"25904";"16";"1";"3";"1";"6";"0";"1";"1";"1";"0"
"25905";"85874401";"25905";"64";"1";"1";"7";"6";"0";"1";"1";"1";"0"
"25906";"85874401";"25906";"71";"3";"1";"1";"6";"1";"0";"1";"2";"0"
"25907";"85874402";"25907";"19";"1";"1";"7";"4";"1";"0";"1";"2";"0"
"25908";"85874501";"25908";"35";"1";"1";"7";"4";"0";"1";"1";"1";"0"
"25909";"85874501";"25909";"17";"1";"1";"7";"2";"0";"2";"1";"1";"0"
"25910";"85874501";"25910";"11";"3";"2";"1";"6";"1";"0";"1";"2";"0"
"25911";"85874507";"16216";"13";"1";"1";"7";"6";"1";"0";"2";"2";"0"
"25912";"85874508";"25912";"11";"3";"1";"7";"6";"0";"1";"1";"1";"0"
"25913";"85874508";"25913";"16";"1";"1";"7";"5";"1";"1";"1";"2";"0"
"25914";"85874508";"25914";"19";"2";"3";"2";"6";"0";"2";"0";"1";"0"
"25915";"85874508";"25915";"11";"1";"1";"7";"6";"0";"2";"1";"1";"0"
"25916";"85874508";"25916";"42";"2";"1";"7";"5";"1";"0";"1";"2";"0"
"25917";"85874508";"25917";"16";"1";"3";"5";"6";"0";"1";"1";"1";"0"
"25918";"85874508";"25918";"18";"3";"1";"1";"6";"0";"3";"0";"1";"0"
"25919";"85874508";"25919";"16";"1";"1";"7";"6";"0";"1";"1";"1";"0"
"25920";"85874508";"25920";"11";"1";"1";"7";"6";"0";"1";"1";"1";"0"
"25921";"85874508";"25921";"15";"3";"3";"2";"6";"0";"1";"3";"1";"0"
"25922";"85874508";"25922";"16";"1";"1";"7";"6";"0";"1";"1";"1";"0"
"25923";"85874508";"25923";"16";"1";"1";"7";"6";"0";"1";"1";"1";"0"
"25924";"85874508";"25924";"51";"1";"1";"7";"6";"0";"1";"1";"1";"0"
"25925";"85874508";"25925";"51";"1";"1";"7";"6";"0";"1";"1";"1";"0"
"25926";"85874508";"25926";"11";"1";"3";"2";"6";"0";"3";"0";"1";"0"
"25927";"85874508";"25927";"16";"1";"1";"7";"6";"0";"4";"0";"1";"0"
"25928";"85874508";"25928";"16";"1";"1";"7";"6";"0";"1";"1";"1";"0"
"25929";"85874508";"25929";"16";"1";"1";"7";"6";"0";"2";"0";"1";"0"
"25930";"85874508";"25930";"86";"1";"1";"7";"3";"1";"0";"1";"2";"0"
"25931";"85874508";"25931";"11";"1";"1";"7";"6";"0";"1";"1";"1";"0"
"25932";"85874508";"25932";"11";"3";"1";"1";"6";"0";"3";"0";"1";"0"
"25933";"85874508";"25933";"11";"1";"1";"7";"6";"0";"3";"0";"1";"0"
"25934";"85874508";"25934";"16";"1";"1";"7";"6";"1";"0";"1";"2";"0"
"25935";"85874508";"25935";"11";"1";"1";"1";"7";"1";"0";"1";"2";"0"
"25936";"85874508";"25936";"42";"1";"1";"7";"4";"0";"1";"1";"1";"0"
"25937";"85874508";"25937";"51";"1";"1";"7";"6";"0";"1";"0";"1";"0"
"25938";"85874508";"25938";"81";"3";"1";"7";"6";"0";"2";"0";"3";"0"
"25939";"85874508";"25939";"71";"1";"1";"7";"6";"0";"1";"1";"1";"0"
"25940";"85874508";"25940";"11";"2";"1";"7";"6";"0";"1";"1";"1";"0"
"25941";"85874510";"25941";"41";"1";"1";"7";"6";"0";"1";"1";"1";"0"
"25942";"85875102";"25942";"31";"1";"1";"7";"6";"0";"1";"1";"1";"0"
"25943";"85875102";"25943";"71";"1";"1";"7";"6";"0";"1";"1";"1";"0"
"25944";"85875102";"25944";"81";"3";"2";"1";"6";"0";"3";"0";"1";"0"
"25945";"85875104";"25945";"51";"1";"1";"7";"6";"0";"1";"1";"1";"0"
"25946";"85875110";"25946";"14";"1";"1";"7";"6";"0";"1";"1";"1";"0"
"25947";"85875501";"25947";"81";"1";"1";"7";"6";"0";"4";"0";"1";"0"
"25948";"85875501";"25948";"51";"3";"1";"7";"6";"2";"0";"0";"2";"0"
"25949";"85875501";"25949";"16";"1";"3";"2";"3";"1";"0";"1";"2";"0"
"25950";"85875501";"25950";"51";"1";"1";"7";"6";"0";"1";"1";"1";"0"
"25951";"85875501";"25951";"11";"1";"1";"7";"6";"0";"1";"1";"1";"0"
"25952";"85875501";"25952";"16";"3";"3";"1";"6";"0";"3";"4";"1";"0"
"25953";"85875501";"25953";"11";"1";"1";"7";"4";"0";"1";"1";"1";"0"
"25954";"85875501";"25954";"51";"3";"6";"1";"3";"0";"1";"1";"1";"0"
"25955";"85875501";"25955";"16";"3";"3";"1";"6";"0";"1";"0";"1";"0"
"25956";"85875502";"25956";"17";"1";"3";"1";"2";"0";"1";"1";"1";"0"
"25957";"85875502";"25957";"14";"1";"1";"7";"6";"0";"1";"1";"1";"0"
"25958";"85875502";"25958";"41";"1";"1";"7";"4";"0";"1";"0";"1";"0"
"25959";"85875502";"25959";"14";"1";"1";"7";"6";"0";"1";"1";"1";"0"
"25960";"85875502";"25960";"14";"1";"1";"7";"4";"0";"1";"1";"1";"0"
"25961";"85875502";"25961";"14";"1";"1";"7";"5";"0";"2";"1";"1";"0"
"25962";"85875502";"25962";"14";"1";"7";"7";"6";"0";"1";"1";"1";"0"
"25963";"85875502";"25963";"14";"3";"1";"7";"6";"0";"1";"1";"1";"0"
"25964";"85875502";"25964";"14";"1";"1";"7";"6";"0";"1";"1";"1";"0"
"25965";"85875502";"25965";"19";"1";"1";"1";"6";"0";"1";"3";"1";"0"
"25966";"85876101";"20459";"71";"2";"1";"7";"6";"1";"0";"1";"2";"0"
"25967";"85876107";"25967";"25";"3";"1";"7";"6";"0";"2";"1";"1";"0"
"25968";"85876201";"25968";"21";"1";"3";"2";"4";"0";"1";"1";"1";"0"
"25969";"85876201";"25969";"72";"1";"1";"7";"6";"0";"1";"1";"1";"0"
"25970";"85876201";"25970";"14";"1";"1";"1";"3";"0";"1";"1";"1";"0"
"25971";"85876301";"25971";"51";"1";"1";"7";"3";"0";"1";"1";"1";"0"
"25972";"85876301";"25972";"14";"1";"1";"1";"6";"0";"1";"1";"1";"0"
"25973";"85876301";"25973";"14";"4";"1";"2";"6";"0";"1";"1";"1";"0"
"25974";"85876301";"25974";"14";"1";"1";"7";"6";"0";"2";"1";"1";"0"
"25975";"85876301";"25975";"14";"1";"1";"7";"6";"0";"1";"1";"1";"0"
"25976";"85876301";"25976";"14";"1";"3";"1";"6";"1";"3";"0";"2";"0"
"25977";"85876301";"25977";"14";"1";"2";"1";"6";"1";"0";"1";"2";"0"
"25978";"85876301";"25978";"14";"1";"1";"7";"6";"0";"2";"0";"1";"0"
"25979";"85876301";"25979";"13";"3";"1";"7";"6";"0";"5";"0";"1";"0"
"25980";"85876402";"3548";"71";"1";"1";"7";"6";"1";"0";"1";"2";"0"
"25981";"85876501";"25981";"72";"1";"2";"2";"6";"0";"1";"1";"1";"0"
"25982";"85876501";"25982";"11";"1";"1";"7";"8";"0";"2";"1";"1";"0"
"25983";"85876501";"23780";"11";"1";"1";"7";"6";"0";"2";"0";"1";"0"
"25984";"85876501";"25984";"81";"3";"1";"1";"6";"1";"0";"1";"2";"0"
"25985";"85876501";"25985";"11";"3";"1";"7";"6";"0";"5";"0";"1";"0"
"25986";"85876501";"25986";"81";"3";"3";"1";"6";"0";"1";"1";"1";"0"
"25987";"85876501";"25987";"81";"3";"1";"1";"5";"2";"0";"1";"2";"0"
"25988";"85876501";"25988";"11";"1";"3";"1";"6";"0";"2";"2";"1";"0"
"25989";"85876501";"25989";"12";"3";"1";"1";"7";"0";"24";"0";"1";"0"
"25990";"85876502";"25990";"11";"1";"1";"7";"6";"1";"0";"2";"2";"0"
"25991";"85876502";"25991";"16";"1";"1";"7";"6";"0";"1";"1";"1";"0"
"25992";"85876502";"25992";"14";"1";"1";"7";"6";"0";"1";"2";"1";"0"
"25993";"85876502";"25993";"11";"1";"3";"2";"6";"1";"3";"0";"2";"0"
"25994";"85876506";"25994";"71";"1";"1";"7";"6";"0";"1";"1";"1";"0"
"25995";"85876520";"25995";"16";"1";"1";"7";"6";"0";"1";"1";"1";"0"
"25996";"85876520";"25996";"16";"3";"1";"7";"4";"0";"1";"1";"1";"0"
"25997";"85876520";"25997";"16";"1";"1";"7";"4";"0";"1";"1";"1";"0"
"25998";"85876520";"25998";"16";"3";"1";"7";"6";"1";"0";"1";"3";"0"
"25999";"85876520";"25999";"16";"3";"1";"1";"4";"0";"1";"1";"1";"0"
"26000";"85877101";"26000";"17";"1";"1";"7";"1";"0";"1";"1";"1";"0"
"26001";"85877102";"26001";"16";"1";"1";"7";"4";"1";"0";"1";"2";"0"
"26002";"85877102";"26002";"51";"1";"3";"1";"4";"1";"0";"1";"2";"0"
"26003";"85877102";"26003";"61";"1";"1";"7";"4";"0";"1";"1";"1";"0"
"26004";"85877102";"26004";"71";"1";"2";"2";"6";"0";"1";"1";"1";"0"
"26005";"85877102";"26005";"52";"1";"1";"7";"7";"0";"1";"1";"1";"0"
"26006";"85877102";"26006";"81";"1";"1";"1";"7";"1";"0";"1";"2";"0"
"26007";"85877203";"26007";"14";"1";"1";"7";"6";"0";"1";"1";"1";"0"
"26008";"85877205";"26008";"72";"1";"1";"7";"6";"0";"1";"1";"1";"0"
"26009";"85877205";"26009";"13";"1";"1";"7";"4";"0";"1";"1";"1";"0"
"26010";"85877205";"26010";"13";"1";"3";"2";"6";"2";"1";"0";"2";"0"
"26011";"85877205";"26011";"14";"1";"1";"7";"6";"0";"2";"1";"1";"0"
"26012";"85877205";"2110";"13";"1";"1";"1";"6";"0";"1";"1";"1";"0"
"26013";"85877205";"26013";"13";"1";"1";"7";"6";"0";"1";"1";"1";"0"
"26014";"85877205";"26014";"13";"1";"1";"7";"4";"0";"1";"1";"1";"0"
"26015";"85877205";"21124";"13";"1";"1";"7";"6";"0";"1";"1";"1";"0"
"26016";"85877404";"26016";"51";"1";"1";"7";"6";"0";"1";"0";"1";"0"
"26017";"85877404";"26017";"51";"3";"1";"7";"7";"0";"1";"1";"1";"0"
"26018";"85877404";"26018";"17";"1";"1";"7";"1";"0";"1";"1";"1";"0"
"26019";"85877404";"26019";"11";"1";"1";"7";"6";"0";"1";"1";"1";"0"
"26020";"85877404";"26020";"18";"1";"1";"7";"6";"0";"1";"1";"1";"0"
"26021";"85877404";"26021";"11";"1";"1";"7";"6";"0";"1";"1";"1";"0"
"26022";"85877404";"26022";"16";"3";"1";"1";"6";"0";"1";"1";"1";"0"
"26023";"85877514";"26023";"18";"1";"1";"7";"3";"0";"1";"1";"1";"0"
"26024";"85877514";"26024";"14";"2";"3";"1";"6";"0";"2";"0";"1";"0"
"26025";"85881102";"26025";"14";"1";"1";"1";"6";"0";"2";"0";"1";"0"
"26026";"85881220";"26026";"81";"3";"1";"1";"0";"0";"1";"0";"1";"0"
"26027";"85881505";"26027";"16";"3";"1";"1";"4";"1";"0";"2";"2";"0"
"26028";"85881505";"26028";"64";"1";"1";"7";"6";"0";"1";"1";"1";"0"
"26029";"85882102";"26029";"99";"1";"2";"2";"7";"0";"0";"1";"3";"0"
"26030";"85882102";"26030";"11";"3";"3";"1";"4";"0";"1";"1";"1";"0"
"26031";"85882102";"10399";"16";"3";"3";"2";"3";"0";"1";"1";"1";"0"
"26032";"85882102";"26032";"63";"1";"1";"7";"3";"0";"1";"1";"1";"0"
"26033";"85882102";"26033";"16";"1";"1";"7";"6";"0";"1";"1";"1";"0"
"26034";"85882102";"26034";"11";"3";"1";"7";"6";"0";"1";"1";"1";"0"
"26035";"85882102";"5581";"16";"3";"1";"1";"4";"0";"1";"1";"1";"0"
"26036";"85882102";"26036";"11";"1";"2";"2";"6";"0";"1";"1";"1";"0"
"26037";"85882102";"26037";"16";"1";"1";"7";"6";"0";"1";"0";"1";"0"
"26038";"85882102";"26038";"11";"3";"3";"2";"6";"0";"1";"1";"1";"0"
"26039";"85882102";"26039";"17";"1";"1";"7";"2";"0";"1";"1";"1";"0"
"26040";"85882102";"26040";"41";"1";"1";"7";"5";"0";"2";"0";"1";"0"
"26041";"85882102";"26041";"51";"1";"1";"7";"6";"0";"1";"1";"1";"0"
"26042";"85882102";"26042";"52";"1";"1";"7";"4";"0";"1";"1";"1";"0"
"26043";"85882102";"26043";"81";"1";"3";"2";"4";"0";"1";"1";"1";"0"
"26044";"85882102";"26044";"81";"3";"1";"7";"6";"0";"3";"1";"1";"0"
"26045";"85882102";"26045";"51";"3";"2";"2";"6";"0";"1";"1";"1";"0"
"26046";"85882102";"26046";"51";"1";"1";"7";"6";"0";"1";"1";"1";"0"
"26047";"85882102";"26047";"16";"1";"1";"7";"6";"0";"1";"2";"1";"0"
"26048";"85882102";"26048";"81";"3";"2";"1";"6";"0";"4";"0";"1";"0"
"26049";"85882102";"26049";"86";"1";"1";"7";"2";"1";"0";"1";"2";"0"
"26050";"85882102";"26050";"51";"1";"1";"7";"6";"0";"1";"1";"1";"0"
"26051";"85882102";"26051";"16";"3";"3";"1";"4";"0";"1";"1";"1";"0"
"26052";"85882102";"26052";"64";"1";"3";"1";"6";"0";"1";"1";"1";"0"
"26053";"85882102";"26053";"86";"1";"1";"7";"2";"0";"1";"1";"1";"0"
"26054";"85882102";"26054";"11";"3";"1";"7";"6";"0";"1";"1";"1";"0"
"26055";"85882104";"26055";"52";"3";"1";"7";"0";"0";"1";"0";"1";"0"
"26056";"85882104";"26056";"13";"1";"1";"7";"4";"0";"1";"1";"1";"0"
"26057";"85882104";"26057";"13";"1";"1";"7";"5";"0";"1";"1";"1";"0"
"26058";"85882104";"26058";"13";"2";"1";"7";"4";"0";"1";"1";"1";"0"
"26059";"85882112";"26059";"16";"3";"3";"2";"6";"0";"1";"1";"1";"0"
"26060";"85882401";"26060";"14";"1";"1";"7";"6";"0";"1";"2";"1";"0"
"26061";"85882406";"26061";"51";"1";"1";"7";"4";"0";"0";"2";"3";"0"
"26062";"85882504";"26062";"14";"2";"1";"7";"6";"0";"2";"1";"1";"0"
"26063";"85883204";"26063";"11";"3";"1";"7";"6";"0";"2";"0";"1";"0"
"26064";"85883204";"26064";"51";"3";"1";"7";"6";"0";"1";"0";"1";"0"
"26065";"85883204";"26065";"17";"1";"3";"1";"2";"1";"0";"1";"2";"0"
"26066";"85883204";"26066";"17";"1";"1";"7";"2";"1";"0";"1";"2";"0"
"26067";"85883204";"26067";"16";"4";"1";"1";"4";"0";"1";"1";"1";"0"
"26068";"85883204";"26068";"17";"3";"1";"7";"2";"1";"0";"1";"2";"0"
"26069";"85883204";"26069";"16";"3";"1";"7";"6";"0";"1";"1";"1";"0"
"26070";"85883204";"26070";"16";"1";"1";"7";"6";"0";"2";"1";"1";"0"
"26071";"85883204";"26071";"11";"1";"1";"7";"5";"1";"0";"1";"2";"0"
"26072";"85883204";"26072";"71";"1";"1";"7";"6";"0";"1";"1";"1";"0"
"26073";"85883204";"26073";"16";"2";"3";"1";"4";"0";"1";"1";"1";"0"
"26074";"85883204";"26074";"17";"1";"1";"7";"2";"0";"1";"1";"1";"0"
"26075";"85883204";"26075";"35";"1";"1";"7";"3";"0";"0";"1";"3";"0"
"26076";"85883204";"26076";"51";"2";"1";"7";"6";"0";"1";"1";"1";"0"
"26077";"85883204";"26077";"71";"1";"1";"7";"6";"1";"0";"1";"2";"0"
"26078";"85883204";"26078";"81";"3";"1";"7";"6";"0";"2";"0";"1";"0"
"26079";"85883204";"26079";"11";"1";"1";"7";"6";"0";"1";"1";"1";"0"
"26080";"85883204";"26080";"11";"3";"3";"1";"6";"0";"2";"0";"1";"0"
"26081";"85884110";"26081";"52";"3";"1";"1";"0";"0";"5";"0";"1";"0"
"26082";"85884110";"26082";"51";"1";"1";"1";"3";"0";"1";"1";"1";"0"
"26083";"85884110";"26083";"13";"1";"1";"7";"6";"0";"1";"2";"1";"0"
"26084";"85884110";"26084";"81";"3";"6";"1";"0";"1";"4";"0";"2";"0"
"26085";"85884201";"26085";"72";"3";"4";"3";"6";"1";"0";"1";"2";"0"
"26086";"85884201";"26086";"31";"1";"1";"7";"6";"0";"1";"1";"1";"0"
"26087";"85884201";"26087";"13";"1";"3";"1";"4";"0";"1";"1";"1";"0"
"26088";"85884201";"26088";"16";"3";"1";"7";"6";"0";"1";"1";"1";"0"
"26089";"85884201";"21071";"16";"3";"1";"7";"5";"0";"1";"1";"1";"0"