"accident_id";"lieu_id";"date_id";"cause_id";"lum_id";"intemp_id";"etat_surface_id";"impliq_id";"nb_blesses_graves";"nb_blesses_legers";"nb_indemnes";"gravite";"nb_morts"
"26090";"85884203";"26090";"31";"1";"1";"7";"6";"0";"1";"1";"1";"0"
"26091";"85884301";"22642";"72";"4";"3";"2";"6";"0";"1";"1";"1";"0"
"26092";"85884301";"26092";"72";"1";"1";"7";"6";"0";"1";"1";"1";"0"
"26093";"85884301";"26093";"51";"1";"1";"1";"4";"0";"1";"1";"1";"0"
"26094";"85884303";"26094";"16";"3";"1";"1";"6";"0";"2";"1";"1";"0"
"26095";"85884303";"26095";"16";"1";"1";"7";"4";"0";"1";"0";"1";"0"
"26096";"85886102";"26096";"19";"1";"7";"1";"6";"0";"3";"0";"1";"0"
"26097";"85886102";"26097";"19";"3";"1";"7";"6";"0";"2";"0";"1";"0"
"26098";"85886102";"26098";"17";"1";"1";"7";"2";"0";"1";"1";"1";"0"
"26099";"85887106";"26099";"71";"1";"1";"7";"6";"0";"1";"1";"1";"0"
"26100";"85887106";"26100";"71";"5";"3";"1";"6";"0";"1";"1";"1";"0"
"26101";"85887106";"26101";"31";"2";"1";"7";"4";"0";"1";"1";"1";"0"
"26102";"85887401";"26102";"14";"1";"1";"7";"6";"0";"3";"1";"1";"0"
"26103";"85887401";"26103";"14";"3";"1";"7";"6";"0";"1";"1";"1";"0"
"26104";"85887401";"26104";"51";"1";"1";"7";"6";"0";"1";"1";"1";"0"
"26105";"85887401";"26105";"14";"1";"1";"7";"8";"0";"1";"1";"1";"0"
"26106";"85887401";"26106";"14";"3";"1";"1";"6";"0";"3";"0";"1";"0"
"26107";"85887401";"26107";"14";"1";"1";"1";"6";"0";"1";"1";"1";"0"
"26108";"85887504";"26108";"16";"1";"1";"7";"4";"0";"1";"1";"1";"0"
"26109";"85887504";"26109";"51";"1";"1";"7";"4";"0";"1";"1";"1";"0"
"26110";"85887504";"26110";"14";"1";"1";"7";"4";"1";"1";"1";"2";"0"
"26111";"85887504";"6170";"15";"1";"1";"7";"7";"0";"1";"1";"1";"0"
"26112";"85887504";"26112";"35";"1";"2";"2";"3";"1";"0";"1";"2";"0"
"26113";"85887504";"26113";"52";"3";"1";"7";"0";"0";"2";"0";"1";"0"
"26114";"85887504";"26114";"16";"1";"1";"7";"6";"0";"1";"1";"1";"0"
"26115";"85887504";"26115";"11";"1";"1";"7";"6";"0";"1";"1";"1";"0"
"26116";"85887504";"26116";"17";"1";"3";"2";"2";"0";"1";"1";"1";"0"
"26117";"85887504";"26117";"16";"3";"1";"7";"6";"0";"1";"1";"1";"0"
"26118";"85887504";"26118";"81";"3";"3";"1";"6";"0";"2";"0";"1";"0"
"26119";"85887504";"26119";"52";"3";"3";"1";"0";"2";"3";"0";"2";"0"
"26120";"85887504";"26120";"16";"1";"1";"7";"6";"0";"2";"0";"1";"0"
"26121";"85887504";"26121";"16";"1";"1";"1";"6";"0";"1";"0";"1";"0"
"26122";"85887504";"26122";"21";"1";"1";"1";"6";"0";"4";"0";"1";"0"
"26123";"85887504";"26123";"17";"2";"2";"1";"2";"0";"1";"1";"1";"0"
"26124";"85887504";"26124";"16";"1";"1";"7";"6";"0";"1";"1";"1";"0"
"26125";"85887504";"26125";"19";"3";"1";"7";"6";"0";"3";"0";"1";"0"
"26126";"85887504";"26126";"16";"1";"1";"7";"6";"0";"3";"0";"1";"0"
"26127";"85887506";"26127";"16";"3";"1";"7";"6";"0";"6";"0";"1";"0"
"26128";"85887506";"26128";"13";"1";"1";"7";"4";"0";"1";"1";"1";"0"
"26129";"85887506";"26129";"31";"2";"3";"2";"6";"0";"1";"1";"1";"0"
"26130";"85887506";"26130";"13";"3";"1";"7";"6";"0";"1";"1";"1";"0"
"26131";"85887506";"26131";"13";"1";"1";"7";"5";"0";"1";"1";"1";"0"
"26132";"85887506";"26132";"17";"1";"1";"7";"2";"0";"1";"1";"1";"0"
"26133";"85887506";"26133";"16";"3";"1";"7";"5";"0";"1";"1";"1";"0"
"26134";"85887506";"26134";"81";"1";"1";"1";"6";"0";"1";"1";"1";"0"
"26135";"85887506";"26135";"13";"1";"1";"7";"4";"0";"1";"1";"1";"0"
"26136";"85887506";"26136";"17";"1";"1";"7";"1";"1";"0";"1";"2";"0"
"26137";"85887506";"26137";"17";"1";"1";"7";"2";"1";"0";"1";"2";"0"
"26138";"85893404";"26138";"51";"1";"1";"7";"6";"0";"1";"1";"1";"0"
"26139";"85893404";"14998";"22";"1";"1";"7";"6";"0";"1";"1";"1";"0"
"26140";"85893404";"26140";"51";"1";"1";"7";"4";"0";"1";"2";"1";"0"
"26141";"85893405";"26141";"51";"1";"1";"7";"6";"4";"2";"1";"2";"0"
"26142";"85893501";"26142";"16";"1";"2";"1";"4";"0";"1";"1";"1";"0"
"26143";"85894206";"26143";"13";"3";"1";"7";"5";"0";"2";"1";"1";"0"
"26144";"85895204";"2598";"16";"1";"1";"7";"6";"0";"1";"1";"1";"0"
"26145";"85895204";"26145";"11";"2";"3";"1";"3";"0";"1";"1";"1";"0"
"26146";"85895204";"26146";"86";"3";"2";"1";"5";"0";"1";"1";"1";"0"
"26147";"85895204";"26147";"85";"3";"1";"7";"6";"0";"1";"1";"1";"0"
"26148";"85897103";"26148";"85";"3";"1";"7";"6";"0";"1";"1";"1";"0"
"26149";"85897103";"26149";"16";"1";"1";"7";"4";"0";"1";"1";"1";"0"
"26150";"85897103";"26150";"16";"3";"1";"7";"5";"1";"0";"1";"2";"0"
"26151";"85901304";"26151";"19";"1";"1";"7";"6";"0";"2";"0";"1";"0"
"26152";"85901304";"14041";"19";"3";"1";"7";"4";"0";"1";"1";"1";"0"
"26153";"85901304";"13847";"51";"2";"1";"7";"6";"0";"1";"1";"1";"0"
"26154";"85901304";"26154";"19";"1";"1";"7";"6";"0";"3";"0";"1";"0"
"26155";"85901304";"26155";"19";"1";"1";"7";"6";"0";"1";"1";"1";"0"
"26156";"85901304";"26156";"52";"3";"1";"1";"0";"0";"0";"1";"0";"0"
"26157";"85901402";"26157";"16";"2";"1";"7";"6";"0";"1";"2";"1";"0"
"26158";"85901402";"26158";"16";"1";"1";"7";"6";"0";"2";"0";"1";"0"
"26159";"85902104";"26159";"11";"1";"1";"7";"6";"0";"1";"1";"1";"0"
"26160";"85902104";"26160";"19";"1";"1";"1";"6";"0";"2";"1";"1";"0"
"26161";"85902104";"12960";"16";"1";"1";"7";"6";"0";"1";"1";"1";"0"
"26162";"86701301";"26162";"52";"3";"6";"2";"6";"3";"6";"3";"2";"0"
"26163";"86701301";"26163";"52";"1";"6";"1";"0";"1";"1";"1";"2";"0"
"26164";"86701301";"22965";"81";"1";"3";"2";"3";"0";"0";"1";"3";"0"
"26165";"86701301";"26165";"52";"1";"1";"2";"6";"0";"4";"0";"1";"0"
"26166";"86701301";"26166";"52";"1";"3";"1";"6";"0";"2";"0";"1";"0"
"26167";"86701301";"26167";"21";"3";"1";"7";"6";"3";"4";"0";"2";"0"
"26168";"86701301";"26168";"52";"1";"1";"1";"6";"0";"1";"1";"1";"0"
"26169";"86701301";"26169";"21";"3";"1";"4";"6";"1";"1";"2";"2";"0"
"26170";"86702205";"26170";"52";"3";"1";"7";"0";"0";"0";"0";"3";"0"
"26171";"86705208";"26171";"16";"1";"1";"7";"3";"1";"0";"1";"2";"0"
"26172";"86705208";"26172";"21";"1";"1";"7";"6";"1";"0";"1";"2";"0"
"26173";"86706305";"26173";"21";"2";"1";"7";"6";"1";"0";"2";"2";"0"
"26174";"86732405";"26174";"21";"1";"1";"7";"8";"1";"0";"1";"2";"0"
"26175";"86732405";"26175";"19";"1";"1";"7";"6";"1";"0";"1";"2";"0"
"26176";"86732405";"26176";"19";"1";"3";"1";"8";"0";"1";"1";"1";"0"
"26177";"86734303";"26177";"13";"1";"1";"7";"6";"0";"1";"1";"1";"0"
"26178";"86734303";"26178";"13";"1";"1";"7";"4";"0";"1";"1";"1";"0"
"26179";"86734303";"26179";"13";"3";"3";"1";"4";"1";"0";"1";"2";"0"
"26180";"86734303";"19456";"13";"1";"3";"1";"6";"1";"0";"2";"2";"0"
"26181";"86734303";"2947";"13";"1";"1";"7";"6";"1";"1";"0";"2";"0"
"26182";"86735201";"26182";"51";"1";"1";"7";"3";"0";"0";"1";"3";"0"
"26183";"86736206";"26183";"67";"1";"1";"7";"3";"0";"1";"1";"1";"0"
"26184";"86736530";"26184";"13";"3";"1";"7";"5";"0";"1";"1";"1";"0"
"26185";"86737509";"26185";"13";"2";"1";"7";"6";"2";"0";"5";"2";"0"
"26186";"86743104";"26186";"51";"1";"1";"7";"3";"0";"1";"1";"1";"0"
"26187";"86746305";"26187";"21";"1";"3";"2";"6";"0";"1";"1";"1";"0"
"26188";"86765308";"26188";"14";"1";"1";"7";"4";"0";"1";"1";"1";"0"
"26189";"86766203";"26189";"21";"1";"1";"7";"6";"0";"3";"0";"1";"0"
"26190";"86777512";"26190";"28";"1";"1";"7";"0";"1";"0";"0";"2";"0"
"26191";"86781502";"26191";"16";"2";"7";"2";"6";"0";"1";"1";"1";"0"
"26192";"86781502";"26192";"16";"1";"1";"7";"6";"0";"2";"1";"1";"0"
"26193";"86781504";"26193";"18";"1";"1";"7";"4";"1";"0";"1";"2";"0"
"26194";"86783401";"26194";"16";"1";"1";"7";"6";"0";"2";"0";"1";"0"
"26195";"86783401";"26195";"35";"1";"1";"7";"3";"0";"1";"1";"1";"0"
"26196";"86783404";"26196";"16";"1";"1";"7";"6";"0";"1";"1";"1";"0"
"26197";"86783405";"26197";"23";"1";"1";"7";"3";"0";"1";"1";"1";"0"
"26198";"86784303";"26198";"51";"1";"1";"7";"6";"0";"1";"2";"1";"0"
"26199";"86784303";"26199";"17";"1";"1";"7";"2";"1";"0";"1";"2";"0"
"26200";"86784320";"26200";"17";"1";"1";"7";"2";"1";"0";"1";"2";"0"
"26201";"86784320";"26201";"17";"1";"1";"7";"2";"1";"0";"1";"2";"0"
"26202";"86784320";"26202";"14";"1";"1";"7";"6";"0";"1";"1";"1";"0"
"26203";"86784405";"26203";"17";"1";"1";"7";"2";"1";"0";"1";"2";"0"
"26204";"86785205";"26204";"23";"1";"1";"7";"4";"0";"1";"1";"1";"0"
"26205";"86785405";"26205";"51";"1";"3";"2";"6";"0";"1";"1";"1";"0"
"26206";"86785405";"26206";"16";"3";"1";"7";"5";"0";"1";"1";"1";"0"
"26207";"86785405";"26207";"71";"3";"3";"2";"6";"0";"1";"1";"1";"0"
"26208";"86785405";"26208";"17";"1";"1";"2";"2";"0";"1";"1";"1";"0"
"26209";"86785405";"26209";"17";"1";"1";"7";"2";"0";"1";"1";"1";"0"
"26210";"86785405";"26210";"51";"1";"1";"7";"8";"0";"1";"1";"1";"0"
"26211";"86786103";"26211";"71";"3";"1";"7";"6";"0";"1";"1";"1";"0"
"26212";"86786103";"26212";"41";"3";"1";"7";"6";"1";"0";"1";"2";"0"
"26213";"86786103";"26213";"16";"1";"1";"7";"6";"0";"1";"1";"1";"0"
"26214";"86786103";"26214";"13";"3";"1";"7";"5";"0";"1";"1";"1";"0"
"26215";"86786103";"26215";"52";"1";"1";"7";"0";"0";"1";"0";"1";"0"
"26216";"86786205";"26216";"21";"3";"1";"7";"6";"0";"5";"0";"1";"0"
"26217";"86786205";"26217";"35";"1";"1";"7";"6";"1";"0";"1";"2";"0"
"26218";"86786205";"26218";"19";"1";"1";"7";"6";"0";"1";"0";"1";"0"
"26219";"86792506";"26219";"52";"2";"3";"4";"2";"1";"0";"1";"2";"0"
"26220";"86792506";"26220";"11";"3";"1";"1";"6";"0";"2";"0";"1";"0"
"26221";"86792506";"26221";"51";"3";"1";"7";"4";"1";"0";"0";"2";"0"
"26222";"86792506";"26222";"51";"1";"1";"7";"6";"0";"1";"1";"1";"0"
"26223";"86792506";"26223";"18";"1";"1";"7";"6";"0";"3";"0";"1";"0"
"26224";"86792506";"26224";"51";"1";"1";"7";"6";"0";"2";"0";"1";"0"
"26225";"86793204";"26225";"99";"3";"2";"1";"3";"0";"1";"0";"1";"0"
"26226";"86793209";"26226";"11";"3";"1";"7";"4";"0";"1";"1";"1";"0"
"26227";"86793209";"26227";"19";"3";"1";"7";"6";"0";"1";"1";"1";"0"
"26228";"86793209";"26228";"11";"1";"1";"7";"6";"0";"1";"1";"1";"0"
"26229";"86793209";"26229";"16";"1";"1";"7";"6";"0";"1";"0";"1";"0"
"26230";"86793209";"26230";"11";"3";"1";"7";"6";"0";"2";"0";"1";"0"
"26231";"86793209";"26231";"16";"1";"1";"7";"4";"0";"1";"1";"1";"0"
"26232";"86793209";"26232";"11";"1";"1";"7";"6";"0";"1";"1";"1";"0"
"26233";"86793209";"26233";"16";"1";"1";"7";"6";"0";"1";"1";"1";"0"
"26234";"86793209";"26234";"11";"1";"1";"7";"6";"0";"1";"2";"1";"0"
"26235";"86793209";"26235";"16";"1";"1";"7";"4";"0";"1";"1";"1";"0"
"26236";"86793209";"26236";"12";"1";"1";"7";"6";"0";"2";"3";"1";"0"
"26237";"86793209";"26237";"11";"1";"1";"7";"6";"1";"2";"0";"2";"0"
"26238";"86793209";"26238";"16";"1";"1";"7";"6";"0";"1";"2";"1";"0"
"26239";"86793305";"26239";"19";"1";"1";"7";"6";"0";"1";"1";"1";"0"
"26240";"86793305";"26240";"19";"3";"6";"1";"5";"0";"1";"1";"1";"0"
"26241";"86793501";"26241";"13";"1";"1";"7";"4";"0";"1";"1";"1";"0"
"26242";"86793504";"26242";"20";"1";"1";"7";"6";"0";"1";"1";"1";"0"
"26243";"86794408";"26243";"19";"1";"1";"7";"4";"0";"2";"1";"1";"0"
"26244";"86794409";"26244";"13";"1";"1";"7";"4";"1";"0";"1";"2";"0"
"26245";"86795404";"26245";"16";"3";"1";"7";"4";"0";"1";"1";"1";"0"
"26246";"86795506";"26246";"81";"3";"1";"7";"2";"1";"0";"1";"2";"0"
"26247";"86796107";"26247";"11";"1";"3";"2";"6";"0";"2";"1";"1";"0"
"26248";"86796107";"26248";"17";"1";"3";"2";"2";"1";"0";"1";"2";"0"
"26249";"86796401";"26249";"16";"3";"1";"7";"4";"0";"1";"1";"1";"0"
"26250";"86796401";"26250";"16";"3";"3";"2";"6";"0";"2";"1";"1";"0"
"26251";"86796401";"26251";"17";"1";"1";"7";"2";"0";"2";"1";"1";"0"
"26252";"86796401";"26252";"11";"3";"1";"7";"6";"1";"0";"0";"2";"0"
"26253";"86796401";"26253";"51";"1";"1";"7";"6";"1";"0";"1";"2";"0"
"26254";"86796401";"26254";"35";"3";"1";"7";"4";"0";"2";"1";"1";"0"
"26255";"86796405";"26255";"51";"3";"2";"2";"6";"0";"1";"0";"1";"0"
"26256";"86797205";"26256";"19";"1";"1";"7";"6";"2";"1";"0";"2";"0"
"26257";"86797205";"26257";"19";"1";"1";"7";"6";"0";"2";"0";"1";"0"
"26258";"86797205";"26258";"71";"1";"1";"7";"6";"1";"0";"1";"2";"0"
"26259";"86797205";"26259";"19";"3";"3";"1";"6";"0";"1";"1";"1";"0"
"26260";"86797205";"26260";"19";"1";"1";"7";"6";"0";"2";"0";"1";"0"
"26261";"86797205";"26261";"19";"1";"3";"2";"6";"0";"1";"0";"1";"0"
"26262";"86797205";"26262";"19";"1";"1";"7";"4";"1";"0";"0";"2";"0"
"26263";"86797205";"26263";"16";"1";"1";"7";"6";"0";"1";"1";"1";"0"
"26264";"86797205";"26264";"19";"1";"1";"7";"6";"0";"1";"1";"1";"0"
"26265";"86797205";"26265";"19";"3";"1";"7";"6";"0";"4";"1";"1";"0"
"26266";"86797205";"26266";"19";"1";"1";"7";"7";"0";"0";"1";"3";"0"
"26267";"86797505";"26267";"31";"1";"1";"1";"6";"0";"2";"1";"1";"0"
"26268";"86797508";"26268";"72";"1";"3";"1";"6";"0";"1";"2";"1";"0"
"26269";"86797508";"26269";"52";"1";"1";"7";"0";"0";"2";"0";"1";"0"
"26270";"86797514";"26270";"19";"1";"1";"7";"3";"0";"0";"1";"0";"0"
"26271";"86801301";"26271";"16";"1";"1";"7";"4";"0";"1";"1";"1";"0"
"26272";"86801305";"26272";"14";"1";"1";"7";"4";"0";"1";"1";"1";"0"
"26273";"86801305";"26273";"14";"1";"1";"7";"6";"0";"2";"0";"1";"0"
"26274";"86801305";"26274";"14";"1";"1";"7";"6";"0";"2";"0";"1";"0"
"26275";"86801317";"26275";"24";"1";"1";"7";"2";"0";"1";"1";"1";"0"
"26276";"86801317";"26276";"14";"1";"2";"1";"6";"0";"1";"1";"1";"0"
"26277";"86801409";"26277";"11";"1";"1";"7";"2";"0";"2";"1";"1";"0"
"26278";"86801409";"26278";"18";"1";"1";"7";"3";"0";"1";"2";"1";"0"
"26279";"86801409";"26279";"21";"1";"1";"7";"6";"0";"1";"1";"1";"0"
"26280";"86801420";"26280";"72";"1";"1";"7";"6";"0";"1";"1";"1";"0"
"26281";"86801501";"26281";"16";"2";"1";"7";"6";"0";"1";"1";"1";"0"
"26282";"86801501";"26282";"17";"3";"2";"1";"2";"0";"1";"1";"1";"0"
"26283";"86801501";"26283";"16";"1";"3";"1";"6";"1";"5";"0";"2";"0"
"26284";"86802101";"26284";"11";"1";"1";"7";"6";"0";"1";"1";"1";"0"
"26285";"86802101";"26285";"11";"1";"1";"7";"6";"1";"0";"1";"2";"0"
"26286";"86802101";"26286";"11";"1";"1";"7";"6";"1";"0";"1";"2";"0"
"26287";"86802101";"10384";"51";"1";"3";"2";"3";"0";"1";"0";"1";"0"
"26288";"86802101";"26288";"16";"1";"1";"7";"4";"1";"0";"1";"2";"0"
"26289";"86802101";"26289";"19";"1";"1";"7";"6";"0";"1";"1";"1";"0"
"26290";"86802101";"25794";"11";"1";"1";"7";"6";"0";"1";"1";"1";"0"
"26291";"86802101";"26291";"51";"3";"1";"7";"6";"0";"2";"1";"1";"0"
"26292";"86802101";"26292";"11";"1";"1";"7";"6";"0";"1";"0";"1";"0"
"26293";"86802101";"26293";"16";"1";"1";"7";"3";"0";"1";"1";"1";"0"
"26294";"86802101";"11132";"51";"1";"1";"7";"6";"0";"1";"1";"1";"0"
"26295";"86802101";"26295";"11";"1";"1";"7";"6";"0";"1";"1";"1";"0"
"26296";"86802103";"26296";"19";"1";"1";"7";"6";"0";"3";"1";"1";"0"
"26297";"86802401";"26297";"99";"1";"1";"7";"2";"0";"1";"1";"1";"0"
"26298";"86802401";"26298";"18";"1";"1";"7";"6";"0";"1";"1";"1";"0"
"26299";"86802401";"26299";"51";"1";"1";"5";"6";"0";"1";"1";"1";"0"
"26300";"86802401";"26300";"11";"1";"1";"7";"6";"0";"1";"1";"1";"0"
"26301";"86802401";"26301";"11";"1";"1";"7";"4";"0";"1";"1";"1";"0"
"26302";"86802401";"26302";"11";"3";"3";"1";"6";"0";"1";"1";"1";"0"
"26303";"86802401";"26303";"16";"1";"1";"7";"6";"0";"1";"1";"1";"0"
"26304";"86802402";"26304";"18";"1";"1";"7";"4";"0";"1";"1";"1";"0"
"26305";"86802402";"26305";"16";"5";"1";"7";"5";"0";"1";"1";"1";"0"
"26306";"86802402";"26306";"72";"3";"1";"7";"6";"0";"1";"1";"1";"0"
"26307";"86802404";"26307";"16";"1";"1";"7";"3";"0";"1";"1";"1";"0"
"26308";"86802404";"26308";"20";"1";"1";"7";"6";"0";"2";"0";"1";"0"
"26309";"86802407";"26309";"11";"3";"1";"7";"6";"0";"1";"1";"1";"0"
"26310";"86802503";"26310";"16";"3";"1";"7";"6";"0";"2";"0";"1";"0"
"26311";"86802503";"26311";"11";"1";"1";"7";"6";"0";"1";"1";"1";"0"
"26312";"86802503";"26312";"19";"3";"3";"2";"6";"0";"2";"1";"1";"0"
"26313";"86802504";"26313";"19";"1";"1";"7";"6";"0";"1";"1";"1";"0"
"26314";"86802504";"26314";"19";"3";"1";"7";"6";"0";"3";"0";"1";"0"
"26315";"86802504";"26315";"19";"1";"1";"7";"3";"0";"1";"1";"1";"0"
"26316";"86802504";"26316";"71";"1";"1";"7";"6";"1";"0";"1";"2";"0"
"26317";"86802504";"26317";"19";"1";"1";"7";"6";"0";"1";"2";"1";"0"
"26318";"86802504";"26318";"19";"1";"1";"1";"6";"1";"0";"1";"2";"0"
"26319";"86803103";"26319";"13";"3";"1";"7";"6";"0";"1";"1";"1";"0"
"26320";"86803103";"26320";"51";"1";"1";"7";"6";"0";"1";"0";"1";"0"
"26321";"86803204";"26321";"14";"1";"4";"3";"6";"0";"1";"0";"1";"0"
"26322";"86803204";"26322";"18";"1";"3";"1";"6";"0";"1";"0";"1";"0"
"26323";"86803204";"26323";"23";"1";"1";"7";"5";"0";"1";"1";"1";"0"
"26324";"86803204";"26324";"32";"1";"1";"7";"6";"0";"1";"1";"1";"0"
"26325";"86803302";"26325";"41";"1";"1";"7";"6";"1";"0";"1";"2";"0"
"26326";"86803403";"26326";"11";"1";"1";"7";"6";"0";"2";"0";"1";"0"
"26327";"86803403";"26327";"51";"1";"1";"7";"6";"0";"1";"1";"1";"0"
"26328";"86803403";"26328";"15";"1";"1";"7";"6";"0";"1";"1";"1";"0"
"26329";"86803403";"26329";"13";"1";"1";"7";"4";"1";"0";"1";"2";"0"
"26330";"86803403";"26330";"51";"1";"1";"7";"6";"0";"1";"1";"1";"0"
"26331";"86803403";"26331";"11";"1";"1";"7";"2";"1";"1";"0";"2";"0"
"26332";"86803403";"26332";"15";"3";"1";"7";"6";"0";"1";"1";"1";"0"
"26333";"86803403";"26333";"15";"3";"1";"7";"6";"0";"1";"1";"1";"0"
"26334";"86803403";"26334";"15";"3";"1";"7";"6";"0";"2";"0";"1";"0"
"26335";"86803403";"26335";"52";"3";"1";"4";"0";"0";"2";"0";"1";"0"
"26336";"86803403";"26336";"13";"1";"1";"7";"6";"0";"1";"1";"1";"0"
"26337";"86803403";"26337";"52";"1";"1";"7";"0";"0";"1";"1";"1";"0"
"26338";"86803403";"26338";"35";"1";"1";"7";"3";"0";"1";"1";"1";"0"
"26339";"86803403";"26339";"15";"1";"1";"7";"6";"0";"3";"3";"1";"0"
"26340";"86803403";"26340";"11";"1";"1";"7";"6";"1";"1";"0";"2";"0"
"26341";"86803403";"26341";"52";"3";"1";"7";"0";"0";"2";"0";"1";"0"
"26342";"86803403";"26342";"11";"3";"1";"7";"6";"0";"1";"1";"1";"0"
"26343";"86803403";"26343";"35";"1";"1";"7";"6";"0";"2";"1";"1";"0"
"26344";"86803403";"26344";"11";"3";"3";"1";"6";"0";"3";"0";"1";"0"
"26345";"86803403";"26345";"15";"3";"3";"1";"6";"0";"4";"0";"1";"0"
"26346";"86803403";"26346";"11";"3";"1";"7";"6";"0";"1";"2";"1";"0"
"26347";"86803403";"26347";"17";"1";"1";"7";"2";"0";"1";"1";"1";"0"
"26348";"86803403";"26348";"11";"1";"1";"7";"6";"0";"1";"1";"1";"0"
"26349";"86803403";"26349";"11";"1";"1";"7";"6";"0";"1";"1";"1";"0"
"26350";"86803403";"26350";"11";"1";"1";"7";"3";"0";"1";"0";"1";"0"
"26351";"86803501";"26351";"22";"1";"1";"7";"6";"0";"1";"1";"1";"0"
"26352";"86803502";"26352";"19";"2";"1";"7";"4";"0";"1";"1";"1";"0"
"26353";"86803503";"26353";"51";"3";"1";"7";"0";"0";"1";"0";"1";"0"
"26354";"86803505";"26354";"51";"1";"1";"7";"3";"0";"1";"1";"1";"0"
"26355";"86803505";"26355";"35";"1";"1";"7";"3";"0";"1";"1";"1";"0"
"26356";"86803505";"26356";"36";"1";"1";"7";"3";"0";"1";"1";"1";"0"
"26357";"86803505";"26357";"51";"3";"1";"7";"6";"0";"1";"2";"1";"0"
"26358";"86803505";"22674";"51";"2";"1";"7";"6";"0";"1";"1";"1";"0"
"26359";"86803506";"26359";"14";"3";"3";"2";"6";"0";"1";"1";"1";"0"
"26360";"86803506";"26360";"14";"2";"3";"2";"6";"0";"1";"2";"1";"0"
"26361";"86803506";"26361";"19";"3";"7";"1";"6";"0";"3";"2";"1";"0"
"26362";"86804101";"26362";"24";"1";"1";"7";"4";"0";"1";"0";"1";"0"
"26363";"86804105";"26363";"14";"1";"1";"7";"6";"0";"1";"1";"1";"0"
"26364";"86804105";"26364";"14";"1";"1";"7";"6";"0";"1";"1";"1";"0"
"26365";"86804201";"26365";"51";"1";"1";"7";"6";"0";"1";"1";"1";"0"
"26366";"86804201";"26366";"16";"1";"3";"1";"6";"0";"3";"1";"1";"0"
"26367";"86804201";"26367";"16";"3";"1";"1";"4";"0";"1";"0";"1";"0"
"26368";"86804202";"26368";"17";"1";"1";"7";"5";"0";"1";"1";"1";"0"
"26369";"86804202";"26369";"81";"1";"1";"7";"3";"0";"2";"1";"1";"0"
"26370";"86804202";"26370";"16";"3";"3";"1";"6";"0";"4";"1";"1";"0"
"26371";"86804208";"26371";"72";"1";"3";"1";"6";"0";"1";"1";"1";"0"
"26372";"86804302";"26372";"19";"2";"1";"7";"3";"0";"1";"1";"1";"0"
"26373";"86804302";"26373";"41";"3";"1";"7";"6";"0";"3";"0";"1";"0"
"26374";"86804302";"26374";"19";"1";"1";"7";"5";"0";"1";"2";"1";"0"
"26375";"86804302";"26375";"19";"1";"1";"7";"4";"0";"1";"1";"1";"0"
"26376";"86804302";"26376";"19";"3";"3";"1";"4";"0";"1";"1";"1";"0"
"26377";"86804302";"26377";"19";"1";"1";"7";"4";"0";"1";"1";"1";"0"
"26378";"86804302";"5293";"51";"3";"1";"7";"6";"0";"2";"1";"1";"0"
"26379";"86804302";"26379";"17";"1";"1";"7";"2";"0";"1";"1";"1";"0"
"26380";"86804302";"26380";"17";"1";"2";"2";"2";"0";"2";"0";"1";"0"
"26381";"86804302";"26381";"19";"1";"1";"2";"5";"0";"1";"1";"1";"0"
"26382";"86804302";"26382";"19";"2";"2";"2";"4";"0";"2";"0";"1";"0"
"26383";"86804302";"26383";"19";"1";"1";"7";"4";"0";"1";"1";"1";"0"
"26384";"86804302";"26384";"19";"1";"1";"7";"4";"1";"0";"1";"2";"0"
"26385";"86804302";"26385";"19";"1";"1";"7";"4";"0";"1";"0";"1";"0"
"26386";"86804302";"26386";"19";"1";"1";"7";"3";"0";"1";"2";"1";"0"
"26387";"86804302";"26387";"19";"3";"1";"7";"4";"0";"1";"1";"1";"0"
"26388";"86804302";"26388";"19";"1";"1";"7";"3";"1";"0";"1";"2";"0"
"26389";"86804302";"26389";"51";"1";"1";"7";"6";"0";"1";"2";"1";"0"
"26390";"86804302";"26390";"17";"1";"1";"7";"2";"0";"1";"1";"1";"0"
"26391";"86804302";"26391";"19";"1";"1";"7";"4";"0";"1";"1";"1";"0"
"26392";"86804401";"26392";"17";"1";"1";"7";"1";"0";"1";"1";"1";"0"
"26393";"86804401";"26393";"17";"1";"1";"1";"2";"0";"1";"1";"1";"0"
"26394";"86804402";"26394";"19";"1";"1";"7";"6";"0";"1";"1";"1";"0"
"26395";"86804414";"26395";"19";"1";"3";"1";"6";"0";"1";"2";"1";"0"
"26396";"86804418";"26396";"25";"3";"1";"7";"6";"0";"1";"0";"1";"0"
"26397";"86804502";"26397";"19";"3";"1";"7";"6";"0";"1";"1";"1";"0"
"26398";"86804502";"26398";"19";"1";"1";"7";"6";"0";"1";"1";"1";"0"
"26399";"86804504";"26399";"14";"1";"1";"7";"6";"0";"3";"0";"1";"0"