"accident_id";"lieu_id";"date_id";"cause_id";"lum_id";"intemp_id";"etat_surface_id";"impliq_id";"nb_blesses_graves";"nb_blesses_legers";"nb_indemnes";"gravite";"nb_morts"
"26710";"86814205";"26710";"11";"1";"3";"1";"6";"0";"1";"1";"1";"0"
"26711";"86814205";"26711";"31";"3";"1";"7";"6";"0";"1";"1";"1";"0"
"26712";"86814205";"26712";"20";"1";"3";"1";"6";"0";"1";"1";"1";"0"
"26713";"86814401";"11542";"14";"1";"1";"7";"6";"0";"1";"1";"1";"0"
"26714";"86814401";"26714";"14";"3";"1";"7";"6";"0";"4";"2";"1";"0"
"26715";"86814401";"26715";"14";"1";"1";"7";"6";"0";"2";"1";"1";"0"
"26716";"86814401";"13030";"14";"1";"1";"7";"6";"0";"1";"1";"1";"0"
"26717";"86814401";"26717";"14";"1";"1";"7";"6";"0";"1";"1";"1";"0"
"26718";"86814401";"26718";"14";"1";"1";"1";"7";"0";"1";"1";"1";"0"
"26719";"86814401";"26719";"14";"1";"1";"1";"6";"1";"0";"1";"2";"0"
"26720";"86814401";"26720";"19";"1";"1";"7";"6";"0";"1";"1";"1";"0"
"26721";"86814401";"26721";"19";"1";"3";"1";"6";"0";"3";"1";"1";"0"
"26722";"86814504";"26722";"51";"1";"2";"2";"2";"0";"1";"1";"1";"0"
"26723";"86814504";"26723";"13";"1";"1";"7";"4";"0";"1";"1";"1";"0"
"26724";"86814504";"26724";"51";"1";"1";"7";"4";"0";"1";"1";"1";"0"
"26725";"86814504";"26725";"18";"1";"1";"7";"6";"0";"1";"1";"1";"0"
"26726";"86814505";"26726";"13";"1";"1";"7";"6";"0";"2";"1";"1";"0"
"26727";"86814505";"26727";"13";"1";"1";"1";"6";"0";"2";"1";"1";"0"
"26728";"86814505";"26728";"13";"1";"1";"7";"6";"0";"3";"4";"1";"0"
"26729";"86814505";"26729";"13";"1";"1";"7";"6";"0";"3";"0";"1";"0"
"26730";"86814505";"26730";"13";"1";"1";"7";"6";"0";"2";"1";"1";"0"
"26731";"86814505";"26731";"13";"1";"1";"7";"6";"0";"3";"1";"1";"0"
"26732";"86814505";"26732";"17";"1";"1";"7";"1";"0";"1";"1";"1";"0"
"26733";"86814505";"26733";"13";"1";"1";"7";"6";"0";"1";"2";"1";"0"
"26734";"86814505";"26734";"13";"1";"1";"7";"6";"0";"4";"0";"1";"0"
"26735";"86814505";"26735";"13";"3";"1";"7";"6";"0";"1";"2";"1";"0"
"26736";"86814505";"26736";"13";"1";"1";"7";"6";"0";"1";"1";"1";"0"
"26737";"86814505";"26737";"13";"1";"1";"1";"6";"0";"1";"1";"1";"0"
"26738";"86814505";"26738";"13";"1";"1";"1";"6";"0";"1";"1";"1";"0"
"26739";"86814505";"26739";"13";"1";"1";"7";"6";"0";"1";"1";"1";"0"
"26740";"86814505";"26740";"13";"1";"1";"7";"6";"2";"0";"0";"2";"0"
"26741";"86814505";"26741";"13";"3";"2";"1";"6";"0";"3";"0";"1";"0"
"26742";"86814505";"26742";"13";"3";"1";"7";"6";"0";"1";"1";"1";"0"
"26743";"86814505";"26743";"13";"3";"1";"7";"6";"0";"2";"1";"1";"0"
"26744";"86814505";"26744";"81";"3";"1";"7";"6";"0";"1";"2";"1";"0"
"26745";"86814505";"26745";"13";"3";"1";"7";"6";"0";"1";"1";"1";"0"
"26746";"86814508";"26746";"14";"1";"1";"7";"6";"0";"1";"3";"1";"0"
"26747";"86814508";"26747";"18";"1";"1";"7";"6";"0";"1";"1";"1";"0"
"26748";"86814508";"26748";"14";"1";"1";"7";"6";"0";"1";"1";"1";"0"
"26749";"86814508";"26749";"14";"1";"1";"1";"6";"0";"1";"1";"1";"0"
"26750";"86814508";"26750";"14";"2";"1";"7";"6";"0";"1";"1";"1";"0"
"26751";"86814508";"26751";"14";"3";"1";"1";"6";"0";"1";"1";"1";"0"
"26752";"86814508";"26752";"14";"1";"1";"7";"4";"1";"0";"1";"2";"0"
"26753";"86814508";"26753";"17";"3";"1";"7";"1";"0";"1";"0";"1";"0"
"26754";"86814508";"26754";"17";"3";"1";"7";"1";"0";"1";"1";"1";"0"
"26755";"86815101";"26755";"14";"1";"1";"7";"6";"0";"2";"2";"1";"0"
"26756";"86815101";"26756";"14";"1";"1";"7";"6";"0";"1";"1";"1";"0"
"26757";"86815103";"26757";"21";"3";"1";"7";"6";"0";"2";"2";"1";"0"
"26758";"86815212";"26758";"19";"1";"1";"4";"6";"0";"1";"1";"1";"0"
"26759";"86815303";"26759";"14";"1";"1";"7";"4";"0";"1";"1";"1";"0"
"26760";"86815303";"26760";"16";"1";"1";"7";"4";"0";"1";"1";"1";"0"
"26761";"86815303";"26761";"16";"1";"1";"7";"6";"0";"2";"0";"1";"0"
"26762";"86815304";"26762";"19";"3";"1";"1";"6";"0";"1";"2";"1";"0"
"26763";"86815304";"26763";"81";"3";"1";"7";"6";"0";"3";"0";"1";"0"
"26764";"86815307";"26764";"16";"3";"1";"7";"5";"0";"1";"0";"1";"0"
"26765";"86815307";"26765";"16";"3";"1";"1";"6";"0";"1";"3";"1";"0"
"26766";"86815307";"26766";"17";"1";"1";"7";"2";"0";"2";"1";"1";"0"
"26767";"86815307";"26767";"16";"1";"1";"1";"6";"0";"1";"1";"1";"0"
"26768";"86815308";"26768";"17";"1";"1";"7";"2";"0";"1";"1";"1";"0"
"26769";"86815404";"26769";"11";"1";"1";"7";"3";"0";"1";"1";"1";"0"
"26770";"86815404";"26770";"11";"1";"3";"1";"4";"0";"1";"1";"1";"0"
"26771";"86815404";"26771";"15";"1";"1";"7";"6";"0";"2";"4";"1";"0"
"26772";"86815404";"26772";"12";"1";"1";"7";"6";"3";"1";"0";"3";"0"
"26773";"86815404";"26773";"11";"3";"1";"7";"6";"1";"2";"1";"2";"0"
"26774";"86815404";"26774";"85";"3";"1";"7";"6";"0";"1";"1";"1";"0"
"26775";"86815404";"26775";"11";"1";"1";"7";"6";"0";"1";"1";"1";"0"
"26776";"86815404";"26776";"12";"1";"2";"1";"6";"0";"2";"3";"1";"0"
"26777";"86815404";"26777";"17";"1";"1";"7";"2";"0";"1";"1";"1";"0"
"26778";"86815404";"26778";"11";"2";"1";"1";"6";"1";"1";"0";"2";"0"
"26779";"86815406";"26779";"16";"1";"1";"7";"3";"0";"1";"1";"1";"0"
"26780";"86815406";"26780";"81";"3";"1";"1";"6";"0";"1";"2";"1";"0"
"26781";"86815503";"26781";"72";"1";"1";"1";"6";"0";"1";"1";"1";"0"
"26782";"86815504";"26782";"51";"3";"1";"1";"6";"0";"1";"1";"1";"0"
"26783";"86816105";"26783";"14";"1";"1";"7";"3";"1";"0";"1";"2";"0"
"26784";"86816204";"26784";"81";"1";"1";"7";"6";"1";"0";"1";"2";"0"
"26785";"86816208";"26785";"19";"1";"1";"7";"6";"0";"1";"1";"1";"0"
"26786";"86816208";"26786";"19";"1";"1";"7";"6";"0";"1";"2";"1";"0"
"26787";"86816208";"26787";"19";"1";"1";"7";"6";"0";"1";"1";"1";"0"
"26788";"86816208";"534";"19";"3";"1";"1";"4";"0";"1";"1";"1";"0"
"26789";"86816208";"26789";"19";"1";"1";"7";"6";"0";"1";"1";"1";"0"
"26790";"86816208";"26790";"19";"3";"1";"7";"4";"0";"1";"1";"1";"0"
"26791";"86816303";"26791";"13";"1";"1";"7";"4";"0";"1";"1";"1";"0"
"26792";"86816401";"26792";"81";"3";"1";"7";"6";"0";"3";"4";"1";"0"
"26793";"86816403";"26793";"63";"1";"1";"7";"4";"0";"1";"1";"1";"0"
"26794";"86816406";"26794";"11";"1";"1";"7";"6";"0";"1";"1";"1";"0"
"26795";"86816406";"26795";"16";"1";"1";"7";"6";"0";"1";"2";"1";"0"
"26796";"86816406";"26796";"16";"1";"1";"7";"3";"0";"1";"1";"1";"0"
"26797";"86816406";"26797";"11";"1";"3";"1";"6";"0";"2";"0";"1";"0"
"26798";"86816406";"26798";"16";"1";"1";"7";"3";"1";"0";"1";"2";"0"
"26799";"86816406";"26799";"11";"1";"1";"1";"6";"0";"5";"0";"1";"0"
"26800";"86816406";"26800";"16";"1";"1";"7";"3";"0";"1";"1";"1";"0"
"26801";"86816406";"26801";"16";"3";"1";"7";"6";"0";"1";"1";"1";"0"
"26802";"86816406";"26802";"11";"1";"1";"7";"7";"0";"1";"1";"1";"0"
"26803";"86816406";"26803";"11";"1";"1";"7";"1";"0";"1";"0";"1";"0"
"26804";"86816406";"26804";"16";"1";"6";"1";"6";"0";"2";"1";"1";"0"
"26805";"86816502";"26805";"18";"1";"1";"7";"4";"0";"1";"1";"1";"0"
"26806";"86816502";"26806";"81";"5";"1";"7";"2";"1";"0";"1";"2";"0"
"26807";"86816502";"26807";"72";"1";"1";"7";"6";"0";"1";"1";"1";"0"
"26808";"86816502";"26808";"22";"1";"1";"7";"6";"0";"1";"1";"1";"0"
"26809";"86816503";"26809";"19";"1";"1";"7";"4";"0";"1";"1";"1";"0"
"26810";"86816503";"26810";"72";"3";"1";"7";"6";"0";"1";"1";"1";"0"
"26811";"86816504";"26811";"19";"3";"6";"1";"6";"1";"3";"0";"2";"0"
"26812";"86816504";"26812";"18";"3";"1";"7";"4";"0";"1";"1";"1";"0"
"26813";"86816504";"26813";"16";"1";"1";"7";"6";"0";"1";"1";"1";"0"
"26814";"86816507";"26814";"16";"3";"1";"7";"4";"0";"1";"1";"1";"0"
"26815";"86816507";"26815";"16";"3";"3";"1";"4";"0";"1";"1";"1";"0"
"26816";"86816507";"26816";"16";"1";"1";"7";"6";"0";"1";"1";"1";"0"
"26817";"86817101";"26817";"71";"1";"1";"7";"6";"0";"1";"1";"1";"0"
"26818";"86817101";"26818";"16";"1";"1";"7";"4";"1";"0";"1";"2";"0"
"26819";"86817101";"26819";"51";"3";"1";"7";"6";"0";"1";"8";"1";"0"
"26820";"86817101";"26820";"17";"1";"1";"7";"1";"0";"1";"1";"1";"0"
"26821";"86817101";"26821";"11";"2";"1";"7";"6";"0";"1";"1";"1";"0"
"26822";"86817101";"26822";"19";"1";"1";"7";"6";"0";"1";"1";"1";"0"
"26823";"86817101";"26823";"16";"3";"1";"7";"6";"0";"1";"2";"1";"0"
"26824";"86817101";"26824";"16";"1";"1";"7";"6";"0";"4";"1";"1";"0"
"26825";"86817101";"26825";"16";"1";"1";"2";"8";"0";"1";"1";"1";"0"
"26826";"86817101";"26826";"18";"1";"1";"7";"5";"0";"1";"1";"1";"0"
"26827";"86817101";"26827";"11";"1";"1";"7";"6";"0";"1";"1";"1";"0"
"26828";"86817101";"26828";"16";"1";"1";"7";"6";"0";"4";"0";"1";"0"
"26829";"86817101";"26829";"71";"3";"3";"2";"6";"0";"2";"1";"1";"0"
"26830";"86817101";"26830";"16";"3";"1";"7";"6";"0";"2";"0";"1";"0"
"26831";"86817101";"26831";"71";"3";"3";"2";"6";"0";"1";"1";"1";"0"
"26832";"86817101";"26832";"16";"1";"1";"7";"4";"0";"1";"1";"1";"0"
"26833";"86817101";"26833";"19";"3";"1";"7";"6";"3";"2";"0";"2";"0"
"26834";"86817101";"26834";"16";"3";"1";"7";"3";"0";"1";"1";"1";"0"
"26835";"86817101";"26835";"16";"2";"3";"1";"6";"0";"1";"1";"1";"0"
"26836";"86817101";"26836";"35";"1";"2";"2";"4";"0";"1";"1";"1";"0"
"26837";"86817101";"26837";"16";"1";"1";"7";"6";"0";"2";"0";"1";"0"
"26838";"86817101";"26838";"11";"1";"1";"7";"6";"0";"1";"1";"1";"0"
"26839";"86817101";"26839";"19";"3";"1";"7";"6";"0";"1";"1";"1";"0"
"26840";"86817101";"26840";"11";"1";"1";"7";"6";"0";"1";"2";"1";"0"
"26841";"86817101";"26841";"16";"1";"1";"7";"6";"0";"1";"2";"1";"0"
"26842";"86817101";"26842";"51";"1";"1";"7";"6";"0";"1";"1";"1";"0"
"26843";"86817101";"26843";"17";"3";"3";"1";"2";"1";"0";"1";"2";"0"
"26844";"86817101";"26844";"81";"3";"1";"7";"6";"0";"1";"1";"1";"0"
"26845";"86817101";"26845";"16";"1";"1";"7";"6";"0";"1";"2";"1";"0"
"26846";"86817101";"26846";"18";"1";"1";"7";"6";"0";"2";"2";"1";"0"
"26847";"86817101";"26847";"16";"1";"1";"7";"6";"0";"1";"2";"1";"0"
"26848";"86817101";"26848";"16";"1";"1";"7";"6";"0";"1";"1";"1";"0"
"26849";"86817101";"26849";"16";"1";"1";"7";"6";"0";"2";"3";"1";"0"
"26850";"86817101";"26850";"17";"1";"3";"1";"2";"0";"1";"1";"1";"0"
"26851";"86817101";"26851";"11";"1";"1";"7";"6";"0";"1";"1";"1";"0"
"26852";"86817101";"26852";"11";"1";"1";"7";"6";"0";"1";"1";"1";"0"
"26853";"86817101";"26853";"16";"1";"1";"7";"6";"0";"1";"2";"1";"0"
"26854";"86817101";"26854";"11";"1";"3";"1";"6";"0";"2";"1";"1";"0"
"26855";"86817302";"26855";"13";"1";"1";"7";"6";"0";"1";"1";"1";"0"
"26856";"86817302";"26856";"13";"1";"1";"4";"6";"0";"1";"0";"1";"0"
"26857";"86817302";"26857";"99";"1";"1";"7";"3";"0";"1";"1";"1";"0"
"26858";"86817302";"26858";"13";"1";"1";"7";"6";"0";"2";"1";"1";"0"
"26859";"86817302";"26859";"72";"1";"2";"1";"6";"0";"1";"1";"1";"0"
"26860";"86817302";"26860";"16";"1";"1";"1";"6";"0";"2";"2";"1";"0"
"26861";"86817304";"26861";"19";"2";"1";"7";"6";"0";"1";"1";"1";"0"
"26862";"86817304";"26862";"51";"1";"1";"7";"6";"0";"1";"1";"1";"0"
"26863";"86817304";"26863";"19";"1";"3";"2";"6";"0";"1";"1";"1";"0"
"26864";"86817304";"26864";"19";"1";"1";"7";"6";"0";"1";"1";"1";"0"
"26865";"86817304";"26865";"19";"1";"1";"7";"4";"0";"1";"1";"1";"0"
"26866";"86817304";"26866";"19";"1";"1";"1";"6";"0";"5";"1";"1";"0"
"26867";"86817304";"26867";"19";"1";"1";"7";"3";"0";"1";"1";"1";"0"
"26868";"86817304";"26868";"19";"1";"1";"7";"6";"0";"1";"1";"1";"0"
"26869";"86817304";"26869";"17";"1";"1";"7";"1";"0";"2";"0";"1";"0"
"26870";"86817304";"26870";"19";"1";"3";"1";"4";"0";"1";"1";"1";"0"
"26871";"86817304";"26871";"72";"1";"1";"7";"6";"0";"1";"1";"1";"0"
"26872";"86817304";"26872";"18";"1";"1";"7";"6";"0";"1";"1";"1";"0"
"26873";"86817304";"26873";"19";"1";"1";"7";"4";"0";"1";"1";"1";"0"
"26874";"86817401";"26874";"19";"2";"3";"1";"6";"0";"2";"1";"1";"0"
"26875";"86817401";"26875";"19";"2";"1";"7";"4";"0";"1";"2";"1";"0"
"26876";"86817401";"26876";"19";"1";"1";"7";"4";"0";"1";"1";"1";"0"
"26877";"86817401";"26877";"19";"3";"1";"1";"4";"1";"0";"2";"2";"0"
"26878";"86817401";"26878";"19";"2";"1";"1";"3";"0";"1";"1";"1";"0"
"26879";"86817401";"26879";"71";"1";"1";"7";"6";"0";"1";"1";"1";"0"
"26880";"86817401";"6632";"19";"1";"3";"1";"4";"0";"1";"1";"1";"0"
"26881";"86817401";"26881";"51";"3";"1";"7";"6";"0";"2";"0";"1";"0"
"26882";"86817401";"26882";"19";"1";"1";"7";"6";"0";"1";"0";"1";"0"
"26883";"86817402";"26883";"71";"1";"1";"7";"6";"0";"1";"1";"1";"0"
"26884";"86817402";"26884";"19";"3";"1";"7";"5";"0";"1";"1";"1";"0"
"26885";"86817402";"26885";"62";"1";"1";"7";"3";"0";"1";"1";"1";"0"
"26886";"86817402";"26886";"71";"1";"1";"7";"6";"0";"1";"1";"1";"0"
"26887";"86817402";"26887";"21";"3";"3";"1";"6";"0";"1";"1";"1";"0"
"26888";"86817402";"26888";"19";"1";"1";"7";"6";"0";"1";"1";"1";"0"
"26889";"86817402";"26889";"71";"3";"1";"7";"6";"0";"1";"1";"1";"0"
"26890";"86817501";"26890";"14";"3";"1";"4";"4";"0";"1";"1";"1";"0"
"26891";"86817501";"26891";"20";"1";"3";"2";"2";"0";"1";"1";"1";"0"
"26892";"86817501";"26892";"19";"3";"6";"1";"6";"0";"1";"1";"1";"0"
"26893";"86817501";"26893";"18";"1";"1";"7";"6";"0";"1";"1";"1";"0"
"26894";"86817501";"26894";"19";"1";"3";"2";"6";"0";"1";"0";"1";"0"
"26895";"86817501";"26895";"17";"1";"1";"7";"2";"1";"0";"1";"2";"0"
"26896";"86817501";"26896";"19";"1";"1";"7";"6";"0";"1";"1";"1";"0"
"26897";"86817501";"26897";"17";"3";"1";"7";"2";"0";"1";"1";"1";"0"
"26898";"86817501";"26898";"19";"3";"3";"1";"6";"0";"1";"1";"1";"0"
"26899";"86817502";"26899";"13";"1";"1";"7";"6";"0";"2";"1";"1";"0"
"26900";"86817502";"26900";"13";"1";"1";"7";"6";"0";"2";"1";"1";"0"
"26901";"86817502";"26901";"13";"3";"1";"7";"6";"0";"1";"1";"1";"0"
"26902";"86817502";"26902";"13";"2";"3";"1";"4";"0";"1";"1";"1";"0"
"26903";"86817502";"26903";"13";"1";"1";"7";"6";"0";"2";"1";"1";"0"
"26904";"86817502";"26904";"16";"1";"1";"7";"6";"0";"1";"3";"1";"0"
"26905";"86817502";"26905";"13";"1";"1";"7";"3";"0";"1";"1";"1";"0"
"26906";"86817504";"26906";"11";"1";"1";"7";"6";"0";"2";"1";"1";"0"
"26907";"86817504";"26907";"15";"3";"1";"7";"6";"0";"1";"2";"1";"0"
"26908";"86817504";"26908";"51";"1";"1";"7";"7";"0";"1";"1";"1";"0"
"26909";"86817504";"26909";"15";"3";"3";"1";"7";"0";"1";"1";"1";"0"
"26910";"86817504";"26910";"51";"1";"1";"7";"4";"0";"1";"1";"1";"0"
"26911";"86817504";"18356";"17";"3";"1";"7";"2";"0";"1";"1";"1";"0"
"26912";"86817504";"26912";"16";"1";"1";"7";"6";"0";"1";"2";"1";"0"
"26913";"86817504";"26913";"16";"1";"1";"7";"6";"0";"2";"1";"1";"0"
"26914";"86817504";"26914";"11";"1";"1";"7";"6";"0";"1";"1";"1";"0"
"26915";"86817504";"26915";"11";"3";"1";"7";"6";"0";"4";"2";"1";"0"
"26916";"86817504";"26916";"11";"1";"7";"7";"6";"0";"1";"1";"1";"0"
"26917";"86817504";"26917";"16";"1";"1";"7";"6";"0";"4";"1";"1";"0"
"26918";"86817504";"26918";"17";"3";"2";"1";"2";"0";"1";"1";"1";"0"
"26919";"86817504";"26919";"51";"3";"1";"7";"6";"0";"1";"1";"1";"0"
"26920";"86817504";"26920";"16";"3";"1";"7";"4";"0";"1";"1";"1";"0"
"26921";"86821102";"26921";"51";"3";"1";"7";"2";"0";"1";"2";"1";"0"
"26922";"86821102";"26922";"51";"1";"1";"7";"3";"0";"1";"0";"1";"0"
"26923";"86821105";"26923";"13";"1";"1";"7";"5";"0";"1";"1";"1";"0"
"26924";"86821106";"26924";"74";"1";"2";"2";"4";"0";"1";"1";"1";"0"
"26925";"86821303";"26925";"13";"1";"1";"7";"6";"0";"1";"1";"1";"0"
"26926";"86821303";"26926";"13";"1";"1";"7";"4";"0";"1";"1";"1";"0"
"26927";"86821303";"26927";"19";"1";"1";"7";"6";"0";"1";"2";"1";"0"
"26928";"86821303";"26928";"13";"1";"1";"7";"3";"0";"1";"1";"1";"0"
"26929";"86821303";"26929";"17";"1";"1";"7";"1";"0";"1";"1";"1";"0"
"26930";"86821303";"26930";"17";"1";"1";"7";"2";"0";"1";"1";"1";"0"
"26931";"86821304";"26931";"13";"1";"1";"7";"8";"0";"2";"2";"1";"0"
"26932";"86821402";"26932";"17";"3";"2";"1";"2";"0";"1";"1";"1";"0"
"26933";"86821402";"26933";"51";"3";"1";"7";"6";"0";"1";"2";"1";"0"
"26934";"86821402";"26934";"11";"1";"1";"7";"6";"0";"1";"1";"1";"0"
"26935";"86821402";"26935";"71";"1";"1";"7";"4";"0";"1";"1";"1";"0"
"26936";"86821402";"26936";"51";"3";"1";"1";"5";"0";"1";"1";"1";"0"
"26937";"86821402";"26937";"18";"1";"1";"7";"4";"0";"1";"1";"1";"0"
"26938";"86821402";"8275";"17";"1";"1";"7";"2";"0";"1";"1";"1";"0"
"26939";"86821402";"26939";"17";"1";"1";"7";"2";"0";"1";"0";"1";"0"
"26940";"86821402";"26940";"17";"3";"1";"7";"1";"0";"1";"1";"1";"0"
"26941";"86821402";"26941";"17";"1";"1";"7";"2";"0";"1";"0";"1";"0"
"26942";"86821406";"26942";"19";"1";"1";"7";"9";"0";"1";"3";"1";"0"
"26943";"86821406";"26943";"51";"1";"1";"7";"6";"0";"1";"2";"1";"0"
"26944";"86821406";"26944";"11";"2";"1";"7";"6";"0";"1";"1";"1";"0"
"26945";"86821406";"26945";"11";"1";"1";"7";"5";"0";"1";"2";"1";"0"
"26946";"86821406";"26946";"11";"3";"1";"7";"6";"0";"1";"0";"1";"0"
"26947";"86821406";"26947";"71";"1";"1";"7";"6";"0";"1";"1";"1";"0"
"26948";"86821406";"26948";"71";"1";"3";"1";"6";"0";"1";"1";"1";"0"
"26949";"86821411";"26949";"17";"1";"1";"7";"2";"0";"1";"1";"1";"0"
"26950";"86821411";"26950";"17";"1";"1";"7";"2";"0";"1";"1";"1";"0"
"26951";"86821411";"26951";"11";"3";"1";"7";"6";"0";"1";"1";"1";"0"
"26952";"86821411";"26952";"11";"1";"2";"1";"6";"0";"0";"1";"3";"0"
"26953";"86821411";"26953";"61";"1";"1";"7";"4";"0";"1";"1";"1";"0"
"26954";"86821411";"26954";"11";"1";"1";"7";"2";"0";"1";"1";"1";"0"
"26955";"86821411";"26955";"14";"1";"1";"7";"4";"0";"1";"1";"1";"0"
"26956";"86821411";"26956";"11";"1";"1";"7";"6";"0";"1";"0";"1";"0"
"26957";"86821411";"26957";"71";"1";"1";"7";"6";"0";"1";"1";"1";"0"
"26958";"86821411";"26958";"11";"1";"1";"7";"4";"0";"1";"1";"1";"0"
"26959";"86821411";"26959";"11";"5";"1";"7";"6";"0";"1";"1";"1";"0"
"26960";"86821501";"26960";"51";"3";"1";"7";"0";"0";"1";"1";"1";"0"
"26961";"86821502";"26961";"51";"1";"1";"7";"6";"0";"1";"1";"1";"0"
"26962";"86821502";"26962";"51";"1";"1";"7";"2";"0";"1";"2";"1";"0"
"26963";"86821505";"26963";"11";"3";"1";"7";"6";"0";"1";"1";"1";"0"
"26964";"86821505";"26964";"11";"3";"3";"2";"2";"0";"1";"1";"1";"0"
"26965";"86821505";"26965";"11";"1";"1";"7";"6";"0";"1";"1";"1";"0"
"26966";"86821505";"26966";"71";"1";"1";"7";"6";"1";"2";"1";"2";"0"
"26967";"86821505";"26967";"71";"1";"1";"7";"4";"0";"2";"1";"1";"0"
"26968";"86821505";"26968";"11";"2";"3";"2";"6";"1";"0";"1";"2";"0"
"26969";"86821505";"26969";"17";"1";"1";"7";"2";"0";"0";"2";"3";"0"
"26970";"86821505";"26970";"11";"3";"1";"7";"6";"0";"1";"1";"1";"0"
"26971";"86821505";"26971";"35";"1";"1";"7";"4";"0";"1";"1";"1";"0"
"26972";"86821505";"26972";"51";"1";"1";"7";"6";"0";"1";"1";"1";"0"
"26973";"86821505";"26973";"11";"1";"1";"7";"8";"0";"1";"1";"1";"0"
"26974";"86821505";"26974";"11";"1";"1";"7";"9";"1";"0";"0";"2";"0"
"26975";"86821505";"26975";"71";"3";"1";"7";"6";"1";"0";"1";"2";"0"
"26976";"86821505";"26976";"17";"1";"1";"7";"2";"0";"1";"1";"1";"0"
"26977";"86821505";"26977";"36";"1";"1";"7";"3";"0";"1";"0";"1";"0"
"26978";"86821505";"26978";"11";"3";"3";"1";"8";"0";"1";"1";"1";"0"
"26979";"86821505";"26979";"11";"1";"1";"7";"2";"1";"0";"1";"2";"0"
"26980";"86821505";"26980";"11";"1";"1";"7";"6";"0";"1";"1";"1";"0"
"26981";"86821505";"26981";"17";"1";"1";"7";"2";"0";"1";"1";"1";"0"
"26982";"86821505";"26982";"11";"3";"1";"7";"6";"0";"2";"0";"1";"0"
"26983";"86822103";"26983";"14";"1";"1";"7";"6";"0";"1";"1";"1";"0"
"26984";"86822103";"26984";"14";"1";"1";"7";"6";"0";"2";"0";"1";"0"
"26985";"86822103";"26985";"14";"1";"1";"7";"5";"0";"1";"2";"1";"0"
"26986";"86822105";"26986";"72";"1";"1";"7";"3";"0";"2";"0";"1";"0"
"26987";"86822105";"26987";"81";"1";"3";"2";"6";"1";"0";"1";"2";"0"
"26988";"86822105";"26988";"72";"1";"7";"1";"6";"0";"1";"1";"1";"0"
"26989";"86822201";"26989";"17";"1";"1";"7";"2";"0";"1";"1";"1";"0"
"26990";"86822201";"26990";"13";"1";"1";"7";"6";"0";"1";"2";"1";"0"
"26991";"86822202";"26991";"72";"1";"1";"7";"6";"0";"1";"1";"1";"0"
"26992";"86822202";"26992";"31";"1";"1";"7";"6";"0";"1";"2";"3";"1"
"26993";"86822203";"26993";"13";"1";"3";"2";"6";"0";"1";"4";"1";"0"
"26994";"86822203";"26994";"13";"2";"1";"7";"6";"0";"1";"2";"1";"0"
"26995";"86822203";"26995";"13";"1";"1";"7";"4";"0";"1";"1";"1";"0"
"26996";"86822203";"26996";"13";"1";"1";"1";"4";"0";"1";"1";"1";"0"
"26997";"86822203";"26997";"13";"1";"1";"7";"6";"0";"1";"1";"1";"0"
"26998";"86822203";"26998";"71";"1";"1";"7";"6";"0";"1";"1";"1";"0"
"26999";"86822203";"26999";"13";"1";"1";"7";"6";"0";"1";"0";"1";"0"
"27000";"86822203";"27000";"13";"1";"1";"7";"8";"0";"1";"1";"1";"0"
"27001";"86822203";"27001";"13";"1";"1";"7";"6";"0";"2";"1";"1";"0"
"27002";"86822203";"27002";"13";"1";"3";"1";"4";"0";"1";"1";"1";"0"
"27003";"86822203";"27003";"13";"1";"3";"1";"9";"0";"1";"2";"1";"0"
"27004";"86822203";"27004";"13";"1";"1";"7";"6";"0";"1";"1";"1";"0"
"27005";"86822203";"27005";"13";"1";"1";"7";"4";"0";"1";"1";"1";"0"
"27006";"86822203";"27006";"13";"1";"1";"7";"6";"0";"1";"0";"1";"0"
"27007";"86822203";"27007";"13";"1";"1";"7";"6";"0";"1";"3";"1";"0"
"27008";"86822203";"27008";"13";"3";"1";"7";"3";"0";"1";"1";"1";"0"
"27009";"86822203";"27009";"20";"1";"1";"7";"1";"0";"1";"1";"1";"0"
"27010";"86822301";"27010";"11";"1";"1";"7";"6";"0";"3";"0";"1";"0"
"27011";"86822301";"27011";"15";"3";"1";"2";"6";"0";"1";"1";"1";"0"
"27012";"86822301";"27012";"11";"1";"1";"7";"6";"0";"2";"1";"1";"0"
"27013";"86822301";"27013";"11";"1";"1";"7";"5";"0";"1";"1";"1";"0"
"27014";"86822301";"27014";"14";"1";"1";"7";"5";"0";"1";"1";"1";"0"
"27015";"86822301";"27015";"11";"1";"3";"2";"8";"0";"2";"1";"1";"0"
"27016";"86822301";"27016";"31";"1";"1";"7";"6";"0";"2";"0";"1";"0"
"27017";"86822301";"27017";"11";"1";"3";"1";"6";"0";"1";"5";"1";"0"
"27018";"86822301";"27018";"11";"1";"3";"2";"7";"0";"1";"1";"1";"0"
"27019";"86822301";"27019";"35";"1";"1";"7";"3";"0";"1";"1";"1";"0"