"accident_id";"lieu_id";"date_id";"cause_id";"lum_id";"intemp_id";"etat_surface_id";"impliq_id";"nb_blesses_graves";"nb_blesses_legers";"nb_indemnes";"gravite";"nb_morts"
"27020";"86822301";"27020";"18";"1";"1";"7";"3";"0";"1";"1";"1";"0"
"27021";"86822301";"27021";"11";"2";"1";"7";"6";"0";"1";"2";"1";"0"
"27022";"86822301";"27022";"35";"2";"1";"7";"4";"0";"1";"1";"1";"0"
"27023";"86822301";"27023";"17";"1";"1";"7";"2";"0";"1";"1";"1";"0"
"27024";"86822303";"27024";"14";"1";"1";"7";"3";"0";"1";"1";"1";"0"
"27025";"86822303";"27025";"14";"1";"1";"7";"6";"0";"1";"1";"1";"0"
"27026";"86822303";"27026";"14";"1";"1";"7";"6";"0";"1";"1";"1";"0"
"27027";"86822307";"27027";"71";"1";"1";"7";"4";"0";"1";"1";"1";"0"
"27028";"86822407";"27028";"72";"1";"1";"7";"6";"0";"1";"2";"1";"0"
"27029";"86822407";"27029";"71";"1";"1";"7";"6";"0";"1";"1";"1";"0"
"27030";"86822407";"27030";"51";"1";"3";"1";"4";"0";"1";"1";"1";"0"
"27031";"86822502";"27031";"11";"1";"2";"2";"6";"0";"1";"1";"1";"0"
"27032";"86822502";"27032";"18";"1";"1";"7";"6";"0";"1";"2";"1";"0"
"27033";"86822502";"27033";"11";"3";"1";"7";"6";"0";"1";"1";"1";"0"
"27034";"86822502";"27034";"51";"1";"1";"7";"6";"0";"1";"2";"1";"0"
"27035";"86822502";"27035";"35";"1";"1";"7";"4";"0";"1";"1";"1";"0"
"27036";"86822502";"27036";"11";"1";"1";"7";"6";"0";"1";"1";"1";"0"
"27037";"86822502";"27037";"11";"3";"1";"7";"6";"1";"1";"1";"2";"0"
"27038";"86822502";"27038";"11";"1";"1";"7";"4";"0";"1";"1";"1";"0"
"27039";"86822502";"27039";"14";"1";"1";"7";"6";"0";"1";"1";"1";"0"
"27040";"86822502";"27040";"11";"1";"1";"7";"6";"0";"2";"2";"1";"0"
"27041";"86822502";"27041";"17";"1";"1";"7";"2";"0";"1";"1";"1";"0"
"27042";"86822502";"27042";"51";"1";"1";"7";"6";"0";"1";"2";"1";"0"
"27043";"86822502";"27043";"11";"1";"1";"7";"6";"0";"2";"0";"1";"0"
"27044";"86822502";"27044";"63";"3";"1";"7";"4";"0";"1";"1";"1";"0"
"27045";"86822502";"27045";"17";"3";"1";"7";"2";"0";"1";"1";"1";"0"
"27046";"86822502";"27046";"11";"1";"1";"7";"5";"0";"1";"1";"1";"0"
"27047";"86822502";"27047";"11";"1";"1";"7";"6";"0";"2";"1";"1";"0"
"27048";"86822503";"27048";"71";"1";"1";"7";"6";"0";"1";"1";"1";"0"
"27049";"86823104";"27049";"14";"3";"1";"7";"6";"0";"2";"1";"1";"0"
"27050";"86823104";"27050";"17";"1";"1";"7";"2";"0";"1";"1";"1";"0"
"27051";"86823104";"27051";"16";"1";"1";"7";"6";"0";"1";"1";"1";"0"
"27052";"86823104";"27052";"11";"3";"1";"2";"6";"0";"1";"4";"1";"0"
"27053";"86823104";"27053";"16";"1";"1";"7";"4";"0";"1";"1";"1";"0"
"27054";"86823104";"27054";"15";"3";"1";"1";"6";"0";"5";"0";"1";"0"
"27055";"86823104";"27055";"11";"1";"1";"1";"6";"0";"1";"1";"1";"0"
"27056";"86823104";"27056";"35";"1";"1";"7";"4";"0";"1";"1";"1";"0"
"27057";"86823104";"27057";"11";"1";"1";"7";"6";"0";"1";"1";"1";"0"
"27058";"86823104";"27058";"11";"3";"1";"7";"6";"0";"1";"2";"1";"0"
"27059";"86823104";"27059";"11";"2";"1";"1";"4";"1";"1";"3";"2";"0"
"27060";"86823104";"27060";"11";"1";"1";"7";"6";"0";"1";"1";"1";"0"
"27061";"86823104";"27061";"21";"1";"1";"7";"3";"0";"1";"0";"1";"0"
"27062";"86823104";"27062";"16";"1";"1";"7";"6";"0";"1";"1";"1";"0"
"27063";"86823104";"27063";"17";"3";"6";"7";"1";"0";"1";"1";"1";"0"
"27064";"86823108";"27064";"24";"1";"1";"7";"2";"0";"1";"1";"1";"0"
"27065";"86823108";"27065";"19";"1";"1";"7";"6";"0";"1";"1";"1";"0"
"27066";"86823108";"27066";"17";"2";"1";"7";"1";"0";"1";"1";"1";"0"
"27067";"86823108";"27067";"31";"1";"3";"1";"4";"0";"1";"1";"1";"0"
"27068";"86823108";"27068";"72";"1";"1";"7";"6";"0";"1";"0";"1";"0"
"27069";"86823108";"27069";"19";"1";"1";"7";"6";"0";"3";"0";"1";"0"
"27070";"86823112";"27070";"19";"1";"1";"7";"4";"0";"1";"1";"1";"0"
"27071";"86823112";"27071";"19";"1";"1";"7";"4";"0";"1";"1";"1";"0"
"27072";"86823112";"27072";"19";"1";"1";"7";"6";"0";"1";"1";"1";"0"
"27073";"86823203";"27073";"61";"1";"1";"7";"4";"0";"1";"1";"1";"0"
"27074";"86823203";"27074";"72";"3";"1";"7";"6";"2";"0";"1";"2";"0"
"27075";"86823301";"27075";"14";"3";"2";"2";"6";"0";"1";"1";"1";"0"
"27076";"86823301";"27076";"14";"1";"1";"7";"6";"0";"1";"1";"1";"0"
"27077";"86823301";"27077";"17";"1";"1";"7";"2";"0";"1";"1";"1";"0"
"27078";"86823301";"27078";"14";"1";"3";"1";"6";"0";"1";"1";"1";"0"
"27079";"86823301";"27079";"14";"3";"3";"2";"6";"0";"1";"2";"1";"0"
"27080";"86823301";"27080";"81";"3";"1";"7";"6";"0";"1";"1";"1";"0"
"27081";"86823301";"27081";"51";"3";"3";"2";"8";"0";"1";"1";"1";"0"
"27082";"86823301";"27082";"16";"1";"1";"7";"4";"0";"1";"1";"1";"0"
"27083";"86823301";"27083";"14";"3";"1";"7";"6";"0";"2";"2";"1";"0"
"27084";"86823301";"27084";"14";"1";"1";"7";"6";"0";"1";"1";"1";"0"
"27085";"86823301";"27085";"14";"1";"1";"7";"3";"0";"1";"1";"1";"0"
"27086";"86823301";"27086";"15";"3";"1";"7";"6";"0";"1";"1";"1";"0"
"27087";"86823301";"27087";"17";"3";"2";"2";"2";"0";"2";"1";"1";"0"
"27088";"86823301";"27088";"81";"1";"1";"7";"2";"0";"1";"1";"1";"0"
"27089";"86823301";"27089";"19";"1";"2";"2";"6";"0";"1";"0";"1";"0"
"27090";"86823301";"27090";"51";"1";"1";"7";"6";"0";"1";"1";"1";"0"
"27091";"86823301";"27091";"17";"3";"3";"1";"2";"1";"0";"1";"2";"0"
"27092";"86823301";"27092";"19";"1";"1";"7";"3";"1";"0";"1";"2";"0"
"27093";"86823301";"27093";"71";"3";"1";"1";"6";"1";"0";"1";"2";"0"
"27094";"86823301";"27094";"17";"1";"1";"7";"2";"0";"1";"1";"1";"0"
"27095";"86823301";"27095";"17";"1";"1";"7";"2";"0";"1";"4";"1";"0"
"27096";"86823304";"27096";"72";"1";"3";"1";"6";"0";"1";"1";"1";"0"
"27097";"86823304";"27097";"19";"1";"1";"7";"6";"0";"1";"1";"1";"0"
"27098";"86823304";"4355";"19";"1";"1";"7";"6";"0";"1";"1";"1";"0"
"27099";"86823304";"27099";"17";"1";"1";"7";"2";"0";"1";"1";"1";"0"
"27100";"86823304";"27100";"17";"1";"1";"1";"2";"0";"1";"1";"1";"0"
"27101";"86823304";"27101";"71";"3";"3";"1";"6";"0";"1";"1";"1";"0"
"27102";"86823304";"27102";"35";"1";"1";"7";"3";"0";"1";"1";"1";"0"
"27103";"86823304";"27103";"17";"1";"1";"7";"2";"0";"1";"1";"1";"0"
"27104";"86823304";"27104";"13";"1";"1";"7";"6";"0";"1";"1";"1";"0"
"27105";"86823305";"27105";"19";"3";"1";"7";"5";"0";"1";"1";"1";"0"
"27106";"86823305";"24897";"71";"3";"3";"1";"6";"0";"1";"1";"1";"0"
"27107";"86823305";"27107";"17";"1";"1";"7";"2";"0";"1";"1";"1";"0"
"27108";"86823305";"27108";"64";"1";"1";"7";"6";"0";"1";"1";"1";"0"
"27109";"86823305";"27109";"17";"1";"3";"1";"2";"0";"1";"2";"1";"0"
"27110";"86823305";"27110";"17";"3";"6";"1";"2";"1";"0";"1";"2";"0"
"27111";"86823305";"27111";"26";"1";"1";"7";"2";"0";"1";"2";"1";"0"
"27112";"86823305";"27112";"17";"1";"1";"1";"1";"0";"1";"1";"1";"0"
"27113";"86823305";"27113";"17";"1";"1";"7";"2";"0";"1";"1";"1";"0"
"27114";"86823307";"27114";"16";"3";"1";"7";"6";"0";"1";"2";"1";"0"
"27115";"86823307";"27115";"16";"1";"1";"7";"4";"0";"1";"1";"1";"0"
"27116";"86823307";"27116";"17";"1";"1";"7";"1";"0";"1";"1";"1";"0"
"27117";"86823307";"27117";"19";"1";"1";"7";"6";"0";"1";"1";"1";"0"
"27118";"86823307";"27118";"19";"1";"1";"7";"4";"0";"1";"1";"1";"0"
"27119";"86823307";"27119";"19";"3";"3";"2";"6";"0";"2";"1";"1";"0"
"27120";"86823307";"27120";"71";"3";"1";"7";"6";"0";"1";"1";"1";"0"
"27121";"86823307";"4909";"19";"3";"3";"2";"4";"0";"1";"2";"1";"0"
"27122";"86823307";"27122";"19";"3";"1";"4";"6";"0";"2";"2";"1";"0"
"27123";"86823307";"27123";"17";"1";"1";"7";"2";"0";"1";"1";"1";"0"
"27124";"86823307";"27124";"19";"3";"1";"7";"4";"0";"1";"1";"1";"0"
"27125";"86823307";"27125";"71";"2";"1";"7";"4";"0";"1";"1";"1";"0"
"27126";"86823307";"27126";"51";"3";"1";"7";"3";"0";"1";"1";"1";"0"
"27127";"86823307";"19154";"19";"2";"2";"2";"6";"0";"1";"2";"1";"0"
"27128";"86823307";"27128";"17";"1";"1";"7";"2";"0";"1";"1";"1";"0"
"27129";"86823307";"27129";"16";"1";"1";"1";"4";"0";"1";"1";"1";"0"
"27130";"86823307";"27130";"19";"1";"1";"7";"4";"0";"2";"1";"1";"0"
"27131";"86823307";"27131";"19";"1";"1";"7";"6";"0";"2";"1";"1";"0"
"27132";"86823307";"27132";"71";"1";"1";"7";"3";"0";"0";"1";"3";"0"
"27133";"86823307";"27133";"17";"1";"1";"7";"2";"0";"1";"1";"1";"0"
"27134";"86823307";"27134";"26";"1";"1";"7";"1";"0";"1";"1";"1";"0"
"27135";"86823307";"27135";"17";"1";"1";"7";"2";"0";"1";"1";"1";"0"
"27136";"86823307";"27136";"19";"1";"2";"1";"6";"1";"1";"0";"2";"0"
"27137";"86823307";"27137";"71";"1";"1";"1";"6";"0";"1";"1";"1";"0"
"27138";"86823307";"27138";"19";"2";"1";"7";"4";"0";"1";"0";"1";"0"
"27139";"86823307";"27139";"19";"3";"1";"7";"6";"0";"2";"2";"1";"0"
"27140";"86823307";"27140";"24";"1";"3";"1";"2";"1";"0";"1";"2";"0"
"27141";"86823307";"27141";"19";"3";"1";"4";"6";"0";"1";"1";"1";"0"
"27142";"86823307";"27142";"19";"3";"1";"7";"6";"0";"1";"1";"1";"0"
"27143";"86823307";"27143";"25";"1";"1";"7";"6";"0";"2";"1";"1";"0"
"27144";"86823406";"27144";"17";"2";"1";"7";"1";"0";"1";"1";"1";"0"
"27145";"86823406";"27145";"14";"3";"3";"2";"4";"0";"1";"1";"1";"0"
"27146";"86823406";"27146";"17";"1";"1";"7";"2";"0";"1";"1";"1";"0"
"27147";"86823406";"27147";"17";"3";"1";"7";"2";"1";"0";"1";"2";"0"
"27148";"86823406";"27148";"14";"1";"1";"7";"6";"0";"1";"1";"1";"0"
"27149";"86823406";"27149";"31";"1";"1";"7";"4";"0";"1";"1";"1";"0"
"27150";"86823406";"27150";"17";"3";"1";"7";"2";"0";"1";"1";"1";"0"
"27151";"86823406";"27151";"72";"1";"1";"7";"6";"0";"1";"1";"1";"0"
"27152";"86823406";"27152";"51";"3";"1";"7";"6";"0";"1";"0";"1";"0"
"27153";"86823406";"27153";"81";"3";"6";"1";"6";"0";"1";"1";"1";"0"
"27154";"86823406";"27154";"81";"3";"2";"1";"6";"1";"0";"1";"2";"0"
"27155";"86823406";"21634";"17";"1";"1";"1";"2";"0";"1";"1";"1";"0"
"27156";"86823406";"27156";"19";"1";"1";"7";"6";"0";"1";"1";"1";"0"
"27157";"86823503";"27157";"16";"1";"4";"3";"6";"0";"1";"1";"1";"0"
"27158";"86823503";"27158";"11";"3";"1";"7";"6";"0";"1";"2";"1";"0"
"27159";"86823503";"27159";"16";"3";"1";"7";"6";"0";"1";"1";"1";"0"
"27160";"86823503";"7701";"11";"1";"1";"7";"6";"0";"1";"1";"1";"0"
"27161";"86823503";"27161";"11";"3";"1";"7";"6";"0";"4";"1";"1";"0"
"27162";"86823503";"27162";"16";"1";"1";"7";"6";"0";"2";"2";"1";"0"
"27163";"86823503";"27163";"16";"1";"1";"7";"5";"0";"1";"1";"1";"0"
"27164";"86823503";"27164";"11";"3";"1";"7";"6";"2";"4";"1";"2";"0"
"27165";"86823503";"27165";"16";"1";"1";"7";"6";"0";"1";"2";"1";"0"
"27166";"86823503";"27166";"51";"1";"1";"7";"4";"0";"1";"1";"1";"0"
"27167";"86823503";"27167";"25";"1";"1";"7";"6";"0";"1";"1";"1";"0"
"27168";"86823503";"27168";"12";"3";"1";"7";"6";"0";"2";"2";"1";"0"
"27169";"86823503";"27169";"12";"3";"1";"7";"6";"0";"3";"0";"1";"0"
"27170";"86823503";"27170";"11";"3";"1";"7";"6";"0";"0";"1";"3";"0"
"27171";"86823503";"27171";"14";"1";"1";"7";"4";"0";"1";"1";"1";"0"
"27172";"86823503";"27172";"11";"1";"3";"2";"6";"0";"1";"1";"1";"0"
"27173";"86823503";"27173";"11";"3";"1";"1";"6";"0";"2";"0";"1";"0"
"27174";"86823503";"27174";"64";"1";"1";"7";"5";"0";"2";"0";"1";"0"
"27175";"86823503";"27175";"11";"1";"1";"7";"5";"1";"0";"2";"2";"0"
"27176";"86823503";"27176";"18";"1";"1";"7";"4";"0";"2";"1";"1";"0"
"27177";"86823503";"27177";"11";"3";"1";"7";"6";"0";"2";"2";"1";"0"
"27178";"86823503";"27178";"15";"3";"1";"7";"6";"0";"1";"1";"1";"0"
"27179";"86823503";"27179";"11";"2";"1";"7";"4";"0";"1";"1";"1";"0"
"27180";"86823503";"27180";"11";"2";"1";"7";"6";"0";"1";"1";"1";"0"
"27181";"86823503";"27181";"16";"1";"1";"7";"6";"0";"2";"1";"1";"0"
"27182";"86823503";"27182";"16";"3";"1";"1";"6";"0";"1";"2";"1";"0"
"27183";"86823503";"27183";"16";"1";"1";"7";"4";"0";"1";"1";"1";"0"
"27184";"86823503";"27184";"81";"3";"1";"7";"6";"0";"1";"1";"1";"0"
"27185";"86823503";"27185";"11";"3";"3";"2";"3";"0";"0";"1";"3";"0"
"27186";"86823503";"27186";"17";"3";"1";"7";"2";"0";"1";"1";"1";"0"
"27187";"86823503";"27187";"81";"3";"1";"7";"6";"1";"2";"0";"3";"0"
"27188";"86823503";"27188";"17";"1";"1";"7";"2";"0";"1";"2";"1";"0"
"27189";"86823503";"27189";"11";"3";"1";"7";"6";"0";"1";"1";"1";"0"
"27190";"86823503";"27190";"35";"1";"1";"7";"3";"0";"0";"1";"3";"0"
"27191";"86823503";"27191";"35";"1";"1";"7";"3";"0";"1";"2";"1";"0"
"27192";"86823503";"27192";"81";"3";"1";"7";"6";"0";"2";"0";"1";"0"
"27193";"86823503";"27193";"35";"1";"1";"7";"3";"0";"1";"0";"1";"0"
"27194";"86823503";"27194";"32";"1";"1";"7";"8";"0";"1";"1";"1";"0"
"27195";"86823503";"27195";"11";"3";"1";"7";"5";"0";"3";"0";"1";"0"
"27196";"86823503";"27196";"11";"3";"7";"1";"2";"0";"1";"1";"1";"0"
"27197";"86823503";"27197";"81";"3";"3";"1";"6";"0";"1";"1";"1";"0"
"27198";"86823503";"27198";"51";"1";"1";"7";"6";"0";"1";"4";"1";"0"
"27199";"86823503";"27199";"51";"2";"1";"7";"4";"0";"1";"0";"1";"0"
"27200";"86823503";"27200";"11";"3";"1";"7";"6";"0";"1";"1";"1";"0"
"27201";"86823503";"27201";"18";"1";"1";"7";"3";"1";"0";"1";"2";"0"
"27202";"86823505";"27202";"35";"1";"1";"7";"4";"0";"1";"1";"1";"0"
"27203";"86823505";"27203";"16";"3";"1";"7";"5";"0";"1";"1";"1";"0"
"27204";"86824101";"27204";"71";"1";"3";"1";"6";"0";"1";"1";"1";"0"
"27205";"86824102";"27205";"14";"1";"1";"7";"6";"0";"3";"1";"1";"0"
"27206";"86824102";"27206";"14";"1";"1";"7";"6";"0";"1";"1";"1";"0"
"27207";"86824109";"27207";"72";"1";"1";"7";"6";"0";"1";"1";"1";"0"
"27208";"86824204";"27208";"16";"1";"1";"7";"4";"0";"1";"1";"1";"0"
"27209";"86824204";"27209";"16";"1";"3";"1";"3";"0";"1";"1";"1";"0"
"27210";"86824204";"27210";"71";"1";"3";"2";"6";"0";"1";"1";"1";"0"
"27211";"86824204";"27211";"17";"1";"1";"7";"2";"0";"1";"1";"1";"0"
"27212";"86824204";"27212";"17";"3";"7";"2";"2";"0";"2";"1";"1";"0"
"27213";"86824204";"27213";"17";"3";"3";"2";"2";"1";"0";"1";"2";"0"
"27214";"86824204";"27214";"11";"1";"1";"7";"6";"0";"1";"1";"1";"0"
"27215";"86824204";"27215";"11";"1";"1";"7";"2";"0";"1";"1";"1";"0"
"27216";"86824204";"27216";"35";"1";"1";"7";"3";"0";"1";"1";"1";"0"
"27217";"86824204";"27217";"81";"1";"1";"7";"6";"0";"4";"1";"1";"0"
"27218";"86824204";"27218";"11";"3";"1";"7";"6";"0";"2";"7";"1";"0"
"27219";"86824204";"27219";"11";"1";"1";"7";"6";"0";"1";"1";"1";"0"
"27220";"86824204";"27220";"11";"3";"1";"7";"6";"0";"1";"2";"1";"0"
"27221";"86824204";"27221";"11";"1";"1";"7";"6";"0";"0";"1";"3";"0"
"27222";"86824204";"27222";"81";"3";"3";"1";"6";"0";"1";"0";"1";"0"
"27223";"86824204";"27223";"16";"3";"1";"7";"6";"0";"1";"2";"1";"0"
"27224";"86824204";"27224";"51";"2";"1";"7";"6";"0";"1";"1";"1";"0"
"27225";"86824206";"27225";"99";"3";"1";"7";"3";"0";"1";"1";"1";"0"
"27226";"86824206";"27226";"17";"1";"2";"1";"1";"0";"1";"1";"1";"0"
"27227";"86824207";"27227";"19";"1";"1";"7";"4";"0";"1";"1";"1";"0"
"27228";"86824207";"27228";"51";"3";"3";"1";"6";"0";"1";"1";"1";"0"
"27229";"86824207";"27229";"71";"1";"1";"7";"6";"0";"1";"1";"1";"0"
"27230";"86824301";"27230";"14";"3";"1";"7";"4";"0";"2";"1";"1";"0"
"27231";"86824301";"27231";"14";"1";"1";"7";"6";"0";"1";"2";"1";"0"
"27232";"86824301";"27232";"14";"1";"1";"7";"6";"0";"2";"3";"1";"0"
"27233";"86824301";"27233";"14";"3";"1";"1";"6";"0";"2";"1";"1";"0"
"27234";"86824301";"27234";"19";"1";"1";"7";"4";"0";"2";"2";"1";"0"
"27235";"86824301";"27235";"19";"1";"1";"7";"6";"0";"1";"2";"1";"0"
"27236";"86824301";"27236";"19";"3";"3";"1";"6";"1";"0";"1";"2";"0"
"27237";"86824301";"13307";"19";"1";"1";"7";"6";"0";"3";"1";"1";"0"
"27238";"86824301";"27238";"19";"1";"1";"1";"3";"0";"1";"2";"1";"0"
"27239";"86824301";"27239";"19";"3";"3";"1";"6";"0";"1";"1";"1";"0"
"27240";"86824301";"27240";"19";"1";"1";"7";"6";"0";"2";"4";"1";"0"
"27241";"86824301";"27241";"19";"1";"1";"7";"6";"0";"1";"1";"1";"0"
"27242";"86824301";"27242";"19";"1";"1";"7";"6";"0";"1";"2";"1";"0"
"27243";"86824301";"27243";"19";"1";"3";"1";"6";"0";"1";"2";"1";"0"
"27244";"86824404";"27244";"15";"3";"3";"2";"6";"0";"2";"0";"1";"0"
"27245";"86824404";"27245";"17";"1";"3";"2";"2";"0";"1";"1";"1";"0"
"27246";"86824404";"27246";"15";"3";"1";"7";"6";"0";"2";"1";"1";"0"
"27247";"86824404";"27247";"17";"1";"3";"2";"2";"0";"1";"1";"1";"0"
"27248";"86824404";"27248";"11";"1";"1";"7";"6";"0";"1";"1";"1";"0"
"27249";"86824404";"27249";"17";"1";"1";"7";"2";"0";"1";"1";"1";"0"
"27250";"86824404";"27250";"16";"3";"1";"7";"4";"1";"0";"1";"2";"0"
"27251";"86824404";"6439";"16";"1";"1";"7";"6";"0";"1";"2";"1";"0"
"27252";"86824404";"27252";"16";"3";"1";"7";"6";"0";"1";"1";"1";"0"
"27253";"86824404";"27253";"17";"1";"1";"7";"2";"0";"1";"1";"1";"0"
"27254";"86824404";"27254";"71";"1";"1";"7";"6";"0";"1";"1";"1";"0"
"27255";"86824404";"27255";"51";"1";"1";"7";"6";"0";"1";"5";"1";"0"
"27256";"86824404";"27256";"15";"2";"1";"7";"6";"0";"2";"0";"1";"0"
"27257";"86824404";"27257";"16";"1";"1";"7";"6";"0";"1";"1";"1";"0"
"27258";"86824404";"27258";"17";"1";"1";"7";"2";"0";"2";"1";"1";"0"
"27259";"86824404";"27259";"16";"1";"1";"7";"4";"0";"1";"1";"1";"0"
"27260";"86824404";"27260";"11";"3";"1";"5";"6";"1";"1";"6";"2";"0"
"27261";"86824404";"27261";"11";"1";"3";"1";"6";"0";"1";"1";"1";"0"
"27262";"86824404";"27262";"17";"1";"1";"7";"2";"1";"0";"1";"2";"0"
"27263";"86824404";"27263";"17";"3";"1";"7";"2";"0";"1";"0";"1";"0"
"27264";"86824404";"27264";"51";"1";"1";"7";"3";"0";"1";"0";"1";"0"
"27265";"86824404";"27265";"16";"1";"1";"7";"4";"0";"1";"2";"1";"0"
"27266";"86824404";"27266";"16";"1";"1";"7";"4";"0";"1";"1";"1";"0"
"27267";"86824404";"27267";"16";"2";"1";"7";"6";"0";"1";"2";"1";"0"
"27268";"86824404";"27268";"16";"3";"1";"7";"4";"0";"2";"1";"1";"0"
"27269";"86824404";"27269";"16";"1";"1";"7";"4";"0";"1";"1";"1";"0"
"27270";"86824406";"27270";"72";"1";"1";"7";"6";"0";"2";"1";"1";"0"
"27271";"86824406";"27271";"72";"1";"3";"1";"6";"0";"1";"1";"1";"0"
"27272";"86824407";"27272";"13";"1";"1";"7";"6";"0";"1";"1";"1";"0"
"27273";"86824407";"27273";"17";"1";"1";"7";"2";"0";"1";"1";"1";"0"
"27274";"86824407";"27274";"18";"1";"1";"7";"6";"0";"1";"1";"1";"0"
"27275";"86824407";"27275";"16";"1";"1";"7";"6";"0";"1";"3";"1";"0"
"27276";"86824407";"27276";"13";"1";"1";"7";"4";"1";"0";"1";"2";"0"
"27277";"86824407";"27277";"71";"1";"1";"7";"6";"0";"1";"1";"1";"0"
"27278";"86824407";"9329";"19";"1";"1";"7";"4";"0";"1";"1";"1";"0"
"27279";"86824407";"27279";"13";"3";"1";"7";"4";"0";"1";"1";"1";"0"
"27280";"86824407";"27280";"71";"1";"3";"2";"6";"0";"1";"1";"1";"0"
"27281";"86824407";"27281";"17";"1";"3";"2";"2";"0";"1";"1";"1";"0"
"27282";"86824407";"27282";"17";"1";"1";"7";"1";"0";"1";"1";"1";"0"
"27283";"86824407";"27283";"13";"3";"1";"7";"6";"0";"2";"0";"1";"0"
"27284";"86824407";"27284";"51";"1";"1";"7";"2";"0";"1";"1";"1";"0"
"27285";"86824407";"27285";"51";"3";"1";"7";"6";"0";"1";"8";"1";"0"
"27286";"86824502";"27286";"17";"1";"1";"7";"2";"0";"2";"0";"1";"0"
"27287";"86824502";"27287";"18";"1";"1";"7";"4";"0";"1";"1";"1";"0"
"27288";"86824502";"27288";"17";"1";"1";"7";"2";"0";"1";"1";"1";"0"
"27289";"86824502";"27289";"17";"1";"1";"7";"2";"0";"1";"1";"1";"0"
"27290";"86824502";"27290";"17";"1";"1";"7";"2";"0";"1";"1";"1";"0"
"27291";"86824502";"27291";"17";"3";"1";"7";"1";"0";"1";"1";"1";"0"
"27292";"86824502";"27292";"18";"1";"1";"7";"4";"0";"1";"1";"1";"0"
"27293";"86824502";"27293";"18";"1";"1";"7";"6";"0";"1";"0";"1";"0"
"27294";"86824502";"27294";"17";"3";"1";"7";"2";"0";"1";"0";"1";"0"
"27295";"86824502";"27295";"16";"1";"1";"7";"4";"0";"1";"1";"1";"0"
"27296";"86824502";"27296";"18";"1";"1";"7";"7";"0";"1";"1";"1";"0"
"27297";"86824502";"27297";"17";"1";"1";"7";"2";"0";"1";"1";"1";"0"
"27298";"86824502";"27298";"17";"2";"1";"7";"2";"0";"1";"1";"1";"0"
"27299";"86824502";"27299";"17";"1";"1";"7";"2";"0";"1";"1";"1";"0"
"27300";"86824503";"27300";"41";"1";"1";"7";"6";"0";"1";"1";"1";"0"
"27301";"86824504";"27301";"19";"1";"1";"7";"6";"0";"1";"1";"1";"0"
"27302";"86824504";"27302";"72";"2";"3";"1";"6";"0";"1";"1";"1";"0"
"27303";"86824505";"5585";"17";"3";"3";"2";"2";"0";"1";"1";"1";"0"
"27304";"86824505";"27304";"18";"1";"1";"7";"3";"0";"1";"1";"1";"0"
"27305";"86824505";"27305";"19";"2";"2";"1";"3";"0";"1";"1";"1";"0"
"27306";"86824505";"27306";"17";"1";"1";"7";"2";"0";"1";"1";"1";"0"
"27307";"86824509";"27307";"81";"3";"1";"7";"3";"0";"1";"1";"1";"0"
"27308";"86825101";"27308";"18";"1";"1";"7";"4";"0";"1";"1";"1";"0"
"27309";"86825101";"27309";"19";"1";"1";"7";"4";"0";"1";"1";"1";"0"
"27310";"86825101";"27310";"71";"1";"1";"7";"6";"0";"1";"1";"1";"0"
"27311";"86825101";"27311";"72";"1";"1";"7";"4";"0";"2";"0";"1";"0"
"27312";"86825101";"27312";"52";"1";"1";"7";"0";"0";"1";"0";"1";"0"
"27313";"86825101";"27313";"72";"1";"3";"2";"6";"1";"0";"1";"2";"0"
"27314";"86825101";"27314";"19";"1";"1";"7";"4";"0";"1";"1";"1";"0"
"27315";"86825101";"27315";"16";"3";"1";"7";"4";"0";"1";"1";"1";"0"
"27316";"86825101";"27316";"19";"3";"1";"7";"6";"0";"1";"4";"1";"0"
"27317";"86825102";"27317";"17";"3";"1";"7";"2";"0";"1";"1";"1";"0"
"27318";"86825102";"27318";"16";"1";"1";"7";"5";"1";"0";"1";"2";"0"
"27319";"86825102";"27319";"19";"1";"1";"7";"6";"0";"1";"1";"1";"0"
"27320";"86825102";"27320";"19";"1";"3";"1";"6";"0";"1";"0";"1";"0"
"27321";"86825102";"27321";"17";"1";"1";"7";"1";"0";"1";"1";"1";"0"
"27322";"86825105";"27322";"51";"1";"1";"7";"3";"0";"1";"2";"1";"0"
"27323";"86825105";"27323";"51";"3";"1";"7";"0";"2";"0";"0";"2";"0"
"27324";"86825105";"27324";"72";"1";"3";"1";"6";"0";"1";"1";"1";"0"
"27325";"86825203";"27325";"13";"1";"1";"7";"4";"0";"1";"1";"1";"0"
"27326";"86825203";"27326";"25";"1";"1";"7";"0";"0";"1";"0";"1";"0"
"27327";"86825203";"27327";"13";"1";"1";"7";"6";"0";"1";"1";"1";"0"
"27328";"86825203";"27328";"21";"3";"1";"7";"6";"0";"1";"1";"1";"0"
"27329";"86825203";"27329";"16";"1";"1";"7";"5";"0";"1";"1";"1";"0"