"accident_id";"lieu_id";"date_id";"cause_id";"lum_id";"intemp_id";"etat_surface_id";"impliq_id";"nb_blesses_graves";"nb_blesses_legers";"nb_indemnes";"gravite";"nb_morts"
"27330";"86825303";"27330";"18";"3";"1";"7";"4";"0";"1";"1";"1";"0"
"27331";"86825303";"27331";"71";"3";"1";"7";"6";"0";"1";"1";"1";"0"
"27332";"86825304";"27332";"15";"3";"1";"7";"6";"0";"3";"1";"1";"0"
"27333";"86825304";"27333";"11";"1";"1";"7";"6";"0";"1";"1";"1";"0"
"27334";"86825304";"27334";"11";"1";"1";"7";"6";"0";"3";"0";"1";"0"
"27335";"86825304";"27335";"11";"1";"1";"7";"6";"0";"1";"2";"1";"0"
"27336";"86825304";"27336";"15";"3";"1";"7";"6";"0";"2";"0";"1";"0"
"27337";"86825304";"27337";"71";"1";"3";"1";"6";"0";"1";"1";"1";"0"
"27338";"86825304";"27338";"11";"1";"1";"7";"4";"1";"2";"1";"2";"0"
"27339";"86825304";"27339";"16";"1";"1";"7";"4";"0";"1";"1";"1";"0"
"27340";"86825304";"27340";"11";"1";"1";"7";"6";"0";"1";"1";"1";"0"
"27341";"86825304";"27341";"11";"1";"1";"7";"6";"0";"1";"1";"1";"0"
"27342";"86825304";"27342";"71";"3";"3";"1";"6";"0";"1";"1";"1";"0"
"27343";"86825304";"27343";"11";"1";"1";"7";"6";"0";"1";"1";"1";"0"
"27344";"86825304";"27344";"11";"1";"1";"7";"6";"0";"2";"1";"1";"0"
"27345";"86825304";"27345";"11";"1";"1";"7";"6";"0";"1";"1";"1";"0"
"27346";"86825304";"27346";"11";"1";"1";"7";"6";"0";"2";"2";"1";"0"
"27347";"86825304";"27347";"11";"1";"1";"7";"6";"0";"3";"0";"1";"0"
"27348";"86825304";"27348";"11";"3";"1";"7";"2";"0";"1";"1";"1";"0"
"27349";"86825304";"27349";"11";"1";"1";"7";"6";"0";"1";"5";"1";"0"
"27350";"86825304";"27350";"11";"1";"1";"7";"6";"0";"1";"1";"1";"0"
"27351";"86825304";"27351";"71";"1";"1";"7";"6";"0";"1";"1";"1";"0"
"27352";"86825304";"27352";"11";"2";"1";"7";"6";"0";"1";"1";"1";"0"
"27353";"86825304";"27353";"12";"1";"1";"7";"6";"0";"4";"0";"1";"0"
"27354";"86825304";"27354";"11";"1";"3";"1";"6";"0";"1";"1";"1";"0"
"27355";"86825304";"27355";"11";"1";"1";"7";"6";"0";"2";"1";"1";"0"
"27356";"86825304";"27356";"11";"3";"1";"7";"6";"1";"0";"1";"2";"0"
"27357";"86825304";"27357";"11";"3";"3";"1";"6";"0";"3";"1";"1";"0"
"27358";"86825306";"27358";"16";"3";"3";"1";"4";"0";"2";"1";"1";"0"
"27359";"86825306";"27359";"19";"2";"1";"1";"4";"0";"1";"1";"1";"0"
"27360";"86825307";"27360";"19";"1";"1";"7";"3";"0";"2";"1";"1";"0"
"27361";"86825307";"27361";"19";"3";"1";"7";"6";"0";"2";"1";"1";"0"
"27362";"86825307";"27362";"19";"3";"1";"7";"6";"0";"1";"1";"1";"0"
"27363";"86825307";"27363";"19";"1";"1";"7";"6";"0";"1";"2";"1";"0"
"27364";"86825403";"27364";"72";"1";"1";"7";"6";"0";"1";"1";"1";"0"
"27365";"86825403";"27365";"19";"3";"1";"7";"6";"0";"1";"1";"1";"0"
"27366";"86825403";"27366";"72";"1";"1";"7";"6";"0";"1";"1";"1";"0"
"27367";"86825404";"27367";"14";"1";"1";"7";"6";"0";"2";"1";"1";"0"
"27368";"86825404";"27368";"21";"3";"1";"7";"6";"0";"1";"2";"1";"0"
"27369";"86825503";"27369";"17";"1";"1";"7";"2";"0";"1";"1";"1";"0"
"27370";"86825504";"27370";"21";"1";"1";"7";"4";"0";"1";"1";"1";"0"
"27371";"86825506";"27371";"42";"1";"1";"7";"4";"0";"1";"1";"1";"0"
"27372";"86825506";"27372";"17";"3";"1";"7";"1";"0";"1";"1";"1";"0"
"27373";"86825506";"27373";"52";"3";"1";"7";"0";"0";"0";"1";"3";"0"
"27374";"86825506";"27374";"31";"2";"1";"7";"6";"0";"1";"1";"1";"0"
"27375";"86825506";"27375";"17";"1";"1";"7";"1";"0";"1";"1";"1";"0"
"27376";"86825506";"27376";"51";"3";"3";"1";"0";"0";"1";"1";"1";"0"
"27377";"86825506";"27377";"51";"3";"1";"7";"0";"0";"2";"0";"1";"0"
"27378";"86825506";"27378";"11";"1";"1";"7";"6";"0";"1";"1";"1";"0"
"27379";"86825506";"27379";"52";"3";"1";"7";"0";"0";"2";"0";"1";"0"
"27380";"86826101";"27380";"11";"3";"3";"2";"6";"0";"1";"1";"1";"0"
"27381";"86826101";"27381";"15";"3";"1";"7";"6";"0";"1";"2";"1";"0"
"27382";"86826101";"27382";"16";"1";"1";"1";"4";"0";"1";"1";"1";"0"
"27383";"86826101";"27383";"16";"3";"2";"2";"6";"0";"1";"1";"1";"0"
"27384";"86826101";"27384";"17";"1";"1";"7";"2";"0";"1";"1";"1";"0"
"27385";"86826101";"27385";"31";"1";"1";"7";"6";"0";"1";"0";"1";"0"
"27386";"86826101";"27386";"51";"3";"1";"7";"6";"0";"1";"3";"1";"0"
"27387";"86826101";"27387";"11";"1";"1";"7";"6";"0";"1";"1";"1";"0"
"27388";"86826101";"27388";"17";"3";"3";"1";"2";"0";"1";"1";"1";"0"
"27389";"86826101";"27389";"17";"1";"3";"1";"2";"0";"1";"1";"1";"0"
"27390";"86826101";"27390";"17";"1";"3";"1";"2";"1";"0";"1";"2";"0"
"27391";"86826101";"27391";"11";"1";"1";"7";"6";"0";"1";"2";"1";"0"
"27392";"86826101";"27392";"16";"3";"1";"7";"4";"0";"1";"1";"1";"0"
"27393";"86826102";"27393";"13";"1";"1";"7";"5";"0";"1";"1";"1";"0"
"27394";"86826102";"27394";"51";"1";"2";"1";"3";"0";"1";"0";"1";"0"
"27395";"86826102";"27395";"72";"1";"1";"7";"6";"0";"1";"1";"1";"0"
"27396";"86826103";"27396";"14";"3";"3";"5";"6";"0";"1";"2";"1";"0"
"27397";"86826103";"27397";"11";"1";"1";"7";"6";"0";"1";"2";"1";"0"
"27398";"86826103";"27398";"11";"1";"1";"1";"6";"2";"1";"0";"2";"0"
"27399";"86826103";"27399";"17";"1";"1";"7";"2";"0";"1";"1";"1";"0"
"27400";"86826103";"27400";"11";"1";"1";"7";"6";"0";"2";"0";"1";"0"
"27401";"86826103";"27401";"11";"3";"1";"7";"6";"0";"1";"1";"1";"0"
"27402";"86826103";"27402";"11";"1";"3";"1";"6";"0";"1";"1";"1";"0"
"27403";"86826103";"27403";"11";"2";"3";"1";"4";"1";"0";"1";"2";"0"
"27404";"86826103";"27404";"11";"1";"1";"7";"6";"0";"1";"4";"1";"0"
"27405";"86826103";"27405";"16";"1";"1";"7";"6";"0";"1";"1";"1";"0"
"27406";"86826103";"27406";"16";"3";"1";"7";"6";"0";"1";"1";"1";"0"
"27407";"86826103";"27407";"51";"1";"1";"7";"6";"0";"1";"1";"1";"0"
"27408";"86826103";"25779";"11";"1";"3";"1";"6";"0";"1";"2";"1";"0"
"27409";"86826103";"27409";"12";"3";"1";"7";"6";"0";"2";"1";"1";"0"
"27410";"86826103";"27410";"51";"1";"1";"7";"6";"0";"1";"2";"1";"0"
"27411";"86826103";"27411";"11";"1";"1";"7";"6";"0";"2";"0";"1";"0"
"27412";"86826103";"27412";"11";"3";"1";"7";"6";"0";"3";"0";"1";"0"
"27413";"86826201";"27413";"13";"1";"1";"7";"6";"0";"1";"1";"1";"0"
"27414";"86826201";"27414";"13";"1";"1";"7";"6";"0";"1";"1";"1";"0"
"27415";"86826201";"27415";"71";"3";"1";"7";"6";"0";"1";"1";"1";"0"
"27416";"86826201";"27416";"13";"3";"1";"7";"6";"0";"1";"5";"1";"0"
"27417";"86826201";"27417";"71";"1";"1";"7";"6";"0";"1";"1";"1";"0"
"27418";"86826201";"27418";"13";"3";"1";"7";"6";"0";"1";"3";"1";"0"
"27419";"86826201";"27419";"81";"1";"1";"7";"6";"0";"1";"0";"1";"0"
"27420";"86826201";"27420";"52";"3";"1";"7";"0";"0";"1";"0";"1";"0"
"27421";"86826201";"27421";"13";"1";"1";"7";"6";"0";"2";"3";"1";"0"
"27422";"86826201";"27422";"25";"1";"3";"2";"6";"0";"1";"2";"1";"0"
"27423";"86826201";"27423";"71";"1";"1";"7";"6";"0";"1";"1";"1";"0"
"27424";"86826201";"27424";"72";"1";"1";"7";"6";"0";"1";"1";"1";"0"
"27425";"86826201";"27425";"13";"3";"1";"7";"4";"0";"1";"1";"1";"0"
"27426";"86826201";"27426";"17";"1";"1";"7";"1";"1";"0";"1";"2";"0"
"27427";"86826201";"27427";"13";"3";"2";"1";"6";"0";"1";"1";"1";"0"
"27428";"86826201";"27428";"17";"3";"1";"7";"2";"1";"0";"1";"2";"0"
"27429";"86826201";"27429";"13";"3";"1";"7";"6";"0";"1";"2";"1";"0"
"27430";"86826201";"27430";"51";"3";"1";"7";"2";"1";"0";"2";"2";"0"
"27431";"86826201";"27431";"13";"1";"1";"7";"3";"0";"1";"1";"1";"0"
"27432";"86826201";"27432";"17";"1";"1";"7";"1";"0";"1";"1";"1";"0"
"27433";"86826201";"27433";"13";"3";"1";"7";"6";"0";"1";"0";"1";"0"
"27434";"86826201";"27434";"13";"1";"1";"7";"3";"0";"1";"0";"1";"0"
"27435";"86826201";"27435";"17";"3";"3";"1";"2";"0";"1";"0";"1";"0"
"27436";"86826201";"27436";"16";"1";"1";"7";"5";"0";"1";"1";"1";"0"
"27437";"86826201";"27437";"13";"2";"1";"7";"5";"2";"0";"1";"2";"0"
"27438";"86826201";"27438";"17";"1";"1";"7";"2";"0";"1";"1";"1";"0"
"27439";"86826201";"27439";"13";"3";"1";"7";"6";"1";"0";"2";"2";"0"
"27440";"86826201";"27440";"17";"1";"1";"7";"1";"0";"1";"1";"1";"0"
"27441";"86826304";"27441";"31";"1";"1";"7";"6";"0";"1";"4";"1";"0"
"27442";"86826306";"27442";"51";"1";"1";"7";"0";"0";"2";"0";"1";"0"
"27443";"86826306";"27443";"19";"1";"1";"7";"3";"0";"1";"1";"1";"0"
"27444";"86826306";"27444";"81";"3";"1";"7";"6";"1";"0";"1";"2";"0"
"27445";"86826402";"27445";"14";"1";"1";"7";"6";"0";"1";"1";"1";"0"
"27446";"86826402";"27446";"14";"1";"1";"7";"6";"0";"1";"3";"1";"0"
"27447";"86826402";"27447";"14";"1";"1";"7";"6";"0";"1";"0";"1";"0"
"27448";"86826403";"27448";"14";"1";"1";"7";"4";"0";"1";"1";"1";"0"
"27449";"86826403";"27449";"14";"1";"1";"7";"6";"0";"1";"2";"1";"0"
"27450";"86826501";"27450";"71";"1";"1";"1";"6";"0";"1";"1";"1";"0"
"27451";"86826501";"27451";"18";"3";"1";"7";"4";"0";"1";"0";"1";"0"
"27452";"86826505";"27452";"16";"1";"3";"2";"6";"0";"1";"1";"1";"0"
"27453";"86826505";"27453";"71";"1";"1";"7";"6";"0";"1";"1";"1";"0"
"27454";"86826505";"27454";"19";"3";"1";"7";"6";"0";"1";"4";"1";"0"
"27455";"86827210";"27455";"16";"1";"1";"7";"6";"0";"2";"1";"1";"0"
"27456";"86827210";"27456";"17";"1";"1";"7";"2";"1";"0";"1";"2";"0"
"27457";"86827210";"27457";"19";"1";"1";"7";"6";"0";"1";"1";"1";"0"
"27458";"86827210";"27458";"16";"3";"1";"7";"5";"1";"0";"1";"3";"0"
"27459";"86827210";"27459";"81";"3";"1";"7";"2";"0";"1";"1";"1";"0"
"27460";"86827212";"27460";"11";"3";"1";"7";"6";"0";"1";"1";"1";"0"
"27461";"86827301";"21027";"14";"1";"1";"7";"6";"0";"1";"1";"1";"0"
"27462";"86827301";"27462";"19";"1";"1";"7";"4";"0";"1";"0";"1";"0"
"27463";"86827301";"27463";"31";"1";"1";"7";"3";"0";"1";"1";"1";"0"
"27464";"86827302";"27464";"21";"1";"1";"7";"6";"0";"1";"2";"1";"0"
"27465";"86827302";"27465";"71";"3";"1";"7";"6";"1";"0";"1";"2";"0"
"27466";"86827304";"27466";"14";"1";"1";"7";"6";"0";"1";"8";"1";"0"
"27467";"86827304";"27467";"14";"3";"1";"7";"6";"0";"2";"2";"1";"0"
"27468";"86827305";"27468";"14";"1";"1";"7";"6";"0";"1";"1";"1";"0"
"27469";"86827306";"27469";"14";"1";"2";"2";"3";"1";"0";"0";"2";"0"
"27470";"86827306";"27470";"14";"1";"1";"7";"6";"0";"1";"1";"1";"0"
"27471";"86827306";"27471";"14";"3";"1";"7";"6";"1";"1";"0";"2";"0"
"27472";"86827306";"27472";"14";"3";"1";"7";"6";"0";"1";"1";"1";"0"
"27473";"86827306";"27473";"14";"1";"1";"7";"6";"0";"1";"1";"1";"0"
"27474";"86827306";"27474";"13";"1";"1";"7";"4";"0";"1";"1";"1";"0"
"27475";"86827306";"27475";"81";"3";"1";"7";"6";"0";"2";"1";"1";"0"
"27476";"86827309";"27476";"72";"1";"1";"7";"6";"0";"1";"1";"1";"0"
"27477";"86827401";"27477";"81";"3";"1";"7";"6";"0";"1";"1";"1";"0"
"27478";"86827404";"27478";"17";"2";"1";"2";"2";"0";"1";"1";"1";"0"
"27479";"86827406";"27479";"17";"3";"1";"7";"2";"0";"1";"1";"1";"0"
"27480";"86827503";"27480";"19";"1";"3";"1";"4";"0";"1";"1";"1";"0"
"27481";"86827503";"27481";"17";"3";"1";"7";"2";"0";"2";"1";"1";"0"
"27482";"86827503";"27482";"19";"1";"1";"7";"4";"0";"1";"1";"1";"0"
"27483";"86827503";"27483";"19";"1";"1";"7";"5";"0";"1";"1";"1";"0"
"27484";"86827503";"27484";"22";"1";"1";"7";"6";"0";"1";"1";"1";"0"
"27485";"86827503";"27485";"16";"1";"1";"7";"5";"0";"1";"1";"1";"0"
"27486";"86827503";"27486";"19";"3";"1";"1";"6";"0";"3";"0";"1";"0"
"27487";"86827503";"27487";"18";"1";"1";"7";"7";"0";"1";"1";"1";"0"
"27488";"86827503";"27488";"19";"3";"3";"2";"6";"0";"1";"2";"1";"0"
"27489";"86827503";"27489";"19";"1";"1";"7";"4";"0";"2";"0";"1";"0"
"27490";"86827503";"27490";"71";"1";"3";"1";"6";"0";"1";"1";"1";"0"
"27491";"86827503";"27491";"18";"1";"3";"1";"6";"0";"1";"2";"1";"0"
"27492";"86827503";"11099";"19";"3";"3";"1";"6";"0";"1";"0";"1";"0"
"27493";"86827503";"27493";"21";"1";"1";"7";"6";"0";"1";"2";"1";"0"
"27494";"86831101";"27494";"51";"1";"3";"2";"6";"0";"1";"1";"1";"0"
"27495";"86831101";"27495";"16";"1";"1";"7";"6";"0";"1";"2";"1";"0"
"27496";"86831101";"27496";"16";"3";"1";"7";"5";"0";"1";"1";"1";"0"
"27497";"86831101";"27497";"16";"3";"1";"7";"5";"0";"1";"1";"1";"0"
"27498";"86831201";"27498";"72";"3";"1";"1";"6";"0";"1";"1";"1";"0"
"27499";"86831205";"27499";"18";"1";"1";"7";"6";"0";"1";"1";"1";"0"
"27500";"86831205";"27500";"17";"1";"1";"7";"1";"0";"1";"1";"1";"0"
"27501";"86831207";"8814";"31";"1";"1";"7";"6";"0";"1";"1";"1";"0"
"27502";"86831207";"27502";"11";"1";"1";"7";"6";"2";"3";"7";"2";"0"
"27503";"86831207";"27503";"11";"1";"1";"7";"5";"0";"1";"1";"1";"0"
"27504";"86831207";"27504";"11";"1";"1";"7";"2";"0";"1";"1";"1";"0"
"27505";"86831207";"27505";"11";"3";"1";"7";"6";"0";"3";"3";"1";"0"
"27506";"86831207";"27506";"16";"1";"1";"7";"4";"0";"1";"1";"1";"0"
"27507";"86831207";"27507";"15";"1";"3";"1";"6";"0";"1";"5";"1";"0"
"27508";"86831207";"27508";"15";"1";"1";"7";"6";"0";"1";"3";"1";"0"
"27509";"86831207";"27509";"35";"1";"1";"7";"4";"0";"1";"1";"1";"0"
"27510";"86831207";"27510";"11";"1";"1";"7";"4";"1";"0";"1";"2";"0"
"27511";"86831207";"27511";"11";"1";"1";"7";"4";"0";"2";"0";"1";"0"
"27512";"86831207";"27512";"16";"1";"1";"7";"4";"0";"1";"1";"1";"0"
"27513";"86831207";"27513";"16";"1";"1";"7";"4";"0";"1";"1";"1";"0"
"27514";"86831207";"27514";"35";"1";"1";"7";"4";"0";"1";"1";"1";"0"
"27515";"86831207";"27515";"11";"3";"1";"7";"6";"0";"1";"1";"1";"0"
"27516";"86831207";"27516";"17";"1";"1";"7";"1";"0";"1";"1";"1";"0"
"27517";"86831207";"27517";"11";"3";"1";"7";"6";"1";"4";"0";"2";"0"
"27518";"86831207";"27518";"11";"3";"1";"7";"6";"0";"1";"1";"1";"0"
"27519";"86831207";"27519";"35";"1";"1";"7";"4";"0";"1";"1";"1";"0"
"27520";"86831207";"27520";"11";"3";"1";"7";"6";"0";"1";"1";"1";"0"
"27521";"86831207";"27521";"11";"1";"1";"7";"2";"0";"1";"1";"1";"0"
"27522";"86831207";"27522";"81";"3";"1";"7";"6";"0";"1";"0";"1";"0"
"27523";"86831207";"27523";"11";"1";"1";"7";"6";"0";"1";"1";"1";"0"
"27524";"86831207";"27524";"11";"1";"1";"7";"6";"1";"1";"0";"2";"0"
"27525";"86831207";"27525";"11";"3";"1";"7";"6";"0";"3";"0";"1";"0"
"27526";"86831207";"25213";"11";"3";"1";"7";"6";"0";"1";"1";"1";"0"
"27527";"86831207";"27527";"11";"3";"1";"7";"5";"0";"2";"0";"1";"0"
"27528";"86831207";"27528";"61";"1";"1";"7";"3";"0";"1";"1";"1";"0"
"27529";"86831207";"27529";"16";"1";"1";"7";"6";"0";"1";"2";"1";"0"
"27530";"86831304";"27530";"19";"1";"1";"7";"6";"0";"1";"2";"1";"0"
"27531";"86831304";"27531";"19";"1";"3";"2";"6";"0";"4";"1";"1";"0"
"27532";"86831304";"27532";"19";"1";"1";"7";"6";"0";"1";"4";"1";"0"
"27533";"86831304";"27533";"19";"1";"1";"7";"6";"0";"1";"1";"1";"0"
"27534";"86831304";"27534";"19";"2";"3";"2";"6";"0";"2";"0";"1";"0"
"27535";"86831304";"27535";"19";"3";"3";"1";"6";"0";"3";"1";"1";"0"
"27536";"86831304";"27536";"19";"1";"3";"1";"4";"0";"1";"1";"1";"0"
"27537";"86831304";"27537";"19";"1";"1";"7";"6";"0";"1";"1";"1";"0"
"27538";"86831304";"27538";"19";"3";"1";"7";"6";"0";"1";"2";"1";"0"
"27539";"86831304";"27539";"19";"1";"1";"7";"6";"0";"2";"2";"1";"0"
"27540";"86831304";"27540";"19";"1";"1";"7";"6";"0";"2";"2";"1";"0"
"27541";"86831304";"27541";"19";"2";"1";"7";"6";"0";"1";"2";"1";"0"
"27542";"86831401";"27542";"14";"3";"1";"7";"6";"1";"0";"2";"2";"0"
"27543";"86831401";"27543";"16";"3";"1";"7";"6";"0";"1";"1";"1";"0"
"27544";"86831403";"27544";"17";"1";"1";"7";"1";"0";"1";"3";"1";"0"
"27545";"86831503";"27545";"14";"1";"1";"7";"6";"0";"2";"1";"1";"0"
"27546";"86831503";"87";"14";"2";"1";"7";"6";"0";"1";"1";"1";"0"
"27547";"86831503";"27547";"14";"1";"1";"7";"6";"0";"1";"2";"1";"0"
"27548";"86831503";"27548";"17";"1";"1";"7";"2";"0";"2";"1";"1";"0"
"27549";"86831503";"27549";"14";"3";"1";"7";"6";"0";"1";"1";"1";"0"
"27550";"86831503";"27550";"14";"1";"1";"7";"6";"0";"2";"1";"1";"0"
"27551";"86831503";"27551";"14";"3";"1";"7";"6";"0";"1";"1";"1";"0"
"27552";"86831503";"27552";"14";"3";"1";"7";"4";"0";"1";"1";"1";"0"
"27553";"86831503";"27553";"14";"1";"1";"7";"4";"0";"1";"1";"1";"0"
"27554";"86831503";"27554";"14";"1";"1";"1";"6";"0";"2";"0";"1";"0"
"27555";"86831503";"27555";"19";"1";"1";"7";"4";"0";"1";"1";"1";"0"
"27556";"86831503";"27556";"19";"2";"1";"1";"4";"0";"1";"1";"1";"0"
"27557";"86831503";"27557";"17";"1";"1";"7";"1";"0";"1";"1";"1";"0"
"27558";"86831503";"27558";"19";"1";"1";"7";"6";"0";"1";"1";"1";"0"
"27559";"86831503";"27559";"19";"1";"1";"7";"6";"0";"1";"2";"1";"0"
"27560";"86831503";"27560";"19";"3";"1";"7";"3";"0";"1";"1";"1";"0"
"27561";"86831503";"27561";"19";"1";"3";"1";"3";"0";"1";"2";"1";"0"
"27562";"86831503";"27562";"36";"1";"1";"7";"3";"0";"1";"0";"1";"0"
"27563";"86831503";"27563";"19";"1";"1";"7";"3";"0";"1";"1";"1";"0"
"27564";"86831503";"27564";"19";"1";"1";"7";"6";"0";"2";"0";"1";"0"
"27565";"86831503";"27565";"19";"1";"1";"7";"6";"0";"1";"1";"1";"0"
"27566";"86831504";"27566";"14";"1";"3";"1";"6";"0";"1";"2";"1";"0"
"27567";"86831506";"27567";"14";"1";"3";"1";"6";"0";"2";"2";"1";"0"
"27568";"86831506";"27568";"14";"3";"1";"7";"6";"0";"1";"2";"1";"0"
"27569";"86831506";"27569";"74";"3";"1";"7";"6";"0";"1";"1";"1";"0"
"27570";"86831506";"27570";"14";"1";"3";"2";"6";"0";"3";"2";"1";"0"
"27571";"86831506";"27571";"19";"1";"1";"7";"4";"0";"1";"1";"1";"0"
"27572";"86831506";"27572";"19";"1";"1";"7";"6";"0";"3";"1";"1";"0"
"27573";"86831506";"27573";"19";"1";"1";"7";"6";"0";"1";"2";"1";"0"
"27574";"86831506";"27574";"19";"1";"1";"7";"4";"0";"1";"1";"1";"0"
"27575";"86831507";"27575";"14";"1";"1";"7";"6";"0";"1";"1";"1";"0"
"27576";"86831507";"27576";"14";"1";"1";"7";"6";"0";"2";"0";"1";"0"
"27577";"86831507";"27577";"14";"1";"1";"7";"6";"0";"1";"1";"1";"0"
"27578";"86831507";"27578";"14";"1";"1";"7";"6";"0";"1";"1";"1";"0"
"27579";"86831507";"27579";"14";"1";"1";"7";"6";"0";"1";"1";"1";"0"
"27580";"86831507";"27580";"14";"1";"1";"7";"6";"0";"1";"1";"1";"0"
"27581";"86831507";"27581";"14";"1";"1";"7";"4";"0";"1";"1";"1";"0"
"27582";"86831507";"27582";"14";"1";"1";"7";"6";"0";"1";"2";"1";"0"
"27583";"86831507";"27583";"14";"1";"1";"7";"6";"0";"3";"0";"1";"0"
"27584";"86831507";"27584";"14";"1";"1";"7";"6";"0";"4";"0";"1";"0"
"27585";"86831507";"27585";"14";"1";"1";"7";"6";"0";"3";"0";"1";"0"
"27586";"86831508";"23367";"72";"1";"1";"7";"7";"1";"0";"1";"2";"0"
"27587";"86832101";"27587";"14";"3";"1";"7";"6";"0";"1";"1";"1";"0"
"27588";"86832101";"27588";"14";"3";"1";"7";"6";"0";"1";"1";"1";"0"
"27589";"86832101";"27589";"81";"1";"1";"7";"3";"0";"1";"1";"1";"0"
"27590";"86832101";"27590";"20";"1";"1";"7";"1";"0";"1";"1";"1";"0"
"27591";"86832101";"27591";"63";"1";"1";"1";"4";"0";"1";"1";"1";"0"
"27592";"86832107";"27592";"19";"2";"1";"7";"4";"0";"1";"1";"1";"0"
"27593";"86832109";"27593";"16";"3";"1";"7";"3";"0";"1";"1";"1";"0"
"27594";"86832109";"27594";"17";"3";"1";"7";"2";"0";"1";"1";"1";"0"
"27595";"86832109";"27595";"73";"1";"1";"7";"6";"0";"1";"1";"1";"0"
"27596";"86832201";"27596";"35";"1";"1";"7";"4";"0";"1";"1";"1";"0"
"27597";"86832201";"25943";"35";"1";"1";"7";"4";"0";"1";"0";"1";"0"
"27598";"86832201";"27598";"17";"1";"1";"7";"2";"0";"2";"0";"1";"0"
"27599";"86832201";"27599";"17";"1";"1";"7";"2";"0";"1";"1";"1";"0"
"27600";"86832204";"27600";"19";"2";"1";"1";"4";"0";"1";"1";"1";"0"
"27601";"86832204";"27601";"19";"3";"1";"7";"6";"0";"1";"1";"1";"0"
"27602";"86832204";"27602";"19";"1";"1";"7";"6";"0";"2";"1";"1";"0"
"27603";"86832204";"27603";"19";"3";"1";"7";"6";"0";"3";"1";"1";"0"
"27604";"86832204";"27604";"19";"1";"1";"7";"6";"0";"1";"0";"1";"0"
"27605";"86832204";"27605";"17";"1";"1";"7";"2";"0";"1";"1";"1";"0"
"27606";"86832206";"27606";"52";"3";"3";"4";"6";"0";"2";"4";"1";"0"
"27607";"86832206";"27607";"17";"1";"3";"1";"2";"0";"1";"1";"1";"0"
"27608";"86832206";"27608";"51";"1";"1";"7";"6";"0";"1";"1";"1";"0"
"27609";"86832206";"27609";"18";"1";"1";"7";"4";"0";"1";"1";"1";"0"
"27610";"86832206";"27610";"35";"1";"1";"7";"4";"0";"1";"0";"1";"0"
"27611";"86832206";"27611";"31";"1";"1";"7";"3";"0";"1";"1";"1";"0"
"27612";"86832206";"27612";"32";"1";"1";"7";"6";"0";"1";"1";"1";"0"
"27613";"86832206";"27613";"11";"2";"3";"1";"6";"1";"0";"2";"2";"0"
"27614";"86832206";"27614";"71";"1";"1";"7";"6";"0";"1";"1";"1";"0"
"27615";"86832301";"27615";"17";"1";"1";"7";"1";"0";"1";"0";"1";"0"
"27616";"86832305";"27616";"72";"1";"1";"7";"6";"0";"1";"1";"1";"0"
"27617";"86832306";"27617";"14";"1";"1";"7";"3";"0";"1";"1";"1";"0"
"27618";"86832306";"27618";"16";"1";"1";"7";"6";"0";"1";"1";"1";"0"
"27619";"86832306";"27619";"71";"3";"2";"1";"6";"0";"1";"1";"1";"0"
"27620";"86832401";"27620";"11";"1";"1";"7";"4";"0";"1";"1";"1";"0"
"27621";"86832401";"27621";"11";"1";"1";"7";"6";"0";"1";"1";"1";"0"
"27622";"86832401";"27622";"81";"5";"1";"7";"6";"0";"1";"1";"1";"0"
"27623";"86832401";"27623";"11";"1";"1";"7";"6";"0";"2";"1";"1";"0"
"27624";"86832401";"27624";"41";"1";"1";"7";"6";"0";"1";"1";"1";"0"
"27625";"86832401";"27625";"11";"1";"1";"7";"6";"0";"1";"1";"1";"0"
"27626";"86832401";"27626";"17";"1";"1";"7";"1";"0";"1";"1";"1";"0"
"27627";"86832401";"27627";"17";"1";"1";"7";"1";"0";"1";"1";"1";"0"
"27628";"86832401";"27628";"11";"1";"1";"7";"6";"0";"1";"1";"1";"0"
"27629";"86832401";"27629";"17";"1";"3";"1";"2";"0";"1";"1";"1";"0"
"27630";"86832402";"27630";"18";"3";"1";"1";"4";"0";"1";"1";"1";"0"
"27631";"86832403";"27631";"51";"1";"1";"7";"6";"0";"1";"1";"1";"0"
"27632";"86832403";"27632";"19";"1";"1";"7";"8";"0";"1";"1";"1";"0"
"27633";"86832403";"27633";"71";"3";"1";"7";"4";"0";"2";"0";"1";"0"
"27634";"86832405";"27634";"17";"2";"1";"7";"2";"0";"1";"1";"1";"0"
"27635";"86832407";"27635";"51";"1";"1";"7";"4";"0";"1";"1";"1";"0"
"27636";"86832407";"27636";"52";"1";"1";"7";"6";"0";"1";"0";"1";"0"
"27637";"86832409";"27637";"16";"3";"1";"7";"4";"0";"1";"3";"1";"0"
"27638";"86832503";"27638";"14";"1";"1";"7";"6";"0";"1";"1";"1";"0"
"27639";"86832503";"20717";"14";"1";"1";"7";"6";"0";"1";"1";"1";"0"
"27640";"86832503";"27640";"18";"1";"1";"7";"6";"0";"1";"1";"1";"0"