"accident_id";"lieu_id";"date_id";"cause_id";"lum_id";"intemp_id";"etat_surface_id";"impliq_id";"nb_blesses_graves";"nb_blesses_legers";"nb_indemnes";"gravite";"nb_morts"
"27641";"86832503";"27641";"18";"1";"1";"7";"3";"0";"1";"1";"1";"0"
"27642";"86833101";"27642";"17";"2";"1";"7";"2";"0";"3";"1";"1";"0"
"27643";"86833103";"27643";"14";"1";"1";"7";"4";"1";"0";"1";"2";"0"
"27644";"86833103";"27644";"14";"1";"1";"7";"6";"0";"1";"1";"1";"0"
"27645";"86833103";"27645";"14";"1";"1";"7";"6";"0";"1";"2";"1";"0"
"27646";"86833103";"27646";"14";"1";"1";"7";"6";"0";"1";"3";"1";"0"
"27647";"86833103";"27647";"14";"1";"1";"7";"6";"0";"1";"2";"1";"0"
"27648";"86833103";"27648";"14";"1";"1";"7";"6";"0";"1";"1";"1";"0"
"27649";"86833103";"27649";"14";"3";"3";"2";"8";"0";"1";"1";"1";"0"
"27650";"86833103";"27650";"14";"3";"1";"7";"6";"0";"1";"1";"1";"0"
"27651";"86833103";"27651";"16";"1";"1";"7";"6";"0";"3";"1";"1";"0"
"27652";"86833103";"27652";"16";"1";"1";"7";"3";"0";"1";"1";"1";"0"
"27653";"86833103";"27653";"11";"1";"1";"1";"6";"0";"1";"1";"1";"0"
"27654";"86833103";"27654";"19";"1";"3";"1";"4";"0";"1";"2";"1";"0"
"27655";"86833103";"27655";"11";"1";"1";"2";"6";"0";"1";"0";"1";"0"
"27656";"86833103";"8659";"16";"1";"1";"7";"4";"0";"1";"1";"1";"0"
"27657";"86833103";"27657";"18";"1";"1";"7";"4";"0";"1";"1";"1";"0"
"27658";"86833103";"27658";"17";"1";"1";"7";"2";"0";"1";"1";"1";"0"
"27659";"86833103";"27659";"16";"2";"1";"7";"5";"0";"1";"2";"1";"0"
"27660";"86833103";"27660";"17";"3";"1";"7";"2";"0";"1";"1";"1";"0"
"27661";"86833103";"27661";"11";"1";"1";"7";"6";"0";"1";"1";"1";"0"
"27662";"86833103";"27662";"18";"1";"1";"7";"4";"0";"1";"1";"1";"0"
"27663";"86833103";"27663";"16";"1";"1";"7";"3";"0";"1";"1";"1";"0"
"27664";"86833103";"27664";"16";"1";"1";"7";"6";"0";"1";"2";"1";"0"
"27665";"86833103";"27665";"23";"2";"1";"7";"6";"0";"2";"3";"1";"0"
"27666";"86833103";"27666";"18";"1";"1";"7";"6";"0";"1";"1";"1";"0"
"27667";"86833103";"27667";"16";"1";"1";"7";"4";"0";"1";"1";"1";"0"
"27668";"86833103";"27668";"18";"3";"1";"1";"3";"0";"1";"1";"1";"0"
"27669";"86833103";"19338";"51";"1";"1";"7";"6";"0";"1";"2";"1";"0"
"27670";"86833103";"27670";"35";"2";"1";"7";"4";"0";"1";"1";"1";"0"
"27671";"86833103";"27671";"11";"1";"2";"1";"6";"0";"2";"2";"1";"0"
"27672";"86833103";"27672";"51";"1";"1";"7";"6";"0";"1";"1";"1";"0"
"27673";"86833103";"27673";"18";"2";"3";"1";"6";"0";"1";"1";"1";"0"
"27674";"86833103";"27674";"17";"1";"1";"7";"2";"0";"1";"0";"1";"0"
"27675";"86833103";"27675";"17";"1";"1";"7";"2";"0";"1";"1";"1";"0"
"27676";"86833103";"27676";"17";"1";"1";"7";"2";"0";"1";"1";"3";"0"
"27677";"86833107";"27677";"21";"3";"1";"7";"6";"0";"1";"0";"1";"0"
"27678";"86833203";"27678";"19";"3";"1";"7";"6";"0";"1";"2";"1";"0"
"27679";"86833203";"20589";"17";"1";"1";"7";"1";"0";"1";"1";"1";"0"
"27680";"86833206";"27680";"14";"1";"2";"2";"6";"0";"1";"1";"1";"0"
"27681";"86833206";"27681";"17";"1";"1";"1";"2";"0";"1";"1";"1";"0"
"27682";"86833206";"27682";"81";"3";"1";"7";"6";"0";"1";"1";"1";"0"
"27683";"86833304";"27683";"71";"1";"1";"7";"6";"0";"1";"1";"1";"0"
"27684";"86833305";"27684";"14";"1";"1";"7";"6";"0";"1";"2";"1";"0"
"27685";"86833305";"27685";"14";"1";"1";"7";"3";"0";"1";"1";"1";"0"
"27686";"86833305";"27686";"14";"3";"1";"7";"6";"0";"2";"2";"1";"0"
"27687";"86833305";"27687";"52";"3";"3";"1";"0";"0";"2";"0";"1";"0"
"27688";"86833306";"27688";"17";"1";"1";"7";"1";"0";"1";"1";"1";"0"
"27689";"86833306";"27689";"41";"1";"1";"7";"6";"0";"1";"1";"1";"0"
"27690";"86833308";"27690";"14";"1";"1";"7";"6";"0";"1";"1";"1";"0"
"27691";"86833401";"27691";"14";"1";"1";"1";"6";"0";"1";"1";"1";"0"
"27692";"86833401";"27692";"14";"3";"1";"7";"6";"0";"1";"1";"1";"0"
"27693";"86833401";"27693";"14";"3";"1";"7";"6";"0";"2";"0";"1";"0"
"27694";"86833401";"27694";"14";"1";"1";"7";"6";"0";"1";"1";"1";"0"
"27695";"86833401";"27695";"14";"1";"1";"7";"6";"0";"2";"2";"1";"0"
"27696";"86833401";"27696";"14";"3";"1";"7";"6";"0";"1";"1";"1";"0"
"27697";"86833401";"27697";"19";"1";"1";"7";"6";"0";"1";"1";"1";"0"
"27698";"86833401";"27698";"19";"1";"1";"7";"6";"0";"2";"1";"1";"0"
"27699";"86833401";"27699";"19";"1";"1";"7";"6";"0";"2";"1";"1";"0"
"27700";"86833402";"27700";"14";"3";"1";"7";"6";"0";"1";"1";"1";"0"
"27701";"86833402";"27701";"16";"1";"1";"7";"4";"0";"1";"1";"1";"0"
"27702";"86833402";"27702";"17";"1";"1";"7";"1";"0";"1";"0";"1";"0"
"27703";"86833403";"27703";"21";"3";"1";"7";"4";"0";"2";"0";"1";"0"
"27704";"86833407";"27704";"18";"3";"1";"7";"6";"2";"0";"1";"2";"0"
"27705";"86833407";"27705";"17";"1";"1";"7";"1";"0";"1";"1";"1";"0"
"27706";"86833407";"27320";"18";"1";"1";"7";"5";"0";"1";"1";"1";"0"
"27707";"86833407";"27707";"16";"1";"1";"7";"6";"0";"2";"1";"1";"0"
"27708";"86833407";"27708";"51";"1";"2";"1";"6";"0";"1";"3";"1";"0"
"27709";"86833407";"27709";"16";"3";"1";"7";"4";"1";"0";"1";"2";"0"
"27710";"86833408";"27710";"52";"3";"1";"7";"6";"0";"4";"1";"1";"0"
"27711";"86833408";"27711";"13";"3";"3";"1";"6";"0";"1";"1";"1";"0"
"27712";"86833503";"27712";"16";"3";"1";"7";"3";"0";"1";"1";"1";"0"
"27713";"86833503";"27713";"16";"1";"1";"7";"6";"0";"1";"1";"1";"0"
"27714";"86833503";"4070";"16";"1";"1";"7";"4";"0";"1";"1";"1";"0"
"27715";"86833503";"27715";"17";"1";"1";"7";"2";"0";"1";"1";"1";"0"
"27716";"86833503";"27716";"51";"1";"1";"7";"6";"1";"0";"3";"2";"0"
"27717";"86833503";"27717";"17";"1";"1";"7";"2";"0";"1";"1";"1";"0"
"27718";"86833503";"9726";"51";"1";"1";"7";"4";"0";"1";"1";"1";"0"
"27719";"86833503";"27719";"11";"3";"1";"1";"6";"0";"3";"1";"1";"0"
"27720";"86833503";"27720";"16";"3";"1";"7";"4";"0";"1";"1";"1";"0"
"27721";"86833503";"27721";"18";"1";"1";"7";"3";"0";"1";"1";"1";"0"
"27722";"86833503";"27722";"16";"1";"1";"7";"4";"0";"1";"1";"1";"0"
"27723";"86833503";"27723";"11";"1";"1";"7";"6";"0";"1";"1";"1";"0"
"27724";"86833503";"27724";"31";"3";"1";"7";"6";"0";"1";"1";"1";"0"
"27725";"86833503";"27725";"11";"3";"7";"7";"6";"0";"1";"1";"1";"0"
"27726";"86833503";"27726";"17";"1";"1";"7";"2";"0";"1";"1";"1";"0"
"27727";"86833503";"27727";"11";"3";"1";"7";"6";"0";"4";"0";"1";"0"
"27728";"86833503";"27728";"16";"3";"1";"7";"3";"0";"1";"1";"1";"0"
"27729";"86833503";"27729";"17";"3";"3";"1";"2";"0";"1";"1";"1";"0"
"27730";"86833503";"27730";"11";"1";"1";"1";"6";"0";"1";"1";"1";"0"
"27731";"86833503";"27731";"81";"2";"1";"7";"6";"0";"2";"1";"1";"0"
"27732";"86833503";"27732";"51";"1";"1";"7";"6";"0";"1";"0";"1";"0"
"27733";"86833503";"27733";"11";"1";"1";"7";"6";"0";"1";"1";"1";"0"
"27734";"86833503";"27734";"31";"1";"1";"7";"7";"0";"1";"1";"1";"0"
"27735";"86833503";"27735";"11";"3";"1";"7";"6";"0";"2";"0";"1";"0"
"27736";"86833503";"2699";"11";"1";"1";"7";"6";"0";"1";"1";"1";"0"
"27737";"86833503";"27737";"16";"1";"1";"7";"6";"0";"3";"0";"1";"0"
"27738";"86833503";"27738";"14";"1";"1";"7";"4";"0";"1";"1";"1";"0"
"27739";"86833503";"27739";"16";"1";"1";"7";"4";"0";"1";"1";"1";"0"
"27740";"86833504";"27740";"16";"3";"1";"7";"5";"0";"1";"2";"1";"0"
"27741";"86833505";"27741";"13";"1";"1";"7";"4";"0";"1";"1";"1";"0"
"27742";"86833507";"27742";"21";"1";"1";"7";"6";"1";"0";"1";"2";"0"
"27743";"86833507";"27743";"72";"1";"1";"7";"4";"0";"2";"0";"1";"0"
"27744";"86833507";"27744";"72";"1";"1";"7";"6";"0";"1";"1";"1";"0"
"27745";"86834102";"27745";"14";"1";"1";"7";"6";"0";"1";"1";"1";"0"
"27746";"86834102";"27746";"71";"1";"1";"7";"6";"0";"1";"1";"1";"0"
"27747";"86834102";"27747";"14";"1";"1";"7";"6";"0";"1";"1";"1";"0"
"27748";"86834102";"27748";"19";"1";"1";"7";"6";"0";"1";"1";"1";"0"
"27749";"86834103";"27749";"17";"1";"1";"7";"1";"0";"3";"1";"1";"0"
"27750";"86834103";"27750";"17";"3";"3";"1";"2";"0";"1";"1";"1";"0"
"27751";"86834103";"27751";"17";"1";"3";"1";"6";"0";"1";"1";"1";"0"
"27752";"86834103";"13404";"17";"1";"1";"7";"2";"0";"1";"1";"1";"0"
"27753";"86834105";"27753";"15";"3";"1";"7";"6";"0";"5";"1";"1";"0"
"27754";"86834105";"27754";"11";"1";"2";"2";"6";"0";"1";"1";"1";"0"
"27755";"86834105";"27755";"16";"1";"1";"7";"6";"0";"1";"1";"1";"0"
"27756";"86834105";"27756";"11";"1";"1";"7";"6";"0";"1";"4";"1";"0"
"27757";"86834105";"27757";"16";"1";"1";"7";"4";"0";"1";"1";"1";"0"
"27758";"86834105";"27758";"51";"3";"1";"7";"6";"0";"1";"1";"1";"0"
"27759";"86834105";"27759";"11";"1";"1";"7";"6";"0";"1";"1";"1";"0"
"27760";"86834105";"27760";"16";"1";"3";"2";"6";"0";"1";"1";"1";"0"
"27761";"86834105";"27761";"16";"1";"1";"7";"5";"1";"0";"1";"2";"0"
"27762";"86834105";"27762";"16";"1";"1";"7";"6";"0";"1";"1";"1";"0"
"27763";"86834105";"27763";"11";"1";"1";"7";"6";"0";"1";"2";"1";"0"
"27764";"86834105";"27764";"11";"3";"3";"2";"6";"0";"1";"0";"1";"0"
"27765";"86834105";"27765";"71";"1";"3";"1";"6";"0";"1";"1";"1";"0"
"27766";"86834105";"27766";"16";"1";"1";"7";"4";"0";"1";"1";"1";"0"
"27767";"86834105";"27767";"16";"1";"1";"7";"4";"1";"0";"1";"2";"0"
"27768";"86834105";"27768";"11";"1";"1";"7";"6";"0";"1";"1";"1";"0"
"27769";"86834105";"27769";"11";"1";"1";"7";"4";"0";"1";"0";"1";"0"
"27770";"86834105";"27770";"51";"1";"1";"7";"6";"0";"2";"3";"1";"0"
"27771";"86834105";"27771";"12";"3";"3";"1";"6";"0";"1";"2";"1";"0"
"27772";"86834107";"27772";"11";"3";"1";"1";"6";"0";"2";"4";"1";"0"
"27773";"86834107";"27773";"81";"3";"3";"1";"6";"0";"2";"0";"1";"0"
"27774";"86834107";"27774";"11";"1";"3";"2";"6";"0";"1";"1";"1";"0"
"27775";"86834107";"27775";"11";"1";"1";"7";"6";"1";"1";"1";"2";"0"
"27776";"86834107";"27776";"16";"3";"1";"7";"6";"1";"0";"1";"2";"0"
"27777";"86834107";"27777";"11";"3";"3";"1";"6";"0";"3";"0";"1";"0"
"27778";"86834107";"27778";"11";"1";"1";"7";"6";"0";"1";"1";"1";"0"
"27779";"86834107";"27779";"11";"1";"3";"1";"6";"0";"1";"1";"1";"0"
"27780";"86834107";"27780";"11";"1";"1";"7";"6";"0";"1";"1";"1";"0"
"27781";"86834107";"27781";"11";"1";"1";"7";"6";"0";"1";"1";"1";"0"
"27782";"86834107";"27782";"24";"1";"1";"7";"2";"0";"1";"1";"1";"0"
"27783";"86834107";"27783";"11";"1";"1";"1";"6";"0";"1";"1";"1";"0"
"27784";"86834107";"27784";"11";"1";"1";"7";"6";"0";"1";"1";"1";"0"
"27785";"86834107";"27785";"11";"3";"1";"7";"6";"0";"1";"2";"1";"0"
"27786";"86834107";"27786";"16";"3";"1";"7";"5";"0";"2";"1";"1";"0"
"27787";"86834107";"27787";"16";"1";"1";"7";"5";"0";"1";"1";"1";"0"
"27788";"86834107";"27788";"16";"1";"1";"7";"6";"0";"1";"1";"1";"0"
"27789";"86834107";"27789";"11";"1";"1";"7";"6";"0";"1";"1";"1";"0"
"27790";"86834107";"27790";"11";"1";"1";"7";"6";"0";"1";"1";"1";"0"
"27791";"86834201";"27791";"81";"1";"1";"7";"1";"1";"0";"1";"2";"0"
"27792";"86834201";"27792";"16";"1";"1";"7";"4";"0";"1";"3";"1";"0"
"27793";"86834202";"27793";"16";"3";"1";"7";"4";"0";"1";"3";"1";"0"
"27794";"86834202";"27794";"71";"1";"1";"2";"6";"0";"1";"1";"1";"0"
"27795";"86834202";"27795";"16";"2";"1";"7";"3";"0";"1";"1";"1";"0"
"27796";"86834202";"27796";"72";"1";"1";"1";"6";"0";"1";"1";"1";"0"
"27797";"86834202";"27797";"81";"1";"1";"7";"6";"0";"1";"2";"1";"0"
"27798";"86834202";"27798";"51";"1";"1";"7";"6";"0";"1";"1";"1";"0"
"27799";"86834202";"27799";"51";"1";"1";"7";"6";"0";"2";"0";"1";"0"
"27800";"86834202";"27800";"13";"3";"1";"7";"6";"0";"2";"1";"1";"0"
"27801";"86834202";"27801";"13";"1";"1";"7";"4";"0";"1";"1";"1";"0"
"27802";"86834202";"27802";"19";"1";"1";"7";"4";"0";"1";"1";"1";"0"
"27803";"86834202";"27803";"11";"1";"1";"7";"6";"0";"1";"1";"1";"0"
"27804";"86834203";"27804";"36";"1";"1";"7";"6";"0";"1";"2";"1";"0"
"27805";"86834203";"27805";"36";"1";"1";"7";"4";"0";"1";"1";"1";"0"
"27806";"86834203";"27806";"71";"3";"1";"7";"6";"1";"0";"1";"2";"0"
"27807";"86834203";"27807";"11";"1";"1";"7";"6";"1";"0";"1";"2";"0"
"27808";"86834203";"27808";"81";"1";"1";"7";"6";"0";"1";"2";"1";"0"
"27809";"86834301";"27809";"13";"1";"1";"7";"6";"0";"1";"2";"1";"0"
"27810";"86834301";"27810";"71";"1";"1";"7";"6";"0";"1";"1";"1";"0"
"27811";"86834301";"27811";"13";"3";"3";"2";"6";"0";"1";"2";"1";"0"
"27812";"86834301";"27812";"17";"1";"1";"7";"1";"0";"1";"1";"1";"0"
"27813";"86834301";"27813";"18";"1";"1";"1";"4";"0";"1";"1";"1";"0"
"27814";"86834301";"27814";"31";"3";"3";"1";"4";"0";"1";"1";"1";"0"
"27815";"86834302";"2059";"53";"3";"1";"7";"6";"2";"0";"1";"2";"0"
"27816";"86834302";"27816";"51";"1";"1";"7";"6";"0";"3";"0";"1";"0"
"27817";"86834302";"27817";"11";"1";"3";"2";"1";"1";"0";"1";"2";"0"
"27818";"86834302";"27818";"11";"3";"1";"2";"6";"1";"0";"1";"2";"0"
"27819";"86834302";"27819";"17";"1";"1";"1";"2";"0";"2";"1";"1";"0"
"27820";"86834302";"27820";"17";"1";"1";"7";"6";"0";"1";"1";"1";"0"
"27821";"86834302";"27821";"16";"1";"1";"7";"4";"0";"1";"1";"1";"0"
"27822";"86834303";"27822";"13";"3";"1";"7";"4";"0";"1";"1";"1";"0"
"27823";"86834303";"27823";"13";"1";"3";"2";"6";"0";"2";"2";"1";"0"
"27824";"86834303";"27824";"13";"3";"3";"2";"6";"0";"2";"0";"1";"0"
"27825";"86834303";"27825";"11";"1";"1";"7";"6";"1";"1";"1";"2";"0"
"27826";"86834304";"27826";"16";"1";"1";"7";"6";"0";"1";"1";"1";"0"
"27827";"86834304";"27827";"13";"3";"1";"7";"6";"0";"1";"3";"1";"0"
"27828";"86834501";"27828";"16";"1";"1";"7";"4";"0";"1";"1";"1";"0"
"27829";"86834501";"27829";"16";"3";"6";"7";"3";"0";"1";"1";"1";"0"
"27830";"86834501";"27830";"51";"2";"1";"7";"4";"1";"0";"1";"2";"0"
"27831";"86835101";"27831";"15";"3";"1";"7";"6";"0";"1";"2";"1";"0"
"27832";"86835101";"27832";"11";"3";"2";"2";"6";"0";"1";"1";"1";"0"
"27833";"86835101";"27833";"15";"3";"1";"7";"6";"0";"2";"1";"1";"0"
"27834";"86835101";"27834";"15";"3";"1";"7";"6";"3";"0";"0";"2";"0"
"27835";"86835101";"27835";"15";"3";"1";"7";"6";"0";"3";"0";"1";"0"
"27836";"86835101";"27836";"71";"1";"1";"7";"6";"1";"0";"1";"2";"0"
"27837";"86835101";"27837";"15";"3";"1";"7";"6";"0";"2";"2";"1";"0"
"27838";"86835101";"27838";"15";"1";"3";"2";"6";"0";"2";"2";"1";"0"
"27839";"86835101";"27839";"51";"1";"1";"7";"6";"0";"1";"1";"1";"0"
"27840";"86835101";"27840";"18";"1";"1";"7";"6";"0";"2";"1";"1";"0"
"27841";"86835101";"27841";"16";"3";"1";"7";"4";"0";"1";"1";"1";"0"
"27842";"86835101";"27842";"16";"2";"1";"7";"4";"0";"1";"1";"1";"0"
"27843";"86835101";"27843";"16";"1";"1";"7";"6";"0";"2";"0";"1";"0"
"27844";"86835101";"27844";"11";"1";"1";"7";"6";"0";"1";"1";"1";"0"
"27845";"86835101";"27845";"17";"1";"1";"7";"2";"0";"1";"1";"1";"0"
"27846";"86835101";"27846";"11";"1";"1";"1";"6";"0";"1";"1";"1";"0"
"27847";"86835101";"27847";"18";"1";"6";"7";"6";"0";"1";"1";"1";"0"
"27848";"86835101";"27848";"81";"1";"1";"7";"6";"0";"1";"2";"1";"0"
"27849";"86835101";"27849";"14";"1";"1";"7";"6";"0";"4";"0";"1";"0"
"27850";"86835101";"27850";"11";"1";"1";"7";"6";"0";"1";"4";"1";"0"
"27851";"86835101";"27851";"11";"1";"1";"7";"6";"1";"0";"1";"2";"0"
"27852";"86835101";"27852";"18";"3";"1";"7";"6";"0";"1";"1";"1";"0"
"27853";"86835101";"27853";"18";"1";"1";"7";"4";"0";"1";"1";"1";"0"
"27854";"86835101";"27854";"81";"2";"1";"7";"2";"0";"1";"0";"1";"0"
"27855";"86835101";"27855";"11";"3";"1";"7";"3";"0";"2";"0";"1";"0"
"27856";"86835101";"27856";"16";"1";"1";"7";"6";"0";"2";"0";"1";"0"
"27857";"86835101";"27857";"11";"1";"1";"7";"6";"1";"0";"1";"2";"0"
"27858";"86835101";"27858";"11";"1";"1";"7";"6";"0";"1";"2";"1";"0"
"27859";"86835101";"27859";"16";"3";"3";"1";"6";"0";"1";"2";"1";"0"
"27860";"86835101";"27860";"72";"1";"1";"7";"6";"0";"1";"1";"1";"0"
"27861";"86835101";"27861";"51";"3";"1";"1";"6";"0";"1";"0";"1";"0"
"27862";"86835101";"27862";"32";"1";"1";"7";"7";"0";"0";"1";"3";"0"
"27863";"86835103";"27863";"21";"1";"3";"2";"4";"0";"1";"2";"1";"0"
"27864";"86835103";"27864";"13";"3";"1";"1";"5";"0";"1";"1";"1";"0"
"27865";"86835103";"27865";"13";"3";"1";"7";"6";"0";"3";"0";"1";"0"
"27866";"86835103";"27866";"13";"1";"3";"1";"4";"0";"1";"1";"1";"0"
"27867";"86835103";"27867";"13";"3";"1";"1";"6";"0";"1";"0";"1";"0"
"27868";"86835103";"27868";"16";"1";"1";"7";"4";"0";"1";"1";"1";"0"
"27869";"86835103";"27869";"16";"1";"1";"7";"6";"0";"1";"1";"1";"0"
"27870";"86835103";"27870";"13";"1";"1";"7";"6";"0";"1";"1";"1";"0"
"27871";"86835103";"27871";"72";"1";"1";"7";"6";"0";"1";"1";"1";"0"
"27872";"86835103";"27872";"13";"1";"1";"7";"4";"0";"1";"1";"1";"0"
"27873";"86835105";"27873";"51";"3";"1";"7";"6";"0";"1";"0";"1";"0"
"27874";"86835105";"27874";"74";"3";"2";"2";"6";"0";"1";"1";"1";"0"
"27875";"86835105";"27875";"13";"1";"1";"7";"6";"1";"0";"1";"2";"0"
"27876";"86835105";"27876";"72";"1";"1";"7";"6";"0";"1";"1";"1";"0"
"27877";"86835105";"27877";"18";"1";"1";"7";"6";"0";"1";"1";"1";"0"
"27878";"86835108";"27878";"16";"1";"1";"7";"6";"0";"1";"1";"1";"0"
"27879";"86835204";"27879";"16";"1";"1";"7";"4";"0";"1";"1";"1";"0"
"27880";"86835204";"27880";"19";"1";"1";"7";"6";"0";"1";"1";"1";"0"
"27881";"86835204";"27881";"16";"1";"1";"7";"4";"0";"1";"1";"1";"0"
"27882";"86835205";"27882";"16";"1";"1";"7";"6";"0";"1";"2";"1";"0"
"27883";"86835205";"27883";"16";"3";"3";"1";"4";"0";"1";"1";"1";"0"
"27884";"86835501";"27884";"19";"1";"1";"7";"6";"1";"0";"1";"2";"0"
"27885";"86835501";"27885";"13";"1";"1";"7";"4";"1";"0";"1";"2";"0"
"27886";"86835501";"27886";"13";"1";"1";"7";"6";"0";"1";"1";"1";"0"
"27887";"86835501";"27887";"13";"1";"1";"7";"6";"0";"1";"1";"1";"0"
"27888";"86835501";"27888";"13";"1";"1";"7";"6";"0";"1";"0";"1";"0"
"27889";"86835502";"27889";"14";"1";"3";"2";"4";"0";"1";"1";"1";"0"
"27890";"86835502";"27890";"17";"3";"1";"7";"2";"1";"0";"0";"2";"0"
"27891";"86835502";"27891";"14";"1";"1";"7";"4";"0";"1";"1";"1";"0"
"27892";"86835503";"27892";"19";"1";"3";"2";"4";"0";"1";"1";"1";"0"
"27893";"86835503";"27893";"72";"3";"3";"2";"6";"0";"1";"1";"1";"0"
"27894";"86835503";"27894";"16";"1";"1";"7";"4";"0";"1";"1";"1";"0"
"27895";"86835503";"25072";"18";"1";"1";"7";"6";"0";"1";"1";"1";"0"
"27896";"86836201";"27896";"17";"3";"1";"7";"2";"0";"1";"0";"1";"0"
"27897";"86836201";"27897";"51";"1";"1";"7";"3";"0";"1";"1";"1";"0"
"27898";"86836202";"27898";"16";"3";"1";"7";"6";"0";"1";"1";"1";"0"
"27899";"86836202";"27138";"51";"2";"1";"7";"6";"0";"1";"1";"1";"0"
"27900";"86836203";"27900";"25";"3";"1";"7";"7";"0";"1";"0";"1";"0"
"27901";"86836204";"27901";"71";"1";"1";"7";"6";"0";"1";"1";"1";"0"
"27902";"86836204";"27902";"19";"1";"3";"2";"6";"0";"2";"1";"1";"0"
"27903";"86836204";"27903";"19";"1";"3";"1";"6";"0";"4";"1";"1";"0"
"27904";"86836204";"27904";"19";"3";"1";"7";"4";"0";"1";"1";"1";"0"
"27905";"86836204";"27905";"19";"3";"1";"7";"6";"0";"1";"1";"1";"0"
"27906";"86836204";"27906";"19";"3";"1";"7";"6";"0";"1";"1";"1";"0"
"27907";"86836204";"27907";"19";"1";"1";"7";"5";"0";"1";"1";"1";"0"
"27908";"86836204";"27908";"19";"3";"1";"7";"6";"0";"1";"1";"1";"0"
"27909";"86836204";"27909";"19";"1";"1";"7";"6";"0";"2";"0";"1";"0"
"27910";"86836204";"27910";"19";"1";"1";"2";"6";"0";"1";"1";"1";"0"
"27911";"86836204";"27911";"19";"3";"1";"7";"6";"0";"1";"2";"1";"0"
"27912";"86836204";"27912";"17";"3";"1";"7";"2";"0";"0";"1";"3";"0"
"27913";"86836204";"27913";"19";"1";"1";"7";"5";"0";"2";"1";"1";"0"
"27914";"86836204";"27914";"19";"1";"1";"7";"4";"0";"1";"1";"1";"0"
"27915";"86836502";"27915";"19";"3";"7";"2";"4";"1";"0";"1";"2";"0"
"27916";"86836502";"27916";"21";"1";"1";"7";"6";"1";"1";"0";"2";"0"
"27917";"86836502";"27917";"19";"3";"1";"7";"6";"0";"1";"2";"1";"0"
"27918";"86836502";"27918";"71";"1";"2";"2";"6";"0";"1";"1";"1";"0"
"27919";"86836502";"27919";"19";"1";"1";"7";"6";"0";"1";"1";"1";"0"
"27920";"86836502";"27920";"17";"1";"1";"7";"2";"0";"1";"1";"1";"0"
"27921";"86836502";"760";"17";"2";"1";"7";"2";"0";"1";"1";"1";"0"
"27922";"86836502";"27922";"13";"1";"1";"1";"4";"0";"1";"1";"1";"0"
"27923";"86836502";"27923";"41";"1";"1";"7";"4";"0";"1";"1";"1";"0"
"27924";"86836502";"27924";"13";"3";"3";"1";"8";"0";"1";"1";"1";"0"
"27925";"86836502";"27925";"13";"1";"1";"7";"4";"0";"1";"1";"1";"0"
"27926";"86836502";"27926";"16";"1";"3";"1";"6";"0";"2";"1";"1";"0"
"27927";"86836502";"27927";"13";"1";"1";"7";"6";"0";"1";"2";"1";"0"
"27928";"86836502";"27928";"13";"1";"3";"1";"6";"0";"1";"1";"1";"0"
"27929";"86837202";"19786";"17";"3";"1";"7";"2";"1";"0";"1";"2";"0"
"27930";"86837202";"27930";"19";"2";"1";"7";"6";"0";"1";"2";"1";"0"
"27931";"86837202";"27931";"19";"1";"3";"1";"6";"0";"2";"3";"1";"0"
"27932";"86837202";"27932";"19";"1";"1";"7";"4";"0";"1";"1";"1";"0"
"27933";"86837202";"27933";"17";"1";"1";"1";"2";"1";"1";"1";"3";"0"
"27934";"86837202";"27934";"19";"1";"1";"7";"4";"0";"1";"1";"1";"0"
"27935";"86837202";"27935";"31";"3";"1";"7";"3";"1";"0";"0";"2";"0"
"27936";"86837202";"27936";"19";"1";"1";"7";"4";"0";"1";"1";"1";"0"
"27937";"86837202";"27937";"81";"3";"3";"1";"6";"0";"1";"1";"1";"0"
"27938";"86837202";"27938";"51";"1";"1";"7";"6";"0";"1";"1";"1";"0"
"27939";"86837202";"27939";"19";"3";"1";"7";"4";"0";"1";"1";"1";"0"
"27940";"86837301";"27940";"64";"1";"1";"7";"6";"0";"1";"2";"1";"0"
"27941";"86837302";"27941";"24";"1";"1";"7";"2";"0";"1";"1";"1";"0"
"27942";"86841102";"27942";"51";"1";"1";"7";"9";"0";"1";"2";"1";"0"
"27943";"86841110";"27943";"17";"1";"1";"7";"1";"1";"0";"1";"2";"0"
"27944";"86841110";"27944";"17";"1";"1";"7";"2";"0";"1";"1";"1";"0"
"27945";"86841205";"27945";"51";"1";"1";"7";"1";"0";"2";"0";"1";"0"
"27946";"86841205";"27946";"16";"1";"1";"7";"6";"0";"1";"1";"1";"0"
"27947";"86841205";"27947";"19";"2";"1";"7";"4";"0";"1";"1";"1";"0"
"27948";"86841205";"27948";"19";"1";"1";"7";"6";"0";"1";"1";"1";"0"
"27949";"86841308";"27949";"16";"3";"1";"2";"4";"0";"1";"1";"1";"0"
"27950";"86841308";"27950";"13";"3";"1";"7";"6";"0";"1";"0";"1";"0"