"accident_id";"lieu_id";"date_id";"cause_id";"lum_id";"intemp_id";"etat_surface_id";"impliq_id";"nb_blesses_graves";"nb_blesses_legers";"nb_indemnes";"gravite";"nb_morts"
"27951";"86841308";"27951";"13";"1";"1";"7";"4";"0";"1";"1";"1";"0"
"27952";"86841308";"27952";"13";"3";"1";"7";"4";"0";"1";"1";"1";"0"
"27953";"86841308";"27953";"81";"3";"1";"7";"6";"0";"3";"5";"1";"0"
"27954";"86841308";"27954";"13";"1";"1";"7";"6";"0";"1";"1";"1";"0"
"27955";"86841308";"27955";"16";"3";"1";"7";"6";"1";"1";"2";"2";"0"
"27956";"86841308";"27956";"81";"1";"1";"7";"6";"0";"1";"1";"1";"0"
"27957";"86841308";"27957";"13";"1";"1";"7";"6";"0";"1";"1";"1";"0"
"27958";"86841308";"27958";"13";"1";"1";"7";"5";"0";"1";"0";"1";"0"
"27959";"86841308";"27959";"17";"1";"1";"7";"2";"0";"1";"1";"1";"0"
"27960";"86841310";"27960";"13";"1";"1";"7";"4";"0";"1";"1";"1";"0"
"27961";"86841310";"27961";"16";"1";"1";"7";"4";"0";"1";"1";"1";"0"
"27962";"86841311";"27962";"13";"3";"1";"7";"3";"0";"1";"1";"1";"0"
"27963";"86841311";"27963";"13";"1";"3";"2";"4";"0";"1";"1";"1";"0"
"27964";"86841311";"27964";"13";"3";"3";"2";"4";"0";"1";"1";"1";"0"
"27965";"86841311";"27965";"13";"1";"1";"7";"3";"0";"1";"1";"1";"0"
"27966";"86841311";"27966";"17";"1";"1";"7";"2";"0";"1";"1";"1";"0"
"27967";"86841312";"27967";"72";"1";"1";"7";"6";"1";"0";"1";"2";"0"
"27968";"86841312";"27968";"13";"1";"1";"7";"4";"0";"1";"1";"1";"0"
"27969";"86841312";"27969";"81";"1";"1";"7";"6";"0";"1";"1";"1";"0"
"27970";"86841312";"27970";"81";"3";"1";"7";"6";"0";"4";"1";"1";"0"
"27971";"86841312";"27971";"36";"1";"1";"7";"4";"0";"1";"1";"1";"0"
"27972";"86841313";"27972";"36";"1";"1";"7";"6";"0";"1";"0";"1";"0"
"27973";"86841422";"27973";"14";"1";"3";"1";"3";"0";"1";"1";"1";"0"
"27974";"86841422";"27974";"72";"1";"1";"7";"6";"0";"1";"0";"1";"0"
"27975";"86841422";"27975";"14";"1";"2";"1";"6";"0";"1";"1";"1";"0"
"27976";"86841422";"27976";"14";"1";"1";"7";"6";"0";"1";"2";"1";"0"
"27977";"86841422";"27977";"14";"3";"1";"7";"6";"0";"2";"2";"1";"0"
"27978";"86841422";"27978";"14";"1";"1";"5";"6";"0";"1";"1";"1";"0"
"27979";"86841422";"27979";"14";"1";"1";"7";"6";"0";"3";"1";"1";"0"
"27980";"86841422";"27980";"51";"1";"1";"7";"6";"0";"2";"1";"1";"0"
"27981";"86842101";"27981";"71";"1";"1";"1";"6";"0";"1";"1";"1";"0"
"27982";"86842101";"27982";"71";"1";"1";"1";"6";"0";"1";"1";"1";"0"
"27983";"86842102";"27983";"51";"1";"1";"7";"3";"0";"1";"1";"1";"0"
"27984";"86842102";"27984";"16";"1";"1";"7";"7";"1";"0";"1";"2";"0"
"27985";"86842102";"27985";"11";"3";"1";"7";"4";"0";"1";"1";"1";"0"
"27986";"86842102";"27986";"11";"1";"1";"7";"3";"0";"1";"1";"1";"0"
"27987";"86842102";"14134";"17";"3";"1";"7";"2";"0";"1";"0";"1";"0"
"27988";"86842102";"27988";"11";"1";"1";"7";"6";"0";"1";"1";"1";"0"
"27989";"86842103";"22456";"72";"1";"1";"7";"6";"0";"1";"1";"1";"0"
"27990";"86842103";"27990";"51";"1";"1";"7";"6";"0";"1";"1";"1";"0"
"27991";"86842103";"27991";"13";"3";"1";"7";"6";"0";"1";"1";"1";"0"
"27992";"86842201";"27992";"25";"3";"1";"7";"6";"0";"1";"1";"1";"0"
"27993";"86842201";"27993";"13";"1";"1";"7";"4";"0";"1";"1";"1";"0"
"27994";"86842201";"27994";"13";"1";"1";"7";"3";"0";"1";"1";"1";"0"
"27995";"86842201";"27995";"72";"1";"1";"7";"7";"0";"0";"1";"3";"0"
"27996";"86842201";"27996";"13";"1";"1";"7";"6";"0";"1";"1";"1";"0"
"27997";"86842201";"27997";"16";"1";"1";"7";"4";"0";"1";"1";"1";"0"
"27998";"86842203";"27998";"20";"1";"1";"7";"6";"0";"1";"1";"1";"0"
"27999";"86842302";"26343";"13";"1";"1";"7";"6";"0";"2";"0";"1";"0"
"28000";"86842310";"28000";"14";"1";"1";"7";"6";"0";"1";"3";"1";"0"
"28001";"86842310";"28001";"14";"1";"1";"7";"6";"0";"1";"1";"1";"0"
"28002";"86842310";"28002";"14";"1";"1";"7";"6";"0";"1";"1";"1";"0"
"28003";"86842310";"28003";"14";"1";"1";"7";"6";"0";"2";"3";"1";"0"
"28004";"86842310";"28004";"14";"1";"1";"7";"6";"0";"1";"2";"1";"0"
"28005";"86842310";"28005";"19";"1";"1";"7";"6";"0";"5";"1";"1";"0"
"28006";"86842310";"28006";"16";"3";"1";"7";"6";"0";"1";"1";"1";"0"
"28007";"86842310";"28007";"19";"1";"1";"7";"6";"0";"1";"1";"1";"0"
"28008";"86842310";"28008";"19";"1";"1";"7";"6";"0";"1";"1";"1";"0"
"28009";"86842310";"28009";"16";"1";"1";"7";"6";"0";"2";"0";"1";"0"
"28010";"86842311";"28010";"13";"2";"1";"7";"4";"0";"1";"1";"1";"0"
"28011";"86842311";"28011";"13";"3";"1";"7";"6";"0";"1";"2";"1";"0"
"28012";"86842508";"28012";"14";"1";"1";"7";"6";"0";"2";"0";"1";"0"
"28013";"86842518";"28013";"14";"1";"1";"7";"5";"0";"1";"1";"1";"0"
"28014";"86842518";"28014";"16";"1";"1";"7";"6";"0";"1";"1";"1";"0"
"28015";"86843206";"28015";"81";"3";"1";"7";"0";"0";"1";"1";"1";"0"
"28016";"86843208";"28016";"72";"1";"1";"7";"6";"0";"1";"1";"1";"0"
"28017";"86843209";"28017";"13";"1";"1";"7";"6";"0";"1";"2";"1";"0"
"28018";"86843209";"24993";"19";"1";"1";"7";"6";"0";"3";"3";"1";"0"
"28019";"86843209";"28019";"13";"1";"1";"7";"6";"0";"2";"1";"1";"0"
"28020";"86843209";"28020";"13";"1";"1";"7";"6";"0";"3";"1";"1";"0"
"28021";"86843209";"28021";"13";"1";"1";"7";"6";"0";"1";"1";"1";"0"
"28022";"86843209";"28022";"81";"1";"3";"2";"6";"0";"5";"0";"1";"0"
"28023";"86843209";"28023";"13";"1";"1";"7";"6";"0";"2";"2";"1";"0"
"28024";"86843209";"28024";"13";"2";"1";"7";"4";"0";"1";"1";"1";"0"
"28025";"86843209";"28025";"13";"1";"1";"7";"7";"0";"1";"1";"1";"0"
"28026";"86843209";"28026";"81";"3";"1";"7";"6";"0";"1";"2";"1";"0"
"28027";"86843209";"28027";"13";"1";"1";"7";"7";"1";"0";"1";"2";"0"
"28028";"86843209";"28028";"13";"3";"2";"1";"6";"0";"2";"1";"1";"0"
"28029";"86843209";"28029";"13";"3";"1";"7";"6";"1";"0";"0";"3";"0"
"28030";"86843209";"28030";"13";"3";"1";"7";"6";"0";"1";"1";"1";"0"
"28031";"86843209";"28031";"51";"1";"1";"7";"6";"0";"1";"2";"1";"0"
"28032";"86843209";"28032";"13";"1";"1";"7";"6";"0";"1";"1";"3";"0"
"28033";"86843209";"28033";"16";"1";"1";"7";"6";"0";"6";"1";"1";"0"
"28034";"86843209";"28034";"13";"1";"1";"7";"6";"0";"1";"1";"1";"0"
"28035";"86843209";"28035";"13";"1";"1";"7";"6";"0";"2";"1";"1";"0"
"28036";"86843302";"28036";"19";"1";"1";"7";"6";"0";"1";"0";"1";"0"
"28037";"86843302";"28037";"19";"1";"3";"1";"6";"0";"1";"1";"1";"0"
"28038";"86843302";"28038";"19";"1";"1";"7";"6";"0";"1";"1";"1";"0"
"28039";"86843302";"28039";"19";"1";"1";"7";"6";"0";"2";"0";"1";"0"
"28040";"86843302";"28040";"41";"1";"1";"7";"3";"0";"1";"1";"1";"0"
"28041";"86843502";"28041";"52";"1";"3";"2";"6";"0";"2";"0";"1";"0"
"28042";"86843502";"28042";"16";"1";"1";"7";"6";"0";"1";"1";"1";"0"
"28043";"86843502";"28043";"14";"1";"3";"1";"6";"0";"1";"1";"1";"0"
"28044";"86843502";"28044";"21";"1";"1";"1";"3";"0";"1";"0";"1";"0"
"28045";"86843506";"28045";"51";"1";"1";"1";"6";"0";"1";"1";"1";"0"
"28046";"86844102";"28046";"71";"3";"1";"7";"6";"0";"1";"1";"1";"0"
"28047";"86844102";"28047";"19";"1";"1";"2";"6";"0";"1";"2";"1";"0"
"28048";"86844102";"28048";"19";"1";"1";"1";"6";"0";"2";"0";"1";"0"
"28049";"86844102";"27632";"13";"1";"1";"1";"4";"0";"1";"1";"1";"0"
"28050";"86844102";"28050";"13";"1";"1";"7";"6";"1";"0";"1";"2";"0"
"28051";"86844102";"28051";"19";"1";"1";"7";"4";"0";"1";"1";"1";"0"
"28052";"86844102";"28052";"51";"1";"1";"1";"2";"0";"2";"0";"1";"0"
"28053";"86844102";"28053";"13";"1";"1";"7";"3";"0";"1";"1";"1";"0"
"28054";"86844102";"28054";"13";"1";"1";"7";"6";"0";"2";"2";"1";"0"
"28055";"86844102";"28055";"13";"1";"1";"7";"6";"0";"2";"2";"1";"0"
"28056";"86844102";"28056";"13";"1";"3";"2";"4";"1";"0";"1";"2";"0"
"28057";"86844102";"28057";"13";"1";"6";"1";"4";"0";"1";"1";"1";"0"
"28058";"86844102";"28058";"13";"1";"1";"7";"6";"0";"2";"1";"1";"0"
"28059";"86844102";"28059";"13";"1";"2";"1";"6";"1";"0";"1";"2";"0"
"28060";"86844102";"28060";"13";"1";"3";"1";"4";"0";"1";"1";"1";"0"
"28061";"86844102";"28061";"41";"1";"1";"7";"3";"0";"1";"0";"1";"0"
"28062";"86844102";"28062";"13";"1";"1";"7";"6";"0";"1";"1";"1";"0"
"28063";"86844102";"28063";"13";"1";"1";"7";"5";"0";"1";"2";"1";"0"
"28064";"86844102";"28064";"13";"1";"1";"7";"6";"0";"3";"2";"1";"0"
"28065";"86844102";"28065";"13";"1";"3";"1";"6";"1";"0";"3";"2";"0"
"28066";"86844102";"28066";"13";"1";"1";"7";"6";"0";"1";"2";"1";"0"
"28067";"86844102";"28067";"13";"3";"1";"7";"6";"0";"1";"1";"1";"0"
"28068";"86844102";"28068";"13";"1";"1";"7";"6";"0";"2";"1";"1";"0"
"28069";"86844103";"28069";"14";"1";"3";"2";"6";"0";"1";"1";"1";"0"
"28070";"86844103";"28070";"14";"1";"3";"1";"6";"0";"2";"0";"1";"0"
"28071";"86844103";"28071";"14";"1";"1";"7";"6";"1";"0";"1";"2";"0"
"28072";"86844103";"28072";"14";"1";"1";"7";"6";"0";"1";"1";"1";"0"
"28073";"86844103";"28073";"17";"1";"1";"7";"1";"0";"1";"1";"1";"0"
"28074";"86844103";"28074";"14";"1";"1";"7";"5";"0";"1";"1";"1";"0"
"28075";"86844203";"28075";"74";"1";"1";"7";"7";"1";"0";"1";"2";"0"
"28076";"86844302";"28076";"19";"1";"1";"7";"6";"0";"1";"1";"1";"0"
"28077";"86844302";"28077";"35";"1";"1";"7";"6";"0";"1";"1";"1";"0"
"28078";"86844302";"28078";"19";"1";"1";"7";"3";"0";"1";"2";"1";"0"
"28079";"86844302";"28079";"19";"1";"1";"7";"6";"0";"2";"4";"1";"0"
"28080";"86844302";"28080";"19";"1";"1";"7";"4";"1";"0";"1";"2";"0"
"28081";"86844302";"28081";"19";"1";"1";"7";"6";"0";"2";"1";"1";"0"
"28082";"86844302";"28082";"19";"1";"1";"7";"6";"0";"4";"1";"1";"0"
"28083";"86844302";"28083";"41";"1";"1";"7";"6";"0";"1";"1";"1";"0"
"28084";"86844302";"28084";"19";"1";"1";"7";"4";"0";"1";"1";"1";"0"
"28085";"86844302";"28085";"21";"1";"1";"7";"6";"0";"1";"1";"1";"0"
"28086";"86844406";"28086";"14";"1";"1";"7";"6";"0";"4";"2";"1";"0"
"28087";"86844406";"28087";"13";"1";"3";"1";"6";"0";"3";"2";"1";"0"
"28088";"86844406";"28088";"41";"3";"1";"7";"4";"0";"1";"1";"1";"0"
"28089";"86844406";"28089";"13";"1";"3";"2";"6";"0";"3";"0";"1";"0"
"28090";"86844406";"28090";"13";"1";"2";"2";"6";"0";"1";"0";"1";"0"
"28091";"86844406";"28091";"13";"1";"1";"7";"6";"0";"2";"0";"1";"0"
"28092";"86844406";"28092";"52";"1";"3";"2";"0";"0";"1";"0";"1";"0"
"28093";"86844406";"28093";"13";"1";"1";"7";"6";"0";"2";"0";"1";"0"
"28094";"86844406";"28094";"13";"1";"1";"7";"6";"0";"2";"0";"1";"0"
"28095";"86844406";"28095";"13";"1";"1";"7";"3";"0";"1";"1";"1";"0"
"28096";"86844406";"28096";"13";"1";"3";"2";"6";"1";"1";"2";"2";"0"
"28097";"86844406";"28097";"13";"1";"3";"2";"6";"0";"2";"1";"1";"0"
"28098";"86844406";"28098";"13";"1";"1";"7";"6";"1";"0";"2";"2";"0"
"28099";"86844406";"28099";"13";"1";"1";"7";"6";"0";"1";"1";"1";"0"
"28100";"86844406";"28100";"18";"1";"3";"1";"6";"0";"1";"2";"1";"0"
"28101";"86844406";"28101";"31";"1";"1";"7";"6";"0";"1";"1";"1";"0"
"28102";"86844406";"28102";"13";"1";"1";"7";"6";"0";"1";"1";"1";"0"
"28103";"86844406";"28103";"13";"3";"1";"7";"6";"0";"2";"2";"1";"0"
"28104";"86844406";"28104";"13";"2";"3";"1";"6";"0";"1";"2";"1";"0"
"28105";"86844406";"28105";"13";"1";"1";"7";"4";"0";"1";"1";"1";"0"
"28106";"86844406";"28106";"13";"3";"1";"7";"6";"0";"4";"0";"1";"0"
"28107";"86844406";"20094";"13";"3";"3";"1";"6";"0";"2";"2";"1";"0"
"28108";"86844406";"28108";"81";"1";"1";"1";"6";"0";"3";"1";"1";"0"
"28109";"86844406";"28109";"18";"1";"1";"7";"4";"0";"1";"1";"1";"0"
"28110";"86844406";"28110";"13";"2";"3";"1";"6";"0";"1";"2";"1";"0"
"28111";"86844406";"28111";"13";"3";"1";"1";"6";"0";"3";"0";"1";"0"
"28112";"86844406";"28112";"13";"1";"3";"1";"6";"0";"5";"0";"1";"0"
"28113";"86844406";"28113";"13";"1";"3";"1";"6";"0";"5";"0";"1";"0"
"28114";"86844406";"28114";"13";"1";"1";"7";"6";"0";"2";"2";"1";"0"
"28115";"86844406";"28115";"13";"1";"6";"1";"6";"0";"2";"1";"1";"0"
"28116";"86844406";"17570";"13";"3";"1";"7";"6";"0";"2";"1";"1";"0"
"28117";"86844406";"28117";"13";"1";"1";"7";"3";"0";"1";"1";"1";"0"
"28118";"86844406";"28118";"13";"1";"1";"7";"6";"0";"1";"1";"1";"0"
"28119";"86844406";"28119";"13";"1";"1";"7";"6";"0";"2";"1";"1";"0"
"28120";"86844406";"28120";"13";"1";"1";"7";"6";"0";"3";"1";"1";"0"
"28121";"86844406";"28121";"13";"1";"1";"7";"7";"0";"3";"1";"1";"0"
"28122";"86844406";"28122";"13";"1";"2";"1";"6";"0";"1";"1";"1";"0"
"28123";"86844406";"28123";"13";"1";"1";"7";"6";"0";"1";"1";"1";"0"
"28124";"86844417";"28124";"51";"3";"1";"7";"3";"0";"1";"1";"1";"0"
"28125";"86844417";"28125";"14";"1";"1";"7";"6";"1";"0";"0";"2";"0"
"28126";"86844417";"28126";"14";"1";"1";"7";"6";"0";"1";"1";"1";"0"
"28127";"86844417";"28127";"17";"1";"1";"7";"2";"0";"1";"1";"1";"0"
"28128";"86844417";"28128";"14";"1";"1";"7";"8";"0";"7";"0";"1";"0"
"28129";"86845102";"28129";"72";"1";"1";"7";"6";"1";"0";"1";"2";"0"
"28130";"86845102";"28130";"51";"1";"1";"7";"6";"0";"3";"1";"1";"0"
"28131";"86845102";"28131";"17";"1";"1";"7";"2";"0";"2";"1";"1";"0"
"28132";"86845103";"28132";"13";"3";"1";"7";"4";"0";"1";"1";"1";"0"
"28133";"86845103";"28133";"16";"1";"1";"7";"4";"0";"1";"1";"1";"0"
"28134";"86845103";"28134";"18";"1";"1";"7";"6";"0";"1";"2";"1";"0"
"28135";"86845105";"28135";"19";"1";"1";"7";"6";"0";"5";"2";"1";"0"
"28136";"86845105";"28136";"19";"1";"3";"7";"6";"0";"2";"2";"1";"0"
"28137";"86845105";"28137";"13";"1";"1";"7";"4";"0";"1";"1";"1";"0"
"28138";"86845105";"28138";"19";"1";"1";"7";"6";"0";"1";"1";"1";"0"
"28139";"86845105";"28139";"13";"1";"1";"7";"6";"0";"1";"1";"1";"0"
"28140";"86845105";"28140";"13";"3";"3";"2";"4";"0";"1";"1";"1";"0"
"28141";"86845105";"28141";"13";"1";"1";"7";"6";"0";"2";"1";"1";"0"
"28142";"86845105";"28142";"13";"1";"1";"7";"6";"0";"2";"1";"1";"0"
"28143";"86845105";"28143";"41";"1";"1";"7";"6";"0";"1";"1";"1";"0"
"28144";"86845105";"28144";"41";"3";"1";"7";"6";"0";"4";"0";"1";"0"
"28145";"86845105";"28145";"72";"3";"1";"7";"6";"1";"0";"1";"2";"0"
"28146";"86845105";"28146";"41";"1";"1";"7";"6";"0";"1";"1";"1";"0"
"28147";"86845105";"28147";"13";"1";"1";"7";"6";"0";"1";"1";"1";"0"
"28148";"86845105";"28148";"13";"1";"1";"7";"4";"0";"1";"1";"1";"0"
"28149";"86845105";"28149";"13";"1";"1";"7";"6";"0";"1";"1";"1";"0"
"28150";"86845105";"28150";"13";"1";"1";"7";"3";"0";"1";"1";"1";"0"
"28151";"86845105";"28151";"13";"3";"4";"4";"6";"0";"1";"1";"1";"0"
"28152";"86845105";"28152";"13";"1";"1";"7";"4";"0";"1";"1";"1";"0"
"28153";"86845105";"28153";"41";"1";"1";"7";"6";"2";"3";"0";"2";"0"
"28154";"86845106";"19317";"17";"1";"1";"7";"2";"0";"1";"0";"1";"0"
"28155";"86845301";"28155";"14";"1";"3";"1";"6";"0";"3";"4";"1";"0"
"28156";"86845301";"28156";"14";"1";"1";"7";"6";"0";"1";"1";"1";"0"
"28157";"86845505";"28157";"36";"1";"1";"7";"3";"1";"0";"1";"2";"0"
"28158";"86845505";"28158";"18";"1";"1";"7";"4";"0";"1";"1";"1";"0"
"28159";"86846101";"28159";"16";"1";"3";"2";"4";"0";"1";"1";"1";"0"
"28160";"86846101";"28160";"18";"1";"6";"7";"4";"0";"1";"1";"1";"0"
"28161";"86846101";"28161";"19";"1";"1";"7";"4";"0";"1";"1";"1";"0"
"28162";"86846101";"28162";"51";"3";"1";"7";"6";"0";"2";"1";"1";"0"
"28163";"86846201";"28163";"19";"1";"1";"7";"6";"0";"1";"1";"1";"0"
"28164";"86846201";"28164";"19";"1";"1";"7";"4";"0";"1";"1";"1";"0"
"28165";"86846201";"28165";"19";"1";"1";"7";"4";"0";"1";"1";"1";"0"
"28166";"86846201";"28166";"19";"3";"1";"7";"6";"0";"1";"0";"1";"0"
"28167";"86846201";"28167";"19";"1";"1";"7";"3";"0";"1";"1";"1";"0"
"28168";"86846201";"28168";"19";"1";"1";"7";"6";"0";"1";"1";"1";"0"
"28169";"86846201";"28169";"17";"1";"3";"1";"2";"0";"1";"1";"1";"0"
"28170";"86846201";"28170";"19";"3";"1";"7";"6";"1";"2";"0";"2";"0"
"28171";"86846201";"11025";"19";"1";"1";"7";"6";"0";"2";"1";"1";"0"
"28172";"86846201";"28172";"19";"1";"1";"7";"6";"0";"1";"1";"1";"0"
"28173";"86846203";"28173";"19";"3";"1";"1";"6";"0";"1";"2";"1";"0"
"28174";"86846205";"28174";"19";"1";"3";"1";"4";"0";"1";"1";"1";"0"
"28175";"86846505";"28175";"11";"1";"1";"7";"6";"0";"1";"1";"1";"0"
"28176";"86846505";"28176";"51";"1";"1";"1";"6";"0";"2";"0";"1";"0"
"28177";"86846505";"28177";"51";"3";"1";"7";"6";"0";"2";"0";"1";"0"
"28178";"86846505";"28178";"16";"1";"1";"7";"6";"0";"1";"1";"1";"0"
"28179";"86846505";"28179";"36";"1";"3";"1";"3";"0";"1";"1";"1";"0"
"28180";"86846505";"28180";"16";"1";"1";"7";"6";"0";"1";"1";"1";"0"
"28181";"86846505";"28181";"18";"1";"1";"7";"6";"0";"1";"1";"1";"0"
"28182";"86847112";"28182";"73";"1";"1";"7";"6";"1";"0";"1";"2";"0"
"28183";"86847113";"28183";"21";"3";"1";"7";"6";"1";"0";"1";"2";"0"
"28184";"86847113";"28184";"17";"3";"1";"7";"2";"0";"2";"1";"1";"0"
"28185";"86847113";"28185";"51";"1";"1";"7";"4";"0";"1";"1";"1";"0"
"28186";"86847205";"28186";"14";"2";"1";"7";"6";"0";"1";"1";"1";"0"
"28187";"86847205";"28187";"63";"2";"1";"7";"4";"0";"1";"1";"1";"0"
"28188";"86847303";"17628";"17";"3";"3";"1";"2";"0";"2";"0";"1";"0"
"28189";"86847403";"28189";"19";"3";"7";"2";"6";"0";"1";"1";"1";"0"
"28190";"86847403";"28190";"71";"1";"1";"7";"6";"0";"1";"1";"1";"0"
"28191";"86847403";"28191";"51";"1";"1";"7";"6";"0";"2";"0";"3";"0"
"28192";"86847406";"28192";"11";"3";"3";"2";"5";"1";"0";"1";"2";"0"
"28193";"86847406";"28193";"16";"1";"3";"2";"6";"0";"1";"2";"1";"0"
"28194";"86847406";"28194";"11";"1";"1";"7";"6";"1";"0";"1";"2";"0"
"28195";"86847406";"28195";"51";"3";"1";"7";"3";"0";"1";"1";"1";"0"
"28196";"86847406";"28196";"11";"3";"3";"1";"6";"0";"1";"1";"1";"0"
"28197";"86847406";"28197";"16";"1";"1";"7";"4";"0";"1";"1";"1";"0"
"28198";"86847406";"28198";"51";"1";"1";"7";"6";"0";"1";"0";"1";"0"
"28199";"86847406";"7161";"11";"1";"3";"2";"6";"0";"1";"0";"1";"0"
"28200";"86847406";"28200";"11";"1";"1";"7";"6";"1";"1";"0";"2";"0"
"28201";"86847406";"28201";"71";"3";"3";"1";"6";"0";"1";"1";"1";"0"
"28202";"86847406";"28202";"11";"1";"1";"7";"6";"0";"1";"1";"1";"0"
"28203";"86847406";"28203";"11";"1";"1";"7";"4";"0";"1";"0";"1";"0"
"28204";"86847406";"28204";"11";"2";"1";"7";"6";"0";"2";"2";"1";"0"
"28205";"86851105";"28205";"52";"3";"1";"7";"0";"0";"1";"0";"1";"0"
"28206";"86851106";"28206";"75";"1";"1";"7";"6";"0";"1";"1";"1";"0"
"28207";"86851109";"28207";"14";"1";"1";"7";"4";"0";"1";"1";"1";"0"
"28208";"86851109";"28208";"14";"1";"1";"7";"6";"0";"1";"1";"1";"0"
"28209";"86851109";"28209";"14";"1";"1";"7";"6";"0";"1";"1";"1";"0"
"28210";"86851201";"28210";"16";"3";"2";"2";"6";"0";"1";"1";"1";"0"
"28211";"86851202";"28211";"17";"1";"1";"7";"2";"0";"2";"1";"1";"0"
"28212";"86851202";"28212";"13";"3";"1";"7";"3";"0";"1";"1";"1";"0"
"28213";"86851202";"28213";"31";"3";"1";"7";"4";"0";"2";"1";"1";"0"
"28214";"86851203";"28214";"52";"3";"1";"1";"0";"0";"2";"0";"1";"0"
"28215";"86851203";"28215";"13";"3";"1";"7";"5";"0";"1";"1";"1";"0"
"28216";"86851203";"28216";"24";"1";"1";"7";"2";"0";"2";"1";"1";"0"
"28217";"86851206";"28217";"21";"1";"1";"7";"4";"1";"0";"1";"2";"0"
"28218";"86851206";"28218";"52";"3";"1";"7";"6";"0";"1";"1";"1";"0"
"28219";"86851206";"28219";"15";"3";"1";"7";"6";"0";"1";"1";"1";"0"
"28220";"86851206";"28220";"15";"3";"1";"7";"6";"0";"1";"1";"1";"0"
"28221";"86851307";"28221";"11";"3";"1";"7";"5";"1";"0";"1";"2";"0"
"28222";"86851307";"28222";"51";"1";"3";"2";"3";"0";"0";"1";"3";"0"
"28223";"86851307";"28223";"11";"3";"1";"1";"6";"0";"1";"3";"1";"0"
"28224";"86851307";"28224";"14";"3";"3";"1";"6";"0";"1";"0";"1";"0"
"28225";"86851307";"28225";"15";"3";"3";"1";"4";"0";"1";"1";"1";"0"
"28226";"86851307";"28226";"15";"3";"1";"7";"6";"0";"1";"1";"1";"0"
"28227";"86851307";"28227";"14";"3";"1";"7";"6";"0";"2";"2";"1";"0"
"28228";"86851307";"28228";"51";"1";"1";"7";"6";"0";"2";"0";"1";"0"
"28229";"86851307";"28229";"11";"1";"1";"7";"6";"0";"1";"0";"1";"0"
"28230";"86851307";"28230";"17";"1";"1";"7";"2";"0";"1";"1";"1";"0"
"28231";"86851307";"28231";"17";"1";"1";"7";"2";"0";"1";"1";"1";"0"
"28232";"86851312";"28232";"32";"3";"3";"2";"6";"0";"1";"1";"1";"0"
"28233";"86851502";"28233";"20";"1";"1";"7";"6";"0";"1";"1";"1";"0"
"28234";"86852204";"28234";"41";"3";"1";"1";"6";"0";"1";"1";"1";"0"
"28235";"86852204";"28235";"14";"1";"1";"7";"6";"0";"2";"0";"1";"0"
"28236";"86852204";"28236";"14";"1";"1";"1";"6";"0";"2";"1";"1";"0"
"28237";"86852204";"28237";"14";"1";"3";"1";"6";"0";"1";"1";"1";"0"
"28238";"86852204";"28238";"14";"1";"1";"7";"6";"0";"1";"2";"1";"0"
"28239";"86852205";"9903";"19";"1";"1";"7";"3";"0";"1";"1";"1";"0"
"28240";"86852301";"28240";"13";"1";"1";"7";"6";"0";"4";"0";"1";"0"
"28241";"86852301";"28241";"13";"1";"1";"1";"6";"0";"1";"1";"1";"0"
"28242";"86852301";"28242";"13";"3";"1";"7";"6";"0";"1";"1";"1";"0"
"28243";"86852301";"28243";"18";"1";"3";"1";"6";"0";"1";"1";"1";"0"
"28244";"86852301";"28244";"12";"3";"3";"1";"6";"0";"2";"5";"1";"0"
"28245";"86852302";"28245";"71";"1";"1";"7";"6";"0";"1";"1";"1";"0"
"28246";"86852402";"28246";"13";"3";"1";"7";"6";"0";"1";"1";"1";"0"
"28247";"86853104";"28247";"31";"3";"3";"1";"4";"0";"1";"1";"1";"0"
"28248";"86853106";"28248";"77";"3";"3";"1";"8";"1";"0";"0";"2";"0"
"28249";"86853106";"28249";"14";"3";"2";"1";"6";"0";"4";"1";"1";"0"
"28250";"86853201";"28250";"64";"1";"1";"7";"3";"0";"1";"1";"1";"0"
"28251";"86853204";"28251";"16";"1";"3";"1";"4";"0";"1";"1";"1";"0"
"28252";"86853212";"28252";"52";"3";"1";"7";"6";"0";"1";"1";"1";"0"
"28253";"86853212";"28253";"16";"1";"1";"7";"4";"0";"1";"0";"1";"0"
"28254";"86853406";"28254";"16";"1";"1";"7";"4";"0";"1";"0";"1";"0"
"28255";"86854206";"28255";"19";"1";"1";"7";"6";"0";"1";"2";"1";"0"
"28256";"86854513";"28256";"16";"1";"1";"7";"5";"0";"1";"1";"1";"0"
"28257";"86855103";"28257";"71";"1";"1";"7";"6";"0";"1";"1";"1";"0"
"28258";"86855103";"28258";"51";"1";"3";"1";"3";"0";"1";"1";"1";"0"
"28259";"86855106";"28259";"17";"1";"1";"7";"2";"0";"1";"1";"1";"0"
"28260";"86855106";"28260";"19";"1";"1";"7";"6";"1";"0";"1";"2";"0"