"accident_id";"lieu_id";"date_id";"cause_id";"lum_id";"intemp_id";"etat_surface_id";"impliq_id";"nb_blesses_graves";"nb_blesses_legers";"nb_indemnes";"gravite";"nb_morts"
"28261";"86855106";"28261";"19";"3";"1";"1";"3";"1";"0";"1";"2";"0"
"28262";"86855106";"28262";"19";"1";"1";"7";"6";"0";"2";"0";"1";"0"
"28263";"86855106";"28263";"32";"2";"1";"7";"6";"1";"0";"1";"2";"0"
"28264";"86855106";"28264";"19";"1";"4";"3";"6";"0";"1";"1";"1";"0"
"28265";"86855106";"28265";"72";"3";"1";"7";"6";"0";"1";"1";"1";"0"
"28266";"86855106";"28266";"16";"1";"3";"1";"6";"0";"1";"1";"1";"0"
"28267";"86855201";"28267";"85";"3";"1";"1";"6";"1";"1";"1";"2";"0"
"28268";"86855201";"28268";"13";"1";"1";"7";"4";"0";"1";"1";"1";"0"
"28269";"86855201";"28269";"23";"1";"1";"7";"6";"0";"2";"0";"1";"0"
"28270";"86855201";"28270";"14";"1";"1";"7";"6";"0";"2";"0";"1";"0"
"28271";"86855201";"28271";"14";"1";"1";"7";"7";"1";"0";"1";"3";"0"
"28272";"86855201";"28272";"14";"1";"1";"7";"6";"0";"1";"1";"1";"0"
"28273";"86855201";"28273";"14";"3";"3";"1";"6";"0";"2";"0";"1";"0"
"28274";"86855201";"28274";"14";"1";"1";"7";"6";"1";"0";"0";"2";"0"
"28275";"86855201";"28275";"14";"1";"2";"1";"6";"0";"2";"0";"1";"0"
"28276";"86855201";"28276";"14";"1";"1";"7";"6";"0";"1";"1";"1";"0"
"28277";"86855201";"28277";"14";"3";"1";"7";"6";"0";"6";"1";"1";"0"
"28278";"86855201";"28278";"14";"1";"1";"7";"6";"0";"1";"2";"1";"0"
"28279";"86855201";"28279";"14";"1";"1";"7";"6";"0";"1";"2";"1";"0"
"28280";"86855201";"28280";"14";"1";"1";"7";"6";"0";"3";"4";"1";"0"
"28281";"86855201";"28281";"14";"1";"3";"1";"3";"0";"1";"1";"1";"0"
"28282";"86855201";"28282";"14";"1";"1";"7";"6";"0";"2";"0";"1";"0"
"28283";"86855201";"28283";"14";"1";"1";"7";"6";"0";"1";"1";"1";"0"
"28284";"86855202";"5572";"21";"1";"1";"7";"6";"0";"1";"1";"1";"0"
"28285";"86855502";"28285";"14";"1";"1";"2";"4";"0";"1";"1";"1";"0"
"28286";"86855502";"28286";"16";"1";"3";"1";"6";"0";"1";"1";"1";"0"
"28287";"86855502";"28287";"35";"1";"1";"7";"3";"0";"1";"1";"1";"0"
"28288";"86855502";"28288";"14";"1";"1";"1";"6";"0";"1";"1";"1";"0"
"28289";"86855502";"28289";"99";"1";"1";"7";"4";"0";"1";"0";"1";"0"
"28290";"86855502";"28290";"14";"1";"1";"7";"4";"0";"1";"1";"1";"0"
"28291";"86855502";"28291";"16";"3";"1";"1";"6";"0";"1";"1";"1";"0"
"28292";"86856205";"28292";"18";"1";"1";"7";"6";"0";"1";"1";"1";"0"
"28293";"86856301";"28293";"14";"1";"1";"7";"6";"0";"1";"3";"1";"0"
"28294";"86856301";"28294";"16";"1";"1";"7";"5";"0";"1";"1";"1";"0"
"28295";"86856302";"28295";"71";"1";"1";"7";"6";"0";"1";"1";"1";"0"
"28296";"86856403";"28296";"14";"1";"1";"7";"6";"0";"2";"1";"1";"0"
"28297";"86857102";"28297";"19";"1";"1";"7";"6";"1";"0";"1";"2";"0"
"28298";"86857102";"28298";"71";"1";"1";"7";"6";"0";"1";"1";"1";"0"
"28299";"86857103";"28299";"18";"1";"1";"7";"5";"0";"3";"0";"1";"0"
"28300";"86857107";"28300";"19";"1";"1";"7";"4";"0";"1";"1";"1";"0"
"28301";"86857107";"28301";"71";"1";"1";"7";"6";"0";"1";"1";"1";"0"
"28302";"86857107";"28302";"41";"1";"3";"1";"6";"2";"3";"0";"2";"0"
"28303";"86857107";"28303";"16";"3";"1";"7";"6";"0";"1";"1";"1";"0"
"28304";"86857110";"28304";"52";"1";"1";"7";"0";"1";"0";"0";"2";"0"
"28305";"86857110";"28305";"71";"3";"3";"1";"6";"0";"1";"1";"1";"0"
"28306";"86857110";"28306";"16";"1";"1";"7";"6";"0";"1";"2";"1";"0"
"28307";"86857110";"28307";"19";"4";"1";"7";"6";"0";"2";"0";"1";"0"
"28308";"86857110";"28308";"51";"3";"1";"7";"6";"0";"8";"1";"1";"0"
"28309";"86857110";"28309";"19";"3";"1";"7";"7";"0";"1";"5";"1";"0"
"28310";"86857110";"28310";"19";"1";"1";"7";"6";"0";"2";"1";"1";"0"
"28311";"86857110";"28311";"19";"3";"1";"7";"6";"0";"1";"2";"1";"0"
"28312";"86857110";"28312";"19";"3";"3";"1";"6";"0";"1";"1";"1";"0"
"28313";"86857110";"28313";"19";"3";"1";"7";"6";"0";"3";"0";"1";"0"
"28314";"86857110";"28314";"19";"1";"1";"7";"5";"0";"1";"2";"1";"0"
"28315";"86857110";"28315";"19";"2";"1";"7";"6";"0";"1";"2";"1";"0"
"28316";"86857110";"28316";"19";"1";"1";"7";"6";"0";"1";"0";"1";"0"
"28317";"86857110";"28317";"19";"1";"1";"7";"4";"0";"1";"1";"1";"0"
"28318";"86857110";"28318";"19";"3";"1";"7";"6";"0";"1";"1";"1";"0"
"28319";"86857110";"28319";"18";"1";"1";"7";"6";"0";"1";"2";"1";"0"
"28320";"86857201";"28320";"16";"1";"1";"7";"4";"1";"0";"1";"2";"0"
"28321";"86857201";"28321";"63";"1";"3";"2";"6";"0";"2";"0";"1";"0"
"28322";"86857401";"28322";"14";"1";"1";"7";"6";"1";"0";"1";"2";"0"
"28323";"86857403";"28323";"18";"1";"1";"7";"4";"0";"1";"2";"1";"0"
"28324";"86861101";"28324";"16";"3";"1";"7";"4";"1";"0";"1";"2";"0"
"28325";"86861101";"28325";"51";"1";"1";"7";"6";"0";"1";"1";"1";"0"
"28326";"86861304";"28326";"14";"1";"1";"7";"6";"0";"1";"1";"1";"0"
"28327";"86861304";"28327";"71";"1";"1";"7";"6";"0";"1";"1";"1";"0"
"28328";"86861304";"28328";"16";"3";"1";"4";"6";"0";"1";"0";"1";"0"
"28329";"86861307";"28329";"16";"1";"1";"7";"6";"0";"1";"1";"1";"0"
"28330";"86862201";"28330";"21";"1";"1";"7";"4";"0";"1";"1";"1";"0"
"28331";"86862201";"28331";"81";"3";"1";"7";"0";"1";"0";"0";"2";"0"
"28332";"86862202";"28332";"11";"2";"1";"7";"4";"0";"2";"0";"1";"0"
"28333";"86862202";"28333";"81";"3";"1";"7";"0";"0";"2";"0";"1";"0"
"28334";"86862202";"28334";"16";"1";"1";"7";"5";"1";"0";"1";"2";"0"
"28335";"86862202";"28335";"16";"1";"1";"7";"3";"0";"2";"1";"1";"0"
"28336";"86862202";"28336";"81";"3";"1";"7";"0";"1";"0";"0";"2";"0"
"28337";"86862202";"28337";"51";"1";"1";"7";"6";"0";"1";"1";"1";"0"
"28338";"86862202";"28338";"51";"1";"1";"7";"6";"0";"1";"0";"1";"0"
"28339";"86862202";"28339";"61";"1";"1";"7";"6";"0";"4";"0";"1";"0"
"28340";"86862204";"28340";"14";"1";"1";"7";"5";"0";"1";"1";"1";"0"
"28341";"86862302";"28341";"16";"1";"1";"7";"6";"0";"2";"1";"1";"0"
"28342";"86862302";"28342";"18";"3";"1";"7";"6";"0";"1";"2";"1";"0"
"28343";"86862302";"28343";"11";"1";"1";"1";"6";"1";"0";"1";"2";"0"
"28344";"86862302";"28344";"11";"1";"1";"7";"6";"0";"1";"1";"1";"0"
"28345";"86862302";"28345";"31";"1";"1";"7";"3";"0";"1";"1";"1";"0"
"28346";"86862302";"28346";"11";"1";"1";"7";"6";"0";"1";"1";"1";"0"
"28347";"86862302";"28347";"16";"1";"3";"1";"6";"0";"1";"1";"1";"0"
"28348";"86862302";"28348";"11";"1";"1";"7";"2";"1";"0";"1";"2";"0"
"28349";"86862302";"28349";"16";"1";"3";"2";"6";"0";"1";"1";"1";"0"
"28350";"86862302";"28350";"81";"1";"1";"7";"0";"0";"1";"0";"1";"0"
"28351";"86862302";"28351";"11";"1";"1";"7";"4";"0";"1";"1";"1";"0"
"28352";"86862302";"28352";"11";"1";"1";"7";"6";"0";"1";"1";"1";"0"
"28353";"86862302";"28353";"11";"1";"1";"7";"6";"0";"1";"1";"1";"0"
"28354";"86862302";"28354";"16";"1";"1";"7";"6";"0";"1";"1";"1";"0"
"28355";"86862302";"28355";"11";"1";"1";"7";"6";"0";"2";"1";"1";"0"
"28356";"86862302";"28356";"11";"3";"3";"1";"6";"0";"2";"0";"1";"0"
"28357";"86862302";"28357";"16";"1";"1";"7";"6";"0";"1";"1";"1";"0"
"28358";"86862302";"28358";"15";"3";"1";"7";"6";"0";"3";"0";"1";"0"
"28359";"86862302";"28359";"15";"1";"1";"7";"6";"0";"1";"1";"1";"0"
"28360";"86862302";"28360";"11";"1";"3";"1";"6";"0";"1";"1";"1";"0"
"28361";"86862302";"28361";"11";"1";"3";"1";"6";"1";"1";"0";"2";"0"
"28362";"86862302";"28362";"51";"1";"1";"7";"3";"0";"1";"1";"1";"0"
"28363";"86862302";"28363";"16";"1";"1";"7";"5";"1";"0";"1";"2";"0"
"28364";"86862302";"28364";"11";"1";"3";"1";"6";"0";"3";"0";"1";"0"
"28365";"86862302";"28365";"23";"1";"1";"7";"6";"0";"1";"2";"1";"0"
"28366";"86862501";"28366";"12";"1";"1";"7";"6";"0";"1";"1";"1";"0"
"28367";"86862504";"28367";"51";"1";"1";"7";"6";"0";"2";"0";"1";"0"
"28368";"86862504";"28368";"13";"1";"1";"2";"6";"0";"1";"0";"1";"0"
"28369";"86862504";"28369";"16";"1";"3";"2";"4";"0";"1";"1";"1";"0"
"28370";"86862504";"28370";"13";"1";"1";"1";"6";"1";"0";"1";"2";"0"
"28371";"86862504";"28371";"23";"1";"1";"7";"4";"0";"1";"1";"1";"0"
"28372";"86862504";"28372";"17";"1";"1";"1";"2";"1";"2";"1";"2";"0"
"28373";"86862504";"28373";"11";"1";"1";"7";"6";"0";"1";"1";"1";"0"
"28374";"86863303";"28374";"13";"1";"3";"2";"6";"0";"1";"1";"1";"0"
"28375";"86863303";"28375";"81";"1";"1";"7";"6";"0";"2";"0";"1";"0"
"28376";"86863303";"28376";"17";"1";"1";"7";"2";"0";"1";"1";"1";"0"
"28377";"86863303";"28377";"13";"3";"1";"7";"6";"0";"2";"0";"1";"0"
"28378";"86863303";"28378";"81";"3";"1";"1";"6";"0";"2";"0";"1";"0"
"28379";"86863303";"28379";"13";"3";"1";"1";"6";"0";"1";"2";"1";"0"
"28380";"86863303";"28380";"13";"3";"1";"7";"6";"0";"4";"0";"1";"0"
"28381";"86863303";"28381";"13";"1";"1";"7";"6";"0";"1";"2";"1";"0"
"28382";"86863303";"28382";"13";"3";"3";"1";"6";"0";"4";"0";"1";"0"
"28383";"86863303";"28383";"13";"1";"1";"7";"6";"0";"1";"2";"1";"0"
"28384";"86863303";"28384";"13";"1";"1";"7";"6";"0";"1";"1";"1";"0"
"28385";"86863303";"28385";"13";"3";"1";"1";"6";"0";"2";"2";"1";"0"
"28386";"86863401";"28386";"21";"1";"1";"7";"4";"0";"1";"1";"1";"0"
"28387";"86863401";"21546";"14";"3";"1";"7";"6";"0";"1";"1";"1";"0"
"28388";"86863401";"28388";"19";"1";"1";"7";"7";"0";"2";"0";"1";"0"
"28389";"86863401";"28389";"14";"3";"3";"2";"6";"0";"6";"0";"1";"0"
"28390";"86863401";"28390";"19";"1";"1";"7";"6";"1";"0";"1";"2";"0"
"28391";"86863401";"28391";"19";"1";"1";"7";"6";"0";"1";"1";"1";"0"
"28392";"86863401";"28392";"19";"1";"1";"7";"6";"0";"2";"1";"1";"0"
"28393";"86863401";"28393";"19";"3";"1";"7";"6";"0";"6";"0";"1";"0"
"28394";"86863401";"28394";"19";"2";"3";"1";"3";"0";"1";"1";"1";"0"
"28395";"86863401";"28395";"19";"1";"1";"7";"6";"0";"2";"0";"1";"0"
"28396";"86863401";"28396";"19";"3";"1";"1";"6";"0";"1";"1";"1";"0"
"28397";"86863401";"28397";"19";"1";"1";"1";"6";"0";"1";"1";"1";"0"
"28398";"86863401";"28398";"52";"2";"1";"7";"0";"0";"1";"0";"1";"0"
"28399";"86863401";"28399";"19";"1";"1";"7";"6";"0";"1";"1";"1";"0"
"28400";"86863401";"28400";"19";"1";"1";"7";"6";"0";"3";"1";"1";"0"
"28401";"86863401";"28401";"19";"3";"3";"1";"6";"0";"1";"1";"1";"0"
"28402";"86863401";"28402";"19";"1";"3";"1";"4";"0";"1";"1";"1";"0"
"28403";"86863401";"28403";"16";"1";"3";"1";"6";"1";"0";"1";"2";"0"
"28404";"86863401";"28404";"13";"1";"1";"7";"4";"0";"1";"1";"1";"0"
"28405";"86863401";"28405";"81";"3";"3";"1";"6";"0";"1";"0";"1";"0"
"28406";"86863401";"28406";"16";"1";"3";"1";"6";"0";"1";"0";"1";"0"
"28407";"86864203";"28407";"17";"1";"1";"7";"2";"1";"0";"1";"2";"0"
"28408";"86864203";"28408";"41";"1";"1";"7";"2";"0";"1";"1";"1";"0"
"28409";"86864203";"28409";"51";"1";"1";"7";"6";"0";"2";"1";"1";"0"
"28410";"86865104";"28410";"19";"3";"1";"7";"6";"0";"1";"1";"1";"0"
"28411";"86865202";"17227";"72";"3";"1";"7";"6";"0";"1";"1";"1";"0"
"28412";"86865202";"28412";"19";"1";"1";"7";"6";"0";"1";"1";"1";"0"
"28413";"86865202";"28413";"32";"1";"1";"7";"4";"0";"1";"1";"1";"0"
"28414";"86865303";"28414";"14";"1";"1";"7";"6";"0";"1";"1";"1";"0"
"28415";"86865304";"28415";"17";"1";"1";"7";"2";"0";"1";"1";"1";"0"
"28416";"86865308";"28416";"21";"1";"1";"7";"6";"0";"2";"0";"1";"0"
"28417";"86865310";"28417";"14";"3";"1";"7";"5";"1";"0";"3";"2";"0"
"28418";"86865310";"28418";"52";"1";"1";"7";"2";"0";"2";"1";"1";"0"
"28419";"86865501";"28419";"22";"1";"1";"7";"6";"0";"1";"1";"1";"0"
"28420";"86871109";"28420";"17";"1";"1";"7";"2";"1";"0";"1";"2";"0"
"28421";"86871201";"28421";"17";"3";"1";"7";"2";"0";"1";"1";"1";"0"
"28422";"86871201";"28422";"17";"1";"1";"7";"2";"0";"1";"1";"1";"0"
"28423";"86871202";"28423";"17";"5";"3";"1";"2";"1";"0";"1";"2";"0"
"28424";"86871202";"28424";"71";"1";"1";"7";"6";"1";"0";"1";"2";"0"
"28425";"86871202";"28425";"17";"1";"1";"7";"2";"0";"1";"1";"1";"0"
"28426";"86871205";"28426";"17";"1";"1";"7";"1";"0";"1";"1";"1";"0"
"28427";"86871205";"28427";"17";"1";"1";"1";"2";"0";"1";"1";"1";"0"
"28428";"86871205";"28428";"13";"2";"6";"2";"4";"0";"1";"0";"1";"0"
"28429";"86871205";"28429";"71";"1";"1";"7";"6";"0";"1";"1";"1";"0"
"28430";"86871205";"28430";"13";"1";"1";"7";"6";"0";"1";"1";"1";"0"
"28431";"86871205";"2084";"17";"1";"1";"7";"1";"0";"1";"1";"1";"0"
"28432";"86871205";"28432";"65";"1";"1";"7";"4";"0";"1";"2";"1";"0"
"28433";"86871205";"28433";"17";"1";"1";"7";"2";"0";"1";"1";"1";"0"
"28434";"86871205";"28434";"81";"3";"1";"7";"0";"0";"1";"0";"1";"0"
"28435";"86871205";"28435";"17";"1";"1";"1";"1";"0";"1";"1";"1";"0"
"28436";"86871205";"28436";"52";"1";"1";"7";"0";"1";"1";"0";"2";"0"
"28437";"86871207";"28437";"13";"1";"1";"7";"4";"0";"1";"1";"1";"0"
"28438";"86871210";"28438";"25";"1";"1";"7";"6";"0";"1";"1";"1";"0"
"28439";"86871303";"28439";"19";"1";"1";"7";"6";"0";"2";"0";"1";"0"
"28440";"86871303";"28440";"19";"1";"1";"7";"6";"0";"1";"1";"1";"0"
"28441";"86871303";"28441";"19";"2";"1";"7";"6";"0";"2";"0";"1";"0"
"28442";"86871303";"28442";"19";"1";"1";"1";"6";"0";"2";"0";"1";"0"
"28443";"86871303";"28443";"52";"1";"3";"2";"0";"0";"1";"1";"1";"0"
"28444";"86871303";"28444";"19";"1";"1";"7";"6";"0";"1";"1";"1";"0"
"28445";"86871303";"28445";"19";"1";"1";"7";"6";"0";"1";"1";"1";"0"
"28446";"86871303";"28446";"19";"1";"3";"2";"6";"0";"2";"0";"1";"0"
"28447";"86871303";"28447";"81";"3";"1";"7";"6";"0";"4";"0";"1";"0"
"28448";"86871303";"28448";"19";"1";"1";"7";"6";"0";"1";"1";"1";"0"
"28449";"86871303";"28449";"19";"1";"1";"7";"6";"0";"1";"1";"1";"0"
"28450";"86871303";"28450";"19";"1";"1";"7";"6";"0";"1";"1";"1";"0"
"28451";"86871303";"28451";"13";"1";"1";"7";"4";"0";"1";"1";"1";"0"
"28452";"86871402";"28452";"17";"1";"3";"1";"1";"0";"1";"1";"1";"0"
"28453";"86871402";"28453";"73";"1";"1";"7";"6";"1";"0";"1";"2";"0"
"28454";"86871503";"23046";"72";"1";"1";"7";"6";"0";"1";"1";"1";"0"
"28455";"86871503";"3432";"14";"1";"1";"1";"6";"0";"1";"1";"1";"0"
"28456";"86871503";"28456";"14";"1";"2";"1";"6";"1";"0";"1";"2";"0"
"28457";"86871504";"28457";"51";"1";"1";"7";"6";"0";"1";"1";"1";"0"
"28458";"86872108";"28458";"21";"1";"1";"7";"6";"0";"1";"1";"1";"0"
"28459";"86872210";"28459";"17";"1";"1";"7";"1";"0";"1";"1";"1";"0"
"28460";"86872210";"28460";"13";"1";"1";"7";"6";"0";"1";"1";"1";"0"
"28461";"86872303";"28461";"11";"1";"3";"2";"6";"0";"1";"1";"1";"0"
"28462";"86872303";"28462";"11";"1";"1";"7";"6";"1";"0";"1";"2";"0"
"28463";"86872303";"28463";"32";"1";"1";"7";"3";"0";"1";"1";"1";"0"
"28464";"86872303";"28464";"17";"1";"1";"7";"2";"1";"0";"1";"2";"0"
"28465";"86872303";"28465";"11";"1";"1";"7";"6";"0";"1";"1";"1";"0"
"28466";"86872303";"28466";"11";"1";"1";"7";"6";"1";"0";"1";"2";"0"
"28467";"86872303";"28467";"16";"3";"1";"1";"6";"0";"4";"0";"1";"0"
"28468";"86872303";"28468";"16";"1";"1";"7";"4";"0";"1";"1";"1";"0"
"28469";"86872303";"28469";"11";"1";"1";"7";"6";"0";"1";"1";"1";"0"
"28470";"86872303";"28470";"18";"1";"1";"7";"6";"0";"1";"1";"1";"0"
"28471";"86872303";"28471";"51";"2";"1";"7";"6";"0";"1";"1";"1";"0"
"28472";"86872303";"28472";"11";"1";"1";"7";"6";"1";"0";"1";"2";"0"
"28473";"86872303";"28473";"11";"1";"1";"7";"6";"0";"3";"0";"1";"0"
"28474";"86872303";"28474";"52";"1";"1";"7";"9";"1";"2";"1";"2";"0"
"28475";"86872303";"28475";"17";"2";"1";"7";"2";"0";"1";"1";"1";"0"
"28476";"86872303";"28476";"17";"3";"3";"1";"2";"0";"1";"1";"1";"0"
"28477";"86872303";"28477";"16";"1";"1";"7";"4";"0";"1";"1";"1";"0"
"28478";"86872303";"28478";"14";"1";"1";"1";"6";"0";"1";"1";"1";"0"
"28479";"86872303";"28479";"81";"3";"1";"7";"6";"1";"2";"0";"2";"0"
"28480";"86872303";"28480";"11";"3";"6";"1";"6";"0";"3";"0";"1";"0"
"28481";"86872303";"28481";"35";"1";"1";"7";"3";"0";"1";"1";"1";"0"
"28482";"86872303";"28482";"11";"3";"3";"1";"6";"0";"1";"1";"1";"0"
"28483";"86872303";"28483";"23";"1";"1";"7";"6";"0";"1";"1";"1";"0"
"28484";"86872303";"28484";"16";"2";"3";"1";"7";"0";"3";"1";"1";"0"
"28485";"86872305";"28485";"31";"1";"1";"7";"6";"0";"1";"1";"1";"0"
"28486";"86872503";"28486";"85";"3";"1";"1";"6";"0";"1";"1";"1";"0"
"28487";"86872503";"28487";"21";"3";"1";"1";"5";"1";"0";"1";"2";"0"
"28488";"86872508";"28488";"14";"5";"3";"1";"6";"1";"0";"1";"2";"0"
"28489";"86873203";"28489";"71";"3";"1";"1";"6";"0";"1";"1";"1";"0"
"28490";"86873203";"28490";"72";"1";"1";"7";"6";"0";"1";"1";"1";"0"
"28491";"86873203";"28491";"51";"1";"1";"7";"6";"0";"1";"1";"1";"0"
"28492";"86873203";"28492";"13";"1";"1";"7";"6";"1";"0";"1";"2";"0"
"28493";"86873203";"28493";"13";"3";"2";"2";"6";"0";"1";"1";"1";"0"
"28494";"86873203";"28494";"13";"3";"4";"3";"6";"1";"1";"0";"2";"0"
"28495";"86873203";"28495";"81";"3";"1";"7";"0";"1";"1";"0";"2";"0"
"28496";"86873203";"28496";"52";"1";"1";"7";"0";"0";"1";"0";"1";"0"
"28497";"86873203";"28497";"71";"3";"1";"1";"6";"1";"0";"1";"2";"0"
"28498";"86873203";"28498";"13";"1";"1";"7";"6";"0";"1";"1";"1";"0"
"28499";"86873203";"28499";"52";"3";"3";"1";"0";"0";"1";"0";"1";"0"
"28500";"86873203";"28500";"13";"3";"1";"7";"6";"0";"1";"1";"1";"0"
"28501";"86873203";"28501";"51";"1";"3";"1";"6";"0";"1";"1";"1";"0"
"28502";"86873203";"28502";"51";"1";"1";"7";"3";"0";"1";"1";"1";"0"
"28503";"86873203";"28503";"86";"1";"3";"1";"6";"0";"2";"0";"1";"0"
"28504";"86873303";"28504";"18";"3";"1";"7";"5";"1";"0";"1";"2";"0"
"28505";"86873404";"28505";"72";"1";"2";"2";"7";"0";"0";"1";"3";"0"
"28506";"86873404";"28506";"13";"3";"3";"1";"6";"0";"1";"2";"1";"0"
"28507";"86873404";"21484";"13";"1";"2";"2";"6";"0";"1";"2";"1";"0"
"28508";"86873404";"28508";"13";"3";"1";"1";"4";"0";"1";"1";"1";"0"
"28509";"86873404";"28509";"13";"1";"1";"1";"6";"0";"1";"1";"1";"0"
"28510";"86873404";"28510";"31";"1";"1";"7";"4";"0";"1";"1";"1";"0"
"28511";"86873404";"28511";"16";"1";"1";"1";"3";"0";"1";"1";"1";"0"
"28512";"86873404";"28512";"16";"1";"1";"1";"4";"0";"1";"1";"1";"0"
"28513";"86873404";"28513";"13";"1";"2";"1";"6";"0";"2";"0";"1";"0"
"28514";"86874203";"28514";"14";"1";"2";"2";"3";"0";"1";"1";"1";"0"
"28515";"86874203";"28515";"21";"1";"1";"7";"6";"0";"1";"1";"1";"0"
"28516";"86874203";"28516";"14";"1";"3";"1";"6";"0";"1";"1";"1";"0"
"28517";"86874301";"28517";"14";"1";"1";"7";"6";"0";"1";"0";"1";"0"
"28518";"86874307";"28518";"21";"2";"2";"1";"6";"0";"2";"4";"1";"0"
"28519";"86874403";"28519";"52";"1";"1";"7";"8";"1";"0";"1";"2";"0"
"28520";"86874406";"28520";"86";"1";"1";"7";"2";"1";"0";"1";"2";"0"
"28521";"86874406";"28521";"81";"3";"3";"2";"0";"0";"1";"1";"1";"0"
"28522";"86874406";"28522";"71";"1";"3";"2";"6";"0";"1";"1";"1";"0"
"28523";"86874406";"28523";"71";"1";"1";"7";"6";"0";"1";"1";"1";"0"
"28524";"86874406";"28524";"13";"1";"1";"1";"4";"0";"1";"1";"1";"0"
"28525";"86874406";"28525";"51";"1";"1";"7";"3";"0";"1";"1";"1";"0"
"28526";"86875402";"28526";"21";"1";"1";"7";"4";"0";"1";"1";"1";"0"
"28527";"86875402";"28527";"63";"1";"1";"7";"5";"0";"1";"1";"1";"0"
"28528";"86875403";"28528";"14";"1";"1";"7";"3";"1";"0";"1";"2";"0"
"28529";"86875505";"28529";"17";"2";"4";"2";"1";"1";"0";"1";"2";"0"
"28530";"86875505";"28530";"13";"1";"2";"1";"5";"0";"1";"1";"1";"0"
"28531";"86875506";"28531";"19";"1";"3";"2";"3";"0";"1";"1";"1";"0"
"28532";"86875506";"28532";"19";"1";"2";"1";"6";"2";"1";"0";"2";"0"
"28533";"86875506";"28533";"19";"1";"1";"7";"6";"0";"1";"0";"1";"0"
"28534";"86875507";"28534";"17";"1";"1";"7";"2";"0";"1";"1";"1";"0"
"28535";"86875508";"28535";"41";"1";"1";"7";"6";"0";"1";"1";"1";"0"
"28536";"86875508";"28536";"51";"1";"1";"7";"6";"0";"1";"1";"1";"0"
"28537";"86875509";"28537";"81";"1";"1";"7";"6";"0";"1";"1";"1";"0"
"28538";"86876202";"28538";"18";"1";"1";"7";"6";"0";"1";"1";"1";"0"
"28539";"86876206";"28539";"19";"1";"1";"7";"6";"0";"1";"1";"1";"0"
"28540";"86876206";"5964";"19";"1";"1";"1";"6";"0";"1";"1";"1";"0"
"28541";"86876206";"28541";"19";"1";"1";"7";"6";"0";"2";"0";"1";"0"
"28542";"86876206";"28542";"18";"1";"1";"7";"5";"0";"1";"1";"1";"0"
"28543";"86876303";"28543";"19";"2";"1";"7";"6";"0";"1";"1";"1";"0"
"28544";"86876303";"28544";"19";"3";"1";"1";"4";"0";"1";"1";"1";"0"
"28545";"86876308";"28545";"52";"1";"1";"7";"6";"0";"2";"0";"1";"0"
"28546";"86876404";"28546";"72";"1";"1";"7";"6";"0";"1";"0";"1";"0"
"28547";"86876409";"28547";"52";"3";"3";"2";"0";"1";"0";"2";"2";"0"
"28548";"86876501";"28548";"13";"3";"3";"1";"4";"0";"1";"1";"1";"0"
"28549";"86876502";"28549";"71";"1";"1";"7";"6";"0";"1";"1";"1";"0"
"28550";"86876503";"28550";"31";"1";"1";"7";"4";"0";"2";"1";"1";"0"
"28551";"86876503";"28551";"71";"1";"1";"1";"6";"0";"1";"2";"1";"0"
"28552";"86876503";"28552";"52";"1";"3";"1";"2";"0";"1";"1";"1";"0"
"28553";"86876503";"28553";"16";"1";"1";"7";"6";"0";"2";"0";"1";"0"
"28554";"86881112";"28554";"14";"1";"1";"7";"6";"0";"1";"1";"1";"0"
"28555";"86881114";"28555";"14";"1";"6";"1";"6";"0";"1";"1";"1";"0"
"28556";"86881301";"28556";"72";"1";"1";"7";"6";"0";"0";"1";"3";"0"
"28557";"86881312";"28557";"23";"1";"1";"7";"5";"0";"1";"1";"1";"0"
"28558";"86881312";"28558";"14";"1";"1";"7";"5";"0";"2";"2";"1";"0"
"28559";"86881312";"28559";"14";"3";"1";"7";"6";"0";"1";"1";"1";"0"
"28560";"86881312";"28560";"14";"1";"1";"7";"4";"0";"1";"1";"1";"0"
"28561";"86881401";"28561";"72";"3";"3";"2";"6";"0";"1";"2";"1";"0"
"28562";"86881401";"28562";"86";"1";"1";"7";"3";"0";"1";"1";"1";"0"
"28563";"86881401";"28563";"14";"3";"3";"1";"6";"0";"1";"1";"1";"0"
"28564";"86881405";"28564";"72";"1";"1";"7";"6";"0";"1";"1";"1";"0"
"28565";"86881501";"28565";"52";"1";"1";"7";"0";"0";"2";"0";"1";"0"
"28566";"86881501";"28566";"14";"1";"1";"7";"6";"0";"2";"0";"1";"0"
"28567";"86881501";"28567";"14";"1";"1";"7";"6";"0";"1";"1";"1";"0"
"28568";"86882310";"28568";"51";"3";"4";"4";"6";"0";"1";"1";"1";"0"
"28569";"86882310";"28569";"16";"3";"3";"2";"3";"0";"1";"1";"1";"0"
"28570";"86882310";"28570";"31";"1";"1";"7";"4";"0";"1";"1";"1";"0"