"accident_id";"lieu_id";"date_id";"cause_id";"lum_id";"intemp_id";"etat_surface_id";"impliq_id";"nb_blesses_graves";"nb_blesses_legers";"nb_indemnes";"gravite";"nb_morts"
"28881";"87811202";"28881";"14";"3";"1";"2";"6";"0";"2";"4";"1";"0"
"28882";"87811202";"28882";"11";"3";"1";"7";"6";"0";"2";"4";"1";"0"
"28883";"87811202";"28883";"16";"1";"1";"7";"6";"0";"1";"2";"1";"0"
"28884";"87811202";"28884";"16";"1";"1";"7";"6";"0";"2";"1";"1";"0"
"28885";"87811202";"28885";"16";"3";"1";"1";"4";"0";"1";"1";"1";"0"
"28886";"87811202";"28886";"11";"1";"3";"1";"6";"0";"4";"0";"1";"0"
"28887";"87811202";"28887";"16";"3";"6";"1";"6";"0";"1";"2";"1";"0"
"28888";"87811202";"28888";"16";"1";"1";"7";"6";"0";"1";"1";"1";"0"
"28889";"87811202";"28889";"51";"3";"1";"7";"6";"0";"1";"1";"1";"0"
"28890";"87811202";"28890";"16";"1";"1";"7";"6";"0";"1";"1";"1";"0"
"28891";"87811202";"28891";"11";"3";"1";"7";"6";"0";"1";"1";"1";"0"
"28892";"87811202";"28892";"11";"1";"1";"7";"6";"0";"1";"3";"1";"0"
"28893";"87811202";"28893";"16";"3";"3";"1";"4";"0";"1";"1";"1";"0"
"28894";"87811202";"28894";"11";"1";"1";"7";"6";"0";"1";"1";"1";"0"
"28895";"87811202";"28895";"11";"3";"1";"7";"6";"2";"4";"0";"2";"0"
"28896";"87811202";"28896";"16";"1";"1";"7";"6";"0";"1";"2";"1";"0"
"28897";"87811202";"28897";"17";"1";"1";"4";"2";"0";"1";"1";"1";"0"
"28898";"87811202";"28898";"16";"1";"1";"7";"3";"0";"1";"1";"1";"0"
"28899";"87811202";"28899";"11";"3";"1";"7";"6";"0";"1";"1";"1";"0"
"28900";"87811202";"28900";"35";"1";"1";"7";"3";"0";"1";"0";"1";"0"
"28901";"87811202";"28901";"16";"3";"3";"1";"4";"0";"1";"1";"1";"0"
"28902";"87811202";"28902";"51";"1";"1";"7";"6";"0";"1";"1";"1";"0"
"28903";"87811301";"28903";"19";"1";"1";"7";"6";"0";"1";"2";"1";"0"
"28904";"87811301";"28904";"19";"1";"3";"1";"6";"0";"1";"3";"1";"0"
"28905";"87811301";"28905";"19";"1";"1";"7";"6";"0";"2";"0";"1";"0"
"28906";"87811301";"28906";"32";"1";"1";"7";"5";"1";"0";"2";"2";"0"
"28907";"87811404";"28907";"13";"1";"1";"7";"6";"0";"2";"1";"1";"0"
"28908";"87811405";"28908";"13";"1";"3";"2";"6";"0";"1";"2";"1";"0"
"28909";"87811405";"28909";"13";"3";"1";"7";"8";"0";"1";"1";"1";"0"
"28910";"87811405";"28910";"17";"1";"1";"7";"1";"0";"1";"1";"1";"0"
"28911";"87811405";"28911";"13";"1";"1";"7";"4";"0";"1";"1";"1";"0"
"28912";"87811405";"28912";"13";"1";"1";"7";"6";"0";"1";"1";"1";"0"
"28913";"87811405";"28913";"13";"1";"1";"7";"4";"0";"1";"1";"1";"0"
"28914";"87811405";"28914";"19";"1";"1";"7";"6";"0";"1";"0";"1";"0"
"28915";"87811406";"28915";"13";"1";"1";"7";"6";"0";"2";"0";"1";"0"
"28916";"87811406";"28916";"13";"1";"1";"7";"6";"0";"1";"1";"1";"0"
"28917";"87811406";"28917";"13";"1";"3";"2";"6";"0";"1";"1";"1";"0"
"28918";"87811406";"28918";"13";"3";"1";"7";"6";"0";"1";"1";"1";"0"
"28919";"87811406";"28919";"16";"1";"1";"7";"4";"0";"2";"0";"1";"0"
"28920";"87811406";"28920";"13";"1";"1";"7";"6";"0";"1";"1";"1";"0"
"28921";"87811406";"28921";"13";"1";"3";"2";"6";"1";"0";"1";"2";"0"
"28922";"87811406";"28922";"13";"3";"1";"7";"6";"0";"3";"1";"1";"0"
"28923";"87811406";"28923";"18";"1";"1";"7";"4";"0";"1";"1";"1";"0"
"28924";"87811406";"2515";"13";"2";"3";"1";"6";"1";"0";"1";"2";"0"
"28925";"87811406";"28925";"13";"1";"1";"7";"4";"0";"1";"1";"1";"0"
"28926";"87811406";"28926";"13";"3";"1";"7";"6";"0";"2";"1";"1";"0"
"28927";"87811406";"28927";"13";"3";"3";"1";"6";"0";"4";"3";"1";"0"
"28928";"87811406";"28928";"99";"3";"1";"7";"3";"0";"1";"0";"1";"0"
"28929";"87811406";"28929";"13";"3";"1";"1";"6";"0";"1";"1";"1";"0"
"28930";"87811501";"28930";"25";"1";"1";"7";"0";"0";"1";"0";"1";"0"
"28931";"87811501";"28931";"16";"1";"1";"7";"6";"0";"1";"1";"1";"0"
"28932";"87811501";"28164";"17";"1";"1";"7";"2";"1";"0";"1";"2";"0"
"28933";"87811501";"28933";"16";"2";"1";"7";"6";"0";"1";"2";"1";"0"
"28934";"87811501";"28934";"71";"1";"1";"7";"6";"0";"1";"1";"1";"0"
"28935";"87811501";"28935";"41";"3";"1";"1";"6";"0";"2";"3";"1";"0"
"28936";"87811501";"28936";"71";"1";"1";"7";"6";"0";"1";"1";"1";"0"
"28937";"87811501";"7785";"17";"1";"2";"1";"2";"0";"1";"1";"1";"0"
"28938";"87811501";"28938";"16";"1";"1";"7";"6";"0";"3";"0";"1";"0"
"28939";"87812101";"5246";"16";"1";"1";"7";"6";"0";"1";"2";"1";"0"
"28940";"87812101";"28940";"16";"1";"1";"7";"4";"0";"1";"1";"1";"0"
"28941";"87812101";"28941";"16";"1";"1";"7";"6";"0";"1";"1";"1";"0"
"28942";"87812101";"28942";"19";"3";"1";"7";"6";"0";"2";"2";"1";"0"
"28943";"87812101";"28943";"16";"1";"1";"7";"6";"0";"3";"0";"1";"0"
"28944";"87812101";"28944";"11";"3";"1";"7";"6";"0";"1";"1";"1";"0"
"28945";"87812101";"28945";"32";"1";"1";"7";"6";"0";"1";"1";"1";"0"
"28946";"87812101";"28946";"11";"3";"3";"1";"6";"0";"1";"1";"1";"0"
"28947";"87812102";"28947";"18";"2";"1";"7";"4";"0";"1";"1";"1";"0"
"28948";"87812102";"28948";"17";"4";"1";"7";"2";"1";"0";"1";"2";"0"
"28949";"87812102";"28949";"71";"4";"1";"7";"6";"0";"1";"1";"1";"0"
"28950";"87812102";"28950";"17";"3";"1";"7";"2";"1";"0";"1";"2";"0"
"28951";"87812102";"28951";"17";"1";"1";"7";"2";"0";"1";"1";"1";"0"
"28952";"87812102";"28952";"18";"1";"3";"1";"4";"0";"1";"1";"1";"0"
"28953";"87812102";"28953";"35";"1";"1";"7";"3";"0";"1";"1";"1";"0"
"28954";"87812102";"28954";"16";"1";"1";"7";"6";"0";"1";"2";"1";"0"
"28955";"87812201";"28955";"17";"3";"1";"7";"2";"0";"1";"1";"1";"0"
"28956";"87812201";"28956";"51";"3";"1";"1";"4";"0";"1";"0";"1";"0"
"28957";"87812304";"28957";"16";"1";"3";"1";"5";"0";"1";"1";"1";"0"
"28958";"87812304";"28958";"18";"2";"1";"7";"4";"0";"1";"1";"1";"0"
"28959";"87812304";"28959";"11";"1";"1";"7";"6";"0";"1";"1";"1";"0"
"28960";"87812304";"19216";"17";"1";"3";"1";"2";"1";"0";"1";"2";"0"
"28961";"87812304";"28961";"16";"1";"3";"2";"6";"0";"2";"0";"1";"0"
"28962";"87812304";"28962";"16";"1";"1";"7";"6";"0";"1";"1";"1";"0"
"28963";"87812304";"28963";"16";"1";"1";"7";"6";"0";"3";"3";"1";"0"
"28964";"87812304";"28964";"16";"1";"1";"7";"4";"1";"0";"1";"2";"0"
"28965";"87812304";"28965";"16";"1";"1";"7";"6";"0";"2";"0";"1";"0"
"28966";"87812304";"28966";"16";"1";"1";"1";"6";"0";"1";"1";"1";"0"
"28967";"87812304";"28967";"16";"1";"1";"7";"6";"0";"3";"0";"1";"0"
"28968";"87812304";"28968";"16";"1";"1";"7";"6";"0";"3";"2";"1";"0"
"28969";"87812304";"28969";"16";"1";"3";"1";"6";"0";"1";"1";"1";"0"
"28970";"87812304";"28970";"16";"1";"1";"7";"4";"0";"1";"1";"1";"0"
"28971";"87812304";"28971";"16";"1";"3";"1";"6";"0";"2";"2";"1";"0"
"28972";"87812304";"28972";"16";"1";"1";"7";"6";"0";"1";"1";"1";"0"
"28973";"87812304";"28973";"16";"3";"3";"1";"6";"0";"1";"1";"1";"0"
"28974";"87812304";"28974";"16";"1";"1";"7";"6";"0";"1";"1";"1";"0"
"28975";"87813102";"28975";"11";"1";"1";"7";"6";"0";"1";"1";"1";"0"
"28976";"87813102";"28976";"11";"1";"1";"1";"6";"0";"1";"4";"1";"0"
"28977";"87813102";"28977";"17";"1";"1";"7";"1";"0";"1";"1";"1";"0"
"28978";"87813102";"28978";"35";"2";"1";"7";"4";"1";"0";"1";"2";"0"
"28979";"87813102";"28979";"11";"1";"1";"7";"6";"0";"3";"1";"1";"0"
"28980";"87813102";"28980";"11";"1";"1";"7";"6";"1";"0";"1";"2";"0"
"28981";"87813102";"28981";"11";"1";"1";"7";"6";"0";"1";"4";"1";"0"
"28982";"87813102";"28982";"17";"1";"1";"7";"2";"0";"1";"1";"1";"0"
"28983";"87813102";"28983";"16";"2";"3";"1";"5";"0";"1";"1";"1";"0"
"28984";"87813102";"28984";"21";"3";"1";"1";"6";"0";"1";"2";"1";"0"
"28985";"87813102";"28985";"16";"1";"1";"7";"4";"0";"1";"1";"1";"0"
"28986";"87813103";"28986";"35";"1";"1";"7";"3";"0";"1";"1";"1";"0"
"28987";"87813104";"28987";"14";"1";"3";"1";"6";"0";"1";"1";"1";"0"
"28988";"87813114";"28988";"16";"1";"1";"7";"6";"0";"1";"0";"1";"0"
"28989";"87813114";"28989";"31";"1";"1";"7";"6";"0";"1";"1";"1";"0"
"28990";"87813205";"28990";"16";"3";"1";"7";"3";"0";"1";"1";"1";"0"
"28991";"87813205";"28991";"14";"3";"3";"1";"6";"0";"1";"1";"1";"0"
"28992";"87813205";"28992";"81";"3";"1";"7";"4";"0";"1";"1";"1";"0"
"28993";"87813205";"28993";"31";"1";"1";"7";"6";"1";"0";"1";"2";"0"
"28994";"87813301";"28994";"16";"3";"3";"1";"3";"0";"1";"1";"1";"0"
"28995";"87813301";"28995";"51";"1";"1";"7";"4";"0";"1";"1";"1";"0"
"28996";"87813401";"28996";"16";"1";"1";"7";"6";"0";"1";"1";"1";"0"
"28997";"87813401";"28997";"11";"1";"1";"7";"6";"0";"1";"1";"1";"0"
"28998";"87813401";"28998";"16";"1";"1";"7";"4";"0";"1";"1";"1";"0"
"28999";"87813401";"5000";"22";"1";"1";"4";"6";"0";"1";"1";"1";"0"
"29000";"87813401";"29000";"11";"1";"1";"7";"6";"0";"1";"1";"1";"0"
"29001";"87813401";"29001";"11";"1";"1";"7";"6";"0";"1";"2";"1";"0"
"29002";"87813401";"29002";"11";"1";"1";"7";"4";"0";"1";"1";"1";"0"
"29003";"87813401";"29003";"11";"1";"3";"2";"6";"0";"1";"1";"1";"0"
"29004";"87813401";"29004";"16";"1";"3";"2";"6";"0";"1";"1";"1";"0"
"29005";"87813401";"29005";"11";"1";"1";"7";"6";"0";"1";"1";"1";"0"
"29006";"87813401";"29006";"11";"3";"3";"1";"6";"1";"0";"1";"2";"0"
"29007";"87813401";"29007";"11";"1";"1";"7";"6";"0";"3";"1";"1";"0"
"29008";"87813401";"29008";"16";"1";"1";"7";"6";"0";"3";"0";"1";"0"
"29009";"87813401";"29009";"11";"1";"1";"7";"6";"0";"1";"0";"3";"0"
"29010";"87813401";"29010";"11";"1";"1";"7";"6";"0";"1";"1";"1";"0"
"29011";"87813401";"29011";"11";"1";"1";"7";"6";"0";"1";"0";"1";"0"
"29012";"87813401";"29012";"16";"1";"1";"7";"6";"0";"6";"0";"1";"0"
"29013";"87813401";"29013";"11";"2";"1";"7";"6";"0";"1";"0";"1";"0"
"29014";"87813401";"29014";"16";"3";"1";"7";"6";"0";"1";"4";"1";"0"
"29015";"87813401";"29015";"16";"1";"1";"7";"6";"0";"1";"0";"1";"0"
"29016";"87813401";"29016";"11";"1";"2";"2";"6";"1";"0";"1";"2";"0"
"29017";"87813401";"29017";"18";"3";"1";"7";"6";"1";"0";"1";"2";"0"
"29018";"87813401";"29018";"51";"3";"1";"2";"6";"0";"2";"0";"1";"0"
"29019";"87813401";"29019";"11";"1";"1";"7";"6";"0";"1";"1";"1";"0"
"29020";"87813401";"20911";"16";"1";"1";"7";"6";"0";"1";"1";"1";"0"
"29021";"87813401";"29021";"11";"1";"3";"2";"6";"0";"1";"1";"1";"0"
"29022";"87813401";"29022";"11";"5";"3";"2";"6";"0";"2";"2";"1";"0"
"29023";"87813401";"29023";"16";"1";"1";"2";"6";"0";"1";"2";"1";"0"
"29024";"87813401";"29024";"11";"1";"1";"7";"6";"0";"1";"1";"1";"0"
"29025";"87813401";"29025";"16";"1";"1";"7";"6";"0";"1";"0";"1";"0"
"29026";"87813401";"29026";"16";"1";"1";"7";"6";"0";"2";"3";"1";"0"
"29027";"87813401";"29027";"16";"1";"3";"2";"6";"0";"1";"2";"1";"0"
"29028";"87813401";"29028";"12";"1";"1";"7";"7";"0";"1";"3";"1";"0"
"29029";"87813401";"29029";"16";"3";"1";"7";"6";"0";"1";"2";"1";"0"
"29030";"87813401";"26622";"11";"1";"1";"7";"6";"0";"1";"1";"1";"0"
"29031";"87813401";"29031";"16";"1";"3";"1";"6";"0";"1";"2";"1";"0"
"29032";"87813401";"29032";"16";"1";"1";"7";"6";"0";"2";"1";"1";"0"
"29033";"87813401";"29033";"16";"1";"1";"7";"6";"0";"1";"1";"1";"0"
"29034";"87813401";"29034";"16";"1";"1";"7";"6";"0";"1";"1";"1";"0"
"29035";"87813401";"29035";"11";"1";"1";"7";"6";"0";"1";"1";"1";"0"
"29036";"87813401";"8450";"11";"3";"1";"1";"6";"1";"3";"0";"2";"0"
"29037";"87813401";"29037";"11";"1";"1";"7";"6";"0";"1";"1";"1";"0"
"29038";"87813401";"29038";"16";"1";"1";"7";"6";"0";"1";"1";"1";"0"
"29039";"87813401";"29039";"16";"1";"3";"1";"6";"0";"1";"1";"1";"0"
"29040";"87813401";"29040";"18";"1";"1";"7";"5";"0";"2";"1";"1";"0"
"29041";"87813401";"29041";"16";"1";"1";"7";"6";"0";"1";"2";"1";"0"
"29042";"87813401";"29042";"11";"1";"1";"1";"6";"0";"1";"1";"1";"0"
"29043";"87813401";"29043";"16";"1";"3";"1";"6";"0";"3";"2";"1";"0"
"29044";"87813401";"29044";"16";"1";"3";"1";"6";"0";"2";"1";"1";"0"
"29045";"87813401";"29045";"16";"1";"1";"7";"6";"0";"1";"1";"1";"0"
"29046";"87813401";"29046";"11";"1";"1";"7";"6";"0";"1";"1";"1";"0"
"29047";"87813401";"29047";"16";"3";"1";"7";"6";"0";"1";"1";"1";"0"
"29048";"87813401";"29048";"11";"1";"1";"7";"6";"0";"1";"1";"1";"0"
"29049";"87813401";"29049";"16";"1";"1";"7";"6";"0";"1";"1";"1";"0"
"29050";"87813501";"29050";"15";"1";"3";"2";"8";"0";"2";"1";"1";"0"
"29051";"87813501";"29051";"81";"1";"1";"7";"4";"0";"1";"1";"1";"0"
"29052";"87813501";"29052";"19";"3";"1";"7";"6";"0";"3";"2";"1";"0"
"29053";"87813501";"29053";"16";"2";"1";"7";"6";"0";"1";"2";"1";"0"
"29054";"87813501";"29054";"11";"1";"1";"7";"8";"0";"1";"0";"1";"0"
"29055";"87813501";"29055";"71";"1";"1";"1";"6";"0";"1";"1";"1";"0"
"29056";"87814101";"29056";"14";"1";"1";"7";"4";"0";"1";"1";"1";"0"
"29057";"87814103";"29057";"14";"1";"2";"2";"4";"0";"1";"1";"1";"0"
"29058";"87814104";"29058";"31";"1";"1";"7";"6";"0";"1";"1";"1";"0"
"29059";"87814105";"29059";"21";"1";"1";"7";"6";"0";"1";"1";"1";"0"
"29060";"87814302";"29060";"51";"1";"3";"2";"6";"0";"1";"2";"1";"0"
"29061";"87814305";"21131";"14";"1";"1";"7";"6";"0";"1";"2";"1";"0"
"29062";"87814305";"29062";"14";"2";"1";"7";"6";"0";"3";"5";"1";"0"
"29063";"87814305";"29063";"14";"3";"1";"1";"6";"0";"4";"0";"1";"0"
"29064";"87814305";"29064";"14";"1";"3";"2";"6";"0";"4";"1";"1";"0"
"29065";"87814305";"29065";"14";"1";"3";"2";"6";"0";"1";"1";"3";"0"
"29066";"87814305";"29066";"14";"3";"1";"2";"6";"0";"2";"1";"1";"0"
"29067";"87814305";"29067";"14";"1";"1";"7";"3";"0";"1";"1";"1";"0"
"29068";"87814305";"29068";"14";"1";"1";"7";"6";"0";"1";"0";"1";"0"
"29069";"87814305";"29069";"14";"1";"1";"7";"6";"1";"0";"1";"2";"0"
"29070";"87814305";"29070";"14";"1";"1";"7";"6";"0";"3";"2";"1";"0"
"29071";"87814305";"29071";"14";"2";"1";"7";"6";"0";"2";"2";"1";"0"
"29072";"87814305";"29072";"13";"1";"1";"7";"6";"0";"1";"1";"1";"0"
"29073";"87814305";"29073";"16";"2";"1";"7";"5";"1";"0";"1";"2";"0"
"29074";"87815106";"29074";"19";"1";"1";"7";"6";"0";"1";"1";"1";"0"
"29075";"87815106";"29075";"21";"1";"1";"7";"6";"0";"1";"1";"1";"0"
"29076";"87815109";"29076";"51";"3";"1";"1";"0";"0";"1";"0";"1";"0"
"29077";"87815109";"29077";"52";"3";"3";"4";"0";"0";"1";"0";"1";"0"
"29078";"87815109";"29078";"17";"2";"1";"7";"2";"0";"1";"1";"1";"0"
"29079";"87815401";"29079";"14";"1";"1";"7";"4";"0";"1";"0";"1";"0"
"29080";"87817207";"29080";"19";"2";"1";"2";"3";"1";"0";"1";"2";"0"
"29081";"87817207";"29081";"13";"1";"3";"1";"4";"0";"1";"1";"1";"0"
"29082";"87817304";"29082";"51";"1";"3";"2";"3";"1";"0";"1";"2";"0"
"29083";"87817310";"29083";"19";"1";"1";"7";"6";"0";"1";"1";"1";"0"
"29084";"87817316";"29084";"52";"1";"1";"7";"7";"0";"1";"2";"3";"1"
"29085";"87817316";"29085";"11";"1";"1";"7";"6";"0";"1";"1";"1";"0"
"29086";"87817316";"29086";"11";"3";"1";"7";"6";"0";"1";"2";"1";"0"
"29087";"87817316";"29087";"11";"1";"1";"7";"6";"0";"3";"2";"1";"0"
"29088";"87817316";"29088";"11";"1";"1";"7";"6";"0";"2";"0";"1";"0"
"29089";"87817316";"29089";"51";"1";"1";"7";"3";"0";"1";"0";"1";"0"
"29090";"87817316";"29090";"18";"1";"1";"7";"6";"0";"1";"1";"1";"0"
"29091";"87817316";"29091";"11";"1";"1";"7";"6";"0";"1";"1";"1";"0"
"29092";"87821105";"29092";"17";"2";"1";"7";"2";"0";"1";"1";"1";"0"
"29093";"87821105";"29093";"71";"1";"1";"1";"6";"0";"1";"1";"1";"0"
"29094";"87821105";"29094";"19";"3";"1";"7";"6";"0";"2";"0";"1";"0"
"29095";"87821105";"29095";"19";"1";"1";"7";"6";"0";"1";"0";"1";"0"
"29096";"87821201";"29096";"11";"3";"1";"7";"6";"0";"1";"1";"1";"0"
"29097";"87821202";"29097";"17";"3";"1";"7";"2";"0";"1";"1";"1";"0"
"29098";"87821202";"29098";"15";"1";"1";"7";"6";"0";"1";"2";"1";"0"
"29099";"87821202";"29099";"11";"2";"1";"7";"6";"0";"1";"1";"1";"0"
"29100";"87821202";"29100";"14";"1";"1";"7";"5";"0";"1";"1";"1";"0"
"29101";"87821202";"29101";"11";"1";"1";"7";"6";"0";"1";"1";"1";"0"
"29102";"87821204";"29102";"71";"1";"1";"7";"6";"0";"1";"2";"1";"0"
"29103";"87821204";"29103";"72";"3";"1";"7";"6";"0";"1";"1";"1";"0"
"29104";"87821302";"29104";"13";"1";"1";"7";"6";"0";"1";"1";"1";"0"
"29105";"87821303";"29105";"11";"1";"3";"2";"4";"1";"0";"1";"2";"0"
"29106";"87821303";"29106";"14";"3";"1";"7";"6";"0";"2";"1";"1";"0"
"29107";"87821303";"29107";"11";"1";"1";"7";"6";"0";"1";"1";"1";"0"
"29108";"87821303";"29108";"12";"1";"1";"7";"6";"0";"3";"1";"1";"0"
"29109";"87821303";"29109";"17";"1";"1";"7";"1";"0";"1";"2";"1";"0"
"29110";"87821303";"29110";"11";"2";"1";"7";"6";"0";"1";"1";"1";"0"
"29111";"87821303";"29111";"16";"1";"3";"2";"6";"0";"1";"1";"1";"0"
"29112";"87821303";"29112";"14";"1";"3";"1";"6";"0";"3";"3";"1";"0"
"29113";"87821303";"29113";"20";"1";"1";"7";"2";"0";"1";"1";"1";"0"
"29114";"87821303";"29114";"11";"3";"1";"7";"6";"1";"1";"0";"2";"0"
"29115";"87821303";"29115";"16";"3";"1";"7";"6";"0";"1";"1";"1";"0"
"29116";"87821303";"29116";"23";"1";"3";"1";"5";"0";"1";"1";"1";"0"
"29117";"87821304";"29117";"71";"1";"1";"7";"6";"0";"1";"1";"1";"0"
"29118";"87821304";"29118";"16";"1";"1";"7";"6";"0";"3";"1";"1";"0"
"29119";"87821304";"29119";"72";"1";"1";"7";"6";"0";"1";"1";"1";"0"
"29120";"87821305";"19507";"51";"1";"1";"7";"6";"0";"1";"0";"1";"0"
"29121";"87821401";"29121";"31";"1";"1";"7";"6";"0";"1";"1";"1";"0"
"29122";"87821401";"29122";"72";"1";"1";"7";"6";"0";"1";"1";"1";"0"
"29123";"87821405";"29123";"31";"1";"1";"7";"5";"0";"1";"6";"1";"0"
"29124";"87821501";"29124";"19";"3";"1";"7";"6";"0";"1";"2";"1";"0"
"29125";"87821501";"29125";"71";"2";"1";"7";"6";"0";"1";"1";"1";"0"
"29126";"87821501";"29126";"51";"1";"1";"7";"6";"0";"2";"0";"1";"0"
"29127";"87821501";"29127";"27";"1";"1";"7";"4";"0";"1";"0";"1";"0"
"29128";"87821501";"29128";"19";"1";"1";"7";"6";"0";"1";"2";"1";"0"
"29129";"87821501";"29129";"17";"2";"1";"7";"2";"1";"1";"0";"2";"0"
"29130";"87821501";"29130";"19";"3";"1";"7";"6";"0";"1";"1";"1";"0"
"29131";"87821501";"29131";"21";"1";"1";"1";"6";"0";"2";"1";"1";"0"
"29132";"87821501";"29132";"17";"1";"1";"7";"2";"0";"1";"1";"1";"0"
"29133";"87821501";"29133";"71";"1";"1";"7";"6";"0";"1";"1";"1";"0"
"29134";"87821501";"29134";"32";"1";"1";"7";"6";"0";"1";"1";"1";"0"
"29135";"87821501";"29135";"19";"1";"3";"1";"6";"0";"2";"1";"1";"0"
"29136";"87821501";"29136";"18";"3";"1";"7";"6";"1";"0";"2";"3";"1"
"29137";"87821501";"29137";"17";"3";"1";"1";"2";"0";"1";"1";"1";"0"
"29138";"87821501";"29138";"17";"1";"1";"7";"2";"0";"1";"1";"1";"0"
"29139";"87821501";"29139";"16";"3";"3";"1";"6";"0";"1";"1";"1";"0"
"29140";"87821502";"29140";"16";"3";"1";"7";"3";"0";"2";"0";"1";"0"
"29141";"87821502";"29141";"16";"1";"1";"7";"6";"0";"1";"1";"1";"0"
"29142";"87821502";"29142";"17";"1";"3";"2";"1";"0";"1";"1";"1";"0"
"29143";"87821502";"29143";"74";"3";"3";"1";"6";"0";"1";"1";"1";"0"
"29144";"87821502";"29144";"81";"2";"1";"1";"5";"0";"2";"4";"1";"0"
"29145";"87821502";"29145";"32";"1";"1";"7";"6";"0";"1";"1";"1";"0"
"29146";"87821502";"29146";"17";"3";"3";"1";"2";"0";"1";"1";"1";"0"
"29147";"87821502";"29147";"16";"3";"1";"7";"4";"1";"0";"1";"2";"0"
"29148";"87822104";"19070";"71";"2";"1";"7";"6";"0";"1";"1";"1";"0"
"29149";"87822105";"29149";"11";"1";"4";"3";"6";"0";"1";"1";"1";"0"
"29150";"87822105";"29150";"16";"1";"1";"7";"6";"0";"3";"2";"1";"0"
"29151";"87822105";"29151";"11";"1";"1";"7";"6";"0";"2";"2";"1";"0"
"29152";"87822105";"29152";"71";"3";"1";"7";"6";"0";"1";"1";"1";"0"
"29153";"87822105";"29153";"16";"1";"1";"1";"6";"0";"1";"2";"1";"0"
"29154";"87822105";"29154";"35";"1";"1";"7";"3";"0";"1";"1";"1";"0"
"29155";"87822105";"29155";"11";"1";"1";"7";"6";"1";"0";"1";"2";"0"
"29156";"87822105";"29156";"16";"1";"1";"7";"5";"0";"1";"2";"1";"0"
"29157";"87822105";"29157";"81";"3";"1";"7";"6";"1";"3";"0";"2";"0"
"29158";"87822105";"29158";"11";"1";"1";"7";"6";"0";"1";"1";"1";"0"
"29159";"87822105";"29159";"11";"3";"3";"1";"6";"0";"1";"1";"1";"0"
"29160";"87822201";"29160";"18";"1";"1";"7";"6";"0";"1";"2";"1";"0"
"29161";"87822201";"29161";"72";"3";"1";"1";"6";"0";"2";"1";"1";"0"
"29162";"87822201";"29162";"18";"3";"1";"7";"4";"0";"2";"2";"1";"0"
"29163";"87822201";"29163";"71";"3";"1";"7";"6";"0";"1";"1";"1";"0"
"29164";"87822204";"29164";"18";"1";"1";"7";"6";"0";"1";"1";"1";"0"
"29165";"87822301";"29165";"14";"1";"1";"7";"6";"0";"3";"0";"1";"0"
"29166";"87822303";"29166";"73";"1";"1";"7";"6";"0";"1";"1";"1";"0"
"29167";"87822303";"29167";"19";"1";"1";"7";"4";"0";"1";"1";"1";"0"
"29168";"87822401";"29168";"14";"1";"1";"7";"6";"0";"1";"1";"1";"0"
"29169";"87822401";"29169";"14";"1";"1";"7";"6";"0";"1";"1";"1";"0"
"29170";"87822401";"29170";"14";"3";"1";"7";"6";"0";"1";"2";"1";"0"
"29171";"87822401";"29171";"14";"3";"1";"7";"6";"0";"1";"1";"1";"0"
"29172";"87822401";"29172";"14";"1";"1";"7";"6";"0";"1";"2";"1";"0"
"29173";"87822402";"29173";"18";"1";"3";"1";"5";"0";"1";"1";"1";"0"
"29174";"87822404";"29174";"14";"1";"1";"1";"6";"0";"1";"1";"1";"0"
"29175";"87822404";"29175";"14";"1";"1";"7";"6";"0";"1";"1";"1";"0"
"29176";"87822404";"29176";"14";"1";"1";"7";"6";"0";"1";"1";"1";"0"
"29177";"87822404";"29177";"19";"3";"3";"2";"6";"0";"1";"3";"3";"1"
"29178";"87822404";"29178";"14";"1";"1";"7";"6";"0";"1";"1";"1";"0"
"29179";"87822404";"29179";"14";"2";"1";"7";"6";"0";"2";"1";"1";"0"
"29180";"87822404";"29180";"19";"1";"1";"1";"6";"0";"1";"1";"1";"0"
"29181";"87822404";"29181";"14";"1";"1";"7";"6";"0";"2";"1";"1";"0"
"29182";"87822404";"29182";"51";"1";"1";"7";"6";"0";"2";"1";"1";"0"
"29183";"87822404";"29183";"19";"1";"1";"7";"4";"0";"1";"1";"1";"0"
"29184";"87822404";"29184";"14";"1";"1";"7";"6";"0";"1";"2";"1";"0"
"29185";"87822404";"29185";"14";"1";"1";"7";"6";"0";"1";"1";"1";"0"
"29186";"87822404";"29186";"14";"1";"3";"1";"4";"0";"1";"1";"1";"0"
"29187";"87822404";"29187";"14";"1";"1";"1";"6";"0";"1";"1";"1";"0"
"29188";"87822501";"29188";"51";"3";"3";"2";"6";"0";"1";"1";"1";"0"
"29189";"87822501";"29189";"17";"3";"1";"1";"2";"0";"1";"1";"1";"0"
"29190";"87822501";"29190";"15";"1";"1";"1";"6";"0";"1";"1";"1";"0"