"accident_id";"lieu_id";"date_id";"cause_id";"lum_id";"intemp_id";"etat_surface_id";"impliq_id";"nb_blesses_graves";"nb_blesses_legers";"nb_indemnes";"gravite";"nb_morts"
"29191";"87822501";"29191";"11";"1";"1";"7";"6";"0";"1";"1";"1";"0"
"29192";"87822501";"29192";"35";"1";"1";"7";"4";"0";"1";"1";"1";"0"
"29193";"87822501";"29193";"16";"1";"1";"7";"3";"0";"1";"1";"1";"0"
"29194";"87822501";"29194";"12";"3";"2";"1";"7";"0";"2";"4";"1";"0"
"29195";"87822501";"29195";"11";"3";"1";"1";"3";"0";"1";"1";"1";"0"
"29196";"87822501";"27970";"11";"3";"1";"1";"6";"0";"3";"3";"1";"0"
"29197";"87822501";"29197";"51";"1";"1";"7";"6";"0";"1";"2";"1";"0"
"29198";"87822501";"29198";"17";"1";"1";"7";"4";"0";"1";"0";"1";"0"
"29199";"87822501";"29199";"11";"1";"1";"7";"6";"0";"1";"1";"1";"0"
"29200";"87822501";"29200";"11";"1";"1";"7";"6";"0";"1";"1";"1";"0"
"29201";"87823101";"29201";"14";"3";"1";"7";"6";"1";"0";"1";"2";"0"
"29202";"87823102";"29202";"24";"1";"1";"7";"2";"0";"1";"1";"1";"0"
"29203";"87823303";"29203";"19";"1";"1";"7";"4";"0";"1";"3";"1";"0"
"29204";"87823506";"29204";"51";"3";"2";"2";"4";"0";"1";"1";"1";"0"
"29205";"87823511";"29205";"51";"1";"4";"3";"6";"0";"1";"1";"1";"0"
"29206";"87823511";"29206";"51";"1";"6";"1";"6";"0";"2";"2";"1";"0"
"29207";"87824101";"29207";"21";"1";"1";"7";"6";"0";"1";"1";"1";"0"
"29208";"87824101";"29208";"16";"1";"1";"1";"6";"0";"2";"1";"1";"0"
"29209";"87824101";"29209";"51";"1";"1";"7";"0";"0";"1";"0";"1";"0"
"29210";"87824101";"29210";"16";"3";"1";"7";"6";"0";"2";"1";"1";"0"
"29211";"87824103";"29211";"71";"1";"1";"7";"6";"0";"1";"1";"1";"0"
"29212";"87824103";"29212";"72";"3";"1";"7";"6";"0";"1";"1";"1";"0"
"29213";"87824403";"29213";"14";"3";"1";"7";"6";"0";"1";"3";"1";"0"
"29214";"87824403";"29214";"31";"1";"1";"7";"4";"0";"1";"1";"1";"0"
"29215";"87824403";"29215";"51";"1";"1";"7";"6";"0";"1";"3";"1";"0"
"29216";"87824403";"29216";"31";"3";"1";"7";"6";"0";"1";"1";"1";"0"
"29217";"87824403";"24274";"51";"1";"1";"2";"6";"0";"1";"1";"1";"0"
"29218";"87824511";"29218";"14";"3";"3";"1";"6";"0";"1";"1";"1";"0"
"29219";"87824511";"29219";"16";"3";"1";"1";"4";"1";"0";"2";"2";"0"
"29220";"87824511";"29220";"16";"1";"1";"7";"4";"0";"1";"1";"1";"0"
"29221";"87825103";"29221";"72";"1";"1";"7";"6";"0";"1";"1";"1";"0"
"29222";"87825405";"29222";"51";"1";"1";"7";"4";"0";"1";"1";"1";"0"
"29223";"87825405";"29223";"14";"2";"1";"7";"6";"0";"1";"2";"1";"0"
"29224";"87825405";"29224";"14";"1";"1";"7";"6";"0";"1";"1";"1";"0"
"29225";"87825405";"29225";"51";"1";"1";"7";"6";"0";"2";"0";"1";"0"
"29226";"87825405";"29226";"14";"2";"1";"1";"6";"0";"1";"1";"1";"0"
"29227";"87825405";"29227";"14";"1";"1";"7";"6";"0";"2";"0";"1";"0"
"29228";"87825405";"29228";"14";"1";"1";"1";"6";"0";"1";"1";"1";"0"
"29229";"87825405";"29229";"14";"1";"1";"7";"6";"0";"1";"1";"1";"0"
"29230";"87825405";"29230";"14";"1";"1";"7";"6";"0";"1";"1";"1";"0"
"29231";"87825405";"29231";"14";"1";"1";"7";"6";"0";"2";"1";"1";"0"
"29232";"87826101";"29232";"14";"1";"3";"1";"6";"0";"1";"2";"1";"0"
"29233";"87826101";"29233";"14";"1";"2";"2";"6";"0";"2";"4";"1";"0"
"29234";"87826101";"29234";"14";"1";"1";"7";"6";"0";"1";"2";"1";"0"
"29235";"87826101";"29235";"14";"1";"1";"7";"6";"0";"2";"1";"1";"0"
"29236";"87826101";"29236";"52";"1";"1";"7";"0";"0";"1";"2";"1";"0"
"29237";"87826101";"29237";"14";"3";"6";"1";"6";"0";"1";"1";"1";"0"
"29238";"87826101";"29238";"18";"1";"1";"7";"7";"0";"2";"1";"1";"0"
"29239";"87826101";"29239";"13";"1";"1";"7";"3";"0";"1";"1";"1";"0"
"29240";"87826101";"29240";"13";"1";"1";"7";"6";"0";"2";"2";"1";"0"
"29241";"87826101";"29241";"13";"1";"3";"1";"6";"0";"4";"0";"1";"0"
"29242";"87826101";"29242";"13";"1";"1";"7";"4";"0";"1";"1";"1";"0"
"29243";"87826101";"29243";"13";"1";"3";"1";"4";"0";"1";"2";"1";"0"
"29244";"87826101";"29244";"13";"3";"1";"7";"4";"0";"1";"1";"1";"0"
"29245";"87826101";"29245";"13";"3";"1";"7";"4";"0";"1";"1";"1";"0"
"29246";"87826101";"29246";"72";"3";"3";"1";"6";"0";"1";"1";"1";"0"
"29247";"87826101";"29247";"13";"1";"1";"7";"6";"0";"2";"1";"1";"0"
"29248";"87826203";"29248";"16";"1";"3";"1";"5";"0";"1";"1";"1";"0"
"29249";"87826203";"29249";"16";"1";"1";"7";"6";"0";"2";"1";"1";"0"
"29250";"87826203";"29250";"16";"1";"3";"2";"6";"0";"1";"3";"1";"0"
"29251";"87826203";"29251";"11";"1";"1";"7";"6";"0";"1";"3";"1";"0"
"29252";"87826203";"29252";"16";"1";"1";"7";"6";"0";"1";"1";"1";"0"
"29253";"87826203";"29253";"21";"1";"1";"7";"7";"0";"0";"1";"3";"0"
"29254";"87826203";"29254";"16";"1";"1";"7";"6";"0";"5";"3";"1";"0"
"29255";"87826203";"29255";"11";"1";"1";"7";"4";"0";"1";"0";"1";"0"
"29256";"87826203";"29256";"16";"1";"1";"7";"4";"0";"1";"1";"1";"0"
"29257";"87826203";"29257";"23";"1";"1";"7";"6";"0";"1";"2";"1";"0"
"29258";"87826203";"29258";"24";"1";"1";"7";"6";"0";"1";"1";"1";"0"
"29259";"87826203";"29259";"16";"3";"1";"7";"4";"0";"1";"1";"1";"0"
"29260";"87826203";"29260";"16";"3";"1";"7";"4";"1";"0";"1";"2";"0"
"29261";"87826203";"29261";"15";"1";"1";"7";"6";"0";"1";"1";"1";"0"
"29262";"87826203";"29262";"11";"1";"1";"7";"6";"0";"1";"1";"1";"0"
"29263";"87826203";"29263";"11";"1";"1";"1";"6";"0";"1";"1";"1";"0"
"29264";"87826203";"29264";"16";"2";"1";"7";"6";"0";"1";"1";"1";"0"
"29265";"87826203";"29265";"11";"1";"3";"1";"6";"0";"2";"1";"1";"0"
"29266";"87827303";"29266";"51";"2";"1";"7";"6";"0";"2";"1";"1";"0"
"29267";"87827303";"29267";"14";"2";"1";"4";"6";"0";"6";"0";"1";"0"
"29268";"87827303";"29268";"17";"1";"1";"7";"1";"0";"1";"1";"1";"0"
"29269";"87827303";"29269";"16";"1";"3";"1";"4";"0";"1";"1";"1";"0"
"29270";"87831102";"29270";"81";"1";"1";"7";"6";"0";"2";"3";"1";"0"
"29271";"87831201";"29271";"21";"1";"1";"7";"6";"0";"1";"1";"1";"0"
"29272";"87831201";"29272";"81";"3";"1";"7";"6";"0";"1";"2";"1";"0"
"29273";"87831201";"29273";"52";"1";"3";"2";"7";"0";"0";"1";"3";"0"
"29274";"87832218";"29274";"19";"1";"3";"2";"6";"0";"1";"0";"1";"0"
"29275";"87832218";"29275";"21";"1";"1";"7";"4";"0";"1";"1";"1";"0"
"29276";"87832218";"29276";"19";"1";"1";"7";"5";"0";"1";"1";"1";"0"
"29277";"87832218";"29277";"17";"1";"1";"7";"2";"0";"1";"1";"1";"0"
"29278";"87832312";"29278";"63";"1";"3";"1";"4";"0";"1";"1";"1";"0"
"29279";"87832312";"29279";"16";"3";"1";"7";"3";"0";"2";"0";"1";"0"
"29280";"87832317";"29280";"11";"1";"1";"7";"6";"1";"0";"1";"2";"0"
"29281";"87832317";"29281";"11";"3";"1";"7";"6";"4";"0";"2";"2";"0"
"29282";"87832317";"6328";"72";"1";"1";"7";"6";"0";"1";"1";"1";"0"
"29283";"87832501";"29283";"14";"1";"1";"7";"3";"1";"0";"0";"2";"0"
"29284";"87832501";"29284";"52";"2";"1";"7";"0";"0";"1";"1";"1";"0"
"29285";"87833308";"29285";"81";"1";"1";"7";"6";"0";"1";"2";"1";"0"
"29286";"87833313";"29286";"71";"1";"1";"7";"6";"1";"0";"1";"2";"0"
"29287";"87833313";"29287";"63";"1";"1";"7";"4";"0";"1";"1";"1";"0"
"29288";"87833313";"29288";"17";"1";"1";"7";"2";"1";"0";"1";"2";"0"
"29289";"87833313";"29289";"17";"1";"1";"7";"1";"0";"1";"2";"1";"0"
"29290";"87833317";"29290";"14";"3";"1";"7";"6";"0";"1";"1";"1";"0"
"29291";"87833318";"29291";"11";"1";"1";"7";"6";"1";"0";"1";"2";"0"
"29292";"87833318";"29292";"11";"1";"1";"7";"6";"0";"1";"1";"1";"0"
"29293";"87833318";"29293";"11";"2";"1";"7";"6";"0";"1";"1";"1";"0"
"29294";"87833318";"29294";"11";"1";"1";"7";"6";"2";"0";"2";"2";"0"
"29295";"87833318";"29295";"11";"1";"1";"7";"6";"0";"1";"0";"1";"0"
"29296";"87833318";"29296";"16";"1";"1";"7";"4";"0";"1";"1";"1";"0"
"29297";"87833318";"29297";"11";"1";"1";"7";"6";"0";"2";"1";"1";"0"
"29298";"87833417";"29298";"32";"1";"1";"7";"6";"0";"1";"1";"1";"0"
"29299";"87833417";"29299";"67";"1";"1";"7";"6";"0";"1";"1";"1";"0"
"29300";"87833417";"29300";"64";"1";"1";"7";"4";"0";"1";"1";"1";"0"
"29301";"87833422";"29301";"71";"1";"1";"7";"6";"0";"1";"1";"1";"0"
"29302";"87833509";"29302";"21";"1";"1";"7";"6";"0";"1";"2";"1";"0"
"29303";"87834207";"29303";"85";"3";"1";"7";"7";"0";"1";"1";"1";"0"
"29304";"87834207";"29304";"17";"3";"3";"2";"2";"0";"1";"1";"1";"0"
"29305";"87834207";"29305";"17";"3";"1";"7";"1";"0";"1";"1";"1";"0"
"29306";"87834207";"29306";"17";"1";"1";"7";"1";"0";"1";"0";"1";"0"
"29307";"87834207";"29307";"52";"2";"1";"7";"0";"0";"1";"0";"1";"0"
"29308";"87834302";"29308";"14";"1";"1";"7";"6";"0";"1";"0";"1";"0"
"29309";"87834302";"29309";"14";"1";"1";"7";"6";"0";"1";"2";"1";"0"
"29310";"87834302";"29310";"14";"2";"3";"1";"3";"0";"1";"1";"1";"0"
"29311";"87834302";"29311";"14";"1";"1";"7";"6";"0";"4";"0";"1";"0"
"29312";"87834302";"29312";"14";"1";"1";"7";"6";"0";"1";"0";"1";"0"
"29313";"87834302";"29313";"14";"1";"3";"1";"6";"0";"1";"3";"1";"0"
"29314";"87834302";"29314";"14";"1";"1";"7";"4";"0";"1";"1";"1";"0"
"29315";"87834302";"29315";"14";"1";"1";"7";"6";"0";"1";"1";"1";"0"
"29316";"87834303";"20948";"16";"3";"3";"1";"4";"0";"1";"1";"1";"0"
"29317";"87834305";"28834";"17";"2";"1";"7";"2";"0";"1";"1";"1";"0"
"29318";"87834305";"29318";"32";"1";"1";"7";"6";"0";"1";"1";"1";"0"
"29319";"87834305";"29319";"14";"1";"1";"7";"6";"0";"1";"1";"1";"0"
"29320";"87834305";"29320";"14";"1";"1";"7";"6";"0";"1";"1";"1";"0"
"29321";"87834305";"29321";"12";"1";"1";"7";"2";"0";"1";"1";"1";"0"
"29322";"87834307";"29322";"14";"1";"1";"7";"6";"0";"1";"1";"1";"0"
"29323";"87834405";"29323";"17";"3";"1";"7";"2";"0";"1";"1";"1";"0"
"29324";"87834405";"29324";"11";"1";"3";"1";"6";"0";"1";"1";"1";"0"
"29325";"87834405";"29325";"51";"1";"1";"7";"6";"0";"1";"3";"1";"0"
"29326";"87834409";"29326";"11";"1";"1";"7";"6";"0";"1";"2";"1";"0"
"29327";"87834409";"29327";"41";"1";"3";"2";"6";"0";"1";"1";"1";"0"
"29328";"87834409";"29328";"17";"1";"1";"2";"2";"2";"0";"1";"2";"0"
"29329";"87834409";"29329";"15";"1";"1";"7";"6";"0";"1";"1";"1";"0"
"29330";"87834409";"29330";"11";"1";"1";"7";"6";"0";"1";"1";"1";"0"
"29331";"87834409";"29331";"16";"1";"1";"7";"6";"0";"1";"1";"1";"0"
"29332";"87834409";"29332";"11";"1";"1";"7";"6";"0";"1";"0";"1";"0"
"29333";"87834409";"29333";"72";"1";"1";"7";"3";"0";"2";"0";"1";"0"
"29334";"87834409";"29334";"11";"1";"2";"1";"6";"0";"1";"1";"1";"0"
"29335";"87834409";"29335";"16";"1";"3";"1";"5";"0";"1";"1";"1";"0"
"29336";"87834514";"29336";"16";"1";"1";"7";"4";"0";"1";"1";"1";"0"
"29337";"87835102";"29337";"16";"1";"1";"7";"6";"0";"3";"0";"1";"0"
"29338";"87835102";"29338";"16";"1";"1";"7";"6";"0";"1";"0";"1";"0"
"29339";"87835102";"29339";"16";"1";"1";"7";"6";"0";"1";"0";"1";"0"
"29340";"87835102";"29340";"16";"1";"1";"7";"6";"0";"2";"0";"1";"0"
"29341";"87835102";"29341";"72";"1";"1";"7";"7";"0";"0";"1";"3";"0"
"29342";"87835102";"29342";"16";"1";"1";"7";"6";"0";"1";"2";"1";"0"
"29343";"87835102";"29343";"11";"1";"1";"7";"6";"1";"2";"1";"2";"0"
"29344";"87835102";"29344";"35";"1";"1";"7";"3";"0";"1";"1";"1";"0"
"29345";"87835102";"29345";"11";"1";"1";"7";"4";"0";"1";"0";"1";"0"
"29346";"87835102";"29346";"16";"1";"1";"7";"6";"0";"1";"1";"1";"0"
"29347";"87835217";"29347";"14";"1";"1";"7";"6";"0";"1";"1";"1";"0"
"29348";"87835217";"29348";"14";"1";"1";"7";"6";"0";"1";"1";"1";"0"
"29349";"87835217";"29349";"21";"3";"3";"2";"6";"0";"1";"0";"1";"0"
"29350";"87835217";"12649";"17";"3";"3";"2";"2";"1";"0";"1";"2";"0"
"29351";"87835402";"29351";"19";"3";"3";"1";"6";"0";"1";"1";"1";"0"
"29352";"87835402";"29352";"19";"1";"1";"7";"6";"0";"1";"1";"1";"0"
"29353";"87835402";"29353";"71";"1";"1";"7";"5";"0";"1";"1";"1";"0"
"29354";"87835402";"29354";"19";"1";"3";"1";"4";"0";"2";"1";"1";"0"
"29355";"87836401";"29355";"51";"3";"1";"7";"6";"0";"1";"2";"1";"0"
"29356";"87836401";"29356";"17";"1";"1";"7";"2";"0";"1";"1";"1";"0"
"29357";"87836401";"29357";"72";"3";"1";"7";"6";"0";"0";"1";"3";"0"
"29358";"87836401";"29358";"16";"1";"1";"7";"4";"0";"1";"1";"1";"0"
"29359";"87836401";"29359";"51";"1";"3";"2";"6";"0";"3";"0";"1";"0"
"29360";"87836401";"29360";"17";"3";"1";"7";"2";"0";"1";"1";"1";"0"
"29361";"87836409";"29361";"14";"1";"1";"7";"6";"0";"1";"1";"1";"0"
"29362";"87836411";"29362";"19";"3";"3";"2";"6";"0";"2";"0";"1";"0"
"29363";"87836411";"29363";"14";"1";"1";"7";"6";"0";"1";"1";"1";"0"
"29364";"87836411";"29364";"72";"1";"1";"7";"6";"0";"1";"1";"1";"0"
"29365";"87836411";"29365";"14";"1";"1";"7";"6";"0";"1";"1";"1";"0"
"29366";"87836411";"29366";"14";"1";"1";"1";"6";"0";"1";"2";"1";"0"
"29367";"87836503";"29367";"51";"1";"1";"7";"6";"0";"1";"1";"1";"0"
"29368";"87836503";"29368";"16";"1";"3";"2";"6";"2";"0";"0";"2";"0"
"29369";"87836503";"29369";"71";"1";"1";"7";"6";"1";"0";"1";"2";"0"
"29370";"87836503";"29370";"17";"1";"1";"7";"2";"0";"1";"1";"1";"0"
"29371";"87836503";"29371";"17";"1";"1";"7";"2";"0";"1";"1";"1";"0"
"29372";"87836503";"29372";"17";"1";"1";"7";"2";"1";"0";"1";"2";"0"
"29373";"87836503";"29373";"63";"3";"1";"7";"5";"0";"1";"2";"1";"0"
"29374";"87836508";"29374";"71";"1";"1";"7";"6";"0";"1";"1";"1";"0"
"29375";"87837203";"29375";"14";"1";"1";"1";"6";"0";"1";"1";"1";"0"
"29376";"87837203";"29376";"19";"1";"1";"7";"6";"0";"2";"0";"1";"0"
"29377";"87837203";"29377";"19";"1";"1";"7";"6";"0";"1";"1";"1";"0"
"29378";"87837203";"29378";"81";"3";"1";"7";"6";"0";"2";"0";"1";"0"
"29379";"87837203";"29379";"19";"3";"1";"7";"6";"0";"6";"0";"1";"0"
"29380";"87837203";"29380";"19";"1";"1";"1";"6";"0";"1";"1";"1";"0"
"29381";"87837203";"29381";"19";"1";"1";"7";"6";"0";"2";"2";"1";"0"
"29382";"87837203";"29382";"81";"1";"1";"7";"6";"0";"3";"1";"1";"0"
"29383";"87837203";"29383";"81";"3";"1";"7";"6";"0";"1";"3";"1";"0"
"29384";"87837503";"29384";"11";"1";"1";"7";"6";"0";"1";"1";"1";"0"
"29385";"87837503";"29385";"71";"1";"1";"7";"6";"1";"0";"1";"2";"0"
"29386";"87837503";"29386";"11";"3";"1";"7";"6";"0";"1";"0";"1";"0"
"29387";"87837503";"29387";"15";"1";"1";"7";"6";"0";"1";"1";"1";"0"
"29388";"87837503";"29388";"16";"1";"1";"7";"6";"0";"1";"2";"1";"0"
"29389";"87837503";"29389";"16";"1";"1";"1";"4";"0";"1";"1";"1";"0"
"29390";"87837506";"29390";"16";"1";"1";"7";"5";"0";"1";"1";"1";"0"
"29391";"87837506";"29391";"52";"3";"1";"1";"6";"0";"1";"3";"1";"0"
"29392";"87837506";"29392";"16";"1";"1";"7";"6";"0";"2";"0";"1";"0"
"29393";"87837506";"29393";"71";"1";"1";"7";"6";"0";"1";"1";"1";"0"
"29394";"87837512";"29394";"18";"4";"1";"7";"4";"1";"1";"0";"2";"0"
"29395";"87841104";"29395";"14";"1";"1";"7";"6";"0";"3";"0";"1";"0"
"29396";"87841106";"29396";"72";"1";"1";"1";"6";"0";"1";"1";"1";"0"
"29397";"87841106";"29397";"72";"3";"1";"2";"6";"0";"1";"1";"1";"0"
"29398";"87841106";"29398";"13";"1";"1";"7";"6";"0";"1";"2";"1";"0"
"29399";"87841207";"29399";"17";"1";"1";"7";"1";"0";"1";"1";"1";"0"
"29400";"87841210";"29400";"72";"1";"1";"7";"9";"1";"1";"0";"2";"0"
"29401";"87841210";"29401";"11";"1";"1";"7";"4";"0";"2";"1";"1";"0"
"29402";"87841210";"29402";"16";"1";"1";"7";"6";"0";"1";"1";"1";"0"
"29403";"87841210";"29403";"52";"3";"1";"7";"0";"3";"0";"0";"2";"0"
"29404";"87841210";"29404";"11";"1";"2";"1";"6";"0";"2";"1";"1";"0"
"29405";"87841210";"29405";"11";"1";"1";"7";"6";"0";"2";"0";"1";"0"
"29406";"87841210";"29406";"11";"3";"3";"1";"6";"0";"2";"2";"1";"0"
"29407";"87841503";"18483";"18";"1";"1";"7";"6";"0";"2";"1";"1";"0"
"29408";"87841503";"29408";"14";"1";"1";"1";"6";"1";"1";"0";"2";"0"
"29409";"87841503";"29409";"14";"1";"3";"1";"6";"0";"1";"0";"1";"0"
"29410";"87841503";"29410";"14";"1";"1";"7";"6";"0";"1";"1";"1";"0"
"29411";"87841503";"29411";"14";"1";"1";"7";"6";"1";"0";"1";"2";"0"
"29412";"87841503";"29412";"35";"1";"1";"7";"6";"0";"0";"1";"3";"0"
"29413";"87841503";"29413";"14";"1";"1";"7";"5";"0";"2";"1";"1";"0"
"29414";"87841503";"29414";"14";"3";"3";"1";"6";"0";"2";"1";"1";"0"
"29415";"87841503";"29415";"14";"1";"3";"1";"6";"0";"3";"0";"1";"0"
"29416";"87842103";"29416";"13";"1";"1";"7";"4";"0";"1";"1";"1";"0"
"29417";"87842212";"29417";"71";"1";"1";"7";"6";"0";"2";"1";"1";"0"
"29418";"87842212";"29418";"13";"1";"1";"7";"5";"0";"1";"1";"3";"0"
"29419";"87842304";"29419";"14";"1";"1";"7";"6";"0";"1";"1";"1";"0"
"29420";"87842304";"29420";"51";"3";"1";"1";"3";"1";"1";"2";"2";"0"
"29421";"87842304";"29421";"17";"3";"2";"1";"2";"0";"1";"1";"1";"0"
"29422";"87842313";"29422";"14";"1";"1";"1";"6";"0";"1";"1";"1";"0"
"29423";"87842314";"29423";"16";"1";"1";"7";"4";"0";"1";"0";"1";"0"
"29424";"87842401";"29424";"14";"1";"1";"7";"6";"0";"1";"1";"1";"0"
"29425";"87843206";"29425";"31";"1";"1";"7";"6";"1";"0";"1";"2";"0"
"29426";"87843210";"29426";"17";"3";"1";"7";"2";"1";"1";"0";"2";"0"
"29427";"87843210";"29427";"14";"3";"3";"1";"6";"0";"1";"2";"1";"0"
"29428";"87843307";"9055";"14";"2";"1";"7";"6";"1";"0";"1";"2";"0"
"29429";"87843308";"29429";"14";"1";"1";"7";"4";"0";"1";"0";"1";"0"
"29430";"87843407";"29430";"19";"1";"1";"1";"5";"0";"1";"1";"1";"0"
"29431";"87843409";"29431";"31";"1";"1";"7";"6";"0";"1";"1";"1";"0"
"29432";"87843501";"29432";"14";"1";"1";"7";"6";"1";"0";"1";"2";"0"
"29433";"87844106";"29433";"21";"1";"1";"7";"6";"1";"0";"1";"2";"0"
"29434";"87844203";"29434";"82";"1";"1";"7";"9";"0";"1";"0";"1";"0"
"29435";"87844203";"29435";"14";"1";"1";"7";"6";"0";"1";"1";"1";"0"
"29436";"87844205";"29436";"18";"1";"3";"1";"4";"0";"1";"2";"1";"0"
"29437";"87844210";"29437";"51";"1";"1";"7";"6";"0";"1";"1";"1";"0"
"29438";"87844307";"29438";"14";"1";"1";"7";"8";"0";"1";"1";"1";"0"
"29439";"87844307";"29439";"14";"2";"1";"7";"6";"0";"1";"1";"1";"0"
"29440";"87844307";"29440";"14";"1";"1";"7";"6";"0";"2";"0";"1";"0"
"29441";"87844307";"29441";"14";"1";"1";"7";"6";"0";"1";"1";"1";"0"
"29442";"87844307";"29442";"14";"1";"1";"7";"6";"1";"0";"1";"2";"0"
"29443";"87844307";"29443";"14";"1";"1";"7";"6";"0";"1";"1";"1";"0"
"29444";"87844307";"29444";"14";"3";"2";"1";"6";"0";"2";"1";"1";"0"
"29445";"87844315";"29445";"72";"1";"1";"7";"6";"0";"1";"1";"1";"0"
"29446";"87844501";"29446";"14";"1";"1";"7";"4";"0";"1";"1";"1";"0"
"29447";"87844505";"29447";"63";"1";"1";"2";"3";"0";"1";"1";"1";"0"
"29448";"87844505";"29448";"19";"1";"1";"7";"6";"0";"1";"2";"1";"0"
"29449";"87844508";"29449";"16";"3";"3";"2";"4";"0";"2";"0";"1";"0"
"29450";"87844513";"29450";"72";"3";"1";"7";"6";"0";"1";"1";"1";"0"
"29451";"87845101";"371";"72";"1";"1";"7";"6";"0";"1";"1";"1";"0"
"29452";"87845206";"29452";"13";"1";"1";"7";"4";"0";"1";"3";"1";"0"
"29453";"87845206";"29453";"14";"1";"1";"7";"3";"0";"1";"1";"1";"0"
"29454";"87845206";"29454";"52";"1";"1";"7";"2";"0";"1";"1";"1";"0"
"29455";"87845405";"29455";"19";"1";"1";"7";"5";"0";"1";"1";"1";"0"
"29456";"87845405";"29456";"13";"1";"1";"7";"6";"0";"1";"2";"1";"0"
"29457";"87846101";"29457";"17";"1";"3";"2";"2";"0";"1";"1";"1";"0"
"29458";"87846101";"29458";"14";"3";"1";"7";"5";"1";"0";"0";"3";"0"
"29459";"87846107";"29459";"52";"3";"1";"3";"3";"0";"1";"1";"1";"0"
"29460";"87846107";"7505";"51";"1";"3";"1";"4";"0";"1";"1";"1";"0"
"29461";"87846206";"29461";"19";"1";"3";"2";"6";"0";"2";"0";"1";"0"
"29462";"87846206";"29462";"13";"1";"1";"7";"6";"0";"1";"1";"1";"0"
"29463";"87846206";"29463";"13";"2";"1";"7";"6";"0";"2";"0";"1";"0"
"29464";"87846206";"29464";"13";"3";"1";"7";"6";"0";"2";"0";"1";"0"
"29465";"87846206";"29465";"13";"1";"1";"7";"3";"0";"2";"0";"1";"0"
"29466";"87846206";"29466";"13";"2";"1";"7";"6";"0";"2";"0";"1";"0"
"29467";"87846206";"29467";"13";"1";"1";"7";"6";"0";"1";"1";"1";"0"
"29468";"87846206";"29468";"18";"3";"1";"7";"6";"0";"1";"1";"1";"0"
"29469";"87846206";"29469";"13";"1";"1";"7";"3";"0";"1";"1";"1";"0"
"29470";"87846208";"29470";"19";"1";"1";"7";"3";"0";"1";"1";"1";"0"
"29471";"87847104";"29471";"21";"1";"1";"7";"3";"1";"0";"1";"2";"0"
"29472";"87847104";"29472";"14";"1";"1";"7";"4";"1";"0";"1";"2";"0"
"29473";"87847104";"29473";"14";"1";"1";"7";"6";"0";"1";"1";"1";"0"
"29474";"87847104";"29474";"31";"1";"1";"7";"6";"0";"1";"1";"1";"0"
"29475";"87847104";"29475";"16";"3";"1";"7";"4";"0";"1";"1";"1";"0"
"29476";"87847104";"29476";"16";"1";"1";"1";"6";"0";"1";"1";"1";"0"
"29477";"87847104";"29477";"16";"3";"1";"7";"4";"0";"2";"1";"1";"0"
"29478";"87847104";"29478";"11";"3";"3";"1";"6";"0";"1";"1";"1";"0"
"29479";"87847104";"29479";"11";"3";"1";"7";"4";"0";"1";"0";"1";"0"
"29480";"87847104";"29480";"11";"1";"1";"7";"6";"0";"1";"1";"1";"0"
"29481";"87847104";"29481";"11";"1";"1";"7";"6";"0";"2";"1";"1";"0"
"29482";"87847104";"29482";"16";"1";"1";"7";"4";"0";"1";"1";"1";"0"
"29483";"87847104";"29483";"16";"1";"1";"7";"6";"0";"2";"0";"1";"0"
"29484";"87847104";"29484";"17";"3";"3";"1";"2";"0";"2";"1";"1";"0"
"29485";"87847104";"29485";"24";"1";"1";"7";"2";"0";"1";"1";"1";"0"
"29486";"87847104";"29486";"16";"3";"1";"7";"5";"0";"2";"1";"1";"0"
"29487";"87847104";"29487";"16";"3";"3";"1";"4";"0";"1";"1";"1";"0"
"29488";"87847104";"29488";"31";"1";"1";"7";"6";"0";"1";"1";"1";"0"
"29489";"87847104";"29489";"16";"3";"1";"7";"6";"0";"1";"1";"1";"0"
"29490";"87847104";"29490";"11";"3";"3";"1";"6";"0";"4";"1";"1";"0"
"29491";"87847108";"29491";"14";"3";"1";"1";"6";"0";"3";"0";"1";"0"
"29492";"87847108";"29492";"14";"1";"1";"7";"6";"0";"1";"0";"1";"0"
"29493";"87847109";"29493";"51";"1";"1";"7";"6";"0";"1";"1";"1";"0"
"29494";"87847112";"29494";"16";"3";"1";"1";"5";"0";"1";"1";"1";"0"
"29495";"87847112";"29495";"11";"1";"1";"1";"6";"0";"1";"0";"1";"0"
"29496";"87847112";"29496";"11";"1";"1";"7";"6";"0";"1";"1";"1";"0"
"29497";"87847112";"29497";"17";"1";"1";"7";"2";"0";"1";"1";"1";"0"
"29498";"87847112";"29498";"16";"1";"1";"7";"4";"0";"1";"1";"1";"0"
"29499";"87847112";"29499";"16";"1";"1";"7";"5";"0";"1";"1";"1";"0"
"29500";"87847112";"29500";"16";"1";"1";"7";"5";"0";"2";"1";"1";"0"